cod_ibge7,s24_IAG0001,s24_IAG0002,s24_IAG0003,s24_IAG0004,s24_IAG0005,s24_IAG0006,s24_IAG1001,s24_IAG1002,s24_IAG1003,s24_IAG1004,s24_IAG2001,s24_IAG2002,s24_IAG2003,s24_IAG2004,s24_IAG2005,s24_IAG2006,s24_IAG2007,s24_IAG2008,s24_IAG2009,s24_IAG2010,s24_IAG2011,s24_IAG2012,s24_IAG2013,s24_IAG2014,s24_IAG2015,s24_IAG2016,s24_IAG2023,s24_IAG3001,s24_IAG3002,s24_IAG3003,s24_IAG3004,s24_IAG3005,s24_IAG3006,s24_IAG3007,s24_IAG3008,s24_IES0001,s24_IES0002,s24_IES0003,s24_IES0004,s24_IES0005,s24_IES0006,s24_IES0007,s24_IES0008,s24_IES0009,s24_IES1001,s24_IES1002,s24_IES1003,s24_IES1004,s24_IES2002,s24_IES2003,s24_IES2004,s24_IES2005,s24_IES3001,s24_IES3002,s24_IES3003,s24_IFR0001,s24_IFR0002,s24_IFR0003,s24_IFR0004,s24_IFR0005,s24_IFR0006,s24_IFR1001,s24_IFR1002,s24_IFR1003,s24_IFR1004,s24_IFR1005,s24_IFR1006,s24_IFR2001,s24_IFR2002,s24_IFR2003,s24_IFR2004,s24_IFR2005,s24_IFR2006,s24_IFR2007,s24_IFR2008,s24_IFR2009,s24_IRS0001,s24_IRS0002,s24_IRS0003,s24_IRS0004,s24_IRS0005,s24_IRS0006,s24_IRS1001,s24_IRS1002,s24_IRS1003,s24_IRS1004,s24_IRS1005,s24_IRS1006,s24_IRS1007,s24_IRS1008,s24_IRS3001,s24_IRS3002,s24_IRS3004,s24_IRS3005,s24_IRS3006,s24_IRS3007,s24_IRS3008,s24_IRS3009,s24_IRS3010,s24_IRS3011,s24_IRS3012,cod_mun6,ae19_IN003,ae19_IN026,ae19_IN027,ae19_IN004,ae19_IN005,ae19_IN006,ae19_IN012,ae19_IN029,ae19_IN007,ae19_IN008,ae19_IN030,ae19_IN031,ae19_IN032,ae19_IN033,ae19_IN034,ae19_IN035,ae19_IN036,ae19_IN037,ae19_IN038,ae19_IN039,ae19_IN040,ae19_IN041,ae19_IN042,ae19_IN054,ae19_IN018,ae19_IN019,ae19_IN102,ae19_IN048,ae19_IN002,ae19_IN045,ae19_IN101,ae19_IN060,ae19_IN055,ae19_IN023,ae19_IN001,ae19_IN043,ae19_IN011,ae19_IN009,ae19_IN010,ae19_IN044,ae19_IN057,ae19_IN052,ae19_IN025,ae19_IN053,ae19_IN014,ae19_IN017,ae19_IN022,ae19_IN058,ae19_IN020,ae19_IN028,ae19_IN013,ae19_IN049,ae19_IN050,ae19_IN051,ae19_IN056,ae19_IN024,ae19_IN047,ae19_IN015,ae19_IN016,ae19_IN046,ae19_IN021,ae19_IN059,ae19_IN071,ae19_IN072,ae19_IN073,ae19_IN074,ae19_IN077,ae19_IN082,ae19_IN083,ae19_IN079,ae19_IN075,ae19_IN080,ae19_IN076,ae19_IN085,ae19_IN084,ae19_IN061,ae19_IN062,ae19_IN063,ae19_IN064,ae19_IN068,ae19_IN065,ae19_IN069,ae19_IN066,ae19_IN067,ae19_Sigla,ae19_Tipo de serviço,ae19_fonte_prestador,rs19_IN001,rs19_IN002,rs19_IN003,rs19_IN004,rs19_IN005,rs19_IN006,rs19_IN007,rs19_IN008,rs19_IN010,rs19_IN011,rs19_IN015,rs19_IN016,rs19_IN014,rs19_IN017,rs19_IN018,rs19_IN019,rs19_IN021,rs19_IN022,rs19_IN023,rs19_IN024,rs19_IN025,rs19_IN026,rs19_IN027,rs19_IN028,rs19_IN029,rs19_IN030,rs19_IN031,rs19_IN032,rs19_IN053,rs19_IN034,rs19_IN035,rs19_IN038,rs19_IN039,rs19_IN040,rs19_IN054,rs19_IN036,rs19_IN037,rs19_IN041,rs19_IN042,rs19_IN043,rs19_IN044,rs19_IN045,rs19_IN046,rs19_IN047,rs19_IN048,rs19_IN051,rs19_IN052,respondeu_RS_2024
3500105,100.0,100.0,100.0,,,100.0,11.85,1.13,100.0,87.53,74.8,100.0,100.0,12.96,14.01,205.12,177.62,16.0,11.97,75.03,87.56,12.44,24.97,11.48,147.79,91.03,1.67,,,24.62,,,90.55,,15.0,100.0,100.0,100.0,96.74,97.1,86.37,96.74,97.1,86.37,8.94,1.05,86.82,86.82,98.87,98.87,100.0,0.12,0.29,33.29,0.15,0.15,1.52,64.41,35.59,0.56,20.0,185.93,85.51,99.45,0.55,0.0,106.78,175.1,80.52,6.59,32000.0,33333.33,94.17,36.09,40.68,38.75,100.0,100.0,100.0,100.0,100.0,100.0,0.0,2181.67,0.0,1.01,0.93,0.08,50.5,30.58,14.89,100.0,,,18.35,31.19,27.52,4.59,8.33,8.33,0.0,350010,2.9,2.12,383.36,3.31,3.48,3.13,114.1,1.56,37.58,98036.07,64.17,20.55,32.94,12.18,5.75,32.03,51.33,25.61,3.22,8.95,51.53,46.47,2.0,16.8,61.7,498.18,490.52,1.27,798.44,2.54,121.04,0.58,100.0,100.0,1.02,88.79,100.0,100.0,82.1,100.0,100.0,82.1,15.85,12.89,12.89,14.98,186.47,1.69,11.1,95.41,4.59,17.9,7.78,93.81,99.65,100.0,100.0,98.36,100.0,98.36,9.14,0.08,808.82,6.0,,,,0.0,44.36,100.0,0.0,100.0,0.0,100.0,0.15,,,,,,,,,,SABESP,Água e Esgotos,SABESP,,,,,,,,,,,,,,,,,,,,,,,,,,,,,,,,,,,,,,,,,,,,,,,,Sim
3500204,90.6,98.42,0.0,85.12,91.77,0.0,12.87,1.06,100.0,91.45,91.29,100.0,100.0,12.11,13.57,195.67,180.5,12.57,11.47,91.66,107.97,-7.97,8.34,2.62,36.66,91.61,0.77,,,8.67,,,100.0,,0.78,90.6,98.42,0.0,78.48,84.61,0.0,78.48,84.61,0.0,14.58,1.01,91.99,91.99,111.56,111.56,100.0,0.02,0.03,4.0,0.13,6.31,0.67,31.03,68.97,0.0,0.0,590.69,331.62,93.69,6.31,6.31,90.14,655.3,367.89,605.33,20000.0,30000.0,110.94,2.02,4.59,22.79,100.0,100.0,100.0,100.0,30.15,23.05,0.0,354.0,0.0,0.43,0.32,0.13,71.11,37.04,18.6,0.0,,,,,,,7.06,7.06,0.0,350020,2.65,2.18,364.25,2.8,3.07,2.53,105.64,-0.66,58.1,189703.54,77.82,46.05,55.0,7.74,7.86,59.17,70.67,10.02,0.22,10.1,53.81,44.46,1.72,12.3,4.78,736.97,729.02,1.15,880.12,2.3,115.13,0.59,99.94,100.0,1.01,92.41,100.0,100.0,91.24,100.0,100.0,91.24,12.99,11.83,11.83,13.94,191.93,0.79,13.12,107.54,-7.54,8.76,2.67,37.75,100.0,100.0,100.0,100.0,100.0,100.0,14.42,0.01,120.0,8.0,,,,0.0,24.24,100.0,0.0,100.0,0.0,100.0,0.0,,,,,,,,,,SABESP,Água e Esgotos,SABESP,,,,,,,,,,,,,,,,,,,,,,,,,,,,,,,,,,,,,,,,,,,,,,,,Sim
3500303,100.0,100.0,100.0,,,100.0,8.63,1.12,94.23,89.18,57.9,100.0,100.0,14.22,14.28,176.18,158.9,21.49,12.44,58.32,66.47,33.53,41.68,32.38,331.02,82.63,0.66,5723.0,,21.04,6.5,,99.73,41.01,10.76,100.0,100.0,100.0,97.42,97.94,89.96,50.91,51.19,46.99,8.34,1.1,87.09,87.09,90.79,47.48,52.3,0.37,0.3,66.47,0.06,0.65,0.78,29.55,70.45,0.0,0.0,78.59,33.3,100.0,0.0,24.34,69.71,85.29,36.14,18.44,31588.59,61657.14,108.53,42.28,37.12,62.88,93.21,100.0,0.0,100.0,0.0,0.0,0.0,4950.0,0.0,1.24,0.59,0.74,0.0,0.0,0.0,0.0,0.0,0.0,,,,,0.0,0.0,0.0,350030,2.88,3.33,180.56,1.5,1.67,1.33,52.22,38.42,46.5,44337.84,221.75,38.06,89.04,4.43,50.47,17.16,40.15,30.05,4.1,22.76,55.59,43.35,1.06,56.43,39.77,611.54,545.18,0.78,1430.59,1.55,32.66,0.8,89.79,99.54,1.12,89.68,100.0,0.59,0.05,0.59,100.0,8.07,21.65,1.75,1.75,4.52,21.68,0.51,8.67,20.86,79.14,91.93,70.5,733.23,87.78,97.31,97.31,0.59,22.88,0.14,8.91,14.74,2262.17,6.04,7254.29,7.57,,0.0,115.75,329.81,1.88,327.95,0.19,327.95,0.19,,,,,,,,,,SABESP,Água e Esgotos,SABESP,,,0.73,17.29,63.42,17.55,,,,11.13,90.21,100.0,100.0,0.0,346.11,0.37,0.11,0.05,316.92,71.66,35.29,73.85,124.14,0.11,109.92,,,,,,,,,,,1.09,1.0,100.0,,,,0.18,7.65,17.65,,0.37,35.29,Sim
3500402,100.0,100.0,100.0,,,100.0,13.63,1.11,100.0,88.07,78.79,100.0,100.0,12.64,14.17,250.93,208.9,14.9,11.74,84.18,95.1,4.9,15.82,5.77,85.73,89.82,0.33,188.5,,15.21,7.0,,94.74,4.15,9.03,100.0,100.0,100.0,95.56,97.12,84.17,95.56,97.12,84.17,9.36,1.08,86.37,86.37,94.21,92.53,98.22,0.54,0.23,45.67,0.09,1.83,0.54,75.0,25.0,0.0,0.0,239.13,127.5,100.0,0.0,0.0,113.97,209.82,111.88,173.71,43473.06,79989.55,87.74,33.59,33.84,66.16,100.0,100.0,100.0,100.0,100.0,100.0,0.0,499.5,0.27,0.55,0.53,0.02,23.03,17.67,11.79,0.0,,,,,,,8.81,8.81,0.0,350040,4.96,4.54,775.42,2.99,3.32,2.62,60.24,0.04,66.08,245569.79,151.87,84.29,109.7,24.19,22.43,55.5,72.23,6.56,1.74,14.77,56.63,41.27,2.1,13.58,17.57,438.45,425.22,1.81,570.63,3.49,66.94,0.68,94.9,100.0,1.03,89.95,100.0,100.0,65.56,100.0,100.0,65.56,17.54,11.5,11.5,14.33,194.84,0.38,14.3,81.72,18.28,34.44,12.94,204.64,89.82,100.0,100.0,95.09,99.46,94.57,9.82,0.49,2272.59,6.21,,,,0.0,208.39,120.0,0.0,119.79,0.17,119.79,0.17,,,,,,,,,,SABESP,Água e Esgotos,SABESP,2.19,30896.01,2.25,3.09,74.6,67.69,100.0,0.0,6.25,50.5,89.28,100.0,100.0,0.0,1837.06,0.55,0.86,,153.33,71.34,25.0,,,0.86,,100.0,2.51,7.91,,10.38,5.88,78.37,3.46,1.9,301.25,,,0.0,,,,0.68,25.57,31.25,,0.82,37.5,Sim
3500501,87.37,100.0,1.62,98.07,,1.63,20.73,1.28,100.0,95.69,53.63,100.0,100.0,11.2,17.57,243.61,193.66,20.89,11.2,59.02,84.09,15.91,40.98,17.27,361.49,15.74,1.36,,,0.5,,,100.0,,13.91,87.16,100.0,0.0,85.21,97.02,0.0,85.21,97.02,0.0,23.83,1.33,94.89,94.89,117.32,108.19,92.21,0.41,1.22,0.82,1.0,2.01,0.6,69.77,30.23,0.0,0.0,177.04,97.94,100.0,0.0,0.0,60.3,293.61,162.42,158.98,84195.19,121199.04,165.84,20.35,48.02,51.98,100.0,100.0,100.0,100.0,100.0,100.0,100.0,4086.7,0.05,1.23,0.84,0.45,4.49,3.29,1.47,0.0,,,,,,,0.73,0.73,0.0,350050,2.39,2.06,460.93,2.12,1.87,2.4,88.73,0.0,58.97,69388.08,97.31,56.61,66.46,0.0,0.0,58.18,68.3,23.63,6.86,0.0,40.69,45.95,13.36,0.0,82.76,220.41,168.61,5.05,258.76,9.43,118.61,0.52,99.1,100.0,1.29,95.15,99.92,100.0,47.18,84.15,99.92,56.07,23.27,13.01,10.95,18.73,223.0,1.28,15.21,80.72,19.28,43.93,25.53,432.18,98.57,99.46,99.46,80.0,77.76,62.21,34.58,0.31,938.11,8.0,703.58,7.0,3.0,1.16,2.5,100.0,0.21,100.86,0.35,100.0,0.95,,,,,,,,,,SAAE,Água e Esgoto,LPU,,,,,,,,,,,,,,,,,,,,,,,,,,,,,,,,,,,,,,,,,,,,,,,,Sim
3500550,72.17,82.03,0.0,77.98,88.31,0.0,10.51,1.07,100.0,90.75,63.23,100.0,100.0,12.63,14.37,242.37,216.34,18.86,11.92,63.24,76.18,23.82,36.76,20.8,243.81,88.37,1.35,967.0,,11.63,6.0,,94.74,29.8,7.06,48.75,55.41,0.0,47.35,53.62,0.0,47.35,53.62,0.0,11.17,1.01,90.29,90.29,68.08,68.08,100.0,0.02,0.07,2.5,0.04,2.76,0.41,14.29,85.71,0.0,0.0,0.0,0.0,,,,0.0,143.41,84.24,248.88,95375.98,,,,12.74,87.26,100.0,100.0,100.0,100.0,0.0,0.0,0.0,2000.0,0.0,0.74,0.67,0.08,0.0,0.0,0.0,0.0,,,,,,,0.0,0.0,0.0,350055,4.09,3.06,540.47,3.15,3.38,2.84,77.03,-0.07,44.26,225174.06,97.04,35.19,57.46,38.78,12.71,36.26,59.22,18.8,1.51,13.1,60.91,36.48,2.61,57.15,6.53,703.57,692.55,0.88,1148.87,1.5,80.28,0.58,74.85,98.44,1.01,92.53,100.0,100.0,52.59,100.0,100.0,52.59,22.59,11.88,11.88,14.58,233.62,1.09,11.36,64.54,35.46,47.41,27.51,357.32,51.36,67.55,67.55,75.92,100.0,75.92,11.73,0.02,579.25,11.92,964.29,7.0,,0.0,62.68,110.83,1.5,110.0,3.79,110.0,0.0,,,,,,,,,,SABESP,Água e Esgotos,SABESP,,,,,,,,,,,,,,,,,,,,,,,,,,,,,,,,,,,,,,,,,,,,,,,,Sim
3500600,100.0,100.0,,,,,23.29,1.18,100.0,87.95,94.96,100.0,100.0,18.5,19.7,588.09,355.32,18.09,17.18,95.1,108.88,-8.88,4.9,1.4,34.26,93.79,1.08,,,13.35,,,100.0,,9.35,100.0,100.0,,,,,,,,15.9,1.1,88.89,88.89,94.06,94.06,100.0,0.48,0.27,6.36,0.19,15.55,1.41,87.5,12.5,0.35,1.0,292.97,206.4,97.4,2.6,2.6,346.15,84.64,59.63,449.01,29675.74,42171.46,28.89,28.89,90.09,9.91,100.0,100.0,,100.0,100.0,100.0,0.0,342.75,0.0,1.33,0.83,0.49,91.55,47.72,30.11,0.0,,,33.33,22.22,11.11,4.07,9.85,9.85,0.0,350060,4.92,3.83,904.3,4.06,4.28,3.84,82.57,0.4,55.03,250434.81,94.39,53.26,66.64,27.96,6.79,56.42,70.6,15.18,0.01,7.2,53.34,45.15,1.51,22.54,12.51,392.26,360.77,2.22,490.85,4.3,86.66,0.61,97.19,97.19,1.08,89.43,100.0,100.0,70.07,100.0,100.0,70.07,24.15,16.92,16.92,19.68,422.63,1.07,17.66,81.5,18.5,29.93,13.08,257.79,92.47,92.47,92.47,94.59,100.0,94.59,14.7,0.65,503.2,6.3,,,,0.0,313.5,105.83,2.36,100.83,0.0,100.83,0.0,,,,,,,,,,SABESP,Água e Esgotos,SABESP,6.95,55351.15,4.48,58.58,,384.94,75.0,25.0,8.33,,100.0,100.0,100.0,10.55,904.1,1.74,1.35,1.23,484.38,61.91,25.0,,9.69,1.35,,100.0,7.01,34.48,8.35,41.93,41.01,8.99,7.06,1.01,37.44,4.53,0.34,60.0,,,,1.45,8.21,20.83,,1.45,20.83,Sim
3500709,97.48,97.82,89.88,99.65,100.0,91.99,18.4,1.07,100.0,91.47,69.89,100.0,100.0,14.19,15.24,186.12,171.13,19.33,13.51,69.97,78.86,21.14,30.03,10.43,205.13,92.98,1.1,,,12.72,,,100.0,,15.18,94.76,97.82,26.85,90.0,90.32,82.97,90.0,90.32,82.97,15.68,1.02,92.1,92.1,107.33,107.33,100.0,0.44,0.3,6.81,0.11,1.1,0.64,96.97,3.03,0.0,0.0,0.0,0.0,,,,0.0,95.9,39.27,47.15,17340.91,38400.0,,,49.24,48.17,100.0,100.0,100.0,100.0,95.68,100.0,0.0,3847.5,0.08,2.17,1.18,1.03,32.26,24.19,7.15,0.0,,,,,,,2.92,2.92,0.0,350070,5.85,4.35,856.94,3.67,3.67,0.0,62.71,2.7,42.42,193624.45,118.66,48.6,67.64,25.83,16.21,40.95,57.01,23.77,0.01,13.66,97.68,0.0,2.32,32.68,34.8,396.36,386.67,1.86,551.72,1.86,80.48,0.6,100.0,100.0,1.03,91.75,100.0,99.99,70.74,100.0,100.0,70.74,20.76,14.67,14.67,16.41,179.12,1.07,9.75,79.16,20.84,29.26,18.79,204.44,98.72,100.0,100.0,90.15,100.0,90.15,86.57,0.48,732.11,6.26,420.0,6.0,,0.0,163.8,101.17,0.14,100.88,0.0,100.15,0.0,,,,,,,,,,SABESP,Água e Esgotos,SABESP,2.0,20833.8,1.48,5.35,,41.59,97.18,2.82,11.27,,95.57,100.0,100.0,0.0,1776.36,0.56,0.86,,43.17,32.45,28.17,8.99,,0.86,98.41,100.0,7.91,24.74,,9.09,39.77,39.77,9.09,2.27,28.12,1.11,0.13,0.0,,,,0.56,33.8,28.17,,0.56,28.17,Sim
3500758,80.36,99.91,24.08,79.59,100.0,23.15,20.9,1.05,100.0,93.06,79.67,100.0,100.0,11.98,14.08,193.05,181.05,14.46,11.52,79.84,97.33,2.67,20.16,4.62,100.4,95.96,0.77,607.8,,15.21,6.2,,93.51,24.04,12.86,65.4,88.12,0.0,45.13,56.69,13.16,45.13,56.69,13.16,23.77,1.01,91.52,91.52,80.59,80.59,100.0,0.2,0.54,11.96,0.21,2.55,0.63,100.0,0.0,0.0,0.0,0.0,0.0,0.0,100.0,,0.0,78.03,39.49,159.64,29166.67,37500.0,,,50.0,50.0,100.0,100.0,100.0,100.0,0.0,0.0,0.0,413.33,0.0,0.54,0.52,0.02,0.0,0.0,0.0,0.0,,,,,,,0.0,0.0,0.0,350075,3.0,2.23,381.67,2.67,2.69,2.63,88.71,-12.93,37.92,182105.33,83.58,12.16,42.75,19.33,16.62,14.55,51.15,20.32,0.0,19.88,60.29,35.16,4.55,35.03,3.51,932.77,919.54,0.31,3278.5,0.5,116.89,0.68,80.91,100.0,1.01,92.7,100.0,99.9,68.43,99.9,100.0,68.5,17.32,11.87,11.87,14.37,167.97,0.75,16.74,82.93,17.07,31.5,9.78,182.09,48.13,64.02,64.02,65.13,100.0,65.13,9.14,0.27,86.44,6.12,,,,0.0,58.2,110.95,1.18,110.0,2.49,110.0,0.43,,,,,,,,,,SABESP,Água e Esgotos,SABESP,1.99,39444.44,3.55,1.41,14.08,78.37,100.0,0.0,11.11,11.04,86.31,100.0,100.0,6.27,1194.09,0.88,0.96,0.63,200.67,84.51,44.44,,33.47,0.84,,,3.76,13.25,7.53,16.67,50.0,33.33,0.0,0.0,19.87,1.81,0.19,0.0,,,,0.88,14.08,44.44,,0.0,0.0,Sim
3500808,89.53,97.84,45.43,91.87,100.0,47.61,14.57,1.08,100.0,89.07,82.33,100.0,100.0,12.46,13.8,207.12,187.77,14.14,11.64,82.84,97.57,2.43,17.16,5.29,86.01,88.61,1.13,,,10.46,,,100.0,,2.97,84.11,97.84,11.22,75.65,82.36,39.1,75.65,82.36,39.1,15.32,1.0,90.71,90.71,104.3,104.3,100.0,0.03,0.13,8.5,0.1,6.52,1.56,100.0,0.0,3.33,6.0,0.0,0.0,0.0,100.0,,0.0,118.63,63.34,382.57,35140.58,40471.82,,,65.59,0.0,84.15,100.0,0.0,100.0,39.51,46.95,0.0,941.0,0.0,1.13,1.09,0.26,59.22,45.56,7.0,0.0,0.2,0.0,35.37,28.05,15.85,8.54,4.36,4.36,0.0,350080,3.23,2.93,501.22,3.07,3.29,2.84,95.16,-0.5,61.48,228567.26,95.34,50.27,64.61,4.83,10.65,52.73,67.77,12.22,1.29,11.17,54.93,43.07,1.99,6.06,5.14,672.92,667.66,1.17,864.75,2.23,103.25,0.65,100.0,100.0,1.01,90.09,100.0,100.0,87.86,100.0,100.0,87.86,13.85,12.16,12.16,14.28,174.09,1.06,14.65,103.18,-3.18,12.14,3.42,55.87,92.25,100.0,100.0,92.53,100.0,92.53,9.95,0.03,520.0,6.71,,,,0.0,35.13,100.0,0.0,100.0,0.0,100.0,0.0,,,,,,,,,,SABESP,Água e Esgotos,SABESP,4.02,23784.43,2.03,1.15,,95.55,100.0,0.0,14.29,,83.65,100.0,100.0,9.11,1714.06,1.15,1.86,,32.97,23.38,28.57,15.25,,1.86,,99.97,6.35,43.04,,,,,,,61.69,,,0.0,,,,2.3,45.32,57.14,,0.0,0.0,Sim
3500907,89.85,100.0,28.25,88.13,98.82,13.4,9.45,1.05,100.0,92.46,90.11,100.0,100.0,14.18,15.18,185.99,165.98,15.04,13.56,90.38,100.89,-0.89,9.62,4.81,50.13,90.09,0.48,,,21.17,,,100.0,,1.62,88.07,100.0,15.65,81.74,91.59,12.89,81.74,91.59,12.89,8.81,1.05,89.36,89.36,95.81,95.81,100.0,0.01,0.16,18.5,0.05,2.34,1.15,100.0,0.0,0.0,0.0,13.52,6.03,100.0,0.0,0.0,5.44,248.66,110.78,225.81,74119.39,74119.39,1838.73,1414.4,76.92,0.0,100.0,100.0,100.0,100.0,0.0,0.0,0.0,2040.0,0.0,1.61,0.66,1.1,0.0,0.0,0.0,0.0,,,,,,,0.0,0.0,0.0,350090,3.72,3.14,545.34,2.94,3.27,2.61,79.03,-3.92,55.41,225028.13,106.64,54.72,70.11,14.84,17.74,51.31,65.75,8.32,2.69,16.64,54.85,43.22,1.93,21.48,3.84,627.63,623.46,1.25,804.17,2.5,93.9,0.88,82.02,100.0,1.01,93.93,100.0,100.0,74.82,100.0,100.0,74.82,16.57,12.4,12.4,14.53,145.78,0.51,9.95,87.67,12.33,25.18,12.58,138.1,81.59,100.0,100.0,98.21,100.0,98.21,10.0,0.01,,,,,,0.0,31.12,119.58,0.0,120.0,0.0,120.0,0.0,,,,,,,,,,SABESP,Água e Esgotos,SABESP,6.98,25318.79,2.12,16.11,15.77,176.73,100.0,0.0,4.35,27.86,98.68,99.85,99.85,4.15,577.74,3.64,1.88,,186.04,72.33,52.17,106.45,,1.51,,49.92,2.52,17.3,,17.54,14.04,28.07,35.09,5.26,28.53,54.05,2.87,0.0,,52.35,1.3,2.12,25.53,30.43,0.86,0.91,13.04,Sim
3501004,90.58,100.0,0.31,92.08,,0.28,19.12,1.0,100.0,99.81,54.25,100.0,100.0,13.44,14.86,205.38,205.11,24.77,13.44,54.25,59.98,40.02,45.75,18.41,372.67,100.0,1.86,300.0,60.0,1.5,7.5,7.0,88.24,1.08,0.16,90.55,100.0,0.0,,,,,,,17.22,0.0,,,88.39,88.39,100.0,0.02,1.65,2.09,1.0,2.7,0.53,100.0,0.0,1.08,16.0,57.35,23.62,100.0,0.0,0.0,93.96,61.04,25.14,199.0,21103.59,47581.15,106.43,106.43,36.49,63.51,88.26,95.54,18.51,95.54,86.51,95.54,0.0,895.25,0.0,1.43,0.66,0.93,17.79,12.09,7.2,0.0,,,,,,,2.01,2.01,0.0,350100,1.4,1.4,264.79,0.81,0.92,0.64,57.58,0.0,30.01,23153.7,173.67,40.55,52.12,0.0,0.0,23.35,30.01,68.02,1.96,0.0,67.42,32.58,0.0,0.0,41.14,291.35,291.35,2.67,374.53,5.38,57.58,,87.37,100.0,1.0,,100.0,100.0,65.79,94.84,100.0,69.37,26.62,18.46,17.51,18.68,255.53,,21.93,70.18,29.82,30.63,11.6,268.03,87.37,100.0,100.0,70.56,100.0,70.56,20.54,,,10.0,,8.33,,,,77.63,2.0,77.63,0.0,100.0,1.04,,,,,,,,,,PMA,Água e Esgoto,LPU,,,2.98,44.53,16.54,136.12,,,,22.52,92.68,100.0,100.0,96.91,447.9,1.84,0.9,0.85,388.32,93.41,50.0,,0.0,0.85,,100.0,15.22,49.82,21.27,,,,,,69.66,2.44,0.27,,,,,0.0,3.39,0.0,,0.71,19.23,Sim
3501103,89.11,100.0,43.45,82.99,97.05,20.16,13.84,1.07,100.0,89.74,84.65,100.0,100.0,12.55,14.17,189.09,165.53,13.9,11.77,84.75,101.9,-1.9,15.25,4.8,74.95,87.29,0.85,,,5.73,,,100.0,,1.13,80.45,99.65,0.0,72.83,84.9,18.86,72.83,84.9,18.86,15.59,1.05,87.8,87.8,105.8,105.8,100.0,0.05,0.0,,0.0,2.23,1.03,90.91,9.09,0.0,0.0,5.59,3.04,100.0,0.0,1.36,5.91,93.28,50.83,52.1,23334.37,57920.0,1670.04,1470.26,93.45,6.55,100.0,100.0,100.0,100.0,80.74,100.0,0.0,431.85,0.26,0.61,0.6,0.01,19.39,15.5,7.14,0.0,,,27.78,39.71,9.88,,5.63,5.63,0.0,350110,2.88,2.38,389.68,2.87,3.21,2.51,99.72,-0.6,46.67,142543.57,82.96,36.99,46.8,8.04,14.84,44.59,56.41,17.2,0.04,17.89,56.62,42.02,1.35,8.72,4.43,648.47,641.92,1.23,820.43,2.41,110.78,0.93,81.43,100.0,1.01,90.02,100.0,100.0,84.59,100.0,100.0,84.59,13.56,11.46,11.46,13.7,164.92,0.84,14.79,101.09,-1.09,15.41,4.23,69.34,78.65,99.75,99.75,100.0,100.0,100.0,18.33,0.03,,,,,,0.0,4.91,100.28,0.0,100.28,0.0,100.28,0.0,,,,,,,,,,SABESP,Água e Esgotos,SABESP,,,,,,,,,,,,,,,,,,,,,,,,,,,,,,,,,,,,,,,,,,,,,,,,Sim
3501152,91.0,94.51,0.0,84.38,87.64,0.0,16.33,1.09,100.0,92.45,59.11,100.0,100.0,13.58,15.59,173.03,131.44,21.94,12.97,60.06,71.05,28.95,39.94,18.1,315.49,92.79,0.64,1789.29,,22.57,9.86,,91.95,28.55,17.33,58.82,61.09,0.0,52.87,54.91,0.0,52.87,54.91,0.0,8.02,1.07,91.9,91.9,57.12,57.12,100.0,0.78,0.35,27.54,0.06,1.54,0.8,5.0,95.0,0.59,10.0,72.83,31.48,100.0,0.0,0.0,21.41,340.22,147.07,121.92,58800.0,58800.0,467.13,10.62,2.53,97.47,100.0,100.0,100.0,100.0,96.28,100.0,96.69,2420.0,0.0,0.75,0.73,0.02,10.63,9.45,3.83,0.0,,,,,,,3.31,3.31,0.0,350115,6.15,5.36,959.53,3.41,3.92,2.69,55.42,-0.82,58.06,331914.36,157.48,81.72,104.76,46.98,18.4,51.89,66.52,14.81,2.39,11.68,65.6,32.16,2.25,17.99,16.66,519.98,486.02,1.61,666.58,2.9,58.27,0.66,75.48,90.0,1.06,92.02,100.0,100.0,54.98,100.0,100.0,54.98,24.61,13.31,13.31,15.78,153.53,0.99,8.39,65.18,34.82,45.02,39.18,381.61,59.92,71.44,71.44,68.56,100.0,68.56,6.59,0.9,602.22,6.74,1730.0,8.0,,0.0,197.8,105.45,1.22,105.45,3.34,105.45,0.91,,,,,,,,,,SABESP,Água e Esgotos,SABESP,1.6,118352.82,3.71,100.0,19.98,189.39,0.0,100.0,4.0,37.83,100.0,100.0,100.0,95.35,1571.88,0.64,0.9,,379.65,66.21,40.0,,,0.76,,100.0,8.37,27.65,,70.0,25.0,2.5,2.5,0.0,30.72,0.63,0.07,100.0,,,,0.64,28.27,40.0,,0.26,16.0,Sim
3501202,66.97,100.0,0.0,54.35,79.53,0.0,10.91,1.0,100.0,91.55,64.89,100.0,100.0,11.71,13.65,195.96,174.79,18.05,11.71,64.89,75.6,24.4,35.11,18.91,208.37,100.0,5.61,,,1.33,,,100.0,,2.57,66.79,99.7,0.08,,74.69,,,74.69,,14.46,0.0,,,110.7,95.51,86.28,1.35,0.11,3.0,1.0,8.63,1.13,100.0,0.0,0.0,0.0,0.0,0.0,,,,0.0,246.8,147.11,307.6,27819.57,27819.57,,,59.71,11.62,66.97,100.0,0.0,100.0,0.0,0.0,0.0,801.1,0.0,0.55,0.74,0.08,0.0,0.0,0.0,0.0,,,,,,,0.0,0.0,0.0,350120,2.16,1.75,267.61,3.26,3.14,3.43,151.03,0.0,26.7,37516.03,53.53,12.48,17.68,2.37,10.85,23.31,33.03,28.16,10.22,20.26,53.44,41.56,5.0,0.53,5.67,424.43,423.73,1.67,601.5,3.29,160.24,0.6,76.22,98.48,1.0,90.9,100.0,100.0,67.25,96.73,100.0,69.53,18.82,13.09,12.66,14.71,197.03,0.94,11.93,78.13,21.87,30.47,15.28,188.97,76.22,95.12,95.12,80.0,100.0,80.0,13.69,0.29,1218.0,8.0,,,5.5,0.11,0.6,100.0,0.68,100.0,0.0,100.0,0.0,1.74,4.12,0.04,46.68,46.18,37.42,36.93,42.29,100.0,DASB,Água e Esgoto,LEP,10.0,27000.67,3.43,1.65,,270.01,100.0,0.0,4.0,,78.83,100.0,100.0,0.0,1533.55,1.2,1.58,,219.0,46.72,12.0,62.5,,1.36,,,,,,,,,,,,0.33,0.02,0.0,,,,6.0,46.72,60.0,,2.0,20.0,Sim
3501301,89.44,95.7,11.77,93.43,99.98,12.27,13.04,1.1,100.0,92.19,83.63,100.0,100.0,12.89,14.19,194.99,181.02,14.71,12.3,83.83,96.46,3.54,16.17,6.06,86.2,91.45,0.82,,,8.62,,,99.62,,6.19,87.58,94.63,0.0,85.3,91.28,11.16,85.3,91.28,11.16,11.35,1.06,93.15,93.15,100.07,100.07,100.0,0.24,0.45,3.63,0.44,1.68,0.6,26.23,73.77,0.39,11.0,84.89,39.68,94.58,5.42,5.42,134.21,63.25,29.57,105.6,84296.5,38359.42,74.51,41.06,22.18,77.82,100.0,100.0,100.0,100.0,100.0,84.31,48.93,4192.47,0.0,1.22,0.62,0.64,15.93,9.56,7.01,0.0,0.14,0.0,,,,,2.15,2.15,0.0,350130,3.53,2.92,499.65,2.95,3.23,2.65,83.57,-0.3,51.77,266343.01,99.25,47.6,61.95,14.8,11.38,47.96,62.42,16.97,2.06,11.46,54.64,42.86,2.51,15.18,22.78,854.0,803.2,0.96,1111.51,1.87,94.92,0.83,100.0,100.0,1.06,92.25,100.0,100.0,83.56,100.0,100.0,83.56,14.87,12.41,12.41,14.25,163.11,0.78,13.62,95.95,4.05,16.44,5.3,85.26,97.3,100.0,100.0,100.0,100.0,100.0,13.46,0.41,2410.25,6.0,5000.0,6.0,,0.0,41.04,100.15,0.0,100.15,0.15,100.0,0.76,,,,,,,,,,SABESP,Água e Esgotos,SABESP,1.56,33575.45,1.83,46.05,67.49,52.35,45.71,54.29,8.57,35.33,100.0,100.0,100.0,6.81,2172.52,0.53,1.04,0.91,74.59,53.95,34.29,,2.91,0.93,,100.0,2.39,9.06,4.1,30.29,25.86,9.83,17.21,16.81,15.1,1.34,0.13,100.0,,,,0.49,38.79,31.43,,0.36,22.86,Sim
3501400,82.23,100.0,55.13,70.19,94.19,33.25,9.73,1.06,100.0,90.21,88.42,100.0,100.0,12.21,13.52,123.17,114.89,13.02,11.52,88.42,103.79,-3.79,11.58,4.7,52.65,86.16,2.08,,,10.32,,,100.0,,3.23,65.4,100.0,12.64,62.79,83.55,30.82,62.79,83.55,30.82,10.98,1.05,87.44,87.44,136.17,136.17,100.0,0.19,0.06,10.0,0.03,5.75,0.61,100.0,0.0,,2.0,45.66,18.52,90.94,9.06,14.4,140.62,30.56,12.4,106.86,18586.72,20232.28,66.94,66.94,100.0,0.0,100.0,100.0,100.0,100.0,0.0,0.0,67.71,960.0,0.0,0.54,0.34,0.33,0.0,0.0,0.0,0.0,,,,,,,0.0,0.0,0.0,350140,3.54,3.14,503.08,2.8,3.09,2.49,79.11,-4.3,55.04,257456.12,112.15,49.37,69.58,14.28,15.47,44.02,62.04,17.7,0.21,13.79,54.79,42.93,2.29,37.87,2.82,824.87,824.16,0.86,1162.5,1.69,90.5,0.62,65.51,100.0,1.0,91.67,100.0,100.0,81.75,100.0,100.0,81.75,13.78,11.27,11.27,13.33,131.17,1.6,10.72,96.69,3.31,18.25,6.84,82.76,64.26,100.0,100.0,100.0,100.0,100.0,13.45,0.13,316.67,6.33,,,,0.0,72.27,100.0,0.0,100.0,0.0,100.0,0.0,,,,,,,,,,SABESP,Água e Esgotos,SABESP,5.42,44464.63,5.68,10.63,2.32,241.22,100.0,0.0,,5.6,95.66,100.0,100.0,3.34,,,0.45,,1214.3,81.78,,185.53,,0.3,,,2.78,4.52,,60.0,13.33,6.67,13.33,6.67,5.42,2.23,0.5,,,,,,17.02,,,,,Sim
3501509,99.45,100.0,93.5,,,100.0,12.17,1.07,100.0,90.6,78.28,100.0,100.0,11.83,13.47,157.72,139.75,14.3,11.2,78.59,94.16,5.84,21.41,8.0,108.16,89.29,1.97,,,9.67,,,87.5,,4.38,98.77,100.0,85.37,93.2,93.52,89.81,93.2,93.52,89.81,11.53,1.04,90.06,90.06,100.16,100.16,100.0,0.03,0.24,30.75,0.17,1.49,1.37,100.0,0.0,0.0,0.0,35.78,15.12,100.0,0.0,0.0,18.6,192.36,81.27,192.92,80765.54,48343.81,537.6,437.6,68.49,5.86,100.0,100.0,100.0,100.0,91.58,100.0,0.0,743.0,0.0,0.7,0.68,0.02,36.61,14.94,13.55,0.0,0.15,0.0,,,,,5.38,5.38,0.0,350150,4.39,3.71,599.7,2.77,3.1,2.43,63.13,-0.3,53.6,223505.69,133.76,57.49,84.9,30.31,19.52,42.98,63.47,16.21,0.36,14.59,55.91,41.89,2.19,14.69,3.69,587.17,574.85,1.18,867.2,2.32,71.18,0.55,93.3,100.0,1.02,91.59,100.0,100.0,77.91,100.0,100.0,77.91,14.4,11.22,11.22,13.57,136.28,1.98,14.98,94.24,5.76,22.09,6.45,106.89,92.12,100.0,100.0,100.0,100.0,100.0,12.13,0.04,738.69,9.77,,,,0.0,70.02,110.83,0.0,110.0,0.0,110.0,0.0,,,,,,,,,,SABESP,Água e Esgotos,SABESP,,,2.83,1.28,5.58,107.81,,,,6.02,86.9,96.82,96.82,0.0,273.85,2.42,0.57,,420.6,80.94,43.75,5.0,,0.59,,96.82,17.5,36.31,,28.57,23.81,33.33,4.76,9.52,86.45,4.74,0.83,0.0,,170.59,0.35,1.04,17.78,18.75,0.11,1.04,18.75,Sim
3501608,99.83,100.0,0.0,92.17,92.32,0.0,11.48,1.31,100.0,89.98,41.15,100.0,100.0,13.03,14.03,192.31,167.05,31.67,13.03,41.21,44.31,55.69,58.79,67.26,800.03,100.0,0.76,289.14,,497.92,70.83,,89.78,0.27,45.35,96.84,97.0,0.0,,,0.0,,,0.0,10.8,1.48,87.51,85.49,92.01,62.95,68.94,0.24,1.78,46.16,0.99,0.71,0.39,27.04,72.96,0.06,16.0,335.48,147.33,93.38,6.62,6.62,569.15,58.94,25.89,160.02,47840.63,47130.0,17.57,2.08,7.6,92.4,100.0,100.0,100.0,100.0,99.83,100.0,0.0,6650.57,0.13,0.89,0.76,0.13,6.12,4.9,2.21,0.0,,,,,,,1.51,1.51,0.0,350160,1.97,1.96,312.5,2.43,2.56,2.32,123.18,-0.07,73.25,78680.28,80.77,27.9,59.47,3.47,0.0,34.54,73.62,19.41,5.44,0.0,45.97,47.87,6.16,362.04,662.93,341.99,247.06,1.9,728.99,3.77,126.59,0.61,99.53,100.0,1.35,87.45,100.0,99.99,51.99,100.0,100.0,51.99,22.55,11.43,11.43,12.53,176.24,0.67,24.78,56.99,43.01,48.01,18.92,468.71,100.0,100.0,100.0,93.63,57.1,53.13,28.7,0.16,,,,,4.63,1.72,5.59,308.64,0.0,312.61,0.5,140.16,0.0,,,,,,,,,,DAE,Água e Esgoto,LPU,0.99,69232.79,2.35,92.52,147.85,68.51,28.81,71.19,4.24,101.3,99.53,100.0,100.0,89.92,3338.23,0.31,0.88,0.79,101.54,47.4,30.93,0.26,11.22,0.88,,90.0,0.73,2.34,2.1,55.46,19.05,13.46,2.62,9.41,6.04,1.48,0.17,64.1,70.42,128.1,1.82,0.33,34.85,33.05,0.19,0.31,31.78,Sim
3501707,99.2,100.0,0.0,85.22,86.2,0.0,10.01,1.0,100.0,92.03,63.56,100.0,63.55,17.8,10.32,212.08,158.12,28.01,17.8,63.93,36.86,63.14,36.07,33.19,332.11,100.0,1.58,,,0.69,,,100.0,,11.97,99.2,100.0,0.0,,92.55,,,0.94,,8.79,0.5,,,118.0,7.65,6.48,0.02,8.63,0.75,1.0,0.66,0.06,58.33,41.67,0.0,0.0,190.4,73.84,97.07,2.93,0.0,2412.19,8.13,3.15,85.24,61668.0,52800.0,4.27,4.27,28.57,71.43,99.2,100.0,0.0,100.0,0.0,0.0,0.0,3250.0,0.03,1.06,0.74,0.33,0.0,0.0,0.0,100.0,,,,,,,0.0,0.0,0.0,350170,1.77,0.94,176.75,1.08,1.16,0.84,61.21,0.0,20.87,35924.47,86.74,28.33,34.1,0.0,0.0,32.67,39.32,59.07,1.59,0.0,81.01,18.99,0.0,0.0,48.15,516.94,462.08,1.8,622.2,3.56,115.29,,97.67,98.42,1.0,90.86,50.0,100.0,50.0,100.0,50.0,50.0,52.21,26.11,26.11,26.11,243.24,,8.41,50.0,50.0,50.0,93.0,861.62,97.67,98.42,98.42,60.91,0.0,0.0,9.26,0.0,,,,,,0.0,0.0,100.0,1.54,100.0,0.08,100.0,0.0,,,,,,,,,,PMAB,Água e Esgoto,LPU,,,2.91,93.77,62.41,72.5,,,,45.25,99.24,100.0,100.0,100.0,2761.9,0.2,0.47,,235.52,55.89,19.05,,,0.47,,,,,,,,,,,,2.04,0.43,76.92,,,,0.32,40.75,30.95,,0.45,42.86,Sim
3501806,88.02,100.0,0.0,88.85,,0.0,12.01,1.01,100.0,92.26,40.22,100.0,59.58,1.27,3.14,22.78,21.34,3.14,1.26,40.22,100.02,-0.02,59.78,5.16,61.96,100.0,5.39,50.0,,2.33,6.0,,100.0,1.76,3.17,88.02,100.0,0.0,,,,,,,12.77,0.0,,,174.04,71.9,41.31,0.53,0.83,3.5,1.0,0.57,0.76,100.0,0.0,0.38,2.0,51.62,25.48,98.89,1.11,1.11,65.31,79.04,39.02,20.3,35586.59,51295.17,153.11,153.11,100.0,0.0,88.02,100.0,0.0,100.0,88.02,100.0,0.0,916.05,0.0,0.84,0.66,0.29,6.27,4.53,2.59,0.0,,,63.03,16.81,12.61,,1.3,1.3,0.0,350180,0.78,0.62,100.76,0.7,0.85,0.52,89.8,-18.05,25.56,21252.43,88.13,24.87,28.47,0.0,3.84,28.22,32.3,60.42,2.92,4.36,64.91,33.13,1.95,,8.01,653.01,653.01,1.34,747.43,2.68,136.61,0.14,85.49,100.0,1.0,91.67,100.0,100.0,92.28,100.0,100.0,92.28,16.09,14.84,14.84,14.84,250.26,0.05,11.85,92.28,7.72,7.72,3.45,40.84,85.49,100.0,100.0,82.83,100.0,82.83,11.47,5.7,136.55,7.27,,,0.7,0.33,1.0,100.0,0.0,100.0,0.0,100.0,0.0,,,,,,,,,,PMAC,Água e Esgoto,LPU,2.79,11417.53,0.72,8.25,53.34,31.91,100.0,0.0,7.14,17.02,92.14,99.82,99.82,0.0,3825.35,0.6,1.96,1.29,18.84,42.34,21.43,27.84,38.58,1.79,,100.0,2.64,18.97,4.63,36.84,21.05,31.58,5.26,5.26,23.96,0.55,0.03,0.0,,,,0.8,49.41,28.57,,1.2,42.86,Sim
3501905,92.23,100.0,0.0,84.02,90.77,0.0,12.99,1.08,100.0,89.61,49.48,84.51,98.05,10.74,15.27,198.04,161.56,21.71,12.71,60.51,70.31,29.69,39.49,22.43,305.06,99.64,0.73,200.0,,2.0,8.0,,100.0,0.74,0.54,87.62,95.0,0.0,77.9,84.16,0.0,77.9,84.16,0.0,9.69,1.1,89.28,89.28,87.75,56.73,64.65,0.21,5.16,1.5,1.0,2.27,0.63,43.68,56.32,0.22,14.0,0.0,0.0,0.0,100.0,,0.0,350.83,150.91,117.19,23638.76,40194.5,,,11.51,88.15,100.0,100.0,100.0,100.0,92.23,100.0,82.74,1359.33,0.07,0.8,0.68,0.13,9.6,5.06,3.55,0.0,0.06,0.0,,,,,1.59,1.59,0.0,350190,2.41,1.92,345.8,2.07,2.32,1.79,85.8,-16.32,59.91,54699.42,92.79,55.86,69.83,0.0,0.0,60.21,75.26,20.31,4.44,0.0,56.66,38.79,4.55,0.0,239.37,210.2,192.56,4.15,262.74,7.87,129.63,,78.7,100.0,1.08,90.21,98.33,100.0,53.93,100.0,100.0,54.43,21.76,11.74,11.74,14.94,179.68,0.86,13.07,69.01,30.99,45.57,26.63,357.12,74.77,95.0,95.0,81.65,58.28,47.59,10.26,,,6.6,,,3.0,5.11,4.0,163.87,7.94,164.25,6.38,950.43,0.0,,,,,,,,,,SAAE,Água e Esgoto,LPU,3.78,53488.88,4.95,85.92,,202.39,42.33,57.67,2.79,,100.0,100.0,100.0,92.13,1101.25,0.88,0.83,,400.94,60.09,23.26,,,0.65,,,2.3,6.97,,,,,,,,6.13,0.74,36.84,41.18,130.38,,1.34,33.3,35.35,0.52,1.27,33.49,Sim
3502002,84.91,100.0,0.0,88.98,,0.0,11.88,1.0,96.95,97.34,9.58,96.61,100.0,1.81,1.94,36.72,35.37,18.9,1.87,9.91,10.26,89.74,90.09,27.07,559.86,59.39,1.09,,40.0,0.52,,10.0,83.33,1.74,5.83,68.32,80.46,0.0,,89.74,,,89.74,,20.2,0.0,,,85.19,85.19,100.0,2.14,0.17,4.0,1.0,2.51,1.01,64.29,35.71,,7.0,0.0,0.0,,,,0.0,195.55,106.84,1004.78,222056.09,,,,45.38,47.35,84.91,100.0,0.0,100.0,0.0,0.0,0.0,2200.0,0.0,1.29,1.03,0.48,0.0,0.0,0.0,0.0,,,,,,,0.0,0.0,0.0,350200,6.81,6.81,,4.74,6.66,2.81,69.54,0.0,68.54,105000.0,143.79,98.55,98.55,2.18,0.0,68.54,68.54,22.85,8.62,0.0,70.37,29.63,0.0,0.0,4.0,,1024.5,0.98,,1.95,68.51,,70.07,88.27,1.0,,49.45,100.0,43.96,88.89,49.45,49.45,3.7,1.83,1.63,1.83,35.23,,30.26,49.45,50.55,50.55,2.03,61.51,70.07,88.27,88.27,100.0,100.0,100.0,30.26,,,,,,,,,100.0,10.71,100.0,11.9,100.0,5.95,,,,,,,,,,PMA,Água e Esgoto,LPU,2.52,56137.2,4.76,,,141.58,100.0,0.0,,,79.38,100.0,100.0,0.09,,,0.76,,,,,,,0.76,,,,,,,,,,,0.25,,,,,,,,,,,,,Sim
3502101,91.55,100.0,0.0,89.8,98.46,0.0,11.98,1.05,99.98,92.7,78.69,100.0,100.0,13.36,15.36,204.05,185.38,16.97,13.36,79.2,90.49,9.51,20.8,9.51,122.26,93.05,1.07,21.05,57.14,6.82,80.56,147.57,86.35,0.1,1.25,91.55,100.0,0.0,,,,,,,12.55,0.0,,,104.64,104.64,100.0,0.07,2.41,3.65,1.0,1.95,0.07,38.6,61.4,0.75,21.0,211.86,91.48,100.0,0.0,0.0,74.54,284.22,122.73,151.5,37500.0,50000.0,134.16,3.71,10.79,89.21,95.78,100.0,50.06,100.0,91.55,100.0,49.63,6193.6,0.0,1.38,0.76,0.71,18.34,14.21,6.29,0.0,,,27.5,25.0,18.75,10.0,2.58,2.58,0.0,350210,2.25,1.64,291.98,2.88,3.22,2.55,127.87,3.63,33.4,72844.7,56.8,15.04,26.12,16.1,9.88,26.47,45.98,17.59,1.3,17.39,52.31,42.49,5.19,54.16,86.85,542.57,517.3,1.11,942.44,2.27,127.96,0.52,100.0,100.0,1.05,93.15,100.0,100.0,70.75,100.0,100.0,70.75,18.57,13.11,13.11,14.96,177.41,0.89,11.47,80.74,19.26,29.25,14.85,187.07,98.63,100.0,100.0,97.11,100.0,97.11,11.75,0.04,,,,,0.02,2.92,0.22,658.98,0.0,128.03,0.0,128.03,0.0,0.6,0.23,0.51,35.19,43.21,12.73,20.75,13.57,38.13,AA,Água e Esgoto,LEP,1.76,73336.72,4.32,100.0,56.42,129.21,0.0,100.0,4.26,72.9,93.34,100.0,100.0,100.0,2419.29,0.39,0.82,,119.53,27.57,22.34,,,0.82,,9.37,4.91,14.62,,25.64,25.64,23.08,12.82,12.82,20.92,2.96,0.36,100.0,,,,0.6,23.56,34.04,,0.0,0.0,Sim
3502200,88.47,100.0,60.46,85.51,100.0,50.73,19.23,1.06,99.99,90.76,76.61,100.0,100.0,11.55,13.22,161.83,142.81,14.3,10.95,77.48,92.59,7.41,22.15,5.53,112.68,94.04,0.84,3682.4,,11.22,6.0,,100.0,38.97,7.65,67.29,95.0,0.0,58.94,68.92,35.0,58.94,68.92,35.0,8.82,1.01,90.25,90.25,75.28,75.28,100.0,0.37,0.16,14.27,0.03,2.19,0.41,52.08,47.92,0.82,20.0,0.0,0.0,,,,0.0,218.81,99.56,185.04,59557.64,142622.21,,,41.03,42.43,100.0,100.0,100.0,100.0,100.0,100.0,85.76,880.85,0.0,0.39,0.39,0.0,34.75,20.46,24.18,0.0,,,45.02,29.41,1.97,3.15,14.24,14.24,0.0,350220,3.78,3.35,550.01,3.13,3.4,2.78,82.59,-0.2,60.34,235449.18,107.18,49.48,73.07,12.95,10.32,46.17,68.17,13.36,2.24,9.63,58.61,38.38,3.01,20.05,22.89,627.93,618.84,1.09,927.19,1.98,90.65,0.68,82.33,100.0,1.01,90.18,100.0,100.0,66.25,100.0,100.0,66.25,17.03,11.28,11.28,13.79,144.01,0.83,18.69,80.95,19.05,33.75,9.34,191.71,66.56,92.67,92.67,80.44,100.0,80.44,9.43,0.23,109.09,6.11,,,,0.0,101.89,108.19,0.78,106.78,0.0,106.78,0.0,,,,,,,,,,SABESP,Água e Esgotos,SABESP,2.15,32049.2,1.51,1.53,,68.98,100.0,0.0,10.26,,99.1,100.0,100.0,24.24,332.8,0.66,0.25,,349.56,46.14,30.77,,,0.18,,100.0,45.45,41.39,,49.47,25.2,12.0,13.33,0.0,90.94,,,0.0,,,,0.44,26.96,20.51,,0.22,10.26,Sim
3502309,85.14,100.0,19.53,71.38,85.91,5.89,16.86,1.07,100.0,91.15,76.63,100.0,100.0,10.7,13.01,162.98,142.09,13.16,10.08,77.57,98.86,1.14,22.43,5.6,103.35,90.54,0.69,,,19.25,,,100.0,,5.81,77.71,95.32,0.0,60.1,72.24,5.41,60.1,72.24,5.41,13.84,1.01,90.78,90.78,105.17,105.17,100.0,0.61,0.06,3.0,0.03,0.64,0.35,100.0,0.0,0.0,0.0,0.0,0.0,0.0,100.0,,0.0,194.87,116.75,143.05,224165.37,336248.05,,,100.0,0.0,99.9,100.0,99.44,100.0,0.0,0.0,0.0,1035.9,0.0,0.98,0.99,0.0,0.0,0.0,0.0,0.0,,,,,,,0.0,0.0,0.0,350230,4.37,3.89,638.46,2.89,3.2,2.57,66.29,-2.83,59.25,197940.21,134.41,63.52,89.39,21.59,11.42,47.25,66.5,15.48,3.72,8.5,55.42,41.97,2.6,17.41,9.15,466.2,464.02,1.53,656.08,2.99,76.23,0.74,76.03,100.0,1.0,91.54,100.0,100.0,66.19,100.0,100.0,66.19,16.39,10.82,10.82,13.73,152.48,0.61,17.54,83.99,16.01,33.81,9.34,182.54,72.35,95.77,95.77,100.0,100.0,100.0,12.4,1.07,264.29,6.0,,,,0.0,161.7,102.22,0.27,101.39,0.55,101.39,0.27,,,,,,,,,,SABESP,Água e Esgotos,SABESP,,,,,,,,,,,,,,,,,,,,,,,,,,,,,,,,,,,,,,,,,,,,,,,,Sim
3502408,99.98,100.0,99.84,94.54,99.94,63.89,15.93,1.07,100.0,89.93,87.69,100.0,100.0,12.32,13.74,162.12,147.07,13.23,11.6,87.79,103.84,-3.84,12.21,3.17,57.04,87.8,1.03,,,12.83,,,100.0,,4.98,93.45,100.0,58.1,83.26,88.02,56.25,83.26,88.02,56.25,10.44,1.05,88.37,88.37,99.32,99.32,100.0,0.25,0.0,,0.0,2.02,1.64,53.85,46.15,1.64,6.0,19.15,9.02,100.0,0.0,0.0,20.71,92.46,43.55,101.05,29651.49,,482.81,90.29,46.58,44.43,89.05,100.0,29.91,100.0,89.05,100.0,0.0,2960.0,0.24,1.97,0.91,1.38,46.47,32.8,13.93,0.0,,,,,,,4.05,4.05,0.0,350240,3.29,2.86,485.27,3.0,3.19,2.81,91.26,0.12,52.89,261806.34,95.23,35.06,57.96,8.78,14.43,36.82,60.86,16.07,0.42,15.15,52.48,44.51,3.01,21.85,3.31,886.46,870.42,0.7,1465.25,1.37,100.85,0.77,99.47,100.0,1.02,90.71,100.0,100.0,94.21,100.0,100.0,94.21,12.95,12.19,12.19,14.14,147.59,1.09,16.63,109.23,-9.23,5.79,1.35,25.06,96.84,100.0,100.0,97.34,100.0,97.34,11.27,0.21,650.0,6.0,300.0,6.0,,0.0,40.73,100.0,3.33,100.0,0.0,100.0,1.67,,,,,,,,,,SABESP,Água e Esgotos,SABESP,4.75,13389.97,1.07,9.59,,63.61,93.75,6.25,6.25,,91.13,100.0,100.0,20.0,613.42,0.89,0.59,,172.71,58.04,18.75,50.0,,0.53,,100.0,13.75,29.39,,26.26,19.19,24.24,21.21,9.09,42.76,0.73,0.12,0.0,,16.27,,0.89,37.97,18.75,1.48,2.38,50.0,Sim
3502507,98.0,100.0,0.0,79.46,80.8,0.0,8.12,1.07,95.99,81.96,28.19,49.82,100.0,10.67,20.86,263.88,263.88,35.63,20.16,56.57,58.54,41.46,43.43,66.35,543.09,67.14,0.69,,,2.0,,,100.0,,9.97,85.26,87.0,0.0,,96.58,,,0.0,,8.22,0.0,,,58.74,0.0,0.0,0.07,0.86,4.57,1.0,0.18,1.23,100.0,0.0,,6.0,327.2,132.36,100.0,0.0,-6.26,79.33,438.31,177.31,74.44,193793.35,50610.77,133.96,46.98,38.88,34.86,98.0,100.0,0.0,100.0,0.0,0.0,0.0,1676.0,0.0,0.97,0.79,0.2,0.0,0.0,0.0,0.0,,,,,,,0.0,0.0,0.0,350250,4.45,3.88,661.26,3.37,3.08,3.98,75.76,-22.79,65.85,46443.72,115.0,55.42,86.91,0.0,4.11,48.19,75.58,13.87,5.84,3.58,58.07,35.87,6.06,59.42,280.73,92.93,84.61,7.54,145.75,14.66,113.66,,98.55,100.0,1.07,84.71,100.0,95.37,47.43,92.78,100.0,51.12,34.82,17.8,17.26,19.17,215.22,0.64,7.27,55.05,44.95,48.88,73.75,600.34,85.73,87.0,87.0,46.75,0.0,0.0,7.69,,,,,,,,,103.68,1.07,118.62,5.04,47.51,1.23,,,,,,,,,,SAAE,Água e Esgoto,LPU,,,2.52,0.0,125.11,81.65,,,,102.15,98.55,100.0,100.0,0.53,,,0.9,,113.81,46.0,,,,0.9,,100.0,1.67,5.53,,,,,,,5.53,0.82,0.09,,,,,,30.3,,,,,Sim
3502606,94.45,100.0,73.4,91.1,100.0,55.29,11.99,1.07,99.89,90.58,90.05,100.0,100.0,13.32,14.37,199.68,177.22,13.84,12.46,90.21,103.84,-3.84,9.79,3.6,47.68,89.43,1.01,,,13.0,,,100.0,,0.64,86.23,100.0,34.03,80.43,88.25,48.94,80.43,88.25,48.94,11.53,1.05,89.1,89.1,99.98,99.98,100.0,0.2,0.0,,0.0,0.92,0.73,100.0,0.0,0.0,0.0,193.3,100.12,75.38,24.62,24.62,338.64,57.08,29.56,37.37,25676.09,25676.09,29.53,18.66,63.18,36.82,100.0,100.0,100.0,100.0,0.0,0.0,0.0,1681.5,0.0,1.12,0.93,0.24,0.0,0.0,0.0,0.0,,,,,,,0.0,0.0,0.0,350260,2.95,2.34,394.29,3.45,3.11,3.8,116.93,-2.19,50.17,230341.09,67.81,35.71,42.91,5.56,7.95,52.66,63.27,14.34,0.37,11.73,45.67,52.94,1.39,8.39,3.6,923.3,916.92,0.91,1109.33,1.78,129.38,0.7,90.66,100.0,1.01,91.08,100.0,100.0,83.22,100.0,100.0,83.22,14.57,12.12,12.12,14.13,178.61,0.89,10.96,97.02,2.98,16.78,6.77,80.91,87.68,100.0,100.0,95.75,100.0,95.75,11.07,0.03,,,,,,0.0,11.27,100.0,0.0,100.0,0.0,100.0,0.0,,,,,,,,,,SABESP,Água e Esgotos,SABESP,,,0.63,,79.29,32.12,,,,25.47,81.91,100.0,100.0,0.0,579.34,0.87,0.43,,,,23.08,0.37,,0.43,,,,,,,,,,,,,,0.0,,,,1.16,,30.77,,1.45,38.46,Sim
3502705,73.72,85.19,31.83,86.22,100.0,36.74,13.99,1.1,100.0,86.91,77.74,100.0,100.0,11.09,12.77,162.16,137.39,13.18,10.25,77.78,96.87,3.13,22.22,6.63,106.09,81.85,0.63,910.0,,7.91,9.14,,95.37,10.38,9.39,54.9,69.94,0.0,48.84,56.64,20.83,48.84,56.64,20.83,10.85,1.02,86.43,86.43,73.39,73.39,100.0,0.85,0.33,10.79,0.07,0.2,0.28,100.0,0.0,0.67,12.0,123.51,55.7,80.12,19.88,69.1,60.59,78.63,35.46,72.62,214356.57,121498.03,63.66,61.49,74.28,2.61,99.77,100.0,98.95,91.92,72.16,91.92,83.75,1011.35,0.0,0.45,0.3,0.19,20.75,20.66,13.85,0.0,0.54,0.0,67.92,15.23,8.63,8.22,9.17,9.17,0.0,350270,5.81,5.12,815.73,3.3,3.44,3.09,56.78,4.65,64.53,208054.72,155.18,86.66,113.64,32.16,10.45,55.84,73.23,12.64,2.79,6.74,61.28,35.7,3.02,82.96,36.72,348.28,342.29,2.23,456.73,3.69,61.15,0.64,80.45,100.0,1.02,88.2,100.0,99.99,65.74,100.0,100.0,65.74,16.09,10.58,10.58,13.34,137.7,0.57,14.0,82.95,17.05,34.26,10.83,184.38,52.17,72.13,72.13,66.4,100.0,66.4,9.0,1.84,338.07,10.84,150.0,6.0,,0.0,251.9,105.16,0.43,104.71,0.26,105.16,0.0,,,,,,,,,,SABESP,Água e Esgotos,SABESP,2.1,26440.97,1.41,,,55.5,40.54,59.46,2.7,,96.0,100.0,100.0,30.66,1124.6,0.85,1.18,,,,40.54,,,0.89,,100.0,22.55,97.41,,26.67,59.99,0.0,0.0,13.34,132.47,0.95,0.08,0.0,,,,0.4,,18.92,,0.68,32.43,Sim
3502754,77.76,88.58,0.0,82.13,93.55,0.0,12.54,1.1,100.0,92.44,83.89,100.0,100.0,12.71,14.62,184.99,164.13,14.51,12.18,84.65,100.71,-0.71,15.35,5.91,80.46,90.35,1.4,5455.0,,18.53,12.0,,74.62,71.41,10.24,51.88,59.09,0.0,47.11,53.67,0.0,47.11,53.67,0.0,10.49,1.04,91.48,91.48,61.39,61.39,100.0,0.35,0.12,7.14,0.03,0.51,0.51,50.0,50.0,0.0,0.0,253.9,112.29,100.0,0.0,0.0,62.43,406.72,179.88,11.05,20000.0,,160.19,2.2,6.67,34.11,87.79,100.0,0.0,100.0,0.0,0.0,0.0,4500.0,0.05,1.11,0.84,0.42,0.0,0.0,0.0,0.0,,,,,,,0.0,0.0,0.0,350275,5.05,4.02,719.47,3.33,3.67,2.79,65.98,0.15,51.18,307216.79,120.71,57.87,77.57,33.21,13.48,47.94,64.26,16.5,2.22,11.16,66.18,31.01,2.81,29.49,14.74,664.51,639.62,1.17,890.64,1.95,74.93,0.63,61.23,61.23,1.04,92.63,100.0,99.98,86.48,100.0,100.0,86.48,14.73,12.74,12.74,15.3,184.16,1.25,6.9,103.82,-3.82,13.52,9.06,68.45,39.94,39.94,39.94,55.54,55.66,30.91,4.57,1.1,498.57,6.0,372.69,6.0,,0.0,65.56,100.72,0.0,100.36,2.53,100.36,0.0,,,,,,,,,,SABESP,Água e Esgotos,SABESP,,,0.92,0.0,18.55,46.64,,,,8.65,67.07,67.07,26.83,0.0,1659.94,0.45,0.64,,165.23,82.3,100.0,,,0.95,,,,,,,,,,,,1.41,0.22,,,,,0.0,8.48,0.0,,0.0,0.0,Sim
3502804,98.31,100.0,0.0,94.51,95.76,0.0,11.79,1.29,100.0,85.13,70.73,94.99,99.1,13.07,15.87,233.41,202.58,18.47,13.75,74.98,85.92,14.08,25.02,15.61,195.71,66.44,0.73,14547.28,39727.0,4.95,9.1,6.0,100.0,17.18,6.41,97.61,99.29,0.0,94.13,95.37,0.0,94.13,95.37,0.0,11.71,1.3,84.81,84.81,93.95,93.95,100.0,0.69,2.45,11.04,0.62,0.64,0.56,9.31,90.69,0.07,14.0,322.97,150.2,99.0,1.0,26.12,78.41,307.36,142.94,110.69,57200.47,56392.31,95.17,1.63,2.5,95.68,100.0,100.0,100.0,100.0,98.31,100.0,16.3,2282.39,0.1,1.11,0.84,0.28,8.01,2.36,2.58,0.0,,,,,,,0.57,0.57,0.0,350280,2.26,1.72,339.06,2.41,2.54,2.3,106.63,3.61,31.97,79397.55,71.4,19.74,29.98,20.18,15.37,27.65,41.99,19.04,3.69,21.53,48.76,47.27,3.97,43.59,335.67,557.63,445.58,1.48,846.98,2.94,104.03,0.47,98.07,100.0,1.25,86.47,100.0,100.0,63.03,100.0,100.0,63.03,20.85,13.14,13.14,15.78,210.46,0.63,9.42,75.7,24.3,36.97,32.55,316.06,97.03,98.94,98.94,100.0,100.0,100.0,9.96,0.71,4076.4,8.6,9550.0,24.0,14.74,1.52,,100.0,1.24,100.0,0.04,100.0,1.38,1.02,1.47,0.68,23.22,30.5,8.0,15.27,12.71,23.23,SAMAR,Água e Esgoto,LEP,0.8,69148.25,2.11,100.0,67.93,55.11,9.74,90.26,5.19,37.44,100.0,100.0,100.0,100.0,3739.76,0.28,0.91,,151.22,91.43,35.71,0.06,,0.9,,100.0,1.54,5.12,,,,,,,8.78,0.43,0.05,100.0,100.0,65.06,,0.1,7.74,12.99,0.07,0.3,37.66,Sim
3502903,99.42,100.0,94.77,93.0,92.64,95.72,31.49,1.3,100.0,82.09,67.16,100.0,100.0,11.18,12.48,204.8,190.13,14.56,9.78,67.39,85.71,14.29,32.61,6.28,202.24,81.97,1.23,51.74,,0.5,6.72,,100.0,0.25,4.13,43.94,49.14,2.43,26.73,30.02,1.34,25.97,29.16,1.34,15.6,1.07,88.05,88.48,21.9,21.9,100.0,0.52,5.51,2.41,0.83,0.87,1.25,4.41,95.59,0.83,12.0,109.36,61.62,100.0,0.0,0.0,35.01,312.34,175.98,28.18,67600.0,33800.0,285.6,3.26,2.0,98.0,100.0,100.0,100.0,100.0,43.08,29.76,0.0,2642.22,0.06,1.08,1.08,0.0,14.99,12.76,1.65,0.0,,,,,,,1.4,1.4,0.0,350290,4.33,3.81,664.37,3.62,3.62,3.61,83.62,-0.99,48.98,80753.62,105.34,30.66,58.57,63.18,14.32,29.11,55.6,14.68,5.13,13.59,75.09,20.05,4.86,57.39,87.86,218.62,200.56,2.61,417.55,3.38,62.99,0.47,98.29,100.0,1.1,94.23,99.99,100.0,77.4,97.85,99.99,79.1,17.4,11.98,11.72,14.75,177.37,1.24,32.13,97.41,2.59,20.9,3.27,114.13,30.94,45.02,45.02,33.0,100.0,33.0,17.48,0.26,61.69,9.87,,,2.5,1.05,6.9,140.24,0.26,140.39,0.01,100.82,0.0,4.75,0.49,0.47,-7.97,-0.42,-11.87,-4.32,-10.2,10.26,CAA,Água e Esgoto,LEP,,,3.6,0.0,,138.92,,,,,100.0,100.0,100.0,1.29,1782.94,0.85,1.32,,268.99,93.29,46.51,,,0.91,,8.52,1.2,5.79,,22.06,14.71,14.71,14.71,33.82,6.22,1.19,0.09,0.0,,,,0.21,5.89,11.63,,0.43,23.26,Sim
3503000,95.02,100.0,0.0,89.74,94.79,0.0,12.83,1.02,0.0,100.0,0.0,0.0,0.0,,41.55,601.98,600.82,69.37,41.57,59.94,59.9,40.1,40.06,70.75,932.3,0.0,0.6,,,4.81,,,100.0,,4.12,96.56,100.0,30.91,,0.0,,,0.0,,12.67,0.0,,,5.27,2.2,41.83,0.0,0.14,0.5,1.0,6.09,0.72,11.11,88.89,0.0,0.0,38.24,17.4,100.0,0.0,31.44,31.02,84.52,38.47,125.9,55144.18,19982.39,221.03,41.56,17.2,67.31,100.0,100.0,100.0,100.0,0.0,0.0,0.0,606.05,0.0,0.6,0.56,0.05,0.0,0.0,0.0,0.0,,,,,,,0.0,0.0,0.0,350300,,,,,,,,,,,,,,,,,,,,,,,,,,,,,,,,,,,,,,,,,,,,,,,,,,,,,,,,,,,,,,,,,,,,,,,,,,,,,,,,,,,,,,,,,,,,,,,,,,,,,,,,,,,,,,,,,,,,,,,,,,,,,,,,,,,,,,,Sim
3503109,62.68,77.35,0.0,62.35,76.41,0.0,9.99,1.05,100.0,91.64,71.71,100.0,100.0,12.77,14.32,212.03,188.84,17.0,12.19,71.71,84.26,15.74,28.29,15.88,166.12,94.54,0.63,1261.67,,104.51,15.0,,85.45,54.81,15.77,62.44,77.05,0.0,57.12,69.99,0.0,57.12,69.99,0.0,12.32,1.0,92.19,92.19,105.71,105.71,100.0,0.06,0.04,170.0,0.01,1.58,0.85,80.0,20.0,0.0,0.0,25.76,13.53,100.0,0.0,-2.1,6.2,424.16,222.79,94.54,60009.86,180029.57,1646.63,566.21,51.17,48.83,100.0,100.0,100.0,54.84,0.0,0.0,0.0,1100.0,0.14,0.85,0.47,0.48,0.0,0.0,0.0,0.0,,,,,,,0.0,0.0,0.0,350310,2.22,1.51,256.03,3.06,3.38,2.73,137.62,-0.38,35.89,189508.82,49.49,9.29,26.08,7.31,7.19,18.77,52.69,18.29,0.33,14.52,54.32,43.5,2.18,96.0,2.81,1404.72,1396.53,0.26,3943.5,0.51,148.49,0.59,73.57,97.64,1.01,92.15,100.0,100.0,67.99,100.0,100.0,67.99,17.74,12.06,12.06,14.09,177.73,0.68,10.13,79.4,20.6,32.01,17.05,187.9,73.34,97.33,97.33,100.0,100.0,100.0,11.64,0.09,1255.1,6.0,250.0,6.0,,0.0,76.93,110.83,3.76,110.0,0.0,110.0,0.0,,,,,,,,,,SABESP,Água e Esgotos,SABESP,6.47,26828.51,3.03,,32.96,173.63,100.0,0.0,3.23,57.23,75.4,99.94,99.94,16.67,338.28,3.55,1.03,,,,54.84,8.5,,1.03,,,,,,,,,,,,1.14,0.11,0.0,,,,2.09,,32.26,,0.63,9.68,Sim
3503158,98.77,100.0,96.19,86.59,100.0,53.35,15.38,1.11,100.0,88.54,75.24,100.0,100.0,9.24,11.99,145.54,128.24,11.39,8.57,76.9,105.28,-5.28,23.1,5.53,96.4,87.73,0.71,145.5,,19.0,13.0,,85.71,12.44,8.29,69.64,100.0,6.04,60.77,70.17,37.47,60.77,70.17,37.47,7.58,1.04,89.2,89.2,80.79,80.79,100.0,0.72,2.07,72.27,0.42,11.92,1.72,100.0,0.0,0.0,0.0,0.0,0.0,,,,0.0,237.86,114.03,542.74,45532.76,66421.5,,,100.0,0.0,98.94,100.0,96.71,100.0,0.0,0.0,0.0,441.0,0.0,0.51,0.44,0.12,0.0,0.0,0.0,0.0,0.0,0.0,,,,,0.0,0.0,0.0,350315,6.81,5.67,828.66,2.9,3.17,2.56,42.52,-0.85,69.37,305231.76,195.83,120.39,163.14,78.57,10.58,61.48,83.31,5.99,1.68,5.4,58.18,38.65,3.17,11.87,4.07,442.15,418.91,1.76,599.17,3.23,45.69,0.75,86.51,100.0,1.05,90.44,100.0,100.0,84.22,100.0,100.0,84.22,10.48,8.83,8.83,12.28,134.15,0.46,18.36,117.1,-17.1,15.78,2.72,57.3,72.38,96.23,96.23,85.24,100.0,85.24,7.52,0.69,440.91,9.91,145.0,6.0,,0.0,53.28,110.83,0.0,110.0,0.0,110.0,0.0,,,,,,,,,,SABESP,Água e Esgotos,SABESP,7.54,26567.6,2.55,8.59,,200.29,100.0,0.0,14.29,,100.0,100.0,100.0,41.86,686.9,2.15,1.27,0.4,212.26,49.08,28.57,58.14,138.89,0.95,,,,,,,,,,,,,,0.0,,,,2.15,48.39,28.57,,2.15,28.57,Sim
3503208,98.57,99.81,16.76,100.0,,17.31,11.8,1.06,100.0,90.16,50.79,93.94,79.64,13.93,14.83,237.67,201.6,27.44,14.83,54.95,54.06,45.94,45.05,30.69,430.97,100.0,1.25,12399.49,8934.45,94.07,9.63,115.33,28.69,8.48,42.37,98.46,99.81,9.52,100.0,,10.02,99.51,,10.02,9.9,1.07,89.9,89.82,124.93,124.93,100.0,0.25,0.44,8.43,1.0,0.12,0.61,13.74,86.26,0.76,190.0,321.02,149.9,100.0,0.0,-1.42,76.61,425.0,198.46,10.41,75622.31,337211.27,132.39,18.95,14.19,19.65,98.78,100.0,17.82,100.0,98.78,100.0,38.93,13957.36,0.04,1.67,0.69,1.0,17.35,10.98,6.92,39.63,0.07,0.0,,,,,1.78,1.78,0.0,350320,3.03,2.81,435.6,3.56,3.0,2.8,117.39,13.91,57.74,92759.32,79.03,33.15,49.19,0.55,8.21,41.95,62.24,23.32,2.92,10.39,42.22,54.26,3.52,327.53,644.7,342.15,320.78,2.1,507.67,4.21,112.13,0.51,96.98,99.39,1.07,89.46,98.12,100.0,49.36,93.25,100.0,52.93,25.71,13.41,12.5,13.41,213.06,1.17,11.52,52.93,47.07,47.07,30.1,418.12,97.03,99.7,99.7,100.0,100.0,100.0,9.59,0.23,496.0,7.0,,,10.84,0.96,14.68,138.98,0.35,138.98,0.03,109.83,0.11,,,,,,,,,,DAAE,Água e Esgoto,LPU,,,3.83,92.15,82.0,125.2,,,,102.66,97.57,100.0,100.0,100.0,2846.56,0.29,0.93,0.93,131.29,30.23,22.26,23.81,0.0,0.93,748.17,100.0,4.03,13.73,8.23,45.43,17.33,9.88,25.0,2.36,28.02,6.19,0.66,100.0,100.0,133.74,,0.1,6.71,7.64,0.06,0.3,22.59,Sim
3503307,98.77,100.0,58.6,99.88,,48.64,13.97,1.32,100.0,94.3,52.0,90.34,100.0,11.39,14.46,234.64,198.22,21.87,12.59,61.05,66.11,33.89,38.95,26.34,369.51,0.0,0.62,2300.0,,1.73,36.0,,97.95,3.31,5.98,97.35,100.0,10.82,94.88,97.49,9.44,94.6,97.49,0.0,17.94,1.25,94.03,93.19,80.03,80.03,100.0,0.14,2.42,1.0,1.0,0.88,0.43,43.35,56.65,,11.0,0.0,0.0,,,,0.0,179.42,80.37,147.89,57105.56,57350.47,,,14.18,79.28,100.0,100.0,100.0,100.0,0.0,0.0,97.29,3363.73,0.0,0.75,0.73,0.02,0.0,0.0,0.0,0.0,,,,,,,0.0,0.0,0.0,350330,1.28,1.28,278.81,1.4,1.9,1.03,109.58,-2.75,70.92,63645.47,91.26,48.25,64.72,1.76,0.0,52.87,70.92,20.7,6.04,0.0,51.37,37.17,11.46,148.05,360.83,321.88,260.85,2.86,431.76,5.55,124.76,0.62,99.72,99.41,1.19,89.07,0.0,100.0,47.45,55.4,83.3,85.65,27.04,22.76,12.61,15.71,322.31,0.56,20.89,59.13,40.87,14.35,7.09,148.61,99.72,99.41,99.41,92.43,0.0,0.0,17.13,0.02,,16.0,,,0.0,1.46,,100.0,0.0,100.0,0.0,100.0,0.0,,,,,,,,,,SAEMA,Água e Esgoto,LPU,1.72,34968.38,1.54,74.43,,60.3,49.77,50.23,0.46,,93.7,99.03,99.03,4.67,709.86,0.5,0.32,0.06,131.27,25.57,29.22,82.94,488.17,0.32,,23.62,2.01,2.36,27.44,,,,,,5.48,,,100.0,,,,0.2,74.43,11.42,,0.67,38.81,Sim
3503356,68.82,100.0,13.68,56.59,85.38,4.53,16.34,1.08,100.0,89.52,92.63,100.0,100.0,13.21,14.23,175.73,155.03,13.25,12.28,92.64,107.37,-7.37,7.36,1.98,34.62,92.39,1.09,,,5.63,,,100.0,,6.61,68.3,100.0,12.22,48.97,73.82,4.03,48.97,73.82,4.03,14.88,1.08,83.89,83.89,107.3,107.3,100.0,0.4,0.1,3.0,0.07,3.75,1.46,100.0,0.0,0.0,0.0,82.27,40.09,100.0,0.0,0.0,35.31,233.0,113.56,350.72,46715.97,27931.44,283.23,101.55,45.28,0.0,98.71,100.0,96.41,100.0,0.0,0.0,0.0,434.0,0.0,0.57,0.47,0.17,0.0,0.0,0.0,0.0,,,,,,,0.0,0.0,0.0,350335,2.29,1.6,260.54,2.87,3.2,2.53,125.55,0.85,35.25,44550.65,55.74,8.6,28.08,6.45,7.47,15.43,50.37,22.36,1.41,13.4,55.79,42.67,1.54,15.65,3.27,339.46,337.93,0.91,1108.5,1.8,141.05,0.6,67.06,100.0,1.0,89.99,100.0,100.0,95.88,100.0,100.0,95.88,12.06,11.57,11.57,13.66,177.82,1.07,16.85,113.26,-13.26,4.12,0.88,16.43,66.28,100.0,100.0,100.0,100.0,100.0,13.82,0.27,126.75,6.25,,,,0.0,57.35,100.83,0.0,100.83,0.0,100.0,0.0,,,,,,,,,,SABESP,Água e Esgotos,SABESP,6.86,21795.36,1.13,5.38,52.17,149.43,100.0,0.0,14.29,77.95,72.59,100.0,100.0,6.25,527.16,1.96,0.94,,154.72,33.77,28.57,38.35,,0.74,,,2.27,7.84,,12.5,62.5,12.5,12.5,0.0,21.55,2.68,0.28,0.0,,,,1.96,60.85,28.57,,0.98,14.29,Sim
3503406,74.55,94.87,0.0,69.72,88.02,0.0,13.63,1.07,99.85,90.62,91.73,100.0,100.0,12.77,14.15,225.39,205.76,13.15,12.06,91.73,107.63,-7.63,8.27,2.61,38.4,92.02,0.73,,,40.29,,,100.0,,5.69,65.24,83.02,0.0,56.85,71.78,0.0,56.85,71.78,0.0,11.07,1.02,91.47,91.47,92.17,92.17,100.0,0.28,0.7,3.64,0.6,2.46,1.33,100.0,0.0,0.0,0.0,100.24,61.52,100.0,0.0,0.0,92.75,108.07,66.33,79.73,32424.36,43746.36,107.82,94.46,93.63,6.37,100.0,100.0,100.0,100.0,0.0,0.0,0.0,212.17,0.0,0.42,0.41,0.01,0.0,0.0,0.0,0.0,0.0,0.0,,,,,0.0,0.0,0.0,350340,3.59,3.46,614.08,2.93,3.23,2.59,81.57,-1.03,67.52,272773.67,118.36,62.99,82.78,4.4,15.89,53.22,69.94,10.47,0.01,13.43,56.98,40.56,2.46,14.54,9.2,635.08,621.71,1.22,834.64,2.32,89.97,0.71,70.16,89.08,1.02,90.58,100.0,100.0,83.22,100.0,100.0,83.22,15.29,12.72,12.72,14.81,216.93,0.73,14.1,96.91,3.09,16.78,5.42,86.08,63.19,80.23,80.23,90.83,100.0,90.83,10.95,0.27,190.0,6.0,,,,0.0,72.84,100.0,0.42,100.0,0.21,100.0,0.0,,,,,,,,,,SABESP,Água e Esgotos,SABESP,4.0,14928.04,1.44,0.0,,59.78,100.0,0.0,7.41,,78.76,100.0,100.0,0.0,680.05,1.04,0.61,0.53,105.77,39.1,25.93,,14.62,0.61,,66.75,13.42,29.66,19.23,,,,,,37.08,0.81,0.13,0.0,,,,1.48,55.86,37.04,,0.74,18.52,Sim
3503505,77.49,100.0,0.0,83.01,,0.0,11.67,1.13,0.0,92.59,0.0,0.0,0.0,,0.0,522.53,477.72,49.38,34.22,75.8,0.0,100.0,24.2,37.89,442.01,0.0,0.0,,,,,,100.0,,0.74,77.49,100.0,0.0,,84.81,,,0.0,,30.78,0.0,,,9.02,0.0,0.0,0.2,0.0,,,14.24,1.38,100.0,0.0,0.0,0.0,0.0,0.0,,,,0.0,9.96,4.97,241.71,16974.0,3600.0,,,100.0,0.0,100.0,100.0,100.0,100.0,100.0,100.0,0.0,190.0,0.0,0.43,0.36,0.09,22.07,0.0,16.67,0.0,,,,,,,0.0,0.0,0.0,350350,,,236.46,,,,0.0,,66.49,20954.72,,,,,,33.23,66.49,25.66,7.86,0.0,,,,,18.01,133.29,133.29,3.75,266.67,7.5,0.0,0.91,66.91,99.81,1.0,100.0,0.0,0.0,0.0,0.0,100.0,80.79,38.68,31.25,,0.0,474.27,0.29,6.67,0.0,100.0,19.21,36.64,244.29,66.91,99.81,99.81,25.78,0.0,0.0,6.67,0.0,,,,,,0.0,7.2,100.0,1.43,100.0,0.0,100.0,0.0,,,,,,,,,,PMA,Água e Esgoto,LPU,10.75,1197.31,5.91,,,12.87,50.0,50.0,,,100.0,100.0,100.0,0.0,,,0.47,,,,,,,0.32,,3.84,14.89,25.72,,14.93,5.97,67.16,5.97,5.97,38.39,1.05,0.22,,,,,,,,,,,Sim
3503604,97.28,97.39,92.64,,,100.0,13.58,1.08,100.0,90.82,75.13,100.0,100.0,12.57,13.69,166.79,149.17,15.87,11.93,76.13,86.25,13.75,23.87,9.26,134.47,92.72,1.16,3975.0,,23.53,29.0,,100.0,96.05,13.99,96.61,97.39,62.77,95.38,95.48,91.11,95.38,95.48,91.11,8.7,1.03,91.49,91.49,97.71,97.71,100.0,0.15,0.08,30.33,0.02,4.39,0.6,70.0,30.0,2.4,12.0,76.59,29.92,100.0,0.0,36.11,74.47,65.71,25.67,238.73,39000.0,39000.0,85.8,78.0,51.49,42.66,97.75,100.0,0.0,100.0,48.75,49.87,0.0,2455.0,0.1,1.31,0.72,0.62,10.88,8.0,2.06,0.0,,,,,,,0.81,0.81,0.0,350360,3.23,2.13,365.78,2.86,3.17,2.54,88.56,-5.08,38.38,227029.61,74.58,32.39,43.34,18.03,6.74,43.43,58.11,23.13,0.25,9.04,54.49,43.52,1.99,47.79,6.69,1068.16,1028.02,0.73,1429.1,1.45,119.59,0.63,95.67,100.0,1.04,91.04,100.0,99.91,73.44,99.91,100.0,73.5,17.31,12.72,12.72,14.29,140.49,1.25,8.94,82.58,17.42,26.5,15.61,156.69,95.52,100.0,100.0,95.26,100.0,95.26,7.44,0.04,700.0,6.0,,,,0.0,64.72,100.88,0.0,100.88,0.0,100.88,0.0,,,,,,,,,,SABESP,Água e Esgotos,SABESP,,,5.64,0.0,42.3,36.24,,,,15.33,88.87,100.0,100.0,2.6,1437.7,0.61,0.77,,116.85,90.37,35.29,,,0.77,,100.0,1.8,5.06,,50.0,30.0,16.0,4.0,0.0,7.28,0.83,0.11,,,,,0.0,0.0,0.0,,0.71,41.18,Sim
3503703,96.79,100.0,0.0,81.25,83.95,0.0,13.28,1.0,100.0,88.03,80.0,100.0,80.0,11.4,11.4,159.77,143.84,14.24,11.4,80.0,80.0,20.0,20.0,7.01,93.66,0.0,1.57,184.62,,,7.0,,100.0,5.9,0.19,96.79,100.0,0.0,,83.95,,,82.72,,10.01,0.89,,,80.0,80.0,100.0,0.61,0.17,5.0,1.0,1.08,0.54,100.0,0.0,0.0,0.0,42.74,19.3,100.0,0.0,-46.42,49.28,127.0,57.35,41.22,37641.27,25657.61,297.13,71.78,55.3,44.7,96.79,100.0,0.0,100.0,0.0,0.0,0.0,1495.35,0.0,1.07,0.72,0.38,0.0,0.0,0.0,0.0,,,,,,,0.0,0.0,0.0,350370,,,,,,,,,,,,,,,,,,,,,,,,,,,,,,,,,,,,,,,,,,,,,,,,,,,,,,,,,,,,,,,,,,,,,,,,,,,,,,,,,,,,,,,,,,,,,,,,,,,,,,,,,,,,,,,,,,,,,,,,,,,,,,,,,,,,,,,Sim
3503802,91.16,97.37,0.0,78.83,84.5,0.0,10.29,1.01,100.0,91.37,70.65,98.51,100.0,12.49,14.16,168.52,142.45,17.68,12.68,74.3,80.05,19.95,25.7,14.12,150.39,0.0,1.15,128.0,20.0,2.53,6.0,19.33,72.39,0.11,7.84,89.94,96.07,0.0,,83.27,,,83.27,,8.98,1.01,,,67.76,67.76,100.0,0.7,0.5,0.62,0.91,1.09,0.49,33.75,66.25,0.0,0.0,241.73,101.59,100.0,0.0,5.87,83.42,272.77,114.63,146.76,31874.04,75483.98,112.84,8.39,8.38,91.62,100.0,100.0,100.0,100.0,0.0,0.0,0.0,4939.15,0.0,1.02,0.72,0.32,0.0,0.0,0.0,0.0,0.0,0.0,,,,,0.0,0.0,0.0,350380,2.58,2.48,450.02,2.13,2.12,2.13,82.37,0.0,52.63,62498.58,116.64,30.84,63.9,0.0,14.31,26.44,54.78,21.75,6.17,12.27,42.32,41.71,15.98,71.47,128.45,253.52,251.95,1.92,525.22,3.79,102.04,,89.08,98.39,1.01,93.66,0.0,99.78,66.16,99.87,100.0,66.24,21.23,13.54,13.55,15.08,151.4,,9.7,73.76,26.24,33.76,21.94,228.29,86.57,95.43,95.43,67.4,33.0,22.24,9.9,,,6.0,,6.0,,0.04,,109.14,5.41,109.5,5.09,103.1,1.61,,,,,,,,,,SAEAN,Água e Esgoto,LPU,0.67,148606.67,3.68,0.0,65.15,99.55,51.52,48.48,12.12,64.86,100.0,100.0,100.0,0.0,3322.56,0.26,0.75,,353.45,97.44,39.39,65.65,,0.68,,,,,,,,,,,,1.36,0.18,0.0,,,,0.2,0.0,30.3,,0.1,15.15,Sim
3503901,100.0,100.0,100.0,,,100.0,13.15,1.24,100.0,90.19,72.83,100.0,100.0,12.99,14.44,177.4,145.87,16.78,12.22,74.4,86.04,13.96,25.6,12.65,175.5,94.2,0.2,7567.82,,18.89,10.77,,92.46,19.84,9.95,80.62,83.09,0.0,71.11,71.25,66.48,65.16,65.29,60.89,10.71,1.19,89.84,89.85,56.63,56.63,100.0,0.37,0.23,33.93,0.1,2.31,0.01,55.67,44.33,0.23,20.0,0.0,0.0,,,,0.0,427.2,168.34,605.02,25761.17,,,,8.63,91.37,97.02,100.0,0.0,100.0,97.02,100.0,0.0,1796.88,0.02,0.77,0.79,0.0,11.67,8.64,4.05,0.0,0.13,0.0,31.88,33.17,7.5,13.75,3.0,3.0,0.0,350390,4.55,2.97,499.65,4.7,4.78,4.57,103.14,3.14,40.36,267856.98,63.19,21.49,39.14,16.15,3.93,34.01,61.94,16.21,4.19,6.22,61.4,36.97,1.62,33.56,64.65,865.55,715.16,0.77,1576.2,1.28,119.44,1.57,100.0,100.0,1.2,91.13,100.0,99.97,70.28,99.97,100.0,70.3,17.69,12.29,12.29,14.55,150.08,0.2,13.07,83.26,16.74,29.7,14.21,204.27,73.03,76.06,76.06,50.32,100.0,50.32,9.91,0.6,4825.67,8.93,,,24.03,2.7,15.02,115.79,0.0,115.79,0.0,115.79,0.38,,,,,,,,,,SABESP,Água e Esgotos,SABESP,1.0,115800.78,3.51,100.0,,115.48,0.0,100.0,3.49,,96.01,100.0,100.0,100.0,2162.69,0.45,0.84,,259.39,68.92,45.35,,,0.84,,100.0,0.95,2.92,,38.89,13.89,30.56,11.9,4.76,4.17,0.96,0.11,100.0,,,,0.51,28.19,51.16,,0.0,0.0,Sim
3503950,88.09,100.0,44.8,85.36,99.86,29.89,12.9,1.07,100.0,90.63,91.74,100.0,100.0,12.66,13.7,180.33,159.93,12.97,11.9,91.99,105.6,-5.6,8.01,2.66,36.63,93.25,0.82,,,6.33,,,100.0,,2.13,70.64,90.06,0.0,77.59,90.77,27.17,77.59,90.77,27.17,11.94,1.11,83.37,83.37,103.29,103.29,100.0,0.19,0.0,,0.0,5.45,3.37,100.0,0.0,0.0,0.0,103.19,49.16,100.0,0.0,0.0,31.28,329.94,157.19,262.26,48158.4,46652.94,319.73,319.73,100.0,0.0,79.23,100.0,3.71,100.0,0.0,0.0,0.0,420.0,0.0,0.61,0.63,0.15,0.0,0.0,0.0,0.0,,,,,,,0.0,0.0,0.0,350395,2.7,2.31,372.3,2.75,3.07,2.43,101.82,0.42,57.27,270616.65,83.85,46.76,56.25,7.0,7.9,55.76,67.08,14.61,0.44,9.42,54.83,43.12,2.05,9.67,1.2,1083.54,1068.58,0.78,1303.5,1.56,109.41,0.7,92.81,100.0,1.01,91.17,100.0,100.0,84.94,100.0,100.0,84.94,13.75,11.68,11.68,13.49,151.44,0.94,14.36,98.15,1.85,15.06,4.49,69.05,92.97,100.0,100.0,100.0,100.0,100.0,13.49,0.0,78.0,7.0,,,,0.0,12.34,100.0,0.0,100.0,0.0,100.0,0.0,,,,,,,,,,SABESP,Água e Esgotos,SABESP,,,2.1,1.51,10.13,230.58,,,,23.35,69.48,100.0,100.0,0.68,,,0.95,,436.98,65.57,,136.99,,0.95,,100.0,0.91,3.16,,,,,,,4.74,1.08,0.11,,,,,,32.92,,,,,Sim
3504008,99.66,100.0,90.85,,,100.0,11.15,1.15,100.0,89.79,76.6,100.0,100.0,12.83,14.12,190.58,170.81,15.76,12.08,76.73,89.58,10.42,23.27,11.54,139.23,91.35,1.1,,,54.24,,,89.07,,10.24,98.04,100.0,47.45,97.04,97.31,90.1,97.04,97.31,90.1,9.17,1.1,89.48,89.48,99.06,99.06,100.0,0.32,0.15,50.06,0.07,0.62,0.66,77.1,22.9,1.14,115.0,0.0,0.0,,,,0.0,271.29,120.0,50.69,61690.01,124432.97,,,49.13,35.5,100.0,100.0,100.0,100.0,96.27,100.0,71.55,1373.32,0.02,0.9,0.69,0.21,28.49,19.55,10.82,0.0,0.12,0.0,,,,,5.74,5.74,0.0,350400,2.63,1.83,321.46,3.44,3.43,3.46,130.83,7.52,35.56,131472.84,53.13,21.76,27.18,10.6,6.06,40.96,51.16,21.05,3.2,11.4,48.52,49.39,2.09,190.83,105.56,799.37,749.04,1.07,998.59,2.13,126.36,0.55,99.93,100.0,1.07,90.14,100.0,100.0,79.8,100.0,100.0,79.8,15.91,12.57,12.57,14.56,167.78,1.04,10.97,92.47,7.53,20.2,8.99,111.52,100.0,100.0,100.0,99.25,100.0,99.25,8.99,0.31,6214.0,6.33,10000.0,6.0,,0.0,37.12,102.23,0.0,102.15,0.0,101.98,0.0,,,,,,,,,,SABESP,Água e Esgotos,SABESP,,,1.63,1.9,,63.83,,,,,100.0,100.0,100.0,9.47,1405.75,0.6,0.8,0.7,92.32,42.25,46.15,,8.97,0.77,,99.17,5.54,16.18,10.31,53.44,9.1,10.59,18.45,8.42,27.65,3.16,0.39,0.0,,,,0.2,31.41,15.38,,0.4,30.77,Sim
3504107,84.4,94.13,0.0,75.46,83.85,0.0,11.34,1.23,99.38,86.99,45.06,73.4,0.0,12.43,14.81,233.06,191.16,27.23,16.72,63.73,54.4,45.6,36.27,29.42,399.88,82.79,0.69,3767.5,2330.37,0.52,11.34,6.32,91.97,5.7,22.59,61.02,68.05,0.0,50.66,56.3,0.0,50.66,56.3,0.0,10.59,1.2,85.1,85.1,64.81,55.5,85.64,0.16,2.22,35.19,0.8,1.1,0.69,10.39,89.61,0.48,80.0,439.88,203.58,99.84,0.16,1.89,102.97,419.76,194.27,122.15,170699.91,187605.38,95.43,7.77,10.28,89.72,100.0,100.0,100.0,100.0,100.0,100.0,95.4,2431.44,0.48,0.92,0.75,0.2,21.44,15.49,7.87,0.0,,,56.6,23.62,10.47,2.85,4.6,4.6,0.0,350410,5.4,4.91,869.34,4.3,4.14,4.57,79.53,10.29,69.02,131414.4,114.32,46.87,86.78,6.22,9.32,41.0,75.91,7.84,2.49,8.16,56.36,36.19,7.45,65.74,393.44,199.13,176.14,3.07,368.7,4.98,79.97,0.48,88.28,97.0,1.11,89.85,97.81,99.22,53.04,99.59,97.81,53.26,24.36,12.69,12.77,15.34,158.58,0.68,12.55,64.38,35.62,46.74,28.85,408.09,71.86,78.96,78.96,100.0,58.11,78.05,12.5,0.16,,,,,6.95,1.37,0.74,187.3,0.03,187.41,5.97,113.6,2.16,0.84,0.72,0.37,-8.94,-7.07,-9.8,-7.93,-14.03,58.33,SAAE,Água e Esgoto,LPR,1.39,95399.37,3.22,100.0,123.35,132.89,11.05,88.95,5.52,163.93,100.0,100.0,100.0,97.85,2275.02,0.5,0.98,0.86,327.86,87.88,35.91,,3.21,0.89,,100.0,1.94,6.93,3.13,22.22,22.22,11.11,11.11,33.33,10.81,,,91.67,,,,0.46,9.51,33.15,,0.1,7.18,Sim
3504206,100.0,100.0,100.0,,,100.0,11.39,1.1,100.0,88.57,81.0,100.0,100.0,12.38,13.77,191.44,168.55,14.25,11.54,83.02,96.66,3.34,16.98,6.82,87.77,87.32,0.84,,,12.0,,,99.38,,1.44,100.0,100.0,100.0,97.32,98.29,87.5,97.32,98.29,87.5,9.27,1.08,85.32,85.32,107.06,107.06,100.0,0.14,0.03,9.0,0.05,1.12,0.64,100.0,0.0,0.0,0.0,114.01,45.6,100.0,0.0,0.0,55.59,205.08,82.03,114.09,55845.93,48430.44,179.88,67.97,47.63,52.37,90.1,99.76,0.0,99.76,0.0,0.0,83.33,768.0,0.0,0.91,0.84,0.17,0.0,0.0,0.0,0.0,,,,,,,0.0,0.0,0.0,350420,2.64,2.13,364.95,2.79,3.05,2.53,105.9,-1.24,50.29,164152.01,76.14,40.33,47.49,9.29,7.31,52.96,62.37,18.05,0.73,9.6,54.0,43.74,2.26,17.93,15.9,721.16,697.39,1.22,849.26,2.41,116.03,0.8,95.28,100.0,1.03,89.76,100.0,100.0,85.16,100.0,100.0,85.16,14.48,12.29,12.29,14.31,161.98,0.8,11.21,99.1,0.9,14.84,5.76,72.82,94.0,100.0,100.0,98.03,100.0,98.03,9.17,0.17,814.44,6.0,,,,0.0,38.0,100.0,0.0,100.0,0.0,100.0,0.0,,,,,,,,,,SABESP,Água e Esgotos,SABESP,,,,,,,,,,,,,,,,,,,,,,,,,,,,,,,,,,,,,,,,,,,,,,,,Sim
3504305,76.68,100.0,31.07,70.14,97.42,10.94,10.87,1.11,100.0,89.93,88.04,100.0,100.0,12.77,13.68,176.03,159.99,13.26,11.67,88.11,103.18,-3.18,11.89,4.53,57.26,84.2,0.61,,,25.0,,,100.0,,0.95,68.27,100.0,6.21,58.31,80.36,10.43,58.31,80.36,10.43,8.21,1.03,89.05,89.05,94.97,94.97,100.0,0.23,0.0,,0.0,3.01,1.39,100.0,0.0,2.0,1.0,360.31,220.79,76.31,23.69,91.94,23.24,163.77,100.35,120.83,40141.61,72254.89,45.45,45.45,100.0,0.0,79.66,100.0,39.9,100.0,11.06,16.72,0.0,849.9,0.22,1.03,0.67,0.75,60.0,28.0,3.39,0.0,0.02,0.0,,,,,0.82,0.82,0.0,350430,2.82,2.2,377.72,3.24,3.49,2.98,114.84,0.11,50.67,187230.12,67.85,36.18,44.12,6.97,10.04,53.32,65.03,9.7,0.16,14.8,53.66,44.46,1.89,22.01,3.66,762.23,754.03,1.09,929.67,2.15,125.31,0.54,62.41,92.94,1.01,90.48,100.0,100.0,83.46,100.0,100.0,83.46,14.52,12.09,12.09,14.35,167.11,0.69,11.98,99.02,0.98,16.54,5.66,79.62,60.86,90.63,90.63,97.28,100.0,97.28,8.7,0.1,215.0,6.33,,,,0.0,11.44,100.0,0.0,100.0,0.0,100.0,0.0,,,,,,,,,,SABESP,Água e Esgotos,SABESP,3.58,56480.36,3.52,0.0,,202.38,100.0,0.0,7.69,,83.29,100.0,100.0,0.0,681.15,1.38,0.81,0.62,91.5,13.28,38.46,14.07,4.92,0.65,,,,,,,,,,,,0.76,0.09,0.0,,,,1.38,85.65,38.46,,0.55,15.38,Sim
3504404,85.61,100.0,0.0,42.13,49.02,0.0,10.94,1.04,75.77,72.59,6.39,50.0,99.96,1.84,1.33,53.8,22.41,20.89,2.67,15.32,6.39,93.61,84.68,50.61,607.06,100.0,0.64,325.0,430.0,2.0,6.0,10.0,100.0,7.26,0.42,85.61,100.0,0.0,,,,,,,11.49,0.0,,,338.34,338.34,100.0,0.24,1.71,8.0,1.0,0.1,0.21,66.67,33.33,0.0,0.0,0.0,0.0,,,,0.0,9.38,3.81,1.87,18356.0,18356.0,,,66.67,33.33,84.15,98.29,0.0,98.29,84.15,98.29,0.0,2071.3,0.0,0.99,1.17,0.01,0.1,0.05,0.02,0.0,,,,,,,0.01,0.01,0.0,350440,2.45,2.45,337.09,1.74,2.13,1.27,71.09,-41.23,46.66,53738.82,140.68,62.06,65.64,0.0,47.9,44.12,46.66,14.85,3.4,34.05,65.59,31.56,2.84,,23.27,341.64,341.64,2.77,361.36,5.52,103.33,,84.56,100.0,1.0,93.17,100.0,100.0,63.68,100.0,100.0,63.68,19.85,12.64,12.64,12.64,144.77,,10.85,63.68,36.32,36.32,20.55,236.98,84.56,100.0,100.0,80.83,100.0,80.83,12.46,,,,,,,,0.5,100.0,0.13,100.0,0.22,100.0,0.56,,,,,,,,,,DAAEA,Água e Esgoto,LPU,0.35,46115.34,0.55,0.0,192.32,15.98,100.0,0.0,0.0,30.74,84.56,100.0,100.0,0.0,1150.16,0.35,0.34,,117.68,91.87,100.0,,,0.34,,,,,,,,,,,,1.42,0.42,,,,,0.0,0.0,0.0,,0.0,0.0,Sim
3504503,94.58,99.6,0.0,94.86,99.53,0.0,10.64,1.1,100.0,89.26,73.65,100.0,100.0,12.49,13.98,174.1,153.07,15.95,11.74,73.69,87.66,12.34,26.31,13.41,151.9,93.02,1.28,4086.23,,30.98,10.86,,76.74,10.15,16.46,87.54,92.19,0.0,81.99,86.02,0.0,81.99,86.02,0.0,8.87,1.04,89.36,89.36,97.08,97.08,100.0,0.25,0.39,36.19,0.07,1.71,0.66,71.23,28.77,0.0,0.0,247.21,108.58,100.0,0.0,-47.1,147.02,247.35,108.64,171.54,33461.54,,100.06,50.03,40.01,59.99,100.0,100.0,100.0,100.0,0.0,0.0,0.0,2908.8,0.0,0.83,0.72,0.12,0.0,0.0,0.0,0.0,,,,,,,0.0,0.0,0.0,350450,2.61,2.0,344.14,2.9,2.72,3.08,111.43,-12.69,41.51,140588.13,68.86,24.76,37.25,9.39,7.96,35.96,54.1,23.02,0.99,11.56,45.51,51.41,3.09,80.26,94.03,755.17,726.04,0.92,1136.12,1.8,137.92,0.55,99.73,100.0,1.04,89.89,100.0,100.0,71.74,100.0,100.0,71.74,16.44,11.8,11.8,14.13,155.82,1.27,10.26,85.92,14.08,28.26,13.75,158.82,96.44,100.0,100.0,98.83,100.0,98.83,9.27,0.24,1094.51,6.04,1132.17,6.0,,0.0,66.92,108.05,1.13,106.37,0.0,106.37,0.26,,,,,,,,,,SABESP,Água e Esgotos,SABESP,1.82,62416.56,5.3,0.0,10.14,113.64,100.0,0.0,6.33,11.52,98.17,99.1,99.1,0.0,,0.0,1.52,,92.47,45.01,0.0,,,1.48,,,,,,,,,,,,3.95,0.26,0.0,,131.04,0.74,1.13,30.3,62.03,0.26,0.58,31.65,Sim
3504602,,,,,,,,,,,,,,,,,,,,,,,,,,,,,,,,,,,,,,,,,,,,,,,,,,,,,,,,,,,,,,,,,,,,,,,,,,,,,,,,,,,,,,,,,,,,,,,,,,,,,,350460,0.84,0.84,,1.18,1.22,1.13,140.53,0.0,32.04,21103.82,71.16,6.61,22.8,0.0,0.0,9.29,32.04,65.2,2.75,0.0,57.43,42.57,0.0,0.0,20.7,,956.38,0.3,,0.48,140.53,,93.54,100.0,1.0,82.3,0.0,82.31,87.36,87.36,100.0,100.0,6.07,6.07,6.44,6.07,151.52,,11.8,100.0,0.0,0.0,0.0,0.0,92.42,98.81,98.81,80.0,100.0,80.0,12.06,,,,,,,,2.0,100.0,0.0,100.0,0.0,100.0,0.0,,,,,,,,,,PMBB,Água e Esgoto,LPU,1.22,93607.56,3.88,95.68,,114.36,0.0,100.0,10.0,,93.54,100.0,100.0,100.0,2368.21,0.49,0.99,,302.08,95.68,40.0,,,0.99,,,,,,,,,,,,0.84,0.08,,,,,0.0,3.46,0.0,,0.61,50.0,Não
3504701,38.33,39.34,0.0,40.51,41.75,0.0,13.9,1.06,100.0,90.04,72.77,100.0,100.0,11.36,13.51,160.5,132.92,14.7,10.7,73.45,91.89,8.11,26.55,8.87,136.33,89.35,0.88,,,7.09,,,100.0,,3.22,32.53,33.39,0.0,36.8,37.92,0.0,36.8,37.92,0.0,10.79,1.03,89.59,89.59,100.41,100.41,100.0,0.01,0.0,,0.0,3.63,0.76,100.0,0.0,0.0,0.0,0.0,0.0,0.0,100.0,,0.0,205.58,89.38,91.74,25300.64,118069.63,,,100.0,0.0,100.0,100.0,100.0,98.42,0.0,0.0,0.0,300.5,0.0,0.42,0.39,0.02,0.0,0.0,0.0,0.0,,,,,,,0.0,0.0,0.0,350470,2.11,1.27,197.58,2.82,3.12,2.5,133.37,0.81,22.71,48984.5,45.18,8.65,17.03,9.38,13.39,19.14,37.69,16.63,0.47,29.64,54.72,43.26,2.02,29.21,1.97,657.8,656.78,0.77,1295.5,1.54,153.32,0.68,32.17,100.0,1.0,90.56,100.0,100.0,82.11,100.0,100.0,82.11,12.54,10.29,10.29,12.95,121.64,0.64,11.03,103.34,-3.34,17.89,6.13,73.83,31.98,99.4,99.4,100.0,100.0,100.0,11.54,0.0,136.25,6.0,,,,0.0,36.26,100.0,0.0,100.0,0.0,100.0,0.0,,,,,,,,,,SABESP,Água e Esgotos,SABESP,10.3,31598.03,3.8,2.21,,325.4,100.0,0.0,5.26,,37.05,100.0,100.0,0.0,520.77,2.71,1.21,,456.12,61.92,26.32,1.84,,1.05,,,,,,,,,,,,18.12,1.5,0.0,,,,4.88,35.87,47.37,,1.63,15.79,Sim
3504800,93.75,100.0,13.97,96.21,,18.81,17.5,1.01,100.0,100.0,86.68,100.0,100.0,12.53,14.32,193.72,178.68,14.32,12.41,86.68,100.0,0.0,13.32,3.62,63.31,100.0,1.02,,,1.88,,,100.0,,12.02,92.73,100.0,0.0,94.92,,0.0,94.92,,0.0,14.59,1.0,100.0,100.0,100.93,100.93,100.0,0.69,0.46,13.33,1.0,0.55,0.51,100.0,0.0,0.51,5.0,100.87,47.31,100.0,0.0,0.0,118.91,84.83,39.79,47.17,45359.74,21876.78,84.09,23.46,40.84,34.35,100.0,100.0,100.0,100.0,100.0,100.0,0.0,924.0,0.1,0.51,0.49,0.03,1.01,0.81,0.57,0.0,,,,,,,0.43,0.43,0.0,350480,0.71,0.71,145.16,0.5,0.69,0.25,69.86,0.0,34.97,33336.95,143.15,18.49,50.06,0.0,7.5,12.92,34.97,58.01,1.78,5.24,77.8,22.2,0.0,,10.83,656.66,656.66,0.56,1778.12,1.11,69.86,0.91,100.0,100.0,1.0,99.72,100.0,100.0,80.27,100.0,0.0,80.27,18.93,15.2,15.2,18.93,198.71,0.61,16.35,100.0,0.0,19.73,7.35,122.82,100.0,100.0,100.0,99.55,100.0,99.55,15.31,0.25,,,,,,0.0,1.81,116.62,0.61,100.0,0.0,100.0,0.0,,,,,,,,,,PMB,Água e Esgoto,LPU,1.69,11639.46,0.61,10.64,149.2,19.62,100.0,0.0,,29.27,99.25,100.0,100.0,0.0,,,0.68,0.58,70.69,89.36,,0.49,8.42,0.63,,100.0,8.3,20.59,11.05,64.33,23.39,2.92,5.26,4.09,25.28,1.32,0.19,,,,,,0.0,,,,,Sim
3504909,88.76,100.0,41.71,82.45,95.78,21.94,10.32,1.09,100.0,90.81,65.9,100.0,100.0,9.98,12.66,143.39,129.19,14.32,9.44,66.13,88.41,11.59,33.87,15.14,173.31,89.37,0.95,2820.75,,16.29,11.0,,96.34,68.86,9.76,76.08,94.25,0.0,70.52,81.56,20.45,70.52,81.56,20.45,5.35,1.03,91.63,91.63,89.4,89.4,100.0,0.2,2.31,37.47,0.25,2.08,0.89,100.0,0.0,0.0,0.0,0.0,0.0,,,,0.0,109.99,56.59,35.54,17058.82,32222.22,,,67.28,32.72,100.0,100.0,100.0,100.0,0.0,0.0,0.0,1183.5,0.0,0.64,0.54,0.13,0.0,0.0,0.0,0.0,0.0,0.0,,,,,0.0,0.0,0.0,350490,4.31,4.16,671.39,2.84,3.14,2.51,65.81,-3.93,69.74,233720.16,146.52,68.45,105.98,20.44,13.14,46.72,72.33,11.15,2.66,8.97,55.18,41.31,3.51,171.27,14.71,481.25,463.54,1.39,745.16,2.71,72.13,0.73,77.77,97.47,1.04,91.16,100.0,100.0,87.98,100.0,100.0,87.98,11.8,10.38,10.38,13.52,146.4,1.25,10.68,114.56,-14.56,12.02,4.06,48.39,73.78,92.47,92.47,87.78,100.0,87.78,5.09,0.2,1356.0,6.29,380.0,9.0,,0.0,65.15,109.47,2.42,109.09,0.0,109.09,0.0,,,,,,,,,,SABESP,Água e Esgotos,SABESP,,,,,,,,,,,,,,,,,,,,,,,,,,,,,,,,,,,,,,,,,,,,,,,,Sim
3505005,75.35,100.0,25.79,68.77,97.61,8.71,14.65,1.11,100.0,90.22,77.51,100.0,100.0,9.69,11.92,145.79,122.8,11.52,8.93,79.06,103.46,-3.46,20.94,5.52,88.09,91.14,1.07,,,14.8,,,100.0,,1.07,53.29,79.8,0.0,47.88,67.74,6.53,47.88,67.74,6.53,16.47,1.02,90.07,90.07,95.68,95.68,100.0,0.2,0.14,10.0,0.16,3.73,1.93,75.0,25.0,1.43,4.0,0.0,0.0,,,,0.0,174.54,95.62,129.54,34774.78,41005.77,,,66.17,33.83,100.0,100.0,100.0,100.0,77.39,100.0,0.0,241.0,0.0,0.73,0.31,0.62,57.14,47.14,38.65,0.0,,,,,,,13.69,13.69,0.0,350500,4.84,3.14,464.34,2.88,3.15,2.53,59.53,-0.28,41.51,322914.21,109.11,36.68,69.72,52.86,12.68,33.62,63.91,15.98,0.31,11.62,59.04,36.91,4.05,12.88,1.9,1088.21,1068.74,0.49,2068.5,0.88,74.3,0.73,77.4,100.0,1.02,90.64,100.0,100.0,69.74,100.0,100.0,69.74,13.43,9.37,9.37,12.34,135.26,0.98,15.1,91.89,8.11,30.26,8.09,136.58,61.6,100.0,100.0,91.27,100.0,91.27,15.33,0.22,405.71,6.0,592.5,6.0,,0.0,41.28,110.83,0.0,110.0,0.0,110.0,0.0,,,,,,,,,,SABESP,Água e Esgotos,SABESP,7.51,17448.69,1.87,8.17,,131.07,100.0,0.0,6.25,,86.48,100.0,100.0,2.91,2129.93,1.41,2.65,,36.0,26.56,18.75,9.71,,1.88,,75.12,2.67,25.82,,36.36,18.18,36.36,1.82,7.27,28.17,0.77,0.03,0.0,,,,4.69,59.37,62.5,,0.47,6.25,Sim
3505104,85.1,92.83,0.0,83.3,90.51,0.0,14.44,1.5,100.0,66.31,83.69,100.0,100.0,10.96,7.33,181.38,181.38,8.76,7.33,83.69,83.69,16.31,16.31,4.87,70.27,0.0,0.89,160.27,,9.6,9.6,,100.0,4.42,0.52,85.1,92.83,0.0,83.47,90.7,0.0,83.47,90.7,0.0,22.87,0.49,,,81.27,81.27,100.0,1.31,0.07,5.0,1.0,1.93,1.25,75.0,25.0,0.0,0.0,260.08,129.02,100.0,0.0,0.0,424.12,61.32,30.42,38.55,20000.0,24416.67,23.58,23.58,76.91,23.09,85.1,92.83,0.0,92.83,0.0,0.0,0.0,1898.5,0.0,0.92,1.08,0.0,0.0,0.0,0.0,0.0,,,,,,,0.0,0.0,0.0,350510,0.95,0.94,118.93,0.71,0.83,0.57,74.83,12.54,48.42,23703.7,133.63,61.43,64.71,0.0,2.74,45.97,48.43,44.79,1.59,2.05,61.63,38.37,0.0,229.0,11.06,411.54,410.73,2.31,433.57,4.52,65.44,0.37,100.0,100.0,1.0,89.92,0.0,99.14,87.72,99.67,88.3,88.01,12.25,10.78,10.77,10.78,112.53,1.05,23.32,88.01,11.99,11.99,2.04,48.39,100.0,100.0,100.0,97.01,96.58,93.69,24.3,1.0,143.67,6.33,,,,0.0,2.33,100.0,0.49,100.0,0.0,100.0,0.0,,,,,,,,,,PMB,Água e Esgoto,LPU,2.24,19273.33,1.09,4.06,25.99,43.11,100.0,0.0,7.14,11.2,84.71,100.0,100.0,23.45,1024.28,0.8,0.92,0.73,106.65,68.62,35.71,8.12,24.72,0.91,,,,,7.92,,,,,,21.25,4.25,0.46,0.0,,,,0.48,27.18,21.43,,0.48,21.43,Sim
3505203,93.24,96.5,0.0,,,0.0,12.46,1.0,99.86,96.65,31.77,99.65,100.0,11.39,15.57,190.34,176.9,35.82,11.42,31.89,43.47,56.53,68.11,60.62,804.36,0.0,0.37,50.0,66.5,1.0,6.0,6.0,100.0,0.34,0.35,96.9,100.0,8.22,,,,,,,12.76,0.0,,,238.35,238.35,100.0,0.43,2.73,2.0,1.0,1.44,0.31,0.0,100.0,0.0,0.0,0.0,0.0,0.0,100.0,,0.0,206.71,95.83,88.73,,,,,0.2,99.8,100.0,100.0,100.0,100.0,0.0,0.0,0.0,2538.4,0.06,1.07,0.91,0.16,0.0,0.0,0.0,0.0,,,,,,,0.0,0.0,0.0,350520,1.42,1.42,195.41,1.34,1.3,1.43,94.64,-16.28,62.38,30012.46,105.66,38.57,65.91,0.0,0.0,36.5,62.38,33.19,4.43,0.0,66.09,32.43,1.48,66.16,116.21,246.22,245.06,2.39,420.77,4.74,111.71,,100.0,100.0,1.0,100.0,100.0,99.84,76.33,97.31,100.0,78.44,18.42,14.45,14.06,15.77,195.16,,13.55,85.59,14.41,21.56,9.37,131.18,100.0,100.0,100.0,77.85,100.0,77.85,13.82,,,,,,,0.0,,100.0,0.27,100.0,0.41,100.0,0.46,,,,,,,,,,SAEMBA,Água e Esgoto,LPU,1.29,57348.37,2.69,100.0,,73.7,0.0,100.0,2.33,,94.88,100.0,100.0,100.0,2664.54,0.36,0.96,0.78,86.75,41.12,27.91,,23.29,0.96,,100.0,1.2,4.18,17.72,20.0,20.0,20.0,20.0,20.0,50.21,,,100.0,,,,0.3,55.96,23.26,,0.6,46.51,Sim
3505302,98.87,100.0,15.38,96.9,97.73,35.64,9.82,1.01,49.67,94.74,0.0,0.0,0.0,0.0,10.77,176.84,138.41,14.21,11.37,80.01,75.79,24.21,19.99,9.64,94.73,99.91,3.25,30.0,,4.0,30.0,,99.55,0.18,0.39,100.0,100.0,100.0,,,,,,,16.1,1.04,98.43,95.61,100.01,100.01,100.0,0.46,0.11,75.86,0.04,2.68,1.11,81.82,18.18,,30.0,113.78,49.06,100.0,0.0,0.0,48.0,237.04,102.21,103.59,30654.94,63937.45,208.34,129.74,62.27,37.73,100.0,100.0,100.0,1.35,0.0,0.0,0.0,842.86,0.0,0.46,0.27,0.19,0.0,0.0,0.0,0.0,,,,,,,0.0,0.0,0.0,350530,2.95,2.95,458.7,2.9,3.7,1.87,98.36,0.0,62.84,49157.84,101.67,37.26,63.89,0.0,0.0,36.65,62.84,33.29,2.78,0.0,65.36,25.61,9.03,89.2,170.6,170.53,170.53,3.42,292.38,6.84,108.13,0.52,100.0,100.0,1.0,91.5,100.0,100.0,71.43,100.0,100.0,71.43,20.46,14.61,14.61,14.61,193.44,2.38,11.47,71.43,28.57,28.57,15.01,192.17,100.0,100.0,100.0,77.42,90.0,69.68,10.26,0.0,200.0,15.0,,,4.96,4.46,0.29,115.65,0.19,126.51,0.24,126.51,0.0,,,,,,,,,,SAAE,Água e Esgoto,LPU,1.92,18646.82,1.31,73.3,92.74,35.85,47.06,52.94,7.35,33.25,97.9,100.0,96.13,51.39,875.15,0.74,0.58,0.57,161.87,96.28,38.24,,2.86,0.58,,100.0,5.33,11.37,5.73,41.29,4.48,31.84,14.93,7.46,11.87,0.31,0.05,83.33,,,,0.34,0.0,17.65,,0.51,26.47,Sim
3505351,45.97,83.7,24.04,55.69,100.0,29.36,23.42,1.11,100.0,86.42,73.86,100.0,100.0,10.0,11.91,169.72,141.83,12.53,9.25,73.95,95.05,4.95,26.05,4.64,119.43,86.37,0.94,639.0,,18.88,8.8,,100.0,48.74,3.51,35.14,83.7,6.92,30.19,54.22,15.92,30.19,54.22,15.92,12.66,1.03,85.72,85.72,74.85,74.85,100.0,0.4,0.36,1.5,0.03,4.14,0.38,50.0,50.0,0.0,0.0,31.24,14.94,100.0,0.0,0.0,33.79,92.46,44.22,120.31,25000.0,100000.0,295.93,127.31,43.02,56.98,100.0,100.0,100.0,100.0,0.0,0.0,0.0,730.05,0.0,0.76,0.38,1.04,0.0,0.0,0.0,0.0,,,,,,,0.0,0.0,0.0,350535,7.06,5.25,791.52,3.0,3.21,2.63,42.43,4.54,53.47,244610.63,175.15,83.3,126.03,70.54,23.81,47.56,71.95,8.96,1.14,13.59,64.89,30.85,4.26,37.07,3.78,429.49,422.09,1.57,649.8,2.46,50.12,0.66,39.15,100.0,1.02,86.87,100.0,100.0,56.51,100.0,100.0,56.51,16.48,9.31,9.31,12.49,142.73,0.73,25.73,75.77,24.23,43.49,7.88,239.78,22.54,76.56,76.56,68.33,100.0,68.33,13.92,0.34,188.62,6.0,,,,0.0,385.48,105.0,0.0,105.0,0.4,105.0,0.0,,,,,,,,,,SABESP,Água e Esgotos,SABESP,,,,,,,,,,,,,,,,,,,,,,,,,,,,,,,,,,,,,,,,,,,,,,,,Sim
3505401,50.29,100.0,9.66,45.75,97.26,3.05,16.97,1.09,100.0,88.91,70.31,100.0,100.0,10.61,12.61,150.89,131.65,13.83,9.73,70.64,91.14,8.86,29.36,7.54,146.06,85.26,0.38,1580.0,,7.78,6.0,,100.0,97.59,1.98,40.73,90.56,0.0,33.05,69.91,2.5,33.05,69.91,2.5,13.02,1.0,88.54,88.54,94.42,94.42,100.0,0.41,0.05,8.0,0.01,1.61,0.5,100.0,0.0,1.17,7.0,8.74,5.52,92.27,7.73,0.0,14.48,65.43,41.34,31.48,17000.0,46666.67,748.72,422.62,65.02,7.26,86.68,100.0,75.79,100.0,86.68,100.0,0.0,548.5,1.3,0.43,0.5,0.01,11.67,11.17,6.44,0.0,0.15,0.0,37.31,22.39,7.46,14.93,6.11,6.11,0.0,350540,4.91,4.53,716.62,3.39,3.36,3.43,69.06,-2.9,73.43,239260.4,133.61,73.55,106.33,19.48,10.97,55.05,79.58,5.86,0.88,8.21,53.53,43.75,2.72,24.86,5.78,419.52,418.14,1.65,606.5,2.96,76.71,0.72,42.9,100.0,1.0,89.01,100.0,100.0,76.79,100.0,100.0,76.79,13.06,10.03,10.03,13.09,136.39,0.4,17.58,100.16,-0.16,23.21,4.75,100.04,34.98,85.18,85.18,91.55,100.0,91.55,13.93,0.37,346.67,6.33,,,,0.0,253.15,115.83,0.0,115.83,1.44,115.83,0.0,,,,,,,,,,SABESP,Água e Esgotos,SABESP,,,2.02,7.41,,206.04,,,,,65.28,100.0,100.0,0.0,1700.96,0.95,1.39,,,,17.65,7.51,,0.88,,95.39,13.77,69.95,,22.73,22.73,18.18,18.18,18.18,82.67,2.61,0.19,0.0,,,,0.95,,17.65,,1.91,35.29,Sim
3505500,97.04,100.0,0.0,94.16,97.03,0.0,12.32,1.01,99.63,89.12,58.82,97.92,49.14,13.21,15.78,213.72,181.44,22.38,13.44,60.1,70.49,29.51,39.9,23.67,295.09,0.0,0.94,147.62,,19.34,6.5,,99.43,0.25,3.87,97.04,100.0,0.0,94.49,97.37,0.0,94.49,97.37,0.0,9.0,1.01,89.19,89.19,133.18,133.18,100.0,0.12,1.05,7.17,0.98,0.97,0.74,2.82,97.18,0.0,0.0,0.0,0.0,,,,0.0,320.53,145.13,67.92,102830.98,,,,4.13,95.86,100.0,100.0,100.0,100.0,100.0,100.0,0.0,3702.92,0.05,0.88,0.87,0.02,7.8,7.47,2.47,0.0,,,,,,,2.32,2.32,0.0,350550,3.59,3.11,479.16,3.08,3.62,2.39,85.81,7.54,66.08,98161.64,100.97,36.28,77.01,0.0,0.0,35.94,76.27,19.25,3.49,0.0,60.73,31.05,8.22,121.47,375.67,268.6,268.1,1.76,570.08,3.5,99.78,0.56,100.0,100.0,1.0,94.06,0.0,99.59,78.5,100.0,100.0,78.5,16.4,12.79,12.86,14.38,175.08,1.51,13.57,88.26,11.74,21.5,8.46,115.39,100.0,100.0,100.0,87.18,100.0,87.18,12.64,0.24,1850.0,12.0,5375.0,6.0,,,1.23,100.0,0.0,100.0,0.0,100.0,0.0,,,,,,,,,,SAAEB,Água e Esgoto,LPU,1.81,59716.58,2.7,100.0,,107.95,0.0,100.0,1.87,,96.95,100.0,86.26,100.0,2987.67,0.36,0.93,0.86,212.36,66.82,20.09,37.29,7.98,0.93,422.29,49.84,1.04,3.53,1.6,14.4,13.51,15.49,15.95,40.65,5.05,0.65,0.07,100.0,100.0,72.85,3.38,0.46,33.18,25.7,0.49,0.71,39.25,Sim
3505609,99.4,100.0,0.0,81.07,81.56,0.0,8.16,1.0,92.92,97.89,29.72,96.23,36.97,21.69,20.66,223.42,216.93,67.83,20.95,30.88,30.46,69.54,69.12,183.93,1542.16,0.0,0.25,218.76,189.6,1.24,7.12,12.0,100.0,1.99,0.5,99.4,100.0,0.0,,79.56,,,0.0,,8.19,0.0,,,161.9,0.0,0.0,0.02,4.77,0.48,1.0,0.42,0.39,74.07,25.93,0.0,0.0,0.0,0.0,,,,0.0,142.32,56.36,46.8,110244.86,44071.75,,,52.96,47.04,100.0,100.0,100.0,100.0,0.0,0.0,0.0,985.49,0.0,0.57,0.57,0.0,0.0,0.0,0.0,100.0,,,,,,,0.0,0.0,0.0,350560,0.71,0.71,166.56,0.69,0.89,0.46,97.08,0.0,57.49,66743.68,103.0,35.71,59.22,0.0,0.0,34.67,57.49,40.58,1.92,0.0,68.15,31.85,0.0,,33.16,697.0,554.64,1.09,1155.7,2.17,97.08,,98.89,100.0,1.26,100.0,33.0,94.6,0.0,0.0,54.99,80.0,29.32,23.46,0.0,20.53,276.3,,6.41,70.0,30.0,20.0,27.82,242.31,98.89,100.0,100.0,79.9,0.0,0.0,6.41,,,8.1,,6.75,0.7,5.49,0.46,100.0,4.49,100.0,0.0,100.0,0.32,,,,,,,,,,PMB,Água e Esgoto,LPU,,,1.52,58.12,,36.92,,,,,99.91,100.0,100.0,0.0,1990.42,0.37,0.63,,151.02,94.24,66.67,,,0.62,,,,,,,,,,,,,,,,,,0.0,0.0,0.0,,0.18,33.33,Sim
3505708,100.0,100.0,100.0,,,100.0,8.76,1.6,100.0,91.92,63.31,100.0,100.0,13.91,14.69,202.04,157.56,20.99,13.29,65.69,69.98,30.02,34.31,39.52,379.4,89.71,0.41,9869.54,,78.0,11.74,,96.95,6.81,11.98,98.27,98.31,0.0,92.81,92.81,82.69,61.77,61.78,55.77,5.72,1.57,87.86,87.96,67.97,44.35,98.69,0.04,0.27,96.27,0.04,1.79,0.28,2.93,97.07,0.21,70.0,0.0,0.0,0.0,100.0,,0.0,1465.87,571.73,408.95,60000.0,,,,24.35,75.65,100.0,100.0,100.0,100.0,100.0,100.0,0.0,11460.0,0.02,1.43,0.9,0.52,16.35,13.32,4.96,62.39,,,52.0,20.0,15.0,10.0,2.56,2.56,0.0,350570,3.64,2.26,400.35,5.05,5.12,4.95,138.81,1.65,34.11,283209.38,44.74,15.15,24.57,8.7,3.87,33.87,54.92,17.31,2.86,8.65,56.08,43.03,0.88,41.45,175.15,1287.97,836.27,0.74,2088.73,1.31,151.35,1.08,100.0,100.0,1.52,92.74,100.0,99.98,63.33,99.97,100.0,63.35,20.41,12.76,12.76,14.84,192.5,0.45,7.7,73.69,26.31,36.65,41.05,368.42,89.7,89.7,89.7,63.5,51.15,32.48,5.77,0.06,620.57,12.35,,,27.45,2.93,18.03,100.17,0.0,99.91,0.35,100.0,1.13,,,,,,,,,,SABESP,Água e Esgotos,SABESP,1.46,60150.0,2.41,100.0,,87.75,0.0,100.0,5.0,,100.0,100.0,100.0,98.95,5037.27,0.22,0.95,,144.59,57.36,15.0,50.29,,0.95,393.9,100.0,4.43,15.43,,25.06,25.06,8.04,8.04,33.81,20.57,10.79,1.13,100.0,,,,0.44,22.69,30.0,,0.51,35.0,Sim
3505807,88.39,92.51,60.74,96.23,100.0,69.44,10.12,1.15,100.0,87.47,85.74,100.0,100.0,13.2,14.08,177.37,154.81,14.28,12.24,85.74,98.58,1.42,14.26,6.83,76.91,88.86,1.33,,,9.83,,,100.0,,4.96,87.25,92.51,51.94,84.78,88.11,61.12,84.78,88.11,61.12,9.29,1.07,87.66,87.66,99.22,99.22,100.0,0.65,0.45,4.61,0.23,,,,,,,,,,,,,,,,,,,,,,,,,,,,,,,,,,,,,,,,,,,,,,,350580,2.88,2.31,418.57,3.29,3.54,3.05,114.19,0.67,43.21,238581.52,70.11,24.64,37.84,6.31,6.04,35.15,53.97,25.06,2.13,8.61,52.23,44.19,3.58,14.04,13.82,1056.11,1049.67,0.62,1621.67,1.24,123.66,0.59,89.7,100.0,1.01,88.62,100.0,100.0,85.13,100.0,100.0,85.13,15.89,13.53,13.53,15.21,173.25,1.31,9.39,95.73,4.27,14.87,7.53,78.18,89.52,100.0,100.0,98.33,100.0,98.33,10.13,0.66,1796.55,9.2,400.0,13.0,,0.0,39.27,100.0,1.71,100.0,0.85,100.0,0.85,,,,,,,,,,SABESP,Água e Esgotos,SABESP,1.94,42925.23,2.46,,,83.25,100.0,0.0,,,86.13,100.0,100.0,2.05,,,0.74,,,,,0.2,,0.74,,100.0,1.43,3.88,,,,,,,5.54,,,,,,,,,,,,,Não
3505906,97.13,100.0,0.0,100.0,,0.0,14.02,1.01,99.07,96.15,44.76,99.99,100.0,12.49,15.05,194.76,185.54,27.78,12.44,44.76,54.16,45.84,55.24,35.64,509.82,100.0,1.28,208.56,142.0,0.67,0.57,6.84,100.0,0.67,3.82,96.16,99.0,0.0,,,0.0,98.51,,0.0,10.78,0.0,,,100.68,100.68,100.0,0.49,7.04,0.67,1.0,0.76,0.69,61.9,38.1,,6.67,1549.95,667.5,100.0,0.0,0.0,932.9,166.14,71.55,76.75,90379.49,68620.77,10.72,4.6,47.93,52.07,97.13,100.0,0.0,100.0,0.0,0.0,0.0,3042.25,0.0,0.84,0.68,0.18,0.0,0.0,0.0,0.0,,,,,,,0.0,0.0,0.0,350590,1.3,1.27,335.68,1.1,1.33,0.74,84.4,2.51,58.45,71047.72,115.91,28.23,69.25,0.0,0.0,24.35,59.74,37.22,3.04,0.0,71.13,26.35,2.51,0.0,134.94,354.27,342.61,1.19,869.16,2.36,85.57,0.47,88.44,100.0,1.02,98.02,0.0,97.79,77.45,91.45,89.39,84.69,34.14,28.92,27.34,26.44,412.96,0.51,11.36,77.45,22.55,15.31,14.92,175.99,87.99,99.5,99.5,80.0,75.99,60.8,10.58,1.14,15100.5,7.5,,,12.0,0.01,12.0,149.25,0.14,127.88,1.01,100.0,0.0,,,,,,,,,,PMB,Água e Esgoto,LPU,1.75,30749.23,1.78,4.97,,53.96,100.0,0.0,,,88.44,100.0,100.0,3.99,,,0.72,,95.87,46.42,,,,0.72,,,,,,,,,,,8.68,1.44,0.2,,,65.0,,,21.79,,0.18,,,Sim
3506003,94.02,96.36,0.0,,,0.0,10.94,1.15,100.0,94.72,50.98,100.0,100.0,13.21,12.56,213.33,166.75,24.63,12.56,55.74,50.98,49.02,44.26,33.7,412.56,99.35,1.02,196.38,643.55,4.0,190.95,8.0,100.0,0.14,17.56,88.26,90.46,0.0,,,0.0,4.72,4.84,0.0,10.66,1.28,94.8,95.22,80.0,2.85,3.56,0.01,3.96,4.0,1.0,0.86,0.52,20.68,79.32,0.25,15.4,0.0,0.0,,,,0.0,384.77,175.76,61.1,125000.0,54419.53,,,12.62,83.56,100.0,100.0,100.0,100.0,80.0,81.99,75.5,3709.92,0.03,0.78,0.67,0.12,6.56,5.57,2.16,0.0,,,,,,,1.57,1.57,0.0,350600,2.04,1.9,268.43,2.88,3.2,2.55,141.18,0.0,59.5,60878.28,66.08,34.12,42.14,0.11,0.0,51.62,63.77,29.3,5.14,0.0,46.9,36.83,16.28,10.69,925.82,355.66,262.03,3.09,439.33,6.15,180.44,0.5,98.28,99.95,1.35,90.0,100.0,100.0,51.43,96.08,100.0,53.53,22.87,12.24,11.76,11.91,178.7,1.14,12.33,52.09,47.91,46.47,33.82,469.95,97.06,98.71,98.71,76.64,4.41,3.38,10.42,0.02,8000.0,24.0,,,53.52,6.12,3.01,99.28,0.0,99.28,0.0,101.69,0.0,,,,,,,,,,DAE,Água e Esgoto,LPU,0.96,85777.94,2.3,0.84,,82.19,100.0,0.0,2.25,,100.0,100.0,100.0,0.0,1533.39,0.59,0.78,0.65,141.11,48.93,61.97,,17.33,0.77,,70.17,0.92,2.62,1.63,,,,,,3.95,0.71,0.09,0.0,,172.02,3.75,0.1,25.23,10.7,0.12,0.12,12.39,Sim
3506102,96.54,100.0,0.0,91.39,94.32,0.0,20.05,1.04,99.98,92.36,64.81,99.7,39.94,15.3,16.6,229.81,202.02,23.61,15.35,66.56,70.3,29.7,33.44,11.7,269.11,0.0,1.06,3333.33,,5.0,6.67,,100.0,10.06,0.46,96.54,100.0,0.0,,80.7,,,41.96,,19.98,0.52,,,90.73,46.1,50.82,0.09,0.65,2.0,1.0,1.1,0.97,48.43,51.57,0.0,0.0,0.0,0.0,,,,0.0,231.91,98.99,31.67,35538.44,54605.22,,,39.05,47.78,100.0,100.0,100.0,100.0,0.0,0.0,56.65,4942.86,0.0,1.21,0.69,0.54,0.0,0.0,0.0,0.0,,,,,,,0.0,0.0,0.0,350610,1.69,1.69,348.79,1.99,2.12,1.76,117.99,-12.93,65.87,67239.54,84.75,41.62,55.83,0.0,0.0,49.11,65.87,25.43,7.35,0.0,67.71,32.29,0.0,0.0,208.59,292.65,292.65,2.55,392.57,5.09,133.25,0.51,100.0,100.0,1.0,91.75,100.0,99.92,43.3,65.02,100.0,66.6,29.1,19.38,12.61,21.87,251.17,0.96,21.13,75.16,24.84,33.4,13.49,319.53,100.0,100.0,100.0,65.02,56.64,36.82,21.1,0.07,,,70.59,9.0,,,2.0,100.0,0.04,100.0,0.0,97.29,0.0,,,,,,,,,,SAAEB,Água e Esgoto,LPU,,,3.09,51.7,,88.34,,,,,95.29,100.0,100.0,0.0,843.58,0.97,0.71,0.62,92.62,26.99,76.6,136.22,13.63,0.71,,,0.01,0.03,,,,,,,,2.14,0.3,,,,,0.0,10.19,0.0,,0.12,9.57,Sim
3506201,100.0,100.0,100.0,,,100.0,12.47,1.07,100.0,91.19,79.05,100.0,100.0,13.08,14.5,172.18,159.74,15.69,12.4,79.16,92.41,7.59,20.84,8.31,114.99,89.63,0.73,,,0.43,,,100.0,,2.52,92.39,100.0,0.5,94.75,94.95,92.55,94.75,94.95,92.55,13.63,1.06,87.87,87.87,108.77,108.77,100.0,0.0,0.0,,0.0,4.1,1.15,100.0,0.0,0.0,0.0,0.0,0.0,,,,0.0,168.5,67.01,142.11,34674.51,58074.7,,,100.0,0.0,98.41,100.0,79.21,100.0,0.0,0.0,0.0,1425.2,0.0,1.48,1.5,0.0,0.0,0.0,0.0,0.0,0.0,0.0,,,,,0.0,0.0,0.0,350620,3.4,3.14,546.47,2.91,3.24,2.58,85.51,0.86,70.13,308886.24,108.07,73.72,82.01,7.59,10.78,68.22,75.89,7.68,0.0,9.98,55.14,43.4,1.46,20.83,2.78,744.78,733.64,1.23,828.6,2.44,91.4,0.59,93.72,100.0,1.02,91.82,100.0,99.85,80.46,100.0,100.0,80.46,15.85,12.73,12.75,14.54,157.07,0.75,11.81,91.84,8.16,19.54,8.08,103.22,93.32,100.0,100.0,100.0,100.0,100.0,14.7,0.0,383.33,6.33,,,,0.0,21.36,100.0,0.0,100.0,0.0,100.0,0.0,,,,,,,,,,SABESP,Água e Esgotos,SABESP,,,2.58,,,184.24,,,,,91.41,100.0,100.0,0.0,,,0.11,0.11,,,,87.27,0.0,0.11,,,,,,,,,,,,,,,,,,,,,,,,Sim
3506300,90.3,100.0,43.15,88.91,100.0,33.87,9.8,1.07,100.0,89.52,66.46,100.0,100.0,12.21,13.66,163.42,147.99,17.31,11.5,66.46,78.92,21.08,33.54,19.47,203.82,92.94,1.44,977.5,,10.67,11.0,,95.83,21.4,7.86,89.85,100.0,40.53,79.4,89.29,30.29,79.4,89.29,30.29,14.36,1.01,90.11,90.11,111.01,111.01,100.0,0.04,0.22,6.53,0.1,2.03,0.2,100.0,0.0,0.0,0.0,68.27,29.83,96.28,3.72,0.0,52.54,134.96,58.98,181.47,33930.14,140795.79,197.69,96.03,40.63,23.63,82.93,100.0,0.0,100.0,0.0,0.0,50.0,195.26,0.0,0.72,0.44,0.44,0.0,0.0,0.0,0.0,,,,,,,0.0,0.0,0.0,350630,3.5,3.19,561.05,3.34,3.29,3.37,95.3,-0.29,58.03,236142.93,95.64,49.43,60.9,4.05,10.76,51.68,63.67,16.65,1.13,11.25,46.84,51.27,1.88,21.97,12.32,661.05,656.26,1.24,814.4,2.46,103.46,0.6,92.84,100.0,1.01,90.06,100.0,100.0,68.83,100.0,100.0,68.83,17.3,11.91,11.91,14.08,155.84,1.46,10.54,81.36,18.64,31.17,15.09,178.58,91.84,100.0,100.0,100.0,100.0,100.0,12.55,0.05,693.21,6.86,,,,0.0,52.18,105.7,1.24,105.26,0.83,105.26,0.0,,,,,,,,,,SABESP,Água e Esgotos,SABESP,,,,,,,,,,,,,,,,,,,,,,,,,,,,,,,,,,,,,,,,,,,,,,,,Sim
3506359,63.25,63.93,0.0,67.71,68.19,0.0,11.68,1.46,100.0,90.55,44.54,100.0,100.0,10.85,13.69,587.78,292.53,23.27,10.37,77.33,58.83,41.17,22.67,19.93,253.86,91.73,0.36,4853.2,,14.05,9.6,,95.3,11.92,16.14,50.58,51.12,0.0,43.98,44.29,0.0,43.98,44.29,0.0,13.31,1.56,93.68,93.68,71.13,71.13,100.0,1.23,0.24,15.05,0.03,3.02,2.99,5.0,95.0,0.8,32.0,299.64,278.33,93.19,6.81,49.93,31.71,507.66,471.55,298.47,75000.0,300000.0,169.42,16.12,7.31,68.9,100.0,100.0,100.0,94.3,59.81,30.22,68.93,3776.07,0.37,1.86,1.61,0.25,7.57,6.76,0.77,0.0,,,,,,,0.6,0.6,0.0,350635,6.76,5.46,940.93,3.59,3.58,3.61,53.08,-0.12,36.02,216615.64,152.26,37.14,67.86,54.31,38.94,24.39,44.57,10.12,1.89,25.58,62.51,35.01,2.49,25.16,105.97,516.56,363.2,1.51,943.8,2.25,58.14,0.7,73.27,74.48,1.35,95.07,100.0,100.0,65.94,100.0,100.0,65.94,24.12,10.95,10.95,14.52,273.77,0.31,12.44,87.47,12.53,34.06,18.12,251.3,50.13,50.96,50.96,60.43,100.0,60.43,17.33,1.58,5023.72,6.12,5797.5,6.0,5.33,0.01,94.93,108.24,1.27,108.06,5.34,108.24,2.2,,,,,,,,,,SABESP,Água e Esgotos,SABESP,,,6.53,97.42,1.54,497.83,,,,7.67,98.37,100.0,93.22,100.0,2181.65,0.8,1.54,1.44,408.79,46.01,22.94,,6.92,1.54,,48.22,1.59,8.92,2.2,,,,,,11.55,3.03,0.2,100.0,100.0,159.96,,0.32,5.96,9.17,0.19,0.48,13.76,Sim
3506409,93.96,100.0,0.0,,,0.0,8.59,1.0,100.0,100.0,71.43,100.0,0.0,13.21,1.03,265.97,238.19,18.5,13.21,79.76,5.58,94.42,20.24,14.33,123.07,0.0,0.0,,,1.0,,,100.0,,0.66,93.96,100.0,0.0,,,,,,,12.6,0.0,,,46.85,46.85,100.0,0.13,0.42,2.9,1.0,3.71,0.86,81.25,18.75,0.29,2.0,224.61,102.93,100.0,0.0,0.0,223.69,100.41,46.01,102.82,17557.64,41012.82,44.7,34.13,57.28,42.72,93.96,100.0,0.0,100.0,93.96,100.0,0.0,985.0,0.27,0.72,0.56,0.22,4.28,2.86,2.11,0.0,,,,,,,1.02,1.02,0.0,350640,0.99,0.99,144.29,1.35,1.68,0.94,136.36,0.0,47.34,54707.56,73.34,20.45,34.72,0.0,0.0,27.88,47.34,50.13,2.53,0.0,69.13,30.87,0.0,0.0,8.49,800.93,772.66,0.76,1359.8,1.51,136.36,,100.0,100.0,1.05,100.0,0.0,0.0,0.0,0.0,0.0,92.86,13.43,12.47,,13.19,179.53,0.0,7.86,98.21,1.79,7.14,3.91,33.06,97.55,100.0,100.0,86.54,100.0,86.54,8.12,,,,,,,0.0,0.5,100.0,0.0,100.0,0.0,100.0,0.0,,,,,,,,,,PMB,Água e Esgoto,LPU,1.49,60841.08,2.67,31.93,49.58,90.59,100.0,0.0,9.09,44.91,91.96,100.0,100.0,0.0,521.83,0.81,0.36,,264.96,38.8,54.55,,,0.36,,100.0,10.61,14.08,,,,,,,17.6,,,,,,,0.0,29.36,0.0,,0.54,36.36,Sim
3506508,97.84,100.0,0.0,92.47,94.52,0.0,8.61,1.13,99.5,86.53,76.3,97.27,100.0,14.78,14.75,255.26,206.02,19.34,15.17,80.58,76.3,23.7,19.42,14.95,140.05,100.0,0.69,300.0,,1.0,12.0,,100.0,0.51,4.4,97.84,100.0,0.0,92.17,94.2,0.0,92.17,94.2,0.0,8.02,1.15,86.79,86.79,101.99,101.99,100.0,0.12,4.54,1.0,1.0,0.62,0.41,100.0,0.0,0.0,0.0,0.0,0.0,,,,0.0,53.59,24.39,24.93,40000.0,60000.0,,,100.0,0.0,100.0,100.0,100.0,100.0,0.0,0.0,0.0,7280.0,0.0,0.81,0.6,0.21,0.0,0.0,0.0,0.0,,,,,,,0.0,0.0,0.0,350650,1.03,0.96,177.33,1.48,1.65,1.34,144.22,0.0,27.9,42018.89,65.2,16.88,19.35,0.0,0.0,25.89,29.67,21.75,2.56,0.0,41.66,42.05,16.29,45.81,137.49,798.67,697.0,1.25,915.06,2.47,183.21,2.73,100.0,100.0,1.17,86.31,33.75,99.22,40.11,73.18,35.32,54.81,30.24,16.57,12.13,13.15,252.73,0.0,9.08,43.48,56.52,45.19,55.38,527.47,100.0,100.0,100.0,98.71,100.0,98.71,9.09,0.14,,18.0,,,,0.0,1.01,104.33,0.16,100.17,6.77,100.86,1.35,,,,,,,,,,PMB,Água e Esgoto,LPU,0.92,13733.18,7.92,,,12.59,100.0,0.0,4.55,,100.0,100.0,100.0,29.03,2530.35,0.42,1.27,1.24,,,45.45,,0.0,1.24,,15.38,14.34,66.69,29.03,,,,,,135.05,,,0.0,,,,0.1,,10.91,,0.13,13.64,Sim
3506607,60.92,74.71,0.0,58.2,71.4,0.0,17.1,1.1,100.0,91.67,70.31,100.0,100.0,10.2,,152.25,134.09,13.81,9.71,73.65,0.98,99.02,0.29,7.21,131.25,93.7,0.26,2048.46,,14.97,10.13,,84.11,24.57,5.09,52.55,64.45,0.0,46.92,57.55,0.0,46.24,56.72,0.0,9.99,1.04,91.37,91.38,69.26,68.66,99.13,0.74,0.5,18.31,0.21,0.72,0.07,100.0,0.0,,9.0,28.28,12.83,100.0,0.0,0.0,14.67,192.85,87.48,31.51,43570.2,35168.36,681.82,18.27,25.07,74.93,98.28,100.0,90.67,100.0,0.0,0.0,0.0,1662.64,0.0,0.75,0.65,0.14,0.0,0.0,0.0,0.0,,,,,,,0.0,0.0,0.0,350660,6.32,6.62,981.97,3.37,3.42,3.3,53.26,3.58,55.83,426034.1,196.68,58.96,104.83,15.19,56.71,29.98,53.3,11.17,3.16,28.83,53.53,44.88,1.59,36.17,16.89,814.03,774.36,0.73,1447.21,1.37,54.8,0.76,55.37,64.51,1.05,92.21,100.0,99.99,71.08,100.0,100.0,71.08,14.1,9.68,9.68,12.44,129.48,0.95,17.37,91.41,8.59,28.92,7.12,136.07,48.63,56.66,56.66,69.58,99.4,69.16,10.51,1.39,903.0,7.5,,,11.68,3.73,10.38,128.69,0.0,128.37,0.12,128.53,0.0,,,,,,,,,,SABESP,Água e Esgotos,SABESP,1.36,43962.63,2.41,59.51,100.0,59.71,68.42,31.58,13.16,59.71,95.44,100.0,100.0,100.0,1406.28,0.43,0.56,,163.02,56.2,31.58,,,0.51,,50.0,4.38,9.01,,21.83,20.24,20.63,21.03,16.27,17.05,,,0.0,,,,0.39,14.89,28.95,,0.18,13.16,Sim
3506706,,,,,,,,,,,,,,,,,,,,,,,,,,,,,,,,,,,,,,,,,,,,,,,,,,,,,,,,1.86,0.4,82.14,17.86,0.0,0.0,0.0,0.0,,,,0.0,210.88,89.84,80.97,43478.26,,,,94.8,5.2,94.03,100.0,0.0,100.0,0.0,0.0,0.0,2137.5,0.0,0.89,0.95,0.0,0.0,0.0,0.0,100.0,,,,,,,0.0,0.0,0.0,350670,,,,,,,,,,,,,,,,,,,,,,,,,,,,,,,,,,,,,,,,,,,,,,,,,,,,,,,,,,,,,,,,,,,,,,,,,,,,,,,,,,,,,,,,,,,,,,,,,,,,,,,,,,,,,,,,,,,,,,,,,,,,,,,,,,,,,,,Sim
3506805,97.28,97.5,93.08,,,100.0,20.83,1.08,99.99,90.4,74.14,100.0,100.0,13.52,14.68,204.5,183.57,17.25,12.79,74.28,85.15,14.85,25.72,7.05,156.94,92.63,1.34,,,15.84,,,100.0,,10.39,94.34,97.5,34.78,91.71,91.92,87.69,91.71,91.92,87.69,12.78,1.02,91.44,91.44,99.13,99.13,100.0,0.39,0.04,1.33,0.02,1.93,1.05,78.79,21.21,0.0,0.0,58.46,26.33,100.0,0.0,0.0,14.06,415.66,187.18,111.07,58594.89,142063.52,711.01,470.58,70.27,29.73,100.0,100.0,100.0,100.0,0.0,0.0,38.34,3225.0,0.0,1.54,0.7,0.88,0.0,0.0,0.0,0.0,,,,,,,0.0,0.0,0.0,350680,3.18,2.86,504.91,2.96,3.28,2.61,92.93,-0.16,54.59,269099.2,96.64,44.43,58.74,6.32,12.07,45.97,60.78,19.44,0.01,12.49,55.8,42.44,1.76,15.39,10.58,876.89,857.88,0.88,1159.31,1.73,100.81,0.59,100.0,100.0,1.02,90.2,100.0,100.0,71.71,100.0,100.0,71.71,17.9,12.83,12.83,14.78,162.64,1.27,16.89,82.58,17.42,28.29,9.12,170.16,99.72,100.0,100.0,99.09,100.0,99.09,11.57,0.34,532.9,6.6,,,,0.0,78.01,101.61,0.26,101.61,0.0,100.0,0.81,,,,,,,,,,SABESP,Água e Esgotos,SABESP,1.94,25859.39,1.49,,19.5,50.08,100.0,0.0,,9.77,98.3,100.0,100.0,0.0,,,2.21,0.66,42.19,,,,212.24,2.08,,,,,,,,,,,,0.72,0.03,,,,,,,,,,,Sim
3506904,70.5,98.73,0.0,,,,12.07,1.07,100.0,89.81,86.29,100.0,100.0,10.85,12.95,163.82,146.85,11.84,10.22,86.29,109.38,-9.38,13.71,4.29,57.03,90.35,0.89,,,5.21,,,96.88,,6.01,56.03,78.46,0.0,,,,,,,9.32,1.01,90.33,90.33,92.29,92.29,100.0,0.11,0.12,1.25,0.07,,,,,,,,,,,,,,,,,,,,,,,,,,,,,,,,,,,,,,,,,,,,,,,350690,4.05,3.86,616.18,2.91,3.21,2.58,71.9,-2.02,71.63,292035.43,132.4,78.46,99.63,13.63,11.29,59.26,75.25,7.31,3.78,8.53,56.46,40.84,2.7,12.4,9.52,629.8,627.18,1.26,799.73,2.39,79.05,0.67,59.28,92.97,1.0,91.33,100.0,100.0,84.29,100.0,100.0,84.29,12.56,10.59,10.59,13.35,158.71,0.4,13.42,106.27,-6.27,15.71,4.35,65.12,53.5,83.91,83.91,92.46,100.0,92.46,10.1,0.58,937.8,7.8,250.0,6.0,,0.0,78.48,107.24,0.63,105.43,0.43,105.43,0.64,,,,,,,,,,SABESP,Água e Esgotos,SABESP,2.14,28156.83,1.33,16.54,5.15,60.24,75.0,25.0,0.0,3.1,100.0,100.0,100.0,0.0,821.54,0.94,0.66,,134.81,53.86,43.75,27.78,,0.42,,,19.44,46.8,,57.14,14.29,14.29,0.0,14.29,,1.47,0.22,0.0,,,,0.67,29.6,31.25,,0.53,25.0,Não
3507001,98.13,100.0,50.48,97.65,100.0,37.96,12.94,1.14,100.0,89.4,84.48,100.0,100.0,12.67,13.86,188.43,165.39,14.05,11.87,84.53,98.69,1.31,15.14,5.93,81.65,92.57,0.77,7154.23,,23.96,13.73,,89.0,24.56,10.18,80.59,83.75,0.0,74.93,76.74,29.03,74.93,76.74,29.03,10.87,1.08,89.13,89.13,86.94,86.94,100.0,0.36,0.12,13.77,0.05,0.84,0.05,88.89,11.11,0.52,33.0,608.51,286.78,100.0,0.0,-1.74,182.53,339.17,159.84,268.28,99843.54,64289.41,55.74,1.06,17.68,82.32,100.0,100.0,100.0,100.0,100.0,100.0,88.88,2266.99,0.03,0.98,0.96,0.02,34.38,32.67,9.81,0.0,0.29,0.0,,,,,9.14,9.14,0.0,350700,3.47,2.59,462.95,3.27,3.59,2.88,94.05,3.27,37.74,175665.3,79.2,28.99,40.13,15.26,8.22,36.6,50.67,25.33,4.73,10.37,57.97,39.01,3.02,38.49,53.3,748.87,704.19,1.03,1036.75,1.91,105.72,0.94,86.29,91.73,1.06,90.02,100.0,100.0,78.77,100.0,100.0,78.77,16.3,12.84,12.84,15.18,174.91,0.72,6.9,93.11,6.89,21.23,15.83,120.54,74.46,79.15,79.15,73.54,100.0,73.54,3.66,0.81,483.33,6.67,912.5,15.75,,0.0,107.14,101.14,0.16,100.98,0.16,100.98,0.32,,,,,,,,,,SABESP,Água e Esgotos,SABESP,1.9,112493.03,6.71,94.71,98.92,213.7,30.28,69.72,5.5,211.4,94.07,100.0,100.0,99.25,2801.6,0.35,0.88,,179.93,27.01,18.35,,,0.88,,89.88,4.56,14.64,,52.38,25.0,15.48,5.95,1.19,15.14,1.6,0.18,74.47,69.02,53.96,1.83,0.82,11.86,43.12,0.47,0.31,16.51,Sim
3507100,92.41,100.0,0.0,73.26,79.01,0.0,19.83,1.0,100.0,89.06,77.25,100.0,100.0,16.61,15.4,279.01,191.07,21.5,16.61,90.26,71.61,28.39,9.74,3.26,68.84,0.0,0.49,1691.0,528.44,2.0,6.0,10.0,91.88,9.12,3.63,92.41,100.0,0.0,,66.97,,,66.97,,19.78,0.48,,,64.45,8.26,12.81,0.26,1.97,4.0,0.98,0.19,1.45,11.11,88.89,0.0,0.0,7.93,3.71,100.0,0.0,0.0,2.72,291.12,136.11,3.63,18863.83,,3672.99,32.57,3.32,96.68,97.8,100.0,71.02,100.0,0.0,0.0,0.0,1799.75,0.0,0.88,0.89,0.01,0.0,0.0,0.0,0.0,,,,,,,0.0,0.0,0.0,350710,2.63,1.82,288.66,1.73,1.84,1.51,66.05,100.0,36.2,49639.22,104.7,51.83,54.81,0.0,10.15,49.5,52.35,27.93,10.02,9.69,72.87,27.13,0.0,0.0,43.89,328.47,324.68,2.91,347.4,5.28,0.0,0.57,88.05,94.87,1.01,91.55,100.0,92.98,73.17,92.84,79.69,78.81,22.41,17.66,17.82,16.54,205.71,0.93,20.2,73.83,26.17,21.19,7.62,157.72,86.84,98.49,98.49,58.04,0.0,0.0,19.31,0.07,1378.4,7.6,133.4,7.56,1.68,1.43,1.39,100.0,0.0,100.0,0.0,100.0,0.0,,,,,,,,,,PMBJP,Água e Esgoto,LPU,,,3.07,84.49,47.01,94.04,,,,44.21,88.17,100.0,100.0,100.0,1238.8,0.71,0.76,,284.16,83.55,45.71,,,0.76,,,,,,,,,,,,1.38,0.18,0.0,,,,0.18,4.43,11.43,,0.4,25.71,Sim
3507159,71.77,99.4,8.31,71.32,100.0,8.07,20.57,1.07,99.9,89.7,80.57,100.0,100.0,11.73,13.83,148.27,110.96,13.72,11.05,80.78,100.81,-0.81,19.22,4.11,92.8,89.97,0.96,1019.0,,5.18,8.0,,100.0,97.65,4.7,66.4,95.31,0.0,60.33,84.6,6.79,60.33,84.6,6.79,11.46,1.01,91.19,91.19,98.92,98.92,100.0,0.41,0.52,12.71,0.5,2.39,1.11,100.0,0.0,0.0,0.0,0.0,0.0,,,,0.0,89.79,37.56,50.61,21215.27,20569.51,,,79.72,20.28,100.0,100.0,100.0,100.0,0.0,0.0,14.78,812.0,0.0,0.62,0.43,0.26,0.0,0.0,0.0,100.0,,,,,,,0.0,0.0,0.0,350715,3.81,3.47,542.8,2.92,3.25,2.56,76.81,-0.73,62.05,319330.39,118.69,43.75,80.79,7.94,13.82,36.86,68.07,14.23,0.47,11.65,56.89,40.88,2.23,11.9,1.85,864.29,852.91,0.63,1596.0,1.23,88.71,0.71,57.74,84.84,1.01,88.42,100.0,100.0,72.74,100.0,100.0,72.74,14.42,10.49,10.49,13.2,124.68,0.91,15.31,91.56,8.44,27.26,7.25,131.14,55.13,81.01,81.01,95.2,100.0,95.2,8.75,0.44,784.5,6.5,,,,0.0,22.81,111.67,0.0,110.0,0.0,110.0,0.0,,,,,,,,,,SABESP,Água e Esgotos,SABESP,3.34,23276.64,1.25,11.69,,77.85,88.89,11.11,,,67.53,99.22,99.22,0.0,,,1.86,,79.45,69.22,,2.74,,1.87,,,,,,,,,,,,,,,,,,,19.09,,,,,Sim
3507209,90.09,100.0,46.82,90.95,100.0,44.93,9.4,1.08,100.0,85.92,92.52,100.0,100.0,12.39,13.35,174.22,152.04,12.4,11.47,92.52,107.7,-7.7,7.48,3.23,32.95,91.26,0.6,,,11.29,,,100.0,,3.65,79.53,97.75,0.0,78.57,86.32,39.13,78.57,86.32,39.13,12.01,1.06,81.48,81.48,106.1,106.1,100.0,0.45,0.0,,0.0,2.65,2.16,100.0,0.0,0.0,0.0,0.0,0.0,,,,0.0,355.46,160.88,175.51,29503.95,52945.51,,,58.52,41.48,100.0,100.0,100.0,100.0,81.36,100.0,0.0,87.15,0.0,0.51,0.5,0.02,23.31,13.91,10.43,0.0,,,,,,,6.02,6.02,0.0,350720,3.21,2.74,442.94,2.86,3.14,2.57,89.1,-0.14,48.22,27839.48,95.8,8.6,54.12,9.3,22.51,8.98,56.49,9.53,3.22,23.49,54.29,44.12,1.58,11.04,6.29,111.27,110.95,1.43,700.0,2.85,100.16,0.59,100.0,100.0,1.0,86.2,100.0,100.0,82.03,100.0,100.0,82.03,13.67,11.21,11.21,13.48,154.89,0.45,9.93,98.61,1.39,17.97,7.45,80.98,99.76,100.0,100.0,100.0,100.0,100.0,12.03,0.51,305.0,7.0,,,,0.0,10.13,100.0,0.83,100.0,0.0,100.0,0.83,,,,,,,,,,SABESP,Água e Esgotos,SABESP,12.27,10750.0,8.6,0.0,,131.9,100.0,0.0,0.0,,100.0,100.0,69.33,0.0,153.35,6.13,0.81,,260.42,58.14,50.0,5.21,,0.63,,,,,,,,,,,,,,0.0,,,,3.07,13.95,25.0,,1.53,12.5,Sim
3507308,99.19,100.0,85.87,98.89,99.9,84.09,14.64,1.08,100.0,89.73,85.06,100.0,100.0,14.43,15.18,192.89,167.39,15.95,13.57,85.06,95.16,4.84,14.94,5.39,84.43,92.8,0.65,,,23.96,,,100.0,,7.84,99.19,100.0,85.87,88.92,89.82,75.76,88.92,89.82,75.76,11.6,1.05,87.5,87.5,102.83,102.83,100.0,0.06,0.04,1.0,0.17,2.2,1.24,37.5,62.5,0.0,0.0,0.0,0.0,,,,0.0,65.71,28.16,345.73,234160.84,24752.53,,,70.0,30.0,100.0,100.0,100.0,100.0,0.0,0.0,0.0,255.33,0.21,0.44,0.43,0.01,0.0,0.0,0.0,0.0,,,,,,,0.0,0.0,0.0,350730,3.17,2.7,496.9,3.3,3.49,3.1,103.9,0.14,60.09,340240.23,82.01,47.56,57.84,6.9,10.13,57.99,70.52,8.59,0.01,12.36,52.01,46.07,1.92,16.91,3.65,970.89,955.82,0.86,1180.67,1.72,111.02,0.74,100.0,100.0,1.02,90.32,100.0,100.0,82.47,100.0,100.0,82.47,16.36,13.49,13.49,15.32,163.74,0.56,14.63,93.61,6.39,17.53,6.07,95.81,100.0,100.0,100.0,100.0,100.0,100.0,12.4,0.04,400.0,6.0,,,,0.0,121.61,100.0,0.0,100.0,0.0,100.0,0.0,,,,,,,,,,SABESP,Água e Esgotos,SABESP,,,1.02,,,50.53,,,,,100.0,100.0,100.0,0.16,,,0.82,,,,,116.28,,0.73,,100.0,10.08,30.06,,53.85,15.38,15.38,7.69,7.69,32.37,,,,,,,,,,,,,Sim
3507407,92.23,100.0,0.0,96.4,,0.0,7.46,1.0,79.57,78.06,60.75,99.96,100.0,11.38,12.31,249.72,228.35,16.31,9.91,64.38,75.5,24.5,35.62,24.18,191.0,100.0,0.65,20.0,,0.75,1.2,,100.0,0.21,0.53,92.23,100.0,0.0,,,,,,,6.91,0.39,,,95.68,95.68,100.0,0.18,0.4,3.0,1.0,3.01,0.73,100.0,0.0,0.87,12.0,45.48,25.47,100.0,0.0,22.23,24.66,143.44,80.32,533.66,92372.13,87595.96,315.39,250.27,55.75,0.0,95.34,100.0,40.0,100.0,95.34,100.0,0.0,914.6,0.0,0.87,0.75,0.17,19.28,14.77,7.04,0.0,,,,,,,4.44,4.44,0.0,350740,1.73,1.43,,1.73,1.98,1.37,100.3,0.73,41.37,88122.98,82.23,29.88,41.25,0.0,17.47,36.34,50.16,26.8,1.79,21.25,67.64,31.63,0.73,0.0,17.94,,762.63,0.95,,1.9,121.61,0.46,90.13,100.0,1.03,96.81,95.85,52.33,0.0,0.0,0.0,62.69,22.85,14.32,0.0,15.62,230.09,0.83,7.55,68.39,31.61,37.31,34.61,288.29,90.13,100.0,100.0,79.75,100.0,79.75,7.55,0.24,,,,,6.67,0.05,4.33,100.0,0.0,100.0,0.0,100.0,0.0,,,,,,,,,,PMB,Água e Esgoto,LPU,1.8,37561.29,2.03,2.74,17.98,67.53,100.0,0.0,3.85,12.14,100.0,100.0,100.0,25.08,572.62,0.9,0.59,0.37,305.41,97.26,50.0,,42.66,0.53,,100.0,23.34,50.2,35.78,38.57,16.25,26.17,10.74,8.26,53.93,0.93,0.16,,,,,0.0,0.0,0.0,,0.69,38.46,Sim
3507456,86.69,100.0,0.0,78.73,90.52,0.0,19.57,1.01,99.35,91.54,62.73,80.83,89.51,14.47,17.55,261.1,227.79,22.61,17.55,77.61,77.61,22.39,22.39,8.23,168.72,100.0,0.64,,,,,,100.0,,2.02,86.69,100.0,0.0,77.0,88.54,0.0,77.0,88.54,0.0,18.63,0.9,47.12,47.12,76.21,0.0,0.0,4.54,0.91,1.5,0.91,3.73,3.73,100.0,0.0,0.0,0.0,98.2,45.03,91.96,8.04,8.04,26.74,367.19,168.4,168.4,45205.59,45205.59,373.94,373.94,100.0,0.0,86.69,100.0,0.0,100.0,86.69,100.0,0.0,147.75,0.0,0.58,0.17,0.5,43.46,26.9,70.0,0.0,,,,,,,11.0,11.0,0.0,350745,,,,,,,,,,,,,,,,,,,,,,,,,,,,,,,,,,,,,,,,,,,,,,,,,,,,,,,,,,,,,,,,,,,,,,,,,,,,,,,,,,,,,,,,2.16,23751.0,0.62,9.9,53.64,51.32,100.0,0.0,,27.53,87.22,100.0,100.0,0.0,,,0.74,,171.47,90.1,,9.62,,0.74,,100.0,24.04,64.82,,31.4,30.47,15.33,6.47,16.33,77.79,,,,,,,,0.0,,,,,Sim
3507506,99.07,100.0,70.51,,,100.0,12.23,1.18,100.0,92.62,70.1,100.0,100.0,12.29,14.2,195.35,169.2,16.8,11.78,70.14,84.49,15.51,29.86,14.82,193.92,92.82,0.9,13280.86,,9.76,20.71,,84.84,17.93,11.26,96.51,99.64,0.0,92.15,92.27,88.05,92.15,92.27,88.05,9.01,1.13,92.91,92.91,93.65,93.65,100.0,0.48,0.42,11.61,0.14,0.55,0.51,44.87,55.13,0.21,30.0,104.76,50.42,89.26,10.74,10.74,94.63,110.71,53.28,111.45,62128.21,75244.38,105.67,9.92,18.47,81.53,100.0,100.0,100.0,90.0,96.86,90.0,0.0,4112.06,0.01,0.75,0.72,0.03,9.33,3.29,3.42,0.0,0.04,0.0,,,,,1.17,1.17,0.0,350750,2.94,2.15,378.71,3.28,3.58,2.98,111.85,-0.01,39.2,128852.4,65.39,25.4,35.05,12.42,7.21,38.84,53.6,20.59,3.83,11.02,53.79,42.5,3.71,38.56,190.43,634.79,582.01,1.25,875.98,2.43,122.92,0.56,100.0,100.0,1.09,92.33,100.0,100.0,63.64,100.0,100.0,63.64,19.34,12.31,12.31,14.71,172.02,0.81,10.46,76.06,23.94,36.36,21.77,251.6,98.06,100.0,100.0,92.13,100.0,92.13,8.12,0.61,581.0,6.2,434.44,6.0,,0.0,102.64,102.08,0.96,101.85,0.51,101.85,0.74,,,,,,,,,,SABESP,Água e Esgotos,SABESP,1.13,45031.45,2.03,73.32,66.19,50.73,37.11,62.89,6.29,33.58,100.0,100.0,100.0,93.96,2615.81,0.34,0.77,,131.42,72.91,30.19,,,0.74,,61.56,2.25,6.32,,61.21,20.4,8.16,6.73,3.5,9.35,,,0.0,,,,0.19,24.44,16.98,,0.42,37.11,Sim
3507605,96.1,100.0,44.55,95.15,100.0,27.67,14.72,1.28,100.0,88.2,77.75,100.0,100.0,12.87,13.95,178.89,145.0,15.31,11.9,77.99,91.14,8.86,22.01,9.27,142.25,95.31,0.8,4369.17,,16.94,12.37,,94.07,5.56,9.78,83.07,89.36,0.0,72.98,76.7,21.23,71.28,74.92,20.72,9.86,1.2,87.78,87.8,70.95,70.95,100.0,0.52,0.22,20.01,0.09,0.88,0.32,0.0,100.0,0.23,20.0,577.88,249.11,99.71,0.29,6.91,149.33,361.29,155.74,55.37,,,62.52,0.29,0.69,84.58,100.0,100.0,100.0,100.0,92.96,100.0,0.0,3603.82,0.01,1.12,1.09,0.03,23.89,31.35,5.57,0.0,0.24,0.05,45.74,11.35,8.79,18.07,7.11,4.45,2.66,350760,2.97,1.84,314.37,3.28,3.59,2.94,110.63,-0.59,31.8,189302.66,55.98,23.7,28.75,23.81,4.79,42.33,51.35,23.13,5.09,8.56,56.75,40.9,2.35,39.61,103.12,1172.65,995.63,0.83,1422.59,1.56,119.27,0.55,96.46,99.51,1.17,90.04,100.0,99.97,76.07,99.95,100.0,76.1,15.9,12.1,12.1,14.4,157.65,0.81,14.28,90.55,9.45,23.9,9.5,146.3,87.06,89.81,89.81,70.49,100.0,70.49,9.82,0.93,363.04,12.96,,,23.07,2.32,19.61,101.32,0.14,101.11,0.48,101.04,0.69,,,,,,,,,,SABESP,Água e Esgotos,SABESP,1.31,55715.09,2.67,100.0,,72.92,0.0,100.0,,,100.0,100.0,100.0,99.85,,,1.06,,149.25,79.31,,,,1.03,,20.63,0.82,3.17,,44.4,25.68,5.98,23.94,0.0,5.69,0.8,0.08,,100.0,72.72,,,6.1,,0.06,,,Sim
3507704,92.11,100.0,15.66,87.04,94.43,12.0,9.01,1.01,100.0,88.28,87.25,98.95,100.0,11.8,13.96,194.25,170.54,13.45,11.86,89.72,103.86,-3.86,10.28,4.98,45.7,100.0,1.02,,,1.56,,,100.0,,3.98,90.65,100.0,0.0,85.96,94.43,0.0,85.96,94.43,0.0,9.11,0.49,,,94.23,94.17,99.94,0.0,1.9,1.86,1.0,1.61,1.21,57.14,42.86,0.0,0.0,245.91,113.25,100.0,0.0,-5.35,193.51,133.87,61.65,57.52,48554.47,48554.47,54.44,34.61,65.78,28.85,90.65,100.0,0.0,100.0,90.65,100.0,0.0,1124.95,0.73,2.26,1.82,0.66,33.64,20.14,5.05,0.0,0.13,0.0,48.1,30.06,1.7,20.04,2.22,2.22,0.0,350770,0.92,0.92,119.81,1.68,1.78,1.57,183.97,0.0,51.43,31458.01,54.36,16.98,27.96,0.0,0.0,31.24,51.43,42.43,3.37,0.0,57.69,42.31,0.0,,8.23,510.51,510.51,1.19,840.4,2.38,183.97,0.61,87.28,97.83,1.0,84.91,96.78,100.0,99.77,100.0,100.0,99.77,12.34,11.94,11.94,11.94,166.16,1.12,10.31,99.77,0.23,0.23,0.09,0.91,85.53,97.83,97.83,82.72,100.0,82.72,9.84,0.0,,,,,,0.0,2.0,100.0,1.05,100.0,0.0,100.0,0.0,,,,,,,,,,SASB,Água e Esgoto,LPU,2.41,35749.46,2.49,4.63,95.37,86.3,100.0,0.0,0.0,82.31,87.43,100.0,100.0,1.52,1034.91,2.21,1.99,0.67,113.55,95.37,91.67,124.37,197.01,1.99,,,0.95,6.94,4.51,43.48,34.78,11.59,4.35,5.8,11.06,1.82,0.09,,,,,0.0,0.0,0.0,,0.2,8.33,Sim
3507753,90.86,100.0,40.94,91.26,99.91,39.9,10.9,1.05,100.0,92.66,82.99,100.0,100.0,12.26,14.32,185.67,166.21,14.16,11.75,83.41,101.15,-1.15,16.59,6.57,81.28,87.94,0.59,,,3.5,,,100.0,,3.2,76.2,90.15,0.0,68.76,75.28,30.05,68.76,75.28,30.05,9.18,1.01,92.49,92.49,82.56,82.56,100.0,0.0,0.0,,0.0,2.27,1.92,100.0,0.0,0.0,0.0,0.0,0.0,,,,0.0,144.83,74.39,94.68,31895.95,38757.55,,,87.82,12.18,100.0,100.0,100.0,100.0,0.0,0.0,0.0,182.5,0.0,0.77,0.72,0.06,0.0,0.0,0.0,0.0,,,,,,,0.0,0.0,0.0,350775,2.21,1.75,299.78,2.75,3.03,2.42,124.2,-0.9,51.66,199586.12,63.56,33.25,41.6,4.04,13.13,52.31,65.44,3.07,0.49,20.65,58.33,39.67,2.0,28.25,1.88,1017.39,1004.33,0.8,1272.67,1.47,134.65,0.23,90.58,100.0,1.01,92.84,100.0,100.0,85.07,100.0,100.0,85.07,14.08,11.98,11.98,14.26,156.1,0.43,7.89,101.24,-1.24,14.93,7.82,69.97,76.47,93.27,93.27,85.14,100.0,85.14,10.55,0.0,,,,,,0.0,12.1,100.0,0.0,100.0,0.0,100.0,0.0,,,,,,,,,,SABESP,Água e Esgotos,SABESP,3.41,30482.7,1.34,2.66,,103.82,100.0,0.0,12.5,,99.83,100.0,100.0,0.0,466.45,1.28,0.51,,232.27,41.72,37.5,,,0.42,,,,,,,,,,,,,,0.0,,,,0.85,27.81,25.0,,0.85,25.0,Sim
3507803,97.52,100.0,0.0,93.89,96.28,0.0,10.55,1.0,100.0,95.25,0.0,0.0,100.0,0.0,16.72,10.48,9.53,25.75,0.72,3.07,64.92,35.08,96.93,70.72,824.24,0.0,0.0,,,1.0,,,100.0,,3.93,97.52,100.0,0.0,91.05,93.36,0.0,91.05,93.36,0.0,11.44,0.5,,,2897.79,2897.79,100.0,0.0,2.08,0.02,1.0,0.59,0.57,0.0,100.0,0.0,0.0,0.0,0.0,,,,0.0,454.75,189.22,388.07,,,,,33.33,66.67,100.0,100.0,100.0,100.0,0.0,0.0,0.0,7650.0,0.0,1.6,1.51,0.1,0.0,0.0,0.0,0.0,,,,,,,0.0,0.0,0.0,350780,3.33,2.43,406.1,2.6,2.64,2.55,78.14,0.0,29.04,40556.5,93.43,20.32,37.16,0.0,34.53,21.75,39.77,19.66,2.51,36.96,54.59,42.31,3.1,0.0,74.98,251.09,247.48,2.21,459.2,4.36,110.45,,99.41,98.61,1.01,91.0,100.0,100.0,55.87,60.74,100.0,91.98,21.94,20.18,12.26,15.32,255.2,,12.95,69.81,30.19,8.02,4.22,58.44,99.01,98.61,98.61,86.97,100.0,86.97,11.6,0.0,1666.67,8.0,1666.67,8.0,0.01,3.04,0.0,123.46,4.33,100.0,0.21,100.0,2.16,,,,,,,,,,SAAEB,Água e Esgoto,LPU,,,,,,,,,,,,,,,,,,,,,,,,,,,,,,,,,,,,,,,,,,,,,,,,Sim
3507902,92.12,100.0,0.0,83.77,90.28,0.0,14.55,1.0,100.0,88.21,0.0,0.0,100.0,0.0,17.63,257.14,221.5,22.02,15.54,70.61,80.08,19.92,29.39,14.33,212.76,91.18,0.65,2771.5,2771.5,1.61,15.0,12.0,100.0,25.45,14.1,90.07,97.78,0.0,78.49,84.59,0.0,78.49,84.59,0.0,14.6,1.0,87.77,87.77,108.73,108.73,100.0,0.01,1.66,2.0,1.0,2.18,0.44,100.0,0.0,0.0,0.0,302.42,149.86,100.0,0.0,0.0,67.6,447.39,221.7,50.96,23398.28,59275.42,147.94,17.58,28.35,71.65,92.12,100.0,0.0,100.0,0.0,0.0,93.51,1925.0,0.0,0.86,0.88,0.06,0.0,0.0,0.0,0.0,,,,,,,0.0,0.0,0.0,350790,1.82,1.39,295.07,1.58,1.63,1.53,86.43,0.0,59.19,52329.63,88.34,39.15,68.49,0.84,0.0,44.32,77.53,19.54,1.63,0.0,44.88,42.09,13.03,61.23,80.47,228.74,228.74,2.5,400.13,4.8,128.95,0.6,100.0,100.0,1.0,90.96,100.0,100.0,64.3,100.0,96.02,64.3,23.84,15.33,15.33,16.96,198.91,0.64,16.37,71.13,28.87,35.7,16.97,279.8,95.9,100.0,100.0,100.0,100.0,100.0,17.91,0.01,,10.0,,10.0,0.45,1.97,1.2,89.04,4.2,84.95,0.0,88.44,0.0,,,,,,,,,,SAAEB,Água e Esgoto,LPU,,,3.12,78.63,49.3,129.87,,,,64.02,86.19,100.0,100.0,92.5,1235.3,0.95,1.01,0.93,266.22,75.37,54.05,,8.11,1.01,,100.0,3.36,12.36,5.21,46.15,18.46,15.38,19.23,0.77,17.73,,,0.0,,,,0.1,4.45,5.41,,0.43,24.32,Sim
3508009,93.35,100.0,61.32,94.38,100.0,67.82,10.34,1.08,99.99,90.4,76.91,100.0,100.0,10.88,12.88,139.22,123.34,13.33,10.25,77.24,96.61,3.39,22.76,9.19,107.24,88.08,0.91,1135.0,,10.07,9.0,,100.0,14.52,4.15,82.73,99.89,0.0,76.54,81.1,54.98,76.54,81.1,54.98,9.03,1.04,89.76,89.76,92.97,92.97,100.0,0.32,0.21,16.14,0.02,0.58,0.61,81.82,18.18,,7.0,0.0,0.0,,,,0.0,38.7,16.13,40.18,86666.67,26250.0,,,83.25,16.75,94.45,100.0,67.68,91.27,0.0,0.0,0.0,909.33,0.0,0.72,0.5,0.3,0.0,0.0,0.0,0.0,,,,,,,1.76,1.76,0.0,350800,3.34,3.09,482.22,2.73,2.97,2.46,81.6,-4.79,59.94,177546.64,113.27,39.56,73.46,9.41,10.68,34.93,64.85,10.65,8.64,9.43,54.54,41.33,4.13,22.42,22.28,567.71,556.69,0.97,1054.08,1.86,94.11,0.64,86.65,100.0,1.02,90.86,100.0,100.0,71.87,100.0,100.0,71.87,14.63,10.51,10.51,13.06,133.15,0.85,9.35,89.26,10.74,28.13,12.85,137.86,80.1,99.18,99.18,96.24,100.0,96.24,7.3,0.06,737.05,6.49,1075.0,6.0,,0.0,60.79,109.0,1.07,108.0,0.77,108.0,0.15,,,,,,,,,,SABESP,Água e Esgotos,SABESP,1.49,22500.0,0.82,6.48,,33.64,100.0,0.0,4.17,,80.76,100.0,100.0,4.47,1256.66,0.93,1.05,0.84,73.58,83.33,62.5,3.89,25.63,1.05,,33.39,3.34,12.83,4.39,84.95,12.14,1.46,1.21,0.24,13.45,22.01,2.09,0.0,,,,0.19,10.19,12.5,,0.25,16.67,Sim
3508108,94.5,100.0,0.0,67.05,70.68,0.0,11.36,1.01,100.0,98.1,49.27,100.0,31.49,14.94,17.31,274.41,208.84,30.1,14.83,57.84,57.49,42.51,42.16,35.69,420.37,0.0,2.01,278.28,550.0,1.0,8.0,6.2,100.0,4.5,0.4,94.5,100.0,0.0,,49.25,,,49.25,,10.4,0.61,,,67.7,67.7,100.0,0.14,0.29,3.16,1.0,1.02,0.17,40.0,60.0,0.0,0.0,40.39,22.79,100.0,0.0,30.0,40.54,69.73,39.35,41.64,36666.67,110000.0,172.66,54.86,31.77,68.23,100.0,100.0,100.0,100.0,0.0,0.0,0.0,6972.0,0.0,2.17,1.21,1.01,0.0,0.0,0.0,0.0,0.0,0.0,,,,,0.0,0.0,0.0,350810,1.81,1.81,263.2,2.15,2.33,1.92,118.58,0.0,50.03,39273.79,84.33,24.17,42.19,0.0,20.39,28.66,50.03,23.85,1.02,24.18,60.0,40.0,0.0,81.56,56.74,298.25,297.87,1.92,520.66,3.85,118.58,,100.0,100.0,1.0,93.84,53.58,98.82,83.72,85.85,84.13,97.52,14.69,14.32,12.43,13.38,233.64,,14.83,91.09,8.91,2.48,0.76,12.0,100.0,100.0,100.0,82.21,100.0,82.21,12.83,,658.33,6.42,292.59,6.33,3.0,0.08,2.01,101.3,2.03,101.3,0.19,102.55,0.45,,,,,,,,,,SAAEMB,Água e Esgoto,LPU,,,1.63,47.65,25.6,63.01,,,,16.13,100.0,100.0,100.0,23.13,4792.33,0.5,2.65,2.47,34.93,52.35,36.36,38.44,1.17,2.49,,,,,21.06,,,,,,201.21,,,100.0,100.0,60.52,1.02,0.19,5.71,13.64,0.06,0.5,36.36,Sim
3508207,86.62,99.43,3.86,87.46,100.0,4.06,12.28,1.06,100.0,90.32,77.67,100.0,100.0,12.96,14.15,191.0,172.52,15.79,12.26,77.77,89.65,10.35,22.23,9.35,122.38,93.35,2.22,,,6.57,,,100.0,,4.37,85.86,99.14,0.0,79.4,90.79,3.69,79.4,90.79,3.69,10.53,1.02,89.43,89.43,100.76,100.76,100.0,0.04,0.0,,0.0,0.78,1.06,100.0,0.0,0.0,0.0,104.84,41.69,75.37,24.63,24.63,27.19,385.57,153.33,277.32,17132.1,144587.44,367.75,367.75,38.25,20.19,84.82,97.95,0.0,90.08,0.0,0.0,0.0,429.67,0.22,0.79,0.76,0.18,0.0,0.0,0.0,0.0,,,,,,,0.0,0.0,0.0,350820,4.29,4.24,737.5,3.0,3.31,2.68,69.91,1.57,60.39,368429.89,141.35,68.95,86.38,9.31,13.84,48.78,61.11,19.71,4.4,9.79,54.67,43.75,1.57,23.71,3.76,817.47,812.68,0.98,1024.17,1.96,74.12,0.65,82.21,100.0,1.01,90.25,100.0,100.0,74.24,100.0,100.0,74.24,17.19,12.76,12.76,14.51,177.01,2.15,14.9,84.43,15.57,25.76,9.14,146.42,81.86,100.0,100.0,100.0,100.0,100.0,12.36,0.0,1027.88,6.5,,,,0.0,42.99,122.5,0.0,120.83,0.0,120.83,0.0,,,,,,,,,,SABESP,Água e Esgotos,SABESP,,,,,,,,,,,,,,,,,,,,,,,,,,,,,,,,,,,,,,,,,,,,,,,,Sim
3508306,81.98,98.98,0.0,72.2,86.57,0.0,22.35,1.02,100.0,87.43,77.48,94.53,80.21,12.22,14.5,187.48,163.95,15.77,12.93,82.48,91.93,8.07,17.52,3.89,92.77,89.73,1.29,,,1.0,,,100.0,,0.44,81.98,98.98,0.0,76.31,91.5,0.0,76.31,91.5,0.0,22.55,1.01,88.18,88.18,92.1,92.1,100.0,0.01,1.03,2.55,1.0,2.77,0.69,100.0,0.0,0.0,0.0,37.89,16.9,92.2,7.8,21.75,23.44,137.15,61.19,73.87,23600.37,78667.91,362.01,320.11,88.43,0.0,100.0,100.0,100.0,100.0,100.0,100.0,0.0,1744.3,0.0,1.1,0.55,0.66,6.3,3.83,3.13,0.0,0.02,0.0,44.31,24.55,19.76,11.38,0.96,0.96,0.0,350830,1.41,1.29,158.61,1.69,1.93,1.45,119.28,5.85,53.69,64835.85,76.6,37.73,45.01,0.0,0.0,49.26,58.76,25.85,8.7,0.0,50.06,39.5,10.44,,4.18,695.65,681.16,1.23,829.86,2.48,125.39,0.5,88.63,100.0,1.04,85.81,100.0,100.0,76.63,83.8,100.0,91.45,13.61,12.44,10.43,9.84,159.51,0.99,25.97,72.33,27.67,8.55,1.46,39.88,88.63,100.0,100.0,87.29,100.0,87.29,23.27,0.01,,,,,15.0,0.67,0.15,509.72,0.0,509.72,0.0,509.72,0.0,,,,,,,,,,PMCP,Água e Esgoto,LPU,,,,,,,,,,,,,,,,,,,,,,,,,,,,,,,,,,,,,,,,,,,,,,,,Sim
3508405,83.6,90.56,0.0,86.42,93.3,0.0,12.77,1.14,100.0,92.26,73.91,100.0,100.0,14.26,15.64,187.71,166.91,18.46,13.65,74.41,84.72,15.28,25.59,13.16,177.15,94.03,0.71,627.3,,14.57,9.7,,99.58,3.82,7.1,75.49,81.77,0.0,69.32,74.84,0.0,69.32,74.84,0.0,8.12,1.1,92.1,92.1,79.72,79.72,100.0,0.49,0.24,15.12,0.04,1.9,1.75,16.47,83.53,0.14,7.0,0.0,0.0,,,,0.0,684.52,271.9,223.06,36010.65,36010.65,,,4.35,44.45,100.0,100.0,100.0,100.0,100.0,100.0,0.0,2959.2,0.06,0.84,0.81,0.03,16.5,12.38,5.6,100.0,,,,,,,4.06,4.06,0.0,350840,4.01,3.58,653.81,3.46,3.75,3.12,86.34,19.12,55.65,242706.78,103.53,47.83,64.46,9.36,10.19,46.2,62.26,16.58,4.49,9.84,57.12,40.72,2.16,30.85,41.78,596.2,550.83,1.35,803.56,2.52,76.41,0.7,75.68,89.29,1.08,92.32,100.0,100.0,65.18,100.0,100.0,65.18,20.53,13.36,13.36,15.4,157.87,0.78,7.02,75.16,24.84,34.82,32.88,253.29,65.87,77.72,77.72,71.27,100.0,71.27,2.03,0.87,537.65,6.67,400.0,6.0,,0.0,42.31,107.81,2.05,107.81,0.72,107.55,0.24,,,,,,,,,,SABESP,Água e Esgotos,SABESP,2.04,71057.65,2.89,,24.66,145.05,19.77,80.23,15.12,35.77,84.75,100.0,100.0,98.42,1754.42,0.66,1.0,,,,32.56,11.23,,1.0,,100.0,2.18,7.96,,44.45,22.08,12.83,20.29,0.36,8.85,1.48,0.15,66.67,100.0,,2.66,0.28,,13.95,0.24,0.62,30.23,Sim
3508504,97.16,97.36,91.41,,,100.0,12.81,1.11,100.0,91.84,56.73,100.0,71.44,13.13,14.78,183.83,162.56,22.15,12.57,56.8,66.73,33.27,43.2,25.88,348.32,90.89,0.78,2000.95,,23.33,6.36,,90.28,4.75,11.75,84.69,87.68,0.0,85.19,85.37,80.09,84.48,84.66,79.38,8.93,1.09,92.84,92.84,82.09,81.43,99.2,0.22,0.48,32.38,0.09,1.36,0.44,32.76,67.24,0.19,4.0,0.0,0.0,,,,0.0,231.45,97.7,136.04,34396.69,,,,9.14,81.51,97.98,100.0,40.75,91.98,41.51,42.98,0.0,2732.7,0.01,0.75,0.65,0.12,2.89,2.01,0.51,0.0,,,56.39,20.48,6.99,16.14,0.3,0.3,0.0,350850,3.28,2.74,470.09,3.17,3.47,2.81,96.58,-0.74,48.0,186927.83,86.49,35.18,49.7,9.56,6.71,40.68,57.46,23.01,3.68,7.76,58.59,39.66,1.75,35.95,99.59,692.06,648.39,1.09,977.6,2.02,106.72,0.83,100.0,100.0,1.06,92.81,100.0,100.0,63.49,100.0,100.0,63.49,19.25,12.22,12.22,14.52,158.0,0.91,10.55,75.43,24.57,36.51,20.76,243.98,95.3,100.0,100.0,83.66,99.31,83.08,6.76,0.28,1132.4,6.85,,,,0.0,107.68,105.83,0.0,105.15,0.0,105.01,0.0,,,,,,,,,,SABESP,Água e Esgotos,SABESP,1.05,75008.24,3.02,100.0,,79.05,0.0,100.0,10.59,,98.5,100.0,81.5,100.0,1919.71,0.45,0.73,,159.19,54.01,42.35,,,0.64,,40.0,0.62,1.67,,47.7,16.52,9.48,24.52,1.78,2.4,2.31,0.31,100.0,100.0,111.48,1.75,0.5,38.33,47.06,0.27,0.0,0.0,Sim
3508603,100.0,100.0,100.0,94.26,98.9,37.71,10.36,1.1,100.0,89.87,74.05,100.0,100.0,12.33,13.74,163.91,137.85,15.43,11.42,75.85,89.05,10.95,24.15,12.07,134.74,91.15,0.46,2940.62,,14.46,10.38,,95.08,21.49,8.21,79.61,85.84,0.0,74.7,78.21,31.98,74.7,78.21,31.98,6.19,1.02,90.19,90.19,84.59,84.59,100.0,0.26,1.4,18.18,0.19,1.23,0.25,44.44,55.56,,29.0,287.34,132.58,96.78,3.22,-20.62,181.07,197.77,91.25,194.52,94603.73,220369.41,68.83,40.94,32.85,32.56,100.0,100.0,100.0,100.0,0.0,0.0,0.0,1325.61,0.0,0.78,0.34,0.48,0.0,0.0,0.0,0.0,0.0,0.0,,,,,0.0,0.0,0.0,350860,4.06,3.25,570.85,3.27,3.75,2.74,80.69,-1.16,59.71,190089.87,99.29,47.16,74.0,19.95,5.56,47.5,74.53,7.74,5.05,5.6,59.39,38.53,2.08,175.05,51.0,446.78,436.26,1.46,701.05,2.8,92.16,0.69,96.57,100.0,1.02,89.76,100.0,100.0,74.24,100.0,100.0,74.24,16.91,12.53,12.53,14.85,154.14,0.47,10.03,87.95,12.05,25.76,13.33,146.46,87.92,100.0,100.0,83.64,100.0,83.64,6.43,0.21,1282.53,9.24,,,,0.0,63.44,104.73,0.36,104.36,3.45,104.36,0.73,,,,,,,,,,SABESP,Água e Esgotos,SABESP,0.73,82688.9,2.05,91.31,20.01,60.77,40.0,60.0,0.0,12.16,99.02,100.0,100.0,100.0,,0.0,0.7,,217.13,90.91,0.0,34.66,,0.57,143.31,,1.75,4.45,,52.02,6.61,0.08,0.0,41.29,6.39,0.5,0.07,,,,,0.0,8.69,0.0,,0.73,100.0,Sim
3508702,69.71,100.0,1.69,60.87,86.73,0.67,52.5,1.0,100.0,100.0,34.12,93.88,53.3,9.3,9.28,147.47,144.33,27.2,9.89,37.13,34.12,65.88,62.87,8.21,563.15,0.0,0.9,58.15,50.0,2.31,6.52,23.36,100.0,1.02,3.93,60.95,88.09,0.0,,81.06,,,31.85,,25.02,1.0,,,93.75,17.22,18.37,0.17,2.76,2.02,1.0,0.84,0.58,100.0,0.0,0.0,0.0,79.75,41.48,100.0,0.0,0.0,39.07,204.12,106.18,33.38,39872.28,37069.15,255.95,51.75,34.47,65.53,100.0,100.0,100.0,90.0,0.0,0.0,0.0,5187.35,0.0,1.65,1.05,0.86,0.0,0.0,0.0,0.0,,,,,,,0.0,0.0,0.0,350870,1.98,1.98,165.42,1.6,1.61,1.59,80.86,0.0,54.81,35436.46,123.67,53.02,67.79,0.0,0.0,42.88,54.81,36.22,8.97,0.0,45.79,22.67,31.55,0.0,24.29,390.81,383.36,2.04,499.63,3.99,118.12,,69.57,97.64,1.03,100.0,0.0,100.0,22.09,100.0,100.0,22.09,40.8,9.01,9.01,9.01,109.53,0.0,71.41,22.09,77.91,77.91,14.33,1071.27,69.57,97.64,97.64,50.19,0.0,0.0,55.61,0.0,,8.0,,8.0,,,,100.0,10.0,100.0,30.0,100.0,0.0,,,,,,,,,,PMC,Água e Esgoto,LPU,3.94,9588.24,0.95,,100.0,37.78,98.04,1.96,45.1,37.78,89.02,100.0,100.0,0.0,9584.66,0.31,2.54,,,,7.84,,,1.95,,,,,,,,,,,,,,0.0,,,,1.16,,29.41,,0.54,13.73,Sim
3508801,100.0,100.0,100.0,83.19,79.51,,17.36,1.05,100.0,89.44,91.03,100.0,0.0,18.69,19.32,266.4,245.2,19.93,18.14,91.09,96.94,3.06,8.91,3.34,61.41,100.0,0.84,,,3.0,,,100.0,,1.0,98.28,98.13,100.0,,86.1,,,0.0,,19.42,0.0,,,98.87,0.0,0.0,0.09,1.59,3.0,1.0,1.29,0.59,56.67,43.33,0.41,7.0,100.88,47.19,100.0,0.0,29.89,37.33,189.48,88.63,181.1,77974.33,68064.04,187.83,42.66,29.58,70.42,100.0,100.0,100.0,100.0,100.0,100.0,84.66,1966.5,0.0,0.64,0.63,0.01,56.79,33.13,24.68,0.0,,,,,,,14.24,14.24,0.0,350880,1.31,1.3,203.5,1.56,1.94,1.17,119.07,0.0,60.39,35609.87,83.18,31.61,50.72,0.81,0.0,38.01,60.97,31.51,5.99,0.0,50.21,28.89,20.9,396.94,46.52,287.0,282.83,2.2,460.41,4.4,150.54,0.78,86.87,100.0,1.01,94.35,0.0,100.0,74.64,100.0,100.0,74.64,17.91,13.35,13.35,13.35,190.37,0.77,18.27,74.64,25.36,25.36,8.22,151.09,86.87,100.0,100.0,95.81,0.0,0.0,18.41,0.0,,,,,1.79,1.34,1.32,105.0,0.0,105.0,2.18,100.0,0.0,,,,,,,,,,PMC,Água e Esgoto,LPU,,,,,,,,,,,,,,,,,,,,,,,,,,,,,,,,,,,,,,,,,,,,,,,,Sim
3508900,91.96,100.0,58.82,94.35,100.0,71.07,19.76,1.1,100.0,88.15,88.48,100.0,100.0,11.4,13.09,179.44,162.99,11.91,10.54,88.67,109.93,-9.93,11.33,2.09,48.67,82.67,1.08,,,19.12,,,100.0,,3.95,83.5,100.0,15.46,74.81,79.3,56.35,74.81,79.3,56.35,9.61,1.03,89.12,89.12,91.82,91.82,100.0,0.25,0.11,12.0,0.04,4.64,1.87,100.0,0.0,2.32,7.0,0.0,0.0,,,,0.0,103.43,55.71,89.09,19178.91,18514.95,,,83.44,16.56,100.0,100.0,100.0,100.0,80.48,100.0,0.0,571.2,0.0,0.42,0.36,0.07,23.29,18.65,14.12,0.0,0.32,0.0,,,,,9.84,9.84,0.0,350890,4.24,3.96,632.76,3.16,3.42,2.88,74.68,10.19,60.72,168760.67,125.16,57.49,81.31,9.38,19.19,45.94,64.96,13.65,0.44,15.33,56.08,41.97,1.95,76.93,7.07,410.54,403.9,1.75,580.6,3.31,74.73,0.65,85.56,100.0,1.02,90.39,100.0,100.0,82.17,100.0,100.0,82.17,13.35,10.93,10.93,13.34,154.14,1.36,21.29,100.33,-0.33,17.83,3.19,79.23,76.95,94.52,94.52,92.86,100.0,92.86,11.31,0.27,628.24,6.0,,,,0.0,48.07,99.58,0.84,99.58,0.0,99.58,0.42,,,,,,,,,,SABESP,Água e Esgotos,SABESP,,,,,,,,,,,,,,,,,,,,,,,,,,,,,,,,,,,,,,,,,,,,,,,,Sim
3509007,100.0,100.0,100.0,,,100.0,9.98,1.17,100.0,92.7,67.03,100.0,100.0,11.2,13.15,149.27,127.66,15.99,10.72,69.49,82.2,17.8,30.51,17.74,187.71,92.39,0.09,2457.62,,14.51,12.92,,93.4,6.2,11.33,91.19,92.1,0.0,81.97,82.02,76.39,25.93,25.94,24.14,6.89,1.12,93.07,93.08,64.16,20.73,32.31,0.33,0.21,21.3,0.06,0.46,0.05,30.0,70.0,0.0,0.0,0.0,0.0,,,,0.0,4.1,1.59,29.43,36000.0,31200.0,,,17.09,82.91,100.0,100.0,100.0,100.0,25.22,25.47,0.0,7360.28,0.21,1.23,0.75,0.49,0.46,0.42,0.04,0.0,,,,,,,0.02,0.02,0.0,350900,3.22,1.91,297.71,3.86,3.94,3.75,119.91,2.66,37.79,164482.51,49.44,13.21,31.51,14.36,4.16,26.72,63.74,10.79,2.33,8.42,56.43,41.58,1.99,69.68,70.36,866.8,776.61,0.54,2067.47,0.97,137.38,2.75,97.7,100.0,1.12,92.54,100.0,99.93,70.32,99.89,100.0,70.4,15.63,10.7,10.69,13.14,121.81,0.1,9.34,86.45,13.55,29.6,16.0,166.1,77.77,79.74,79.74,61.92,0.0,0.0,6.41,0.02,422.4,12.8,,,24.61,2.09,15.72,100.52,0.0,100.52,0.0,100.0,0.52,,,,,,,,,,SABESP,Água e Esgotos,SABESP,,,0.79,100.0,,23.7,,,,,100.0,100.0,100.0,100.0,,0.0,0.98,0.95,0.0,0.0,0.0,,0.0,0.95,,,0.03,0.1,0.03,37.0,32.0,14.0,2.0,15.0,0.11,0.84,0.09,50.0,,,,0.2,96.87,62.5,,0.1,31.25,Sim
3509106,42.67,100.0,0.0,54.49,,0.0,13.11,1.01,46.85,79.72,0.0,0.0,0.0,0.0,2.64,56.98,56.98,10.3,2.64,25.63,25.63,74.37,74.37,16.53,253.57,0.0,0.0,,,2.0,,,86.67,,5.42,42.67,100.0,0.0,43.59,97.72,0.0,0.0,0.0,0.0,18.26,0.51,,,128.29,128.29,100.0,5.0,0.4,12.0,0.5,4.2,1.2,100.0,0.0,2.8,7.0,0.0,0.0,,,,0.0,177.78,96.0,75.54,18000.0,80000.0,,,100.0,0.0,44.76,62.95,31.23,62.95,44.76,62.95,0.0,775.0,1.07,0.76,0.9,0.84,52.0,40.0,15.85,0.0,,,,,,,6.45,6.45,0.0,350910,1.93,1.87,268.63,1.22,0.88,,63.11,0.0,61.58,18264.65,154.0,64.41,97.58,0.0,0.0,41.82,63.36,17.46,19.18,0.0,72.2,27.8,0.0,513.43,22.72,107.31,106.98,6.17,162.57,12.43,64.93,0.07,100.0,100.0,1.0,100.0,0.0,0.0,0.0,0.0,0.0,77.78,31.08,24.17,,24.17,164.28,1.31,12.18,77.78,22.22,22.22,18.26,227.08,45.45,100.0,100.0,100.0,0.0,0.0,11.04,2.8,,,,,,0.0,1.67,400.0,0.87,4800.0,0.0,400.0,0.35,,,,,,,,,,PMC,Água e Esgoto,LPU,,,3.69,0.0,1.02,382.44,,,,3.91,38.3,100.0,100.0,18.18,958.47,1.33,1.34,,422.43,54.0,15.0,5.45,,1.34,,100.0,16.36,80.0,,44.44,27.78,16.67,2.78,8.33,88.89,1.22,0.09,0.0,,,,2.67,40.0,30.0,,0.89,10.0,Sim
3509205,92.6,92.93,56.77,,,100.0,10.93,1.39,100.0,92.63,63.01,100.0,100.0,11.94,13.39,192.44,147.78,18.15,11.43,70.75,73.8,26.2,29.25,21.22,243.35,91.19,0.54,8220.89,,14.83,14.16,,88.88,20.69,10.2,82.38,83.14,0.0,74.65,74.65,74.45,45.93,45.93,45.81,7.45,1.44,92.84,92.83,62.89,37.31,59.33,0.4,0.24,29.76,0.05,0.8,0.51,1.57,98.43,0.0,0.0,182.62,76.01,100.0,0.0,0.0,48.47,376.81,156.83,53.83,141191.03,139314.86,206.33,1.88,1.37,94.54,100.0,100.0,100.0,100.0,0.0,0.0,0.0,5475.22,0.0,0.92,0.77,0.15,0.0,0.0,0.0,0.0,,,,,,,0.0,0.0,0.0,350920,3.84,2.81,440.46,4.18,4.12,4.26,108.9,2.81,45.51,262220.74,67.25,27.09,41.79,8.96,5.43,40.29,62.14,15.08,3.81,8.07,55.03,43.0,1.97,76.51,60.93,958.05,701.69,0.92,1477.73,1.58,122.49,0.92,100.0,100.0,1.32,92.89,67.47,99.94,77.71,99.92,100.0,77.77,15.36,10.7,10.7,13.16,152.32,0.68,9.95,95.61,4.39,22.23,11.5,132.93,92.68,94.59,94.59,60.42,0.0,0.0,6.5,0.04,2595.15,9.86,,,22.78,3.04,14.4,112.39,0.19,112.39,0.95,112.29,2.19,,,,,,,,,,SABESP,Água e Esgotos,SABESP,1.73,73194.99,2.5,100.0,,126.44,0.0,100.0,1.54,,100.0,100.0,100.0,100.0,1891.71,0.5,0.82,0.8,346.16,81.85,29.23,,0.0,0.8,,,,,,,,,,,,1.97,0.24,100.0,100.0,281.44,,0.66,13.54,38.46,0.06,0.4,23.08,Sim
3509254,80.23,90.16,47.15,88.98,100.0,52.29,12.35,1.12,100.0,90.21,74.16,100.0,100.0,11.69,13.31,163.08,142.59,14.86,11.02,75.35,89.55,10.45,24.65,9.75,134.88,84.76,0.73,679.56,,13.63,8.41,,99.41,6.64,5.52,73.14,90.16,16.45,67.06,75.36,39.39,67.06,75.36,39.39,9.17,1.07,91.07,91.07,84.03,84.03,100.0,0.3,0.13,29.27,0.02,1.24,0.55,38.64,61.36,0.31,7.0,12.42,5.3,71.23,28.77,28.77,11.48,108.2,46.2,113.96,39721.04,61476.83,871.34,435.95,23.35,69.03,100.0,100.0,100.0,100.0,76.92,100.0,0.0,993.08,0.0,0.56,0.52,0.05,11.95,11.02,4.86,0.0,0.17,0.0,,,,,4.16,4.16,0.0,350925,3.86,3.06,529.32,3.3,3.3,3.31,85.48,-0.34,52.83,208095.4,92.77,45.54,61.81,19.28,11.43,49.09,66.63,11.31,2.05,12.33,54.26,42.95,2.79,18.16,27.14,590.06,563.55,1.31,800.77,2.34,95.66,0.66,80.44,100.0,1.04,90.83,100.0,100.0,73.57,100.0,100.0,73.57,16.85,12.3,12.3,14.42,157.75,0.7,12.16,86.26,13.74,26.43,10.47,151.63,63.69,87.22,87.22,78.96,100.0,78.96,9.44,0.17,596.14,7.74,,,,0.0,98.54,105.23,0.67,105.23,1.21,105.23,0.0,,,,,,,,,,SABESP,Água e Esgotos,SABESP,,,1.17,79.02,,52.75,,,,,95.0,99.96,99.96,21.04,1471.97,0.53,0.71,0.55,101.64,50.03,37.93,,0.0,0.55,,99.96,4.34,11.27,6.38,39.19,23.83,26.47,10.51,0.0,16.56,1.59,0.22,100.0,,,,0.29,24.58,20.69,,0.48,34.48,Sim
3509304,,,,,,,,,,,,,,,,,,,,,,,,,,,,,,,,,,,,,,,,,,,,,,,,,,,,,,,,1.14,0.54,100.0,0.0,0.0,0.0,73.36,34.53,100.0,0.0,0.0,22.85,321.07,151.14,159.21,139535.72,279071.44,437.67,437.67,100.0,0.0,100.0,100.0,100.0,97.4,0.0,0.0,0.0,1100.0,0.0,0.65,0.59,0.06,0.0,0.0,0.0,0.0,,,,,,,0.0,0.0,0.0,350930,1.31,1.31,281.26,1.19,1.63,0.88,90.79,0.0,58.79,31563.29,110.1,32.4,64.76,0.0,10.74,29.43,58.82,29.34,1.25,9.75,54.65,43.46,1.89,6.82,42.98,190.79,188.79,2.65,381.37,5.53,92.57,0.56,99.79,99.52,1.02,90.67,0.0,97.87,85.46,96.52,100.0,88.54,16.68,14.72,14.51,15.02,183.24,1.45,9.2,90.34,9.66,11.46,6.56,64.02,99.79,99.52,99.52,100.0,0.0,0.0,9.0,0.06,946.67,6.33,737.0,6.67,6.37,0.92,2.84,100.0,4.03,100.0,0.0,105.88,0.0,,,,,,,,,,SEMAE,Água e Esgoto,LPU,1.42,17631.82,0.79,6.81,77.35,25.04,100.0,0.0,7.14,19.37,93.5,100.0,100.0,0.0,1874.33,0.61,0.98,0.7,45.32,64.63,42.86,153.41,39.68,0.98,,,,,,,,,,,,0.67,0.07,0.0,,,,0.3,28.56,21.43,,0.3,21.43,Sim
3509403,90.85,97.64,34.97,92.97,99.93,35.79,9.75,1.1,99.99,89.58,78.57,100.0,100.0,12.74,14.05,188.19,165.4,15.22,11.96,80.25,92.33,7.67,19.75,10.25,108.47,91.24,0.11,3631.33,,15.58,12.5,,99.38,35.57,10.3,88.05,97.64,9.22,81.21,87.29,31.24,81.21,87.29,31.24,7.14,1.03,89.94,89.94,91.52,91.52,100.0,0.05,0.09,35.57,0.03,,,,,,,,,,,,,,,,,,,,,,,,,,,,,,,,,,,,,,,,,,,,,,,350940,3.36,2.92,499.54,2.93,3.27,2.58,87.07,0.13,66.7,214830.19,99.68,58.09,76.6,11.42,9.47,58.28,76.85,3.64,2.7,9.5,53.7,41.76,4.54,18.24,31.65,559.61,538.5,1.41,737.96,2.81,96.91,0.62,91.64,100.0,1.04,89.86,100.0,100.0,78.45,100.0,100.0,78.45,15.59,12.21,12.21,14.31,149.98,0.23,9.75,91.93,8.07,21.55,10.72,114.67,90.89,100.0,100.0,95.1,100.0,95.1,8.0,0.12,2050.47,6.07,,,,0.0,118.58,105.0,0.0,105.0,0.0,105.0,0.0,,,,,,,,,,SABESP,Água e Esgotos,SABESP,,,,,,,,,,,,,,,,,,,,,,,,,,,,,,,,,,,,,,,,,,,,,,,,Não
3509452,91.85,100.0,52.5,91.64,100.0,51.19,47.47,1.06,100.0,92.56,78.3,100.0,100.0,9.78,11.05,182.44,166.08,11.98,9.38,78.39,93.22,6.78,18.78,1.75,89.85,92.01,0.62,442.0,,11.67,6.0,,96.35,13.83,3.1,75.73,91.4,0.0,69.22,75.53,38.67,69.22,75.53,38.67,10.91,1.01,92.25,92.25,88.58,88.58,100.0,0.08,0.19,16.0,0.05,1.59,0.83,76.92,23.08,2.64,16.0,0.0,0.0,,,,0.0,142.01,86.14,188.51,107631.14,63146.37,,,58.05,21.3,99.67,100.0,98.08,100.0,99.67,100.0,0.0,914.55,0.0,0.82,0.42,0.49,10.9,8.6,7.17,0.0,0.09,0.0,47.98,28.79,19.19,4.03,2.85,2.85,0.0,350945,3.09,2.8,433.74,2.82,3.02,2.58,91.27,-3.8,60.84,192071.13,99.05,40.03,66.66,7.4,13.31,40.41,67.3,11.38,0.7,13.43,56.94,39.6,3.47,25.65,7.49,658.03,650.29,0.92,1095.89,1.68,102.75,0.67,91.68,100.0,1.01,91.82,100.0,100.0,71.6,100.0,100.0,71.6,13.6,9.74,9.74,12.97,159.28,0.76,16.28,95.35,4.65,28.4,7.15,128.39,75.1,88.76,88.76,90.72,100.0,90.72,12.7,0.1,147.14,7.14,,,,0.0,67.25,111.67,3.36,110.0,0.0,110.0,2.27,,,,,,,,,,SABESP,Água e Esgotos,SABESP,2.75,39630.73,2.55,,,108.85,64.29,35.71,7.14,,83.0,98.1,58.86,5.84,639.62,0.98,0.57,,,,35.71,9.42,,0.58,,58.86,4.71,9.81,,30.0,20.0,20.0,10.0,20.0,118.5,,,0.0,,,,0.2,,7.14,,0.2,7.14,Sim
3509502,99.8,99.95,71.17,99.65,99.8,71.17,11.28,1.39,100.0,90.68,80.97,99.97,100.0,12.79,14.14,200.93,173.97,15.65,12.68,82.54,90.31,9.69,17.46,10.2,125.23,52.61,0.58,17429.0,,9.35,11.0,,100.0,3.16,3.27,96.61,97.14,0.0,,90.83,,,87.15,,10.29,1.23,,,91.21,85.77,94.03,0.52,3.8,14.55,1.0,0.57,0.76,0.0,100.0,0.32,25.36,475.26,208.72,95.24,4.76,4.76,132.58,358.48,157.44,115.19,,,75.43,0.0,0.0,90.35,100.0,100.0,100.0,100.0,74.6,75.0,90.2,7819.02,0.01,1.17,1.11,0.06,6.95,34.25,1.27,0.0,0.03,0.08,,,,,5.96,0.85,5.11,350950,5.46,4.26,727.72,5.87,5.22,6.65,107.58,8.33,53.03,189128.12,72.62,42.92,49.3,18.8,10.94,59.11,67.88,6.85,3.48,15.07,42.28,47.54,10.18,60.77,2541.58,382.84,268.73,3.24,439.69,6.26,109.73,0.49,98.09,99.81,1.44,90.04,99.98,99.97,78.12,98.76,99.99,79.3,16.61,13.09,12.93,14.34,185.97,0.61,12.18,86.79,13.21,20.7,12.26,163.4,94.66,96.31,96.31,79.76,89.25,71.18,12.24,0.57,24551.0,10.0,,,0.61,4.51,0.7,119.58,4.45,119.58,0.68,119.58,1.43,1.01,0.42,0.62,25.48,33.3,18.47,26.29,47.58,27.5,SANASA,Água e Esgoto,LPR,0.87,163328.83,4.0,94.28,88.03,141.33,8.79,91.21,19.34,124.42,100.0,100.0,100.0,70.09,3777.08,0.33,1.07,0.74,123.54,34.13,38.09,,42.64,1.05,,76.31,0.82,3.19,1.61,64.16,16.93,5.98,10.95,1.99,4.41,4.67,0.44,100.0,100.0,120.09,1.31,0.2,7.01,23.24,0.08,0.0,0.0,Sim
3509601,82.43,84.0,0.0,84.67,86.29,0.0,12.71,1.1,100.0,91.91,66.6,100.0,100.0,12.88,,187.76,147.0,18.47,12.3,74.49,37.7,62.3,12.35,12.76,171.0,94.72,0.62,2242.69,,6.69,10.58,,68.57,8.35,8.11,68.88,70.19,0.0,62.09,63.27,0.0,62.09,63.27,0.0,8.83,1.06,91.38,91.38,78.16,78.16,100.0,0.02,0.44,3.9,0.08,0.33,0.68,0.0,100.0,0.1,8.0,276.62,110.59,100.0,0.0,-32.06,97.98,372.82,149.04,45.71,,,134.78,1.48,1.68,90.76,100.0,100.0,100.0,100.0,100.0,100.0,0.0,7097.27,0.0,1.71,0.84,0.88,2.54,2.06,0.83,0.0,,,44.3,27.24,12.61,15.84,0.33,0.33,0.0,350960,3.11,1.98,357.19,3.28,3.49,3.0,105.45,-2.32,35.85,113479.28,60.55,24.0,33.99,23.15,5.26,39.64,56.14,19.92,4.39,8.69,57.89,40.0,2.11,66.06,77.19,565.86,536.91,1.31,801.47,2.36,118.28,0.41,79.33,79.33,1.05,93.15,100.0,100.0,59.87,100.0,100.0,59.87,22.03,12.91,12.91,14.98,154.23,1.17,11.67,69.45,30.55,40.13,23.38,299.28,63.55,63.55,63.55,78.07,98.21,76.68,9.09,0.03,819.5,10.65,,,,0.0,156.91,108.33,0.64,109.03,1.15,105.28,0.4,,,,,,,,,,SABESP,Água e Esgotos,SABESP,,,,,,,,,,,,,,,,,,,,,,,,,,,,,,,,,,,,,,,,,,,,,,,,Sim
3509700,67.09,73.13,0.0,74.43,81.13,0.0,17.65,1.21,100.0,88.24,76.9,100.0,100.0,17.2,18.22,343.93,264.13,20.9,16.07,76.9,87.19,12.81,23.1,10.18,191.84,92.94,0.92,1455.4,,11.13,9.0,,83.38,7.04,16.32,58.83,64.13,0.0,55.9,60.93,0.0,55.9,60.93,0.0,13.06,1.14,87.65,87.65,83.59,83.59,100.0,1.29,0.83,17.08,0.12,0.34,0.06,33.33,66.67,0.0,0.0,276.19,158.0,50.0,50.0,50.0,43.37,636.83,364.31,503.53,56930.0,20358.0,230.57,0.27,0.77,80.04,100.0,100.0,100.0,100.0,0.0,0.0,0.0,787.14,0.06,0.31,0.31,0.0,0.0,0.0,0.0,0.0,,,,,,,0.0,0.0,0.0,350970,5.81,3.53,757.4,4.32,4.48,4.12,74.24,0.35,35.68,190940.47,81.86,28.02,48.06,43.56,5.15,34.24,58.71,20.36,6.1,6.3,55.51,42.65,1.84,34.72,78.88,429.42,379.13,1.54,736.37,2.84,87.74,0.6,61.64,62.02,1.13,88.66,100.0,100.0,75.42,100.0,100.0,75.42,20.81,15.7,15.7,18.04,287.52,0.91,17.56,86.68,13.32,24.58,9.61,190.02,52.72,53.05,53.05,78.08,100.0,78.08,8.26,1.68,711.11,7.68,500.0,11.0,,0.0,102.3,102.41,0.0,102.22,0.0,102.22,0.18,,,,,,,,,,SABESP,Água e Esgotos,SABESP,,,2.63,100.0,,104.53,,,,,100.0,100.0,100.0,100.0,990.76,0.91,0.79,,343.05,92.41,29.37,,,0.79,,,,,,,,,,,,,,0.0,,,,0.46,0.0,15.0,,1.31,42.5,Sim
3509809,79.9,100.0,0.0,86.97,,0.0,25.55,1.0,100.0,93.97,86.1,100.0,100.0,11.6,13.47,193.4,189.9,13.47,11.6,87.68,100.0,0.0,12.32,2.13,54.53,99.7,1.07,20.0,,32.0,28.8,,100.0,1.03,6.16,79.9,100.0,0.0,,96.06,,72.13,90.24,0.0,24.18,1.01,101.29,94.82,30.3,30.3,100.0,1.25,6.7,6.0,1.0,2.51,1.34,100.0,0.0,0.0,0.0,0.0,0.0,0.0,100.0,,0.0,43.97,31.36,62.69,25000.0,23333.33,,,100.0,0.0,44.72,55.97,0.0,55.97,0.0,0.0,0.0,660.0,0.2,0.72,1.47,0.08,0.0,0.0,0.0,0.0,,,,,,,0.0,0.0,0.0,350980,2.56,2.56,,0.74,0.38,,28.99,42.95,52.65,34276.81,345.0,72.86,181.65,0.0,0.0,21.12,52.65,26.43,1.35,0.0,28.85,28.21,42.95,205.39,9.97,,308.85,1.3,,2.6,28.99,,99.34,97.62,1.0,100.0,0.0,0.0,0.0,0.0,100.0,100.0,13.72,13.72,,13.71,140.81,,26.25,99.97,0.03,0.0,0.0,0.0,99.34,97.69,97.69,25.8,31.98,17.2,41.84,0.0,,7.2,,,,0.0,4.0,100.0,0.0,100.0,0.0,100.0,0.0,,,,,,,,,,PMCNP,Água e Esgoto,LPU,2.85,5909.09,9.29,0.0,,16.84,100.0,0.0,100.0,,96.84,98.08,77.74,0.0,,0.0,0.72,,24.75,38.46,0.0,,,0.58,,,,,,,,,,,,,,,,,,0.0,53.85,0.0,,0.0,0.0,Sim
3509908,84.7,86.63,70.31,98.14,100.0,83.78,18.24,1.08,100.0,89.31,76.23,100.0,100.0,11.54,13.8,245.01,179.03,14.18,10.81,86.11,97.32,2.68,13.89,3.49,69.75,84.68,0.42,3392.0,,14.87,7.89,,100.0,53.2,3.2,75.35,85.44,0.0,74.89,76.31,63.88,74.89,76.31,63.88,9.94,1.01,90.21,90.21,88.33,88.33,100.0,0.63,0.26,28.81,0.07,3.18,1.2,36.0,64.0,0.45,2.0,45.95,26.08,100.0,0.0,47.96,4.01,596.05,338.28,340.71,20109.07,42346.67,1297.13,39.0,5.37,93.28,100.0,100.0,100.0,100.0,35.28,40.0,0.0,378.24,0.0,0.58,0.49,0.1,30.87,15.82,6.05,100.0,0.06,0.0,37.3,31.56,5.31,25.82,2.63,2.63,0.0,350990,4.99,3.73,646.66,3.81,3.82,3.79,76.2,-0.92,50.66,244754.19,97.92,43.52,66.48,30.74,13.6,44.45,67.9,8.8,2.15,13.89,55.14,42.29,2.57,36.45,17.57,557.46,552.62,1.18,851.52,2.15,86.58,0.64,84.83,99.38,1.01,90.39,100.0,100.0,78.51,100.0,100.0,78.51,14.98,11.76,11.76,14.79,197.22,0.46,17.53,98.73,1.27,21.49,5.13,106.71,69.41,81.32,81.32,81.55,100.0,81.55,11.59,0.69,2004.17,7.83,,,,0.0,399.48,105.17,2.19,105.17,0.0,105.17,0.82,,,,,,,,,,SABESP,Água e Esgotos,SABESP,,,,,,,,,,,,,,,,,,,,,,,,,,,,,,,,,,,,,,,,,,,,,,,,Sim
3509957,97.84,100.0,76.76,,,100.0,9.09,1.1,100.0,88.74,71.32,100.0,100.0,13.34,14.4,170.92,142.89,17.53,12.5,71.38,82.11,17.89,28.62,18.45,182.01,90.82,1.07,1812.17,,17.83,11.0,,91.18,89.53,12.85,87.62,96.59,0.0,84.81,85.58,78.01,84.81,85.58,78.01,5.42,1.04,91.61,91.61,75.86,75.86,100.0,0.23,0.99,46.0,0.08,1.31,0.79,100.0,0.0,0.0,0.0,57.71,21.52,100.0,0.0,0.0,35.55,162.35,60.55,74.72,28580.57,40332.87,281.29,148.45,51.37,42.09,100.0,100.0,100.0,100.0,90.71,100.0,0.0,1232.0,0.0,0.67,0.67,0.0,3.49,3.28,1.3,0.0,,,,,,,1.22,1.22,0.0,350995,3.47,2.72,473.27,3.03,3.4,2.59,87.12,-6.47,48.73,180836.79,89.9,10.99,55.94,23.09,7.67,12.22,62.22,20.86,0.53,8.53,58.92,38.12,2.96,116.14,5.09,614.1,609.29,0.32,3126.0,0.6,99.67,0.93,93.46,100.0,1.01,89.18,100.0,100.0,69.89,100.0,100.0,69.89,18.03,12.6,12.6,14.69,144.98,0.8,7.92,81.51,18.49,30.11,20.33,179.77,83.69,90.17,90.17,77.96,100.0,77.96,6.16,0.23,182.39,7.28,350.0,9.5,17.0,0.1,156.04,110.0,0.0,110.0,8.33,110.0,0.0,,,,,,,,,,SABESP,Água e Esgotos,SABESP,,,13.26,0.0,,56.45,,,,,92.82,100.0,100.0,0.0,663.5,0.84,0.48,0.42,142.15,43.86,28.57,24.08,14.94,0.48,,,,,,,,,,,,0.69,0.14,0.0,,48.17,1.2,0.84,26.84,28.57,0.31,0.84,28.57,Sim
3510005,94.61,100.0,0.0,96.68,,0.0,8.92,1.0,100.0,100.0,63.76,100.0,100.0,14.52,14.53,216.97,216.97,22.76,14.52,63.76,63.83,36.17,36.24,24.26,271.19,79.38,0.85,,,2.0,,,100.0,,0.54,94.61,100.0,0.0,95.2,,0.0,95.2,,0.0,8.75,1.0,100.0,100.0,125.45,80.04,63.8,0.99,0.05,2.5,1.0,1.37,0.99,100.0,0.0,1.39,42.0,0.0,0.0,,,,0.0,184.63,81.87,51.39,31395.69,47292.26,,,67.14,21.51,100.0,100.0,100.0,100.0,100.0,100.0,54.6,1933.33,0.13,1.58,0.72,0.91,43.09,33.14,16.46,0.0,,,,,,,5.75,5.75,0.0,351000,1.81,1.65,270.94,1.53,1.67,1.38,84.77,0.0,39.92,51246.58,107.37,43.55,47.09,0.0,33.03,40.56,43.86,22.77,1.57,30.76,49.58,38.57,11.85,63.7,55.15,431.25,431.25,2.14,466.36,4.26,105.66,0.44,93.57,99.52,1.0,100.0,100.0,100.0,67.94,100.0,100.0,67.94,20.66,14.04,14.04,14.04,188.81,0.94,81.04,67.94,32.06,32.06,2.15,217.84,93.35,99.29,99.29,94.2,100.0,94.2,87.39,0.26,166.67,6.0,,,4.5,0.0,3.0,107.36,0.47,107.36,0.0,107.4,0.0,,,,,,,,,,SAAE,Água e Esgoto,LPU,2.79,20287.6,3.97,0.78,23.35,56.57,100.0,0.0,8.54,13.21,99.36,99.63,99.63,19.37,795.64,0.75,0.63,0.59,176.69,72.17,26.83,16.06,0.74,0.6,237.42,49.99,7.01,16.19,19.51,64.29,10.5,6.3,16.81,2.1,44.75,1.24,0.2,0.0,,81.52,1.1,0.54,27.05,19.51,0.19,0.41,14.63,Sim
3510104,92.38,100.0,49.32,98.26,99.92,87.57,22.31,1.12,100.0,87.23,87.2,100.0,100.0,13.41,14.87,205.81,180.47,14.21,12.39,87.2,104.7,-4.7,12.8,2.76,66.68,91.6,0.91,836.5,,,7.0,,100.0,61.39,0.81,87.83,100.0,19.14,84.28,85.69,75.14,84.28,85.69,75.14,14.32,1.06,86.47,86.47,105.66,105.66,100.0,0.49,0.0,,0.0,3.99,2.28,100.0,0.0,0.0,0.0,277.45,131.41,100.0,0.0,0.0,213.87,129.73,61.44,92.06,23078.74,21357.83,46.76,36.98,91.38,8.62,89.36,100.0,29.28,100.0,88.34,100.0,0.0,962.0,0.0,0.89,0.91,0.09,46.03,32.6,13.64,0.0,,,,,,,8.84,8.84,0.0,351010,3.16,2.67,460.39,3.15,3.3,3.0,99.84,-1.38,46.69,229101.47,84.59,29.45,46.77,10.41,12.4,34.82,55.29,21.41,0.37,14.66,51.8,46.17,2.03,48.75,2.38,900.03,864.35,0.73,1429.33,1.44,107.18,0.88,87.43,100.0,1.04,88.51,100.0,99.95,84.92,100.0,100.0,84.92,14.69,12.46,12.47,14.38,182.71,0.9,24.98,98.02,1.98,15.08,2.76,75.72,86.54,100.0,100.0,100.0,100.0,100.0,19.47,0.43,316.67,6.0,,,,0.0,13.73,100.0,0.0,100.0,0.0,100.0,0.0,,,,,,,,,,SABESP,Água e Esgotos,SABESP,3.11,23179.65,1.0,4.81,116.67,71.99,100.0,0.0,14.29,83.98,95.52,100.0,100.0,13.62,587.86,1.33,0.78,0.63,148.98,50.68,42.86,79.81,3.9,0.66,,,,,,,,,,,,0.61,0.08,,,,,0.0,44.51,0.0,,0.89,28.57,Sim
3510153,,,,,,,,,,,,,,,,,,,,,,,,,,,,,,,,,,,,,,,,,,,,,,,,,,,,,,,,,,,,,,,,,,,,,,,,,,,,,,,,,,,,,,,,,,,,,,,,,,,,,,351015,,,,,,,,,,,,,,,,,,,,,,,,,,,,,,,,,,,,,,,,,,,,,,,,,,,,,,,,,,,,,,,,,,,,,,,,,,,,,,,,,,,,,,,,,,,,,,,,,,,,,,,,,,,,,,,,,,,,,,,,,,,,,,,,,,,,,,,Não
3510203,93.5,100.0,56.42,87.92,99.18,25.1,11.55,1.07,100.0,90.78,74.13,100.0,100.0,11.11,11.19,138.07,122.08,14.22,10.54,74.68,81.06,18.94,22.51,10.27,126.18,93.64,0.88,1726.08,,14.05,6.69,,87.29,9.98,5.33,77.29,90.84,0.0,70.51,79.51,20.33,70.51,79.51,20.33,8.72,1.01,90.63,90.63,89.85,89.85,100.0,0.09,0.27,14.28,0.06,0.55,0.73,23.64,76.36,0.91,39.0,72.44,31.15,100.0,0.0,0.0,29.62,244.6,105.16,41.95,38658.28,39251.49,337.63,30.81,7.92,92.08,94.93,100.0,66.0,100.0,90.36,100.0,0.0,3369.8,0.0,0.97,0.62,0.45,32.68,29.16,13.66,0.0,,,56.85,23.22,6.33,9.61,7.41,7.41,0.0,351020,2.78,2.26,363.26,2.99,3.27,2.69,107.92,-0.62,48.92,182372.04,75.46,36.39,45.33,8.13,8.54,48.23,60.08,16.5,2.65,11.31,55.62,41.15,3.23,18.04,33.63,835.65,829.94,0.97,1040.91,1.84,117.57,0.61,91.78,100.0,1.01,90.85,100.0,99.98,73.89,99.98,100.0,73.91,14.83,10.96,10.96,13.39,125.31,0.99,12.0,90.29,9.71,26.09,9.44,128.06,82.26,100.0,100.0,90.46,100.0,90.46,8.66,0.08,653.62,7.26,,,,0.0,77.43,109.57,0.99,107.56,0.65,107.56,0.65,,,,,,,,,,SABESP,Água e Esgotos,SABESP,,,3.15,,27.45,95.12,,,,26.11,92.4,100.0,100.0,100.0,,,1.08,,,,,24.93,,0.96,101.68,90.0,4.98,19.63,,54.75,24.01,11.21,10.03,0.0,21.57,1.11,0.1,,,,,,,,,,,Sim
3510302,86.63,100.0,36.5,80.74,98.55,15.05,16.3,1.07,100.0,90.14,78.5,100.0,100.0,11.87,13.6,155.08,139.36,14.26,11.2,78.51,95.35,4.65,21.49,6.07,108.16,91.39,2.22,2282.17,,13.25,7.0,,98.68,27.12,7.09,71.94,91.12,0.0,56.35,68.7,10.79,56.35,68.7,10.79,12.48,1.02,89.56,89.56,86.59,86.59,100.0,0.18,0.26,5.12,0.08,2.04,0.75,62.26,37.74,0.0,0.0,96.26,39.64,100.0,0.0,0.0,40.4,238.28,98.14,92.15,61215.61,30076.16,247.54,56.9,42.21,57.79,84.76,96.62,40.27,96.62,84.76,96.62,0.0,1082.18,0.04,0.75,0.85,0.04,14.55,11.64,4.68,0.0,,,77.83,13.79,4.56,,3.58,3.58,0.0,351030,4.24,3.96,651.94,2.99,3.27,2.61,70.66,-0.57,58.2,263128.58,132.37,63.89,82.37,13.8,15.05,48.27,62.23,20.24,0.73,11.37,61.43,35.48,3.09,17.11,18.05,648.61,636.04,1.22,836.18,2.12,78.63,0.62,86.96,100.0,1.02,90.86,100.0,100.0,70.36,100.0,100.0,70.36,16.17,11.37,11.37,13.84,141.21,1.86,6.71,85.64,14.36,29.64,20.95,160.5,65.01,78.48,78.48,68.18,100.0,68.18,5.27,0.1,420.43,6.04,200.0,6.0,4.0,0.03,145.18,102.48,1.21,102.48,1.9,102.48,0.87,,,,,,,,,,SABESP,Água e Esgotos,SABESP,,,1.86,31.32,43.26,69.4,,,,30.02,100.0,100.0,52.48,5.11,1614.73,0.52,0.77,,72.41,29.13,23.08,,,0.63,,100.0,5.01,13.99,,,,,,,18.37,0.77,0.1,0.0,,62.88,2.97,0.82,68.68,35.9,0.76,0.47,20.51,Sim
3510401,96.25,100.0,0.0,98.56,,0.0,14.79,1.0,99.88,99.63,51.56,91.0,100.0,13.49,16.38,223.85,205.08,26.13,14.81,61.84,62.69,37.31,38.16,20.84,327.87,0.0,0.91,600000.0,,10.82,6.0,,100.0,2930.98,6.11,96.25,100.0,0.0,,,,,77.28,,9.75,1.0,,,90.0,30.31,33.68,0.34,4.1,10.58,1.0,1.21,0.36,20.51,79.49,0.0,0.0,320.3,130.07,100.0,0.0,21.67,62.09,404.05,164.08,99.86,45500.0,122000.0,126.15,1.9,6.17,87.85,96.25,100.0,0.0,100.0,0.0,0.0,0.0,2856.12,0.0,0.76,0.7,0.09,0.0,0.0,0.0,0.0,,,,,,,0.0,0.0,0.0,351040,2.74,2.74,464.29,2.71,2.69,2.75,99.15,0.0,53.46,57586.91,100.86,32.08,53.91,0.0,18.83,31.8,53.46,23.8,2.96,18.67,49.15,39.07,11.78,107.74,164.72,232.02,221.45,2.69,389.99,5.25,112.39,0.59,94.5,100.0,1.04,90.45,100.0,99.84,81.02,100.0,100.0,81.02,17.35,14.05,14.18,15.68,170.99,1.62,13.47,90.39,9.61,18.98,7.46,112.4,90.2,95.45,95.45,86.62,38.3,33.18,12.74,0.23,,,,,,0.0,2.0,128.99,0.0,116.26,0.0,38.31,0.0,,,,,,,,,,SAAE,Água e Esgoto,LPU,0.91,93750.0,2.58,,71.11,85.39,33.33,66.67,6.25,60.72,100.0,100.0,100.0,100.0,2236.42,0.38,0.73,,,,41.67,,,0.69,,,,,,,,,,,,0.42,0.06,54.55,,,,0.21,,22.92,,0.27,29.17,Sim
3510500,88.68,89.95,0.0,92.69,94.01,0.0,9.23,1.24,100.0,93.05,72.21,100.0,100.0,10.83,8.36,256.52,191.09,14.38,10.39,83.63,69.42,30.58,11.95,9.53,95.74,91.15,0.42,11813.83,,9.78,10.5,,85.55,14.94,9.03,79.87,81.01,0.0,74.03,75.09,0.0,74.03,75.09,0.0,9.37,1.21,93.46,93.46,87.31,87.31,100.0,1.04,0.11,10.85,0.02,3.36,0.4,49.14,50.86,0.17,12.0,0.0,0.0,,,,0.0,129.83,80.63,184.01,26421.93,,,,18.4,81.3,99.44,100.0,60.03,100.0,99.44,100.0,46.15,2843.81,0.03,1.66,0.9,0.78,5.0,4.0,1.53,0.0,0.02,0.0,,,,,0.66,0.66,0.0,351050,3.72,2.57,439.45,3.77,3.74,3.8,101.32,1.04,41.21,180821.46,68.24,27.76,40.68,24.9,6.73,40.68,59.6,13.08,7.04,9.86,52.59,45.12,2.29,35.92,180.97,690.35,575.8,1.19,1011.6,2.17,104.97,0.49,81.51,85.03,1.19,93.65,100.0,100.0,65.09,100.0,100.0,65.09,17.62,10.75,10.75,14.28,244.72,0.41,9.88,86.51,13.49,34.91,20.22,224.82,69.04,72.02,72.02,85.54,100.0,85.54,9.89,1.2,4804.35,7.83,,,,0.0,165.71,99.32,0.0,99.25,1.13,98.32,0.82,,,,,,,,,,SABESP,Água e Esgotos,SABESP,4.74,59108.28,4.08,73.23,,280.04,54.53,45.47,8.15,,95.87,100.0,100.0,81.53,2879.18,0.73,1.85,1.09,92.16,22.2,15.4,41.04,69.6,1.85,823.96,6.44,2.54,17.17,12.95,12.5,12.5,12.5,12.5,50.0,51.5,5.15,0.28,44.23,97.79,35.38,,2.23,32.58,47.1,2.58,0.7,14.67,Sim
3510609,100.0,100.0,,,,,6.48,1.47,100.0,93.76,55.85,100.0,100.0,11.25,12.88,168.1,131.07,19.29,10.77,65.83,66.77,33.23,34.17,44.59,319.31,89.65,0.14,10767.32,,67.65,11.71,,94.79,6.78,10.61,94.96,94.96,,79.78,79.78,,53.87,53.87,,5.23,1.47,94.5,94.48,61.51,40.91,66.5,9.82,0.35,81.77,0.05,0.97,0.28,77.51,22.49,0.0,0.0,0.0,0.0,0.0,100.0,,0.0,432.89,167.92,205.47,23189.78,167358.92,,,16.87,33.96,100.0,100.0,,100.0,0.0,0.0,0.0,11571.77,0.0,2.39,1.6,0.79,0.0,0.0,0.0,100.0,,,,,,,0.0,0.0,0.0,351060,2.73,1.66,250.28,3.49,3.51,3.46,127.59,1.88,38.17,137738.66,47.66,14.15,29.92,15.67,3.65,29.68,62.78,11.85,2.64,7.66,58.02,40.54,1.44,44.98,290.78,876.65,592.42,0.8,1853.93,1.36,135.09,1.44,100.0,100.0,1.45,94.76,100.0,99.98,59.71,99.98,100.0,59.72,19.37,10.54,10.54,12.76,127.1,0.15,5.62,72.28,27.72,40.28,53.19,338.58,83.33,83.33,83.33,56.72,51.56,29.25,5.44,0.01,768.7,13.23,,,29.83,3.82,18.71,100.0,0.0,100.0,0.76,100.0,2.42,,,,,,,,,,SABESP,Água e Esgotos,SABESP,0.98,87484.25,4.6,100.0,,85.97,72.59,27.41,0.0,,100.0,100.0,100.0,93.09,4512.72,0.21,0.82,,136.27,47.47,21.57,,,0.82,,,,,,,,,,,,24.61,3.0,100.0,100.0,107.02,,0.06,1.04,5.84,0.01,0.04,4.06,Sim
3510708,100.0,100.0,100.0,,,100.0,12.54,1.07,100.0,90.35,84.0,100.0,100.0,11.64,13.5,208.19,184.17,13.06,10.97,86.23,103.37,-3.37,13.77,4.41,63.26,86.62,0.62,140.33,,6.08,30.67,,99.09,2.17,5.58,100.0,100.0,100.0,90.05,90.28,87.14,90.05,90.28,87.14,12.2,1.05,88.06,88.06,107.14,107.14,100.0,0.5,0.01,1.0,0.02,1.98,0.87,100.0,0.0,,7.0,80.04,46.83,100.0,0.0,0.0,66.7,120.0,70.22,76.26,38422.88,80688.04,149.93,149.93,100.0,0.0,100.0,100.0,100.0,100.0,0.0,0.0,0.0,1186.25,0.0,0.57,0.32,0.27,0.0,0.0,0.0,0.0,,,,,,,0.0,0.0,0.0,351070,3.13,2.55,422.53,2.88,3.12,2.62,92.2,0.44,52.47,209022.66,88.42,46.36,56.91,13.76,7.02,52.43,64.37,18.16,1.55,7.94,55.48,41.55,2.97,17.42,14.12,768.56,760.3,1.07,943.57,2.03,101.51,0.7,100.0,100.0,1.01,91.18,100.0,100.0,88.72,100.0,100.0,88.72,12.7,11.26,11.26,13.84,171.94,0.64,12.97,109.1,-9.1,11.28,3.24,47.56,92.59,100.0,100.0,93.92,100.0,93.92,10.65,0.87,289.67,6.0,,,,0.0,68.85,102.14,0.0,101.92,0.0,101.92,0.0,,,,,,,,,,SABESP,Água e Esgotos,SABESP,3.12,36412.89,2.94,1.13,20.05,113.75,100.0,0.0,2.86,22.81,90.9,100.0,100.0,19.06,593.45,0.71,0.45,0.37,294.12,42.37,22.86,54.08,22.24,0.45,,44.63,13.07,21.42,23.3,15.0,9.17,52.5,3.33,20.0,31.24,,,0.0,,,,1.34,22.6,42.86,,0.71,22.86,Sim
3510807,85.13,100.0,0.0,96.04,,0.0,13.6,1.05,100.0,90.66,69.77,100.0,100.0,11.94,14.58,187.92,157.15,17.12,11.94,72.42,85.14,14.86,27.58,10.95,162.64,85.69,1.09,3838.5,,0.93,8.0,,100.0,33.15,9.8,85.13,100.0,0.0,82.49,96.54,0.0,80.22,93.89,0.0,15.48,1.05,90.85,90.66,99.89,96.29,96.4,0.25,1.1,6.97,1.0,0.73,0.73,28.21,71.79,0.0,0.0,0.0,0.0,,,,0.0,175.31,77.51,99.15,98973.6,82478.0,,,21.23,78.77,100.0,100.0,100.0,100.0,85.13,100.0,0.0,581.08,0.07,0.72,0.56,0.19,7.35,5.3,3.08,0.0,,,,,,,1.72,1.72,0.0,351080,2.25,2.18,317.0,2.31,2.41,2.18,102.44,0.0,62.61,43390.26,94.53,27.85,61.12,0.0,3.68,29.46,64.66,20.98,3.28,3.9,57.17,42.83,0.0,0.0,97.67,211.69,204.42,2.23,464.62,4.45,105.79,0.27,100.0,100.0,1.04,83.56,100.0,99.43,75.76,100.0,98.32,75.76,13.68,10.31,10.31,13.21,127.56,1.26,14.65,97.01,2.99,24.24,6.75,112.37,100.0,100.0,100.0,100.0,94.13,100.0,14.58,2.16,208.33,6.0,,,6.0,0.07,1.5,165.26,0.98,165.26,0.6,226.23,0.0,0.48,1.08,0.93,2.38,5.47,0.9,4.0,10.42,61.59,ACB,Água e Esgoto,LEP,,,1.74,8.71,,69.39,,,,,92.76,99.2,99.2,93.34,,0.0,0.75,0.61,140.4,55.04,0.0,,7.13,0.66,,23.34,0.31,0.85,1.11,,,,,,2.82,3.02,0.41,,,,,0.0,36.25,0.0,,0.2,35.71,Sim
3510906,72.5,100.0,14.86,67.85,96.88,4.66,10.43,1.08,100.0,90.27,72.75,100.0,100.0,12.12,13.82,231.59,169.31,15.56,11.32,85.44,88.82,11.18,14.56,7.29,80.5,92.58,0.81,1057.0,,17.11,6.0,,98.15,98.92,7.39,67.74,100.0,0.11,55.32,78.95,3.88,55.32,78.95,3.88,9.16,1.01,90.94,90.94,87.61,87.61,100.0,0.79,0.0,,0.0,1.55,1.07,100.0,0.0,0.0,0.0,0.0,0.0,,,,0.0,80.83,46.35,36.16,23296.26,43242.42,,,100.0,0.0,98.04,100.0,93.93,100.0,0.0,0.0,0.0,1397.63,0.7,4.02,2.31,2.6,0.0,0.0,0.0,0.0,,,,,,,0.0,0.0,0.0,351090,3.71,3.16,549.21,2.98,3.33,2.59,80.38,-0.98,47.95,322145.2,105.78,36.35,59.66,10.51,20.39,34.36,56.4,16.31,1.0,19.27,57.48,39.61,2.91,14.55,1.64,1040.0,1023.55,0.6,1707.0,1.15,95.78,0.63,84.98,100.0,1.02,89.81,100.0,100.0,81.71,100.0,100.0,81.71,16.83,12.65,12.65,14.87,173.83,0.8,11.68,96.03,3.97,18.29,7.57,94.59,79.51,100.0,100.0,90.5,100.0,90.5,11.2,0.83,366.67,13.67,,,,0.0,68.17,121.67,0.0,119.17,0.0,119.17,0.0,,,,,,,,,,SABESP,Água e Esgotos,SABESP,3.49,31396.44,1.22,18.15,,109.59,100.0,0.0,,,100.0,100.0,100.0,0.0,,,0.51,,481.81,81.85,,,,0.35,,,,,,,,,,,,,,,,,,,0.0,,,,,Sim
3511003,76.53,100.0,0.0,66.7,86.51,0.0,12.12,1.02,99.99,93.79,85.54,99.99,100.0,12.81,14.91,206.03,185.62,14.97,12.81,85.71,99.58,0.42,14.29,5.43,71.66,91.73,0.6,20.0,,3.45,231.56,,92.94,0.28,1.13,76.53,100.0,0.0,,88.41,,,88.41,,11.96,0.0,,,70.77,70.77,100.0,0.04,5.49,2.03,1.0,3.2,1.33,0.0,100.0,1.02,16.0,66.41,29.23,87.76,12.24,20.17,23.77,254.13,111.86,64.99,,,382.65,153.11,26.84,47.55,88.16,100.0,49.54,100.0,76.53,100.0,0.0,2829.2,0.1,1.52,0.72,1.15,13.7,10.88,4.52,0.0,0.05,0.0,,,,,1.5,1.5,0.0,351100,2.56,1.82,293.55,3.47,3.86,3.05,135.27,2.1,37.09,56867.94,52.56,15.52,27.42,13.82,9.97,29.52,52.16,7.79,1.67,18.96,54.37,40.3,5.33,62.54,34.45,371.41,366.37,1.54,656.23,3.25,138.17,0.4,74.23,98.13,1.01,94.27,100.0,100.0,71.51,100.0,100.0,71.51,17.89,12.69,12.69,14.56,163.22,0.55,11.62,82.01,17.99,28.49,12.89,168.58,74.23,98.13,98.13,98.04,100.0,98.04,10.49,0.02,,,,,0.03,4.19,0.15,312.6,0.0,189.83,0.0,189.83,0.0,1.02,0.46,0.48,40.38,45.92,17.92,23.46,24.29,25.33,EAC,Água e Esgoto,LEP,1.51,82760.79,2.45,3.44,5.58,125.3,100.0,0.0,12.5,6.99,75.46,100.0,100.0,0.0,1455.45,0.57,0.71,0.66,467.79,96.56,37.5,70.24,7.89,0.71,216.38,,,,,,,,,,,1.0,0.14,,,,,0.0,1.46,0.0,,0.38,25.0,Sim
3511102,99.09,100.0,0.0,,,0.0,10.99,1.07,97.03,88.78,89.35,98.73,100.0,18.42,16.04,300.21,270.65,19.91,18.02,90.5,80.53,19.47,9.5,5.68,66.43,0.0,1.08,835.77,,2.0,2.0,,93.03,1.41,0.13,92.3,93.15,0.0,,,,,,,7.46,1.12,,,98.29,98.29,100.0,0.32,1.38,59.22,0.96,0.66,0.63,0.0,100.0,0.15,18.0,65.66,29.7,99.81,0.19,0.19,30.7,213.87,96.73,24.73,,,325.73,3.12,0.81,99.19,100.0,100.0,100.0,100.0,100.0,100.0,0.0,3520.14,0.04,1.13,0.92,0.21,12.12,3.52,3.61,0.0,,,,,,,0.85,0.85,0.0,351110,1.81,1.8,358.14,2.33,2.01,2.69,128.51,-1.67,65.93,73828.05,77.41,19.55,51.3,0.0,6.26,25.25,66.27,23.36,0.74,8.09,39.06,46.3,14.65,177.51,346.42,311.07,288.82,1.32,816.37,2.58,153.87,0.48,97.76,98.55,1.07,88.99,97.21,95.72,80.27,99.03,100.0,81.06,19.38,15.71,16.31,17.39,235.9,1.05,9.69,89.71,10.29,18.94,13.26,128.52,97.76,98.55,98.55,98.01,80.83,79.22,9.79,0.56,,7.0,,,,0.0,1.49,100.0,2.27,100.0,0.01,100.0,0.0,,,,,,,,,,SAEC,Água e Esgoto,LPU,,,2.6,100.0,23.24,79.87,,,,18.56,99.2,100.0,100.0,100.0,2680.21,0.4,0.91,,121.1,50.51,34.29,,,0.91,,100.0,1.36,4.53,,,,,,,5.53,6.43,0.7,100.0,100.0,49.93,2.68,0.12,6.51,10.71,0.1,0.27,23.57,Sim
3511201,99.27,100.0,82.89,,,100.0,8.59,1.04,100.0,94.64,78.73,100.0,100.0,12.92,14.42,177.01,164.6,15.91,12.53,80.29,90.63,9.37,19.71,11.2,106.97,89.24,0.63,,,12.65,,,100.0,,1.39,93.34,97.52,0.0,97.04,97.12,95.12,97.04,97.12,95.12,8.24,1.04,92.02,92.02,97.57,97.57,100.0,0.2,0.11,1.67,0.06,5.0,1.69,52.17,47.83,0.0,0.0,131.26,57.42,100.0,0.0,0.0,52.57,249.69,109.22,241.74,60165.94,60165.94,190.22,176.98,59.67,35.87,100.0,100.0,100.0,100.0,0.0,0.0,0.0,768.75,2.11,2.37,0.96,1.47,0.0,0.0,0.0,0.0,,,,,,,0.0,0.0,0.0,351120,2.76,1.99,345.52,2.78,3.04,2.52,100.59,-0.65,43.7,235263.17,71.53,34.71,43.44,24.66,10.62,48.53,60.73,14.78,0.51,14.84,54.0,44.55,1.45,13.91,5.01,1121.19,1111.4,0.72,1403.12,1.44,103.29,0.64,99.92,100.0,1.01,95.29,100.0,99.95,84.58,100.0,100.0,84.58,15.37,12.87,12.88,14.5,152.97,0.69,7.3,95.28,4.72,15.42,9.39,77.78,98.89,100.0,100.0,96.13,100.0,96.13,7.91,0.22,360.0,6.0,,,,0.0,33.1,100.83,0.0,100.83,0.0,100.83,0.0,,,,,,,,,,SABESP,Água e Esgotos,SABESP,,,0.65,,,20.84,,,,,92.17,100.0,100.0,0.0,10607.03,0.28,2.53,,,,33.33,,,2.53,,,,,,,,,,,,,,,,,,0.0,,0.0,,0.28,33.33,Sim
3511300,91.19,100.0,0.0,,,,9.31,1.0,99.63,89.73,80.8,98.17,100.0,11.86,14.68,205.68,205.68,14.68,12.08,82.3,100.0,0.0,17.7,8.72,85.42,99.33,0.83,59.54,,5.63,4.5,,100.0,1.04,1.75,91.19,100.0,0.0,,,,,,,8.16,1.03,,,238.09,79.99,33.6,2.96,1.47,2.14,0.7,0.83,0.5,50.0,50.0,0.0,0.0,513.86,228.78,100.0,0.0,23.51,81.03,485.02,215.94,34.77,35251.86,,94.39,0.0,9.37,90.63,91.19,100.0,0.0,100.0,0.0,0.0,0.0,2328.75,0.0,0.97,0.89,0.18,0.0,0.0,0.0,0.0,,,,,,,0.0,0.0,0.0,351130,,,,,,,,,,,,,,,,,,,,,,,,,,,,,,,,,,,,,,,,,,,,,,,,,,,,,,,,,,,,,,,,,,,,,,,,,,,,,,,,,,,,,,,,,,,,,,,,,,,,,,,,,,,,,,,,,,,,,,,,,,,,,,,,,,,,,,,Sim
3511409,87.57,100.0,15.41,79.41,86.99,34.29,16.97,1.62,47.4,60.04,0.0,0.0,0.0,0.0,3.02,28.16,28.16,3.02,1.21,40.0,100.0,0.0,60.0,5.48,96.67,100.0,2.93,30.0,,2.0,12.0,,100.0,0.22,0.36,85.3,100.0,0.0,,,,,,,21.72,0.0,,,135.0,135.0,100.0,3.42,0.33,2.0,1.0,1.49,0.05,68.97,31.03,0.67,12.0,88.24,40.66,100.0,0.0,0.0,95.41,92.49,42.62,42.62,32704.69,,104.81,85.42,81.5,18.5,85.3,100.0,0.0,95.59,81.54,90.28,0.0,904.0,0.05,0.34,0.38,0.01,5.56,2.78,3.79,0.0,,,,,,,1.84,1.84,0.0,351140,0.73,0.73,,0.79,1.04,0.52,107.2,0.0,36.26,53578.22,93.29,28.17,33.82,0.0,0.0,30.2,36.26,53.46,10.28,0.0,68.29,31.71,0.0,0.0,14.41,,492.93,1.69,,3.38,107.2,,99.95,100.0,1.33,97.88,0.0,94.37,68.57,70.59,97.14,97.14,30.86,29.98,22.1,26.46,239.0,,19.44,85.71,14.29,2.86,1.96,38.59,94.07,100.0,100.0,100.0,70.27,76.47,19.15,,,,,,,,,100.0,0.0,100.0,0.0,100.0,0.0,,,,,,,,,,DAE,Água e Esgoto,LPU,2.23,36224.67,2.39,,,80.88,100.0,0.0,,,89.64,94.89,94.89,0.0,,,0.45,0.29,,,,0.4,54.69,0.45,,,,,0.0,,,,,,0.0,,,,,,,,,,,,,Sim
3511508,94.73,100.0,0.0,90.65,95.69,0.0,17.25,1.02,100.0,87.83,61.43,100.0,97.3,13.09,15.21,196.52,159.68,21.31,13.09,64.15,71.38,28.62,35.85,14.4,255.7,96.99,0.78,1000.0,,1.18,6.0,,89.03,5.35,4.11,94.73,100.0,0.0,,92.39,,,92.39,,13.93,1.02,,,82.31,82.31,100.0,0.7,0.38,1.66,1.0,2.74,1.23,100.0,0.0,0.0,0.0,167.29,68.46,100.0,0.0,0.0,146.42,114.26,46.76,51.39,18749.7,37914.44,68.3,68.3,100.0,0.0,100.0,100.0,100.0,100.0,100.0,100.0,0.0,4930.0,0.02,0.88,0.66,0.23,8.09,7.36,3.34,0.0,,,55.91,13.74,5.26,17.68,2.3,2.3,0.0,351150,1.97,1.97,359.77,2.34,2.29,2.4,119.21,2.46,62.61,68535.85,83.89,40.95,52.52,0.0,8.83,48.82,62.61,20.86,5.56,10.52,48.74,50.07,1.19,8.85,107.73,304.27,303.15,2.57,390.22,5.07,117.68,0.55,91.21,96.18,1.01,88.69,98.66,100.0,63.62,100.0,98.66,63.62,21.14,13.15,13.15,15.14,162.78,0.77,18.81,73.22,26.78,36.38,12.77,248.66,88.84,93.69,93.69,83.1,100.0,83.1,15.18,0.57,,11.75,,,,0.58,1.35,114.05,3.46,111.49,0.0,113.39,2.23,,,,,,,,,,SAAEC,Água e Esgoto,LPU,,,1.94,0.0,,60.03,,,,,100.0,100.0,100.0,7.85,,,0.69,,108.7,45.93,,,,0.66,,100.0,7.13,18.09,,38.4,30.77,5.49,24.23,1.11,19.9,1.54,0.22,,,,,,51.45,,,,,Sim
3511607,83.48,99.14,30.7,83.93,100.0,30.53,16.48,1.09,100.0,90.04,90.28,100.0,100.0,12.35,14.08,175.08,155.0,12.92,11.66,91.0,109.0,-9.0,9.0,2.4,41.49,94.48,2.62,2364.0,,7.98,6.5,,99.51,32.63,6.67,64.62,83.79,0.0,60.19,71.72,21.88,60.19,71.72,21.88,12.53,1.03,89.18,89.18,82.44,82.44,100.0,0.43,0.13,8.0,0.07,2.78,0.1,38.64,61.36,0.0,0.0,27.69,12.15,100.0,0.0,0.0,264.66,10.46,4.59,247.02,121181.21,41950.82,37.78,35.26,49.76,43.08,100.0,100.0,100.0,100.0,0.0,0.0,0.0,1232.68,0.0,0.69,0.67,0.02,0.0,0.0,0.0,0.0,0.0,0.0,,,,,0.0,0.0,0.0,351160,4.71,3.98,677.2,3.09,3.37,2.72,65.51,-2.83,47.99,279151.07,129.01,54.12,73.25,29.88,13.42,41.95,56.78,26.11,1.0,10.4,58.06,37.02,4.92,17.75,14.89,725.99,707.89,1.04,982.64,1.89,76.0,0.72,83.77,100.0,1.02,90.58,100.0,100.0,83.44,100.0,100.0,83.44,14.63,11.88,11.88,14.34,153.69,2.11,18.78,100.7,-0.7,16.56,3.89,79.37,67.21,99.55,99.55,77.78,100.0,77.78,8.67,0.67,75.71,6.0,110.0,6.0,,0.0,30.95,100.67,1.32,100.67,0.0,100.67,0.17,,,,,,,,,,SABESP,Água e Esgotos,SABESP,,,4.28,77.09,54.46,194.83,,,,106.1,100.0,100.0,100.0,0.0,1300.54,0.82,0.91,,220.15,37.54,23.81,63.23,,0.61,,9.79,0.21,0.7,,,,,,,0.88,0.96,0.11,81.82,100.0,91.27,1.73,1.8,45.47,52.38,0.97,0.65,19.05,Sim
3511706,99.05,100.0,86.34,,,100.0,11.44,1.06,100.0,90.86,74.94,100.0,100.0,13.14,14.45,196.52,174.65,16.66,12.49,75.82,86.72,13.28,24.18,11.66,140.2,94.61,2.05,4793.0,,20.86,8.33,,100.0,65.34,10.5,79.45,85.38,0.0,75.38,75.67,71.4,75.38,75.67,71.4,7.42,1.01,90.39,90.39,70.06,70.06,100.0,0.86,0.21,12.91,0.04,2.04,1.36,40.0,60.0,,30.0,197.48,86.73,97.53,2.47,2.47,337.28,58.55,25.71,125.03,18900.0,18900.0,29.65,14.82,17.06,82.94,93.05,100.0,0.0,100.0,0.0,0.0,0.0,1119.67,0.0,0.58,0.53,0.09,0.0,0.0,0.0,0.0,0.0,0.0,,,,,0.0,0.0,0.0,351170,4.55,4.67,819.06,3.13,3.39,2.77,68.69,0.36,64.8,245160.05,149.35,78.92,94.34,7.69,11.48,52.84,63.17,20.09,4.24,7.69,60.71,36.7,2.59,16.66,23.91,473.83,470.4,1.78,566.45,3.19,72.77,0.61,100.0,100.0,1.01,90.93,100.0,100.0,61.84,100.0,100.0,61.84,21.23,13.13,13.13,15.06,159.8,1.71,11.84,70.94,29.06,38.16,20.57,268.18,81.07,89.36,89.36,68.13,96.95,66.06,6.35,0.48,726.55,6.0,,,,0.0,148.34,102.07,0.68,101.84,0.9,101.84,0.9,,,,,,,,,,SABESP,Água e Esgotos,SABESP,,,1.86,27.3,49.98,53.45,,,,26.71,94.87,100.0,100.0,49.23,1561.95,0.58,1.14,0.94,105.6,68.41,23.08,16.0,16.07,1.09,,98.95,9.23,38.47,17.86,,,,,,64.12,0.11,0.01,0.0,,117.6,0.64,0.06,2.82,2.56,0.01,0.64,25.64,Sim
3511904,98.35,98.29,100.0,,,80.0,9.81,1.0,100.0,100.0,36.43,100.0,36.43,33.66,16.34,498.27,498.27,90.81,33.08,36.43,18.0,82.0,63.57,177.21,1900.81,0.0,0.0,,,2.0,,,100.0,,0.31,98.35,98.29,100.0,,,,,,,10.25,0.98,,,32.52,32.52,100.0,0.0,0.77,2.0,1.0,1.46,0.6,100.0,0.0,1.19,8.0,0.0,0.0,0.0,100.0,,0.0,110.46,49.02,62.5,32949.7,82374.24,,,87.07,0.0,94.84,98.29,0.0,98.29,94.84,98.29,0.0,146.83,0.42,0.45,0.36,0.12,32.73,25.96,24.86,0.0,0.71,0.0,,,,,14.86,14.86,0.0,351190,1.43,1.33,,1.8,2.32,1.28,126.11,8.14,45.13,55079.91,73.99,22.12,35.79,0.0,0.8,29.9,48.37,47.46,3.08,1.09,64.41,35.59,0.0,29.3,9.71,,568.26,1.09,,2.17,124.16,,95.31,100.0,1.06,100.0,100.0,99.06,81.69,99.04,100.0,82.48,14.45,11.92,11.8,11.8,140.82,0.0,10.4,81.69,18.31,17.52,8.46,88.3,95.31,100.0,100.0,99.04,100.0,99.04,9.69,0.0,,,158.33,6.67,0.05,1.04,1.37,100.0,0.0,100.0,0.0,100.0,0.0,,,,,,,,,,PMC,Água e Esgoto,LPU,1.22,28031.74,1.07,,88.98,34.13,100.0,0.0,10.0,30.37,95.31,100.0,100.0,7.26,2121.41,0.37,0.72,,,,30.0,100.0,,0.72,,100.0,4.75,12.42,,,,,,,18.99,0.2,0.03,0.0,,,,0.24,,20.0,,0.37,30.0,Sim
3512001,,,,,,,,,,,,,,,,,,,,,,,,,,,,,,,,,,,,,,,,,,,,,,,,,,,,,,,,3.9,0.11,100.0,0.0,0.33,6.0,87.85,35.8,100.0,0.0,0.0,262.43,33.47,13.64,134.96,28571.58,122450.0,38.1,38.1,84.21,0.0,95.29,100.0,1.77,100.0,95.29,100.0,0.0,375.3,0.0,1.09,1.0,0.15,19.49,14.26,5.34,0.0,,,,,,,3.41,3.41,0.0,351200,1.73,1.71,319.57,1.62,1.7,1.53,93.72,0.0,47.18,36162.68,105.46,47.95,50.34,1.78,30.12,45.46,47.73,20.92,1.62,28.56,48.7,38.94,12.36,129.16,58.8,237.07,236.8,4.02,248.9,8.02,105.19,0.27,87.84,94.06,1.0,93.64,100.0,100.0,55.41,100.0,100.0,55.41,26.43,14.65,14.65,16.47,207.46,0.82,20.75,62.29,37.71,44.59,17.44,387.93,87.84,94.06,94.06,100.0,100.0,100.0,19.21,1.34,,,,,,0.0,6.4,100.0,0.0,100.0,0.65,107.54,0.0,,,,,,,,,,SAEC,Água e Esgoto,LPU,4.81,19203.26,2.12,4.15,24.59,92.41,100.0,0.0,3.61,22.73,93.39,100.0,100.0,2.09,1493.61,0.7,0.91,,68.11,24.49,14.46,143.11,,0.91,,35.71,2.04,6.78,,66.67,18.8,10.26,4.27,0.0,6.96,2.22,0.24,0.0,,,,3.59,71.37,74.7,,0.35,7.23,Sim
3512100,92.32,100.0,73.82,87.92,99.7,58.07,9.26,1.07,100.0,91.08,78.77,100.0,100.0,14.22,15.36,184.11,166.8,17.03,13.42,78.82,90.17,9.83,21.18,11.69,126.56,84.73,0.75,,,21.36,,,98.73,,8.65,89.8,100.0,65.23,77.94,88.39,51.48,77.94,88.39,51.48,9.9,1.1,85.26,85.26,94.96,94.96,100.0,0.14,0.11,3.0,0.03,6.05,0.67,39.39,60.61,1.67,10.0,38.14,19.78,80.95,19.05,50.7,5.05,460.14,238.71,309.98,28561.43,50512.72,1206.58,170.47,15.75,84.25,88.35,100.0,60.3,100.0,88.35,100.0,0.0,798.0,0.29,0.32,0.34,0.03,42.56,25.04,34.0,0.0,,,,,,,18.8,18.8,0.0,351210,4.11,3.53,645.61,2.8,3.08,2.49,68.09,0.0,49.6,255501.81,126.3,55.64,72.85,19.69,17.09,44.06,57.68,13.67,9.52,13.53,55.45,42.31,2.24,27.21,6.55,686.16,678.6,1.13,898.3,2.22,78.81,0.7,95.96,100.0,1.01,93.37,100.0,99.96,63.87,99.91,100.0,63.93,22.22,13.35,13.34,15.45,168.2,0.76,9.94,73.99,26.01,36.07,21.65,250.44,93.38,100.0,100.0,96.8,100.0,96.8,11.38,0.3,807.75,6.5,,,,0.0,80.56,121.67,1.03,120.83,0.0,120.0,0.0,,,,,,,,,,SABESP,Água e Esgotos,SABESP,,,,,,,,,,,,,,,,,,,,,,,,,,,,,,,,,,,,,,,,,,,,,,,,Sim
3512209,83.87,88.01,0.0,82.92,86.72,0.0,14.71,1.0,99.43,89.36,90.72,100.0,0.0,17.63,18.16,248.93,165.88,19.27,17.48,90.88,94.25,5.75,9.12,3.79,57.96,38.96,14.19,85.71,161.11,7.5,0.14,0.28,3.37,0.98,7.81,94.1,98.75,0.0,,84.31,,,80.93,,13.56,1.01,,,157.88,157.88,100.0,1.39,2.75,0.35,1.0,0.87,0.24,61.29,38.71,0.0,0.0,0.0,0.0,,,,0.0,208.27,83.25,87.36,110736.28,310061.59,,,64.14,29.86,100.0,100.0,100.0,100.0,93.11,7.23,0.0,5263.3,1.24,0.99,0.76,0.25,48.09,32.92,16.2,0.0,,,,,,,8.45,8.45,0.0,351220,0.8,0.69,,0.86,1.09,0.61,108.5,0.0,47.58,36945.57,79.77,38.24,43.85,0.0,0.0,47.94,54.97,34.36,10.67,0.0,67.16,32.84,0.0,109.21,57.91,,332.97,2.62,,5.21,125.36,,98.65,99.96,1.0,,0.0,100.0,95.62,95.62,100.0,100.0,25.88,25.88,24.75,25.88,299.18,,16.5,100.0,0.0,0.0,0.0,0.0,97.5,99.45,99.45,89.22,91.82,81.92,17.03,,,7.0,384.62,7.0,0.75,0.04,3.06,100.0,3.19,100.0,5.15,100.0,0.74,,,,,,,,,,PMC,Água e Esgoto,LPU,1.02,97579.74,2.84,74.75,,99.4,70.37,29.63,3.7,,98.0,100.0,100.0,77.51,4286.72,0.26,0.97,0.73,216.43,77.15,25.93,17.27,29.01,0.94,110.24,100.0,1.72,6.11,3.13,30.86,17.28,37.65,7.41,6.79,8.6,1.56,0.16,0.0,,,,0.49,19.43,48.15,,0.11,11.11,Sim
3512308,98.3,100.0,92.16,86.91,100.0,38.96,20.31,1.09,100.0,89.26,85.74,100.0,100.0,11.61,13.5,161.27,139.73,12.71,10.9,85.74,106.22,-6.22,14.26,2.9,64.66,90.74,1.41,3872.43,,13.47,6.86,,99.39,57.92,2.9,68.58,87.62,0.0,62.87,72.33,28.21,62.87,72.33,28.21,11.59,1.02,89.23,89.23,86.47,86.47,100.0,0.51,0.16,20.09,0.04,2.16,1.07,39.02,60.98,0.0,0.0,101.58,46.43,82.21,17.79,0.0,46.88,263.59,120.5,71.43,146392.54,20913.22,259.5,45.04,22.99,77.01,91.02,95.51,74.83,95.51,0.0,0.0,0.0,1461.9,0.0,0.52,0.54,0.04,0.0,0.0,0.0,0.0,,,,,,,0.0,0.0,0.0,351230,5.53,4.81,787.82,3.09,3.44,2.7,55.89,-0.84,60.09,323975.78,155.65,87.03,107.52,24.33,15.04,55.92,69.08,13.12,3.81,9.66,56.31,40.52,3.17,9.36,17.29,595.33,579.35,1.4,735.43,2.72,68.61,0.67,72.11,88.99,1.03,89.16,100.0,100.0,66.26,100.0,100.0,66.26,16.77,11.11,11.11,13.84,150.97,1.1,13.88,82.56,17.44,33.74,12.35,191.26,68.36,84.37,84.37,89.51,100.0,89.51,8.05,0.65,411.5,6.0,363.41,6.0,,0.0,67.06,102.78,0.34,102.43,0.34,102.43,0.68,,,,,,,,,,SABESP,Água e Esgotos,SABESP,,,2.28,15.45,33.36,83.01,,,,27.69,81.02,89.66,86.21,17.49,770.61,0.69,0.53,0.51,235.07,54.72,50.0,22.66,4.16,0.53,,49.66,4.06,7.84,17.47,30.34,36.94,19.96,1.58,11.17,32.41,2.66,0.5,0.0,,,,0.21,22.46,15.0,,0.14,10.0,Sim
3512407,99.0,99.0,98.92,100.0,,80.58,12.74,1.09,99.63,91.69,49.36,89.25,100.0,10.85,13.8,166.9,148.76,21.0,11.61,55.51,65.71,34.29,44.49,25.64,335.58,0.0,0.8,16226.67,,5.0,10.0,,94.26,150.11,1.19,97.36,100.0,40.43,87.75,88.62,69.2,87.16,88.62,55.8,12.52,1.04,89.3,90.65,114.09,114.09,100.0,1.56,2.78,5.09,1.0,2.91,0.56,7.14,92.86,0.37,9.0,152.85,61.49,90.95,9.05,0.0,74.6,225.28,90.63,505.14,133507.19,85014.38,147.39,16.5,4.55,95.45,100.0,100.0,100.0,100.0,95.57,100.0,0.0,1262.1,0.08,0.69,0.69,0.0,0.26,0.21,0.1,0.0,,,,,,,0.08,0.08,0.0,351240,1.86,1.86,285.82,1.93,1.98,1.87,103.93,0.0,66.59,63184.24,96.22,37.2,64.07,0.0,0.0,38.67,66.59,27.07,6.34,0.0,56.99,43.01,0.0,0.0,54.25,331.97,321.45,1.81,571.75,3.6,103.93,0.57,100.0,100.0,1.04,91.57,100.0,97.82,80.85,96.16,100.0,84.08,17.15,14.37,14.17,14.18,175.39,1.32,7.15,83.0,17.0,15.92,12.45,92.58,100.0,100.0,100.0,95.48,0.0,0.0,7.11,0.0,1050.0,8.75,,,,0.0,0.96,101.19,0.0,101.19,0.0,101.19,0.0,,,,,,,,,,SAAE,Água e Esgoto,LPU,2.72,115151.92,4.41,100.0,17.73,313.61,3.33,96.67,8.33,55.59,95.92,100.0,100.0,100.0,4767.48,0.45,1.89,0.83,78.2,17.16,16.67,4.75,111.7,1.77,114.38,50.0,1.07,7.35,3.35,17.28,17.28,17.28,30.86,17.28,10.89,1.17,0.06,100.0,100.0,159.98,,0.54,16.67,20.0,0.33,0.73,26.67,Sim
3512506,95.58,100.0,69.89,91.69,100.0,40.78,10.43,1.06,100.0,91.46,91.03,100.0,100.0,12.82,14.27,172.12,154.59,13.38,12.18,91.51,106.62,-6.62,8.49,3.44,39.66,89.38,1.04,,,6.38,,,97.37,,2.34,94.53,100.0,62.7,82.47,89.92,36.87,82.47,89.92,36.87,8.29,1.07,87.0,87.0,95.63,95.63,100.0,0.15,0.0,,0.0,0.85,0.43,66.67,33.33,0.0,0.0,0.0,0.0,,,,0.0,181.32,84.73,217.25,81760.34,,,,46.17,9.94,85.32,100.0,0.0,100.0,0.0,0.0,0.0,722.67,0.0,1.08,0.58,0.68,0.0,0.0,0.0,0.0,,,,,,,0.0,0.0,0.0,351250,3.21,2.94,507.74,2.9,3.23,2.56,90.18,-0.11,67.45,298408.73,101.6,66.77,74.79,5.86,8.76,65.72,73.62,10.51,0.23,8.62,55.13,42.48,2.39,11.42,5.04,798.35,786.65,1.13,894.22,2.24,98.1,0.62,85.74,100.0,1.01,91.65,100.0,100.0,84.02,100.0,100.0,84.02,14.87,12.49,12.49,14.41,160.52,0.88,9.4,96.91,3.09,15.98,7.64,79.28,84.04,100.0,100.0,95.21,100.0,95.21,9.65,0.09,500.0,6.0,,,,0.0,33.88,100.0,0.0,100.0,0.0,100.0,0.0,,,,,,,,,,SABESP,Água e Esgotos,SABESP,1.63,110156.15,4.31,1.79,,179.63,100.0,0.0,,,100.0,100.0,100.0,0.0,,,0.64,,,,,20.83,,0.52,97.84,,,,,,,,,,,,,,,,,,,,,,,Sim
3512605,94.34,100.0,67.25,86.79,98.29,27.68,12.51,1.06,100.0,90.85,57.8,100.0,100.0,9.35,11.74,128.58,116.85,15.3,8.84,58.0,76.75,23.25,42.0,15.87,224.84,86.95,1.31,1746.0,,8.57,8.0,,100.0,97.73,2.74,77.51,93.7,0.0,72.93,82.45,24.01,72.93,82.45,24.01,11.15,1.01,92.78,92.78,104.46,104.46,100.0,0.0,1.0,6.0,0.67,3.94,4.31,93.1,6.9,0.0,0.0,80.11,41.67,100.0,0.0,0.0,27.72,288.95,150.29,151.15,31925.4,30857.29,360.69,297.93,79.91,20.09,81.02,97.95,0.0,97.95,24.8,29.97,0.0,1221.83,0.47,2.34,1.27,1.58,152.11,112.68,10.03,0.0,,,,,,,3.27,3.27,0.0,351260,3.68,3.62,530.68,2.73,3.01,2.43,74.09,-2.18,63.09,155709.99,132.51,53.6,85.16,7.55,13.86,40.45,64.27,15.67,4.24,10.46,56.45,41.62,1.93,13.74,6.36,456.54,453.16,1.39,725.37,2.67,81.7,0.63,83.47,100.0,1.01,91.99,100.0,100.0,74.2,100.0,100.0,74.2,12.76,9.47,9.47,12.27,120.36,1.66,13.9,96.14,3.86,25.8,6.86,109.06,77.29,100.0,100.0,100.0,100.0,100.0,11.91,0.0,376.0,6.4,,,,0.0,11.37,112.08,0.0,110.0,0.38,110.0,0.0,,,,,,,,,,SABESP,Água e Esgotos,SABESP,7.46,37037.04,5.56,,10.0,276.4,100.0,0.0,,27.64,77.29,100.0,100.0,1.56,362.94,1.38,0.44,,,,18.52,,,0.44,,44.22,12.82,20.45,,36.49,29.73,20.27,8.65,4.86,29.85,1.14,0.26,,,,,,,,,,,Sim
3512704,76.92,100.0,34.68,67.07,86.49,30.39,12.92,1.01,100.0,91.1,51.11,100.0,95.48,13.14,12.29,227.56,158.73,24.04,12.29,53.46,51.11,48.89,46.54,26.86,370.04,94.15,0.11,1488.0,,8.0,6.0,,96.0,88.6,0.06,64.67,100.0,0.0,,75.08,,,75.08,,15.2,0.5,,,48.11,48.11,100.0,0.15,0.05,4.0,1.0,3.97,3.4,73.68,26.32,0.0,0.0,0.0,0.0,,,,0.0,306.8,146.03,128.51,39841.27,40472.87,,,80.38,19.62,54.87,82.61,4.1,82.61,54.87,82.61,0.0,356.0,0.0,0.46,0.82,0.01,61.25,42.54,20.57,0.0,,,,,,,14.04,14.04,0.0,351270,1.55,1.55,159.14,2.39,1.54,,154.12,35.32,58.58,22538.47,64.88,18.55,38.01,0.0,14.22,28.59,58.58,5.21,14.3,21.91,64.68,35.32,0.0,195.17,11.27,241.79,233.05,2.09,495.36,3.68,99.69,0.23,99.09,99.09,1.03,78.88,0.0,100.0,76.92,92.31,100.0,83.33,16.9,14.08,13.0,15.17,177.28,0.0,13.0,89.74,10.26,16.67,7.12,95.23,99.09,99.09,99.09,88.46,100.0,88.46,19.09,0.43,502.0,8.0,,,,0.0,,100.0,3.33,100.0,0.0,100.0,12.5,,,,,,,,,,PMC,Água e Esgoto,LPU,8.67,9706.39,0.75,5.88,,84.17,100.0,0.0,10.53,,54.03,100.0,100.0,0.0,745.47,1.37,0.88,0.88,160.22,60.81,15.79,1.71,0.0,0.88,,100.0,12.86,41.08,14.29,44.44,22.22,11.11,11.11,11.11,45.64,,,0.0,,,,2.28,33.3,26.32,,1.83,21.05,Sim
3512803,97.47,100.0,0.0,74.21,76.13,0.0,8.44,1.07,99.95,92.11,37.28,53.36,100.0,12.29,22.91,284.36,246.42,32.79,22.91,74.98,69.89,30.11,25.02,32.29,287.41,0.0,0.64,2187.5,,0.51,7.0,,100.0,10.75,8.35,97.47,100.0,0.0,74.21,76.13,0.0,19.08,19.57,0.0,9.79,1.08,90.63,46.78,114.51,28.63,25.0,0.02,2.93,1.6,0.99,0.1,0.15,60.0,40.0,,7.0,302.5,130.71,100.0,0.0,50.0,349.45,43.28,18.7,66.49,,127183.28,14.31,14.31,24.92,61.74,100.0,100.0,100.0,100.0,0.0,0.0,0.0,2998.23,0.18,1.21,0.72,0.5,0.0,0.0,0.0,0.0,0.0,0.0,,,,,0.0,0.0,0.0,351280,1.06,1.06,212.58,1.45,1.86,1.03,136.81,0.0,58.32,61938.74,73.1,34.36,42.63,0.0,3.39,47.0,58.32,28.23,8.82,4.63,63.89,34.79,1.32,107.9,89.33,499.64,403.33,2.0,619.93,3.98,138.64,0.51,96.88,96.87,1.25,92.68,100.0,99.92,42.11,48.95,100.0,86.02,25.86,21.13,10.35,16.66,228.78,0.73,8.91,67.82,32.18,13.98,13.77,140.67,92.73,96.87,96.87,77.33,0.0,0.0,9.11,0.04,,,,,24.0,0.72,6.0,100.0,0.0,100.0,0.0,100.0,0.0,,,,,,,,,,DAE,Água e Esgoto,LPU,1.31,38643.41,2.21,73.87,46.34,50.68,57.95,42.05,6.82,23.48,92.94,100.0,100.0,0.0,1533.95,0.36,0.47,,174.04,58.97,27.27,0.01,,0.47,,,,,,,,,,,0.0,1.55,0.33,0.0,,,,0.4,12.58,30.68,,0.24,18.18,Sim
3512902,77.99,100.0,0.0,77.71,100.0,0.0,20.33,1.0,100.0,100.0,33.33,100.0,0.0,11.71,12.66,167.84,167.84,35.14,11.71,33.33,36.02,63.98,66.67,37.89,770.16,0.0,0.21,,,10.0,,,100.0,,0.64,77.99,100.0,0.0,,100.0,,,100.0,,20.04,0.0,,,33.26,33.26,100.0,1.12,0.07,9.6,1.0,0.29,0.57,100.0,0.0,0.0,0.0,64.56,31.25,100.0,0.0,0.0,107.25,60.19,29.13,52.8,129639.41,32276.92,93.24,59.08,67.77,26.05,77.99,100.0,0.0,86.97,67.83,86.97,0.0,6549.0,0.11,2.0,1.76,0.8,360.84,205.49,48.83,0.0,,,,,,,19.09,19.09,0.0,351290,1.83,1.83,,1.91,2.05,1.62,104.43,-9.4,55.18,61083.96,95.76,23.67,52.84,0.0,0.0,24.72,55.18,41.02,3.8,0.0,72.63,27.37,0.0,,11.16,,541.12,0.83,,1.66,114.25,,68.55,100.0,1.0,,0.0,100.0,0.0,0.0,100.0,95.05,12.62,12.0,0.0,12.62,237.85,,13.58,100.0,0.0,4.95,1.51,20.57,68.55,100.0,100.0,50.0,100.0,50.0,13.58,,,10.0,,,,0.0,,118.06,0.0,118.06,0.0,100.0,0.0,,,,,,,,,,PMC,Água e Esgoto,LPU,,,,,,,,,,,,,,,,,,,,,,,,,,,,,,,,,,,,,,,,,,,,,,,,Sim
3513009,99.09,100.0,67.95,,,100.0,15.48,1.46,100.0,93.16,64.71,100.0,100.0,11.77,,173.11,140.69,17.4,11.26,68.43,37.19,62.81,14.91,15.38,264.3,88.88,0.16,4882.76,,14.64,10.92,,96.05,3.96,9.95,68.49,70.49,0.0,53.94,54.0,51.9,31.43,31.47,30.23,10.92,1.55,94.18,94.15,41.61,23.82,57.25,0.13,0.2,24.29,0.08,0.63,1.24,0.37,99.63,0.44,30.0,0.0,0.0,,,,0.0,1117.38,482.5,87.91,97500.0,97500.0,,,0.12,99.88,100.0,100.0,100.0,100.0,23.78,24.48,0.0,14088.96,0.0,4.03,2.03,2.06,41.02,39.55,1.32,100.0,,,,,,,0.64,0.64,0.0,351300,4.18,2.83,462.23,4.28,4.32,4.18,102.39,-0.18,43.2,324344.45,66.04,26.03,42.19,16.07,6.08,39.41,63.9,10.58,5.25,9.21,67.47,30.78,1.75,99.55,136.99,1098.15,758.93,0.81,1780.32,1.19,120.01,1.63,100.0,100.0,1.41,94.13,100.0,99.98,63.71,99.99,100.0,63.71,18.54,11.47,11.47,13.95,152.56,0.16,13.89,77.52,22.48,36.29,19.14,302.14,53.03,53.03,53.03,37.69,44.99,16.96,10.42,0.17,428.15,11.17,,,21.45,2.82,14.98,100.43,1.13,100.07,1.64,100.07,1.35,,,,,,,,,,SABESP,Água e Esgotos,SABESP,1.47,226662.93,9.91,100.0,,333.8,0.0,100.0,11.17,,100.0,100.0,100.0,100.0,2225.64,0.62,1.18,,,,41.96,,,1.18,,100.0,1.98,8.53,,45.57,20.53,7.59,25.73,0.57,10.04,,,100.0,,,,0.18,,12.53,,0.18,12.53,Sim
3513108,98.42,100.0,0.0,98.14,99.72,0.0,11.8,1.02,99.99,90.53,44.5,94.57,95.0,17.13,19.37,248.14,212.37,38.5,18.12,48.67,50.32,49.68,51.33,52.73,664.33,14.11,1.29,166.67,,1.87,8.33,,89.45,1.24,2.37,98.42,100.0,0.0,99.55,,0.0,96.74,98.29,0.0,10.75,1.0,92.75,91.37,130.54,130.54,100.0,0.03,2.08,42.04,0.91,0.95,0.44,46.81,53.19,0.0,0.0,0.0,0.0,,,,0.0,242.78,94.6,89.48,18418.64,45869.72,,,10.86,89.14,100.0,100.0,100.0,100.0,0.0,0.0,0.0,1554.68,0.0,1.24,0.6,0.65,0.0,0.0,0.0,48.54,,,,,,,0.0,0.0,0.0,351310,1.67,1.6,395.25,1.44,1.63,1.22,86.31,-1.01,40.35,47862.24,111.17,34.25,46.75,4.69,19.72,30.81,42.05,39.23,0.99,17.73,53.68,34.1,12.22,0.0,84.62,287.96,285.17,2.57,393.02,5.14,99.32,0.37,97.51,100.0,1.01,94.39,100.0,100.0,59.52,80.65,100.0,73.8,30.13,22.24,17.93,22.24,259.91,1.95,11.91,73.8,26.2,26.2,19.65,262.15,97.51,100.0,100.0,84.99,100.0,84.99,11.91,0.61,187.5,6.25,166.67,8.0,4.0,0.04,0.0,100.0,100.0,100.0,0.0,100.0,100.0,,,,,,,,,,SAAE,Água e Esgoto,LPU,,,,,,,,,,,,,,,,,,,,,,,,,,,,,,,,,,,,,,,,,,,,,,,,Sim
3513207,82.28,100.0,0.0,66.27,80.54,0.0,15.51,1.0,100.0,100.0,60.0,100.0,100.0,19.9,11.61,268.82,242.68,33.17,19.9,60.0,35.0,65.0,40.0,27.4,436.25,100.0,0.63,56.67,,2.0,3.0,,100.0,1.88,0.17,80.69,98.06,0.0,,79.9,,,79.9,,15.57,0.0,,,61.25,61.25,100.0,0.02,1.42,2.06,1.0,,,,,,,,,,,,,,,,,,,,,,,,,,,,,,,,,,,,,,,,,,,,,,,351320,0.92,0.92,,0.67,0.86,0.45,72.39,0.0,54.28,38446.05,136.98,43.73,74.98,0.0,2.92,31.92,54.74,31.13,11.65,2.14,61.08,27.35,11.57,0.0,12.0,,463.55,1.26,,2.47,81.86,,71.93,98.73,1.0,,85.19,100.0,71.85,100.0,100.0,71.85,19.77,14.21,14.21,14.5,215.27,,14.4,73.33,26.67,28.15,12.54,183.81,71.93,98.73,98.73,87.63,100.0,87.63,14.74,,,7.08,,6.67,,,,100.0,0.0,100.0,0.0,118.33,0.0,,,,,,,,,,PMCP,Água e Esgoto,LPU,,,1.0,100.0,,51.53,,,,,72.85,100.0,100.0,98.36,,0.0,0.27,0.26,491.8,92.59,0.0,78.69,1.67,0.27,,100.0,0.49,0.48,0.83,,,,,,0.8,,,,,,,0.0,0.0,0.0,,2.23,100.0,Não
3513306,96.05,100.0,87.95,,,100.0,17.63,1.07,100.0,87.84,85.67,100.0,100.0,13.14,14.22,204.87,174.78,14.36,12.3,85.67,99.0,1.0,14.33,3.87,72.62,93.09,0.85,,,34.08,,,100.0,,1.75,93.33,100.0,79.63,90.09,91.0,88.0,90.09,91.0,88.0,12.55,1.04,85.96,85.96,102.65,102.65,100.0,0.39,0.08,5.0,0.05,10.47,2.82,42.86,57.14,0.0,0.0,122.58,56.94,100.0,0.0,0.0,16.97,722.18,335.48,653.36,155870.74,41039.75,589.13,203.11,43.27,56.73,100.0,100.0,100.0,100.0,81.35,100.0,0.0,232.5,0.0,0.6,0.55,0.07,34.64,28.87,13.95,0.0,,,,,,,10.75,10.75,0.0,351330,2.79,2.16,389.4,3.03,3.35,2.69,108.24,-0.6,45.92,284438.45,71.26,32.29,42.42,8.28,10.42,45.31,59.53,15.77,0.34,14.62,55.24,43.29,1.47,10.52,1.31,1227.03,1222.46,0.62,1612.0,1.23,121.84,0.57,90.5,100.0,1.0,88.21,100.0,100.0,75.43,100.0,100.0,75.43,17.68,13.33,13.33,15.09,190.19,0.67,19.17,85.39,14.61,24.57,6.73,143.32,88.71,100.0,100.0,100.0,100.0,100.0,14.6,0.45,400.0,6.0,,,,0.0,7.48,100.0,0.83,100.0,0.0,100.0,0.83,,,,,,,,,,SABESP,Água e Esgotos,SABESP,,,3.46,38.18,,399.42,,,,,100.0,100.0,100.0,22.49,752.93,2.18,1.49,,321.29,43.64,17.65,1.34,,0.99,,100.0,5.29,28.69,,50.63,17.72,13.92,8.86,8.86,29.05,2.98,0.2,100.0,,,,7.26,36.36,58.82,,0.73,5.88,Sim
3513405,100.0,100.0,100.0,89.09,89.82,54.77,10.38,1.03,99.66,90.89,37.69,99.63,0.0,12.18,13.72,154.91,131.87,32.13,12.15,37.83,42.71,57.29,62.17,60.92,678.91,0.0,0.58,,,10.61,,,87.78,,7.66,97.57,100.0,0.0,87.31,89.16,0.0,87.31,89.16,0.0,10.43,1.02,90.14,89.08,132.17,74.01,56.0,0.07,0.94,1.28,1.0,0.71,0.27,72.97,27.03,0.03,2.0,130.44,53.29,50.0,50.0,51.43,70.85,178.82,73.06,33.35,29484.0,71396.2,137.09,3.5,20.74,79.26,100.0,100.0,100.0,100.0,97.57,100.0,0.0,6025.6,0.0,1.29,0.54,0.78,0.94,0.45,0.47,0.0,0.0,0.0,50.6,18.45,1.49,28.57,0.09,0.09,0.0,351340,1.34,1.34,225.85,1.57,1.99,1.06,116.68,0.0,53.2,45058.44,85.7,41.83,45.59,0.0,30.29,48.81,53.2,6.25,3.91,35.34,62.39,27.89,9.72,29.9,148.76,375.04,363.14,2.53,408.71,4.94,129.25,1.14,100.0,100.0,1.03,90.86,0.0,99.73,38.24,99.92,100.0,38.27,32.76,12.54,12.56,14.92,143.21,0.06,10.48,45.56,54.44,61.73,60.28,686.27,97.45,100.0,100.0,99.92,0.07,0.07,10.37,0.0,,,,,,0.0,0.96,145.42,0.0,148.68,0.0,105.63,0.0,,,,,,,,,,SAAE,Água e Esgoto,LPU,,,4.59,41.52,,114.25,,,,,100.0,100.0,100.0,48.97,7826.54,0.15,1.0,0.48,106.41,34.16,9.23,,104.19,0.98,,100.0,1.27,4.67,3.55,31.42,17.62,5.45,8.88,36.63,6.38,1.43,0.14,0.0,,74.18,,0.31,16.71,19.23,0.26,0.62,38.46,Sim
3513504,92.59,92.7,0.0,90.29,90.4,0.0,7.96,1.37,100.0,92.42,44.06,100.0,100.0,14.14,,261.52,141.38,30.66,13.51,64.84,7.69,92.31,5.24,56.07,486.07,91.15,0.37,3372.0,,13.24,6.0,,98.84,8.0,7.63,59.28,59.35,0.0,56.99,57.06,0.0,56.99,57.06,0.0,6.99,1.45,93.17,93.17,55.29,55.29,100.0,0.59,0.46,25.82,0.05,1.44,0.59,4.7,95.3,0.39,45.0,186.02,76.68,96.32,3.68,35.0,19.48,644.26,265.57,194.08,66582.22,87398.24,346.35,5.94,1.62,85.47,100.0,100.0,100.0,100.0,100.0,100.0,0.0,4579.77,0.41,0.98,0.8,0.18,4.25,3.5,1.45,0.0,,,,,,,0.98,0.98,0.0,351350,5.32,2.95,578.1,4.38,4.8,3.63,82.31,15.8,35.2,197245.28,67.39,27.25,42.77,38.08,8.17,40.44,63.46,8.45,5.06,12.13,69.38,29.55,1.06,106.65,119.26,537.63,394.2,1.62,843.66,2.53,84.88,0.06,85.17,85.17,1.3,93.05,100.0,99.99,55.15,99.98,100.0,55.16,29.58,15.13,15.13,17.09,175.39,3.35,7.57,62.3,37.7,44.84,62.31,527.63,54.44,54.44,54.44,50.89,100.0,50.89,8.04,0.71,9225.7,6.5,419.25,9.33,15.0,0.01,420.19,106.46,0.1,106.46,2.35,106.46,1.17,,,,,,,,,,SABESP,Água e Esgotos,SABESP,1.87,111258.81,2.87,100.0,,208.55,3.27,96.73,3.67,,100.0,100.0,100.0,100.0,4014.54,0.3,1.04,0.64,283.76,51.71,15.92,,61.73,1.04,,100.0,1.51,5.74,3.05,40.4,43.52,7.72,8.36,0.0,7.17,2.78,0.27,100.0,100.0,193.69,0.99,0.89,25.44,47.35,0.27,0.2,10.61,Sim
3513603,59.02,100.0,0.0,29.73,50.18,0.0,8.46,1.0,0.0,63.8,0.0,0.0,0.0,,19.61,249.73,213.37,19.61,13.65,81.47,100.0,0.0,18.53,10.89,119.46,0.0,0.1,333.33,666.67,8.0,8.0,8.0,100.0,7.28,0.49,59.02,100.0,0.0,,78.27,,,0.0,,7.42,0.0,,,56.0,0.0,0.0,0.0,0.45,6.67,1.0,1.43,0.53,73.08,26.92,0.0,0.0,142.25,84.23,100.0,0.0,0.0,53.53,265.74,157.35,45.11,31469.34,,186.81,0.0,22.28,77.72,59.02,100.0,0.0,100.0,0.0,0.0,0.0,1166.37,0.04,0.43,0.72,0.0,0.0,0.0,0.0,0.0,,,,,,,0.0,0.0,0.0,351360,0.68,0.68,99.77,0.8,0.8,,117.69,0.0,62.92,39952.94,84.97,40.83,53.46,0.0,0.0,48.05,62.92,12.35,24.73,0.0,100.0,0.0,0.0,,11.78,636.45,636.45,1.2,833.39,2.06,117.69,,55.64,100.0,1.0,69.82,0.0,0.0,0.0,0.0,40.98,90.75,23.28,20.95,,20.95,249.87,0.13,10.94,90.75,9.25,9.25,4.9,70.25,29.15,52.4,52.4,44.99,47.87,21.54,7.71,,3600.0,20.0,,,,0.0,,100.0,100.0,100.0,2.32,100.0,100.0,,,,,,,,,,PMC,Água e Esgoto,LPU,,,,,,,,,,,,,,,,,,,,,,,,,,,,,,,,,,,,,,,,,,,,,,,,Sim
3513702,90.71,100.0,0.0,83.81,92.06,0.0,13.82,1.0,92.87,85.86,66.39,97.41,92.48,20.99,20.02,313.35,262.26,29.37,20.02,68.4,68.16,31.84,31.6,21.6,305.6,24.83,0.81,533.33,,1.03,8.33,,100.0,3.86,5.75,89.3,98.45,0.0,83.66,91.91,0.0,76.97,84.56,0.0,13.32,1.0,87.06,87.06,91.3,84.0,92.0,0.13,1.35,1.2,1.0,1.86,0.64,50.0,50.0,0.0,0.0,72.17,31.48,98.33,1.67,1.67,44.61,161.77,70.55,90.97,47120.58,66363.11,224.14,58.17,39.33,60.67,100.0,100.0,100.0,100.0,0.0,0.0,100.0,1157.48,0.0,1.17,0.78,0.43,0.0,0.0,0.0,100.0,0.0,0.0,,,,,0.0,0.0,0.0,351370,1.37,1.37,273.49,1.07,1.29,0.81,78.45,0.0,50.42,45714.29,127.47,41.54,64.27,0.0,24.4,32.59,50.42,28.34,2.09,19.14,65.72,33.06,1.22,80.07,76.58,331.51,330.88,1.95,512.88,3.88,79.41,0.64,90.25,99.74,1.0,88.01,80.63,88.13,66.14,90.71,99.26,72.91,25.18,18.36,18.89,18.36,254.15,0.76,14.97,72.91,27.09,27.09,14.7,224.62,89.12,99.11,99.11,79.98,0.0,0.0,14.41,0.06,,6.25,,6.25,,2.49,0.49,161.3,0.34,182.5,4.83,100.0,0.16,,,,,,,,,,SEMARH,Água e Esgoto,LPU,1.83,75513.86,3.6,41.66,,138.04,85.45,14.55,3.64,,89.23,100.0,100.0,0.0,1831.74,0.5,0.78,,265.77,55.03,27.27,,,0.78,,,,,,,,,,,,4.23,0.54,5.88,5.24,329.96,0.93,0.57,39.41,30.91,0.16,0.33,18.18,Sim
3513801,100.0,100.0,,,,,6.85,1.53,100.0,91.58,59.53,100.0,100.0,10.97,12.63,157.5,127.57,17.44,10.38,62.91,72.43,27.57,37.09,43.42,325.01,90.57,0.19,12397.67,,21.53,12.16,,97.55,7.09,6.75,98.98,98.98,,94.53,94.53,,80.69,80.69,,4.43,1.45,90.23,90.23,77.7,66.48,85.56,0.03,0.09,61.06,0.02,1.2,0.02,13.59,86.41,0.04,18.0,174.78,71.75,100.0,0.0,0.0,48.22,362.48,148.8,87.87,71641.79,,207.39,5.1,6.57,90.93,100.0,100.0,,100.0,100.0,100.0,0.0,4164.03,0.0,1.04,0.75,0.29,2.69,1.6,0.98,0.0,,,,,,,0.42,0.42,0.0,351380,2.78,1.74,272.8,4.08,3.96,4.2,146.88,4.65,36.69,213778.88,42.56,15.06,24.98,5.42,2.32,35.38,58.69,14.08,4.23,5.46,49.17,49.59,1.24,68.46,238.89,1335.25,908.37,0.66,2215.1,1.29,156.81,1.85,100.0,100.0,1.47,92.29,100.0,99.85,68.45,99.74,100.0,68.63,15.59,10.59,10.57,13.06,135.33,0.2,6.61,84.62,15.38,31.37,32.07,233.81,94.23,94.23,94.23,75.75,52.69,39.91,4.27,0.02,649.13,12.25,,,28.61,5.43,19.8,100.93,0.64,100.93,0.36,100.93,1.14,,,,,,,,,,SABESP,Água e Esgotos,SABESP,,,5.41,94.95,27.42,135.41,,,,37.13,100.0,100.0,100.0,2.0,2875.02,0.29,0.74,,155.72,31.14,28.41,45.81,,0.74,,,1.13,3.07,,,,,,,5.42,3.61,0.49,100.0,100.0,156.07,1.22,0.36,15.64,34.32,0.14,0.03,3.18,Sim
3513850,88.48,100.0,37.83,87.27,99.86,26.8,13.62,1.07,99.86,90.38,88.57,100.0,100.0,12.79,14.05,209.01,187.03,13.56,12.01,89.41,103.62,-3.62,10.59,3.4,50.33,90.92,0.76,,,1.0,,,100.0,,0.79,78.49,96.34,0.0,75.9,86.94,22.88,75.9,86.94,22.88,11.33,1.06,86.06,86.06,97.94,97.94,100.0,0.16,0.0,,0.0,6.73,1.83,100.0,0.0,0.0,0.0,0.0,0.0,,,,0.0,716.6,387.77,151.03,18567.57,170957.96,,,81.12,0.0,100.0,100.0,100.0,100.0,81.47,100.0,0.0,308.6,0.0,1.55,1.26,0.36,31.04,24.83,5.52,0.0,,,,,,,3.59,3.59,0.0,351385,2.06,1.16,184.0,2.72,2.99,2.43,131.79,0.68,24.81,78926.84,42.67,13.25,18.83,13.95,9.21,31.05,44.13,17.39,0.48,21.59,54.89,43.21,1.91,20.8,1.42,972.01,962.87,0.73,1381.5,1.44,148.84,0.7,82.93,100.0,1.01,91.3,100.0,100.0,91.06,100.0,100.0,91.06,11.89,10.83,10.83,13.22,167.99,0.62,16.5,111.18,-11.18,8.94,1.93,35.28,80.48,100.0,100.0,100.0,100.0,100.0,12.72,0.01,,,,,,0.0,11.42,100.0,0.0,100.0,0.0,100.0,0.0,,,,,,,,,,SABESP,Água e Esgotos,SABESP,,,2.7,2.43,,223.58,,,,,75.74,100.0,100.0,0.0,399.36,2.95,1.01,0.79,292.46,48.16,28.57,1.0,28.21,1.01,,,1.0,3.68,,20.0,60.0,10.0,0.0,10.0,,1.82,0.18,0.0,,41.67,1.92,2.95,32.94,28.57,1.77,1.47,14.29,Sim
3513900,72.97,100.0,13.54,70.83,100.0,5.85,10.67,1.09,100.0,86.42,74.76,100.0,100.0,12.93,14.03,206.27,167.65,15.99,11.95,81.55,87.76,12.24,18.45,9.27,105.86,92.05,0.1,683.0,,6.68,7.0,,100.0,17.52,8.26,64.06,93.2,0.0,54.77,77.31,4.55,48.14,67.95,4.02,8.12,1.01,86.59,86.58,86.05,75.64,87.9,0.08,0.43,14.31,0.17,0.51,0.54,100.0,0.0,0.0,0.0,0.0,0.0,,,,0.0,139.96,62.63,100.9,105121.17,42649.11,,,46.52,53.48,81.5,96.97,47.5,96.97,0.0,0.0,0.0,1582.5,0.0,0.77,0.82,0.14,0.0,0.0,0.0,0.0,,,,,,,0.0,0.0,0.0,351390,3.43,2.8,482.48,3.03,3.35,2.66,88.37,-0.7,56.27,226292.26,92.52,57.45,63.67,14.2,14.57,62.09,68.82,1.83,5.83,15.75,56.78,39.55,3.66,12.72,9.42,681.54,679.69,1.33,755.41,2.51,100.42,0.72,75.21,100.0,1.0,86.91,100.0,100.0,80.8,100.0,100.0,80.8,16.39,12.41,12.41,14.44,165.85,0.09,11.57,94.07,5.93,19.2,7.8,97.19,66.71,99.68,99.68,84.11,89.91,75.62,8.62,0.04,973.33,8.33,,,,0.0,245.09,124.49,0.41,124.49,0.61,123.99,0.0,,,,,,,,,,SABESP,Água e Esgotos,SABESP,1.07,78493.46,2.05,64.03,,84.19,100.0,0.0,,,89.72,100.0,100.0,0.0,,,0.88,,242.35,92.62,,,,0.66,,52.29,5.83,18.77,,,,,,,26.81,0.51,0.06,,,,,,6.1,,,,,Sim
3514007,97.68,100.0,0.0,,,0.0,13.33,1.05,97.09,97.78,88.26,95.56,88.26,13.58,14.62,197.79,197.79,14.62,13.5,92.36,100.0,0.0,7.64,2.76,38.48,0.0,8.95,362.0,,4.0,6.0,,100.0,9.23,0.56,97.68,100.0,0.0,,,,,,,12.98,0.0,,,80.0,0.0,0.0,0.01,0.18,5.0,1.0,0.34,1.0,100.0,0.0,0.0,0.0,10.36,4.15,100.0,0.0,11.39,7.75,118.46,47.45,48.58,141684.13,47228.04,1143.1,1143.1,100.0,0.0,100.0,100.0,100.0,100.0,0.0,0.0,0.0,1014.0,0.0,0.62,0.53,0.09,0.0,0.0,0.0,85.21,,,,,,,0.0,0.0,0.0,351400,0.56,0.56,194.87,0.56,0.74,0.37,99.17,28.87,41.2,39642.62,100.83,23.64,41.54,0.0,33.56,23.45,41.2,23.36,2.16,33.28,63.74,31.9,4.36,103.92,12.3,493.8,449.57,1.27,867.64,2.53,73.76,0.36,97.77,100.0,1.1,93.51,0.0,100.0,80.23,100.0,83.97,80.23,35.87,28.78,28.78,28.78,331.37,0.52,13.09,80.23,19.77,19.77,19.44,256.12,97.77,100.0,100.0,100.0,100.0,100.0,10.61,0.08,,,,,,0.0,4.0,106.1,0.83,101.68,0.0,104.17,0.0,,,,,,,,,,PMD,Água e Esgoto,LPU,1.6,25327.28,1.57,3.38,5.85,40.62,100.0,0.0,0.0,2.37,97.77,100.0,100.0,0.0,1064.96,1.03,0.94,0.94,114.2,96.62,64.29,1.7,0.0,0.94,,,,,,,,,,,,0.38,0.04,,,,,0.0,0.0,0.0,,0.57,35.71,Sim
3514106,100.0,100.0,100.0,84.78,84.61,88.96,12.8,1.04,100.0,85.9,57.4,100.0,20.51,12.21,13.97,178.96,159.63,20.46,11.74,57.6,68.26,31.74,42.4,21.42,296.6,25.34,1.07,962.5,,4.0,6.0,,100.0,8.4,0.91,96.0,100.0,0.0,75.66,78.8,0.0,75.66,78.8,0.0,12.04,1.05,84.83,84.91,121.93,121.93,100.0,0.14,2.27,3.0,1.0,1.17,1.45,20.63,79.37,0.29,7.0,0.0,0.0,,,,0.0,157.02,79.58,53.57,54717.9,38145.7,,,16.51,69.52,97.36,100.0,34.1,100.0,96.0,41.91,0.0,846.25,0.08,0.75,0.53,0.24,12.57,8.38,6.38,0.0,,,,,,,2.95,2.95,0.0,351410,1.45,1.45,236.94,1.68,1.62,1.75,115.9,-12.56,61.17,45524.81,86.28,38.87,52.78,0.0,0.0,45.05,61.17,32.94,4.7,0.0,53.24,46.76,0.0,141.78,61.78,314.09,313.94,2.35,426.49,4.68,130.46,0.67,94.46,99.76,1.0,88.93,0.0,100.0,58.95,100.0,100.0,58.95,20.69,12.2,12.2,14.97,151.53,0.84,13.41,72.36,27.64,41.05,19.32,279.22,94.38,99.68,99.68,99.83,100.0,99.83,14.05,0.17,257.14,6.0,285.71,6.43,2.2,0.35,,138.89,1.1,138.89,1.25,100.0,2.71,,,,,,,,,,SAAEDOCO,Água e Esgoto,LPU,2.13,51154.52,4.44,71.66,,108.78,29.09,70.91,7.27,,94.69,100.0,100.0,14.83,629.3,1.28,0.72,0.56,219.25,53.07,60.0,51.4,28.25,0.72,523.89,38.66,2.64,6.96,5.84,27.78,27.78,38.89,5.56,0.0,11.99,1.02,0.14,100.0,,,,0.19,7.11,9.09,,0.43,20.0,Sim
3514205,99.73,100.0,97.48,,,100.0,11.22,1.06,99.95,91.81,87.33,100.0,100.0,12.16,13.6,198.36,180.92,13.21,11.54,87.39,102.97,-2.97,12.61,4.81,57.81,92.59,0.5,1115.0,,1.0,7.0,,100.0,96.12,1.03,99.56,100.0,95.8,92.31,92.46,90.91,92.31,92.46,90.91,11.7,1.03,90.23,90.23,102.73,102.73,100.0,0.21,0.0,,0.0,4.47,3.11,87.5,12.5,0.0,0.0,10.55,5.43,100.0,0.0,0.0,0.95,1105.21,568.82,636.1,139579.56,186106.08,10472.92,9137.45,87.25,12.75,100.0,100.0,100.0,100.0,0.0,0.0,10.42,320.0,0.0,1.17,0.7,0.52,0.0,0.0,0.0,0.0,,,,,,,0.0,0.0,0.0,351420,2.6,2.3,372.97,2.64,2.87,2.41,101.66,-8.43,60.03,414693.56,86.78,47.64,59.05,4.35,9.99,54.89,68.04,9.78,2.31,11.51,53.76,44.55,1.68,18.87,1.24,1634.12,1624.43,0.5,2025.5,0.98,118.86,1.15,100.0,100.0,1.01,92.27,100.0,100.0,83.17,100.0,100.0,83.17,13.75,11.43,11.43,13.52,181.47,0.38,13.56,98.33,1.67,16.83,5.34,76.5,98.91,100.0,100.0,100.0,100.0,100.0,13.71,0.0,,,,,,0.0,11.33,100.0,0.0,100.0,0.0,100.0,0.0,,,,,,,,,,SABESP,Água e Esgotos,SABESP,4.58,18266.74,1.45,,,83.58,100.0,0.0,,,97.21,100.0,100.0,0.0,,,0.31,,,,,12.56,,0.3,,,,,,,,,,,,,,,,,,,,,,,,Sim
3514304,97.46,100.0,58.32,,,100.0,9.19,1.08,100.0,89.73,72.79,100.0,100.0,12.67,13.89,209.43,188.52,16.37,11.92,72.93,84.86,15.14,27.07,16.02,158.03,91.96,1.36,3983.33,,6.78,6.33,,100.0,93.96,10.78,96.24,100.0,38.28,92.2,92.43,88.66,92.2,92.43,88.66,8.71,1.03,90.16,90.16,96.53,96.53,100.0,0.27,0.16,3.33,0.04,0.78,0.78,50.0,50.0,0.0,0.0,0.0,0.0,,,,0.0,138.27,68.91,96.45,77826.29,30172.67,,,25.49,74.51,93.9,100.0,0.0,100.0,0.0,0.0,0.0,2284.0,0.0,3.82,2.0,2.07,0.0,0.0,0.0,0.0,,,,,,,0.0,0.0,0.0,351430,3.82,3.31,564.51,3.03,3.34,2.72,79.42,0.1,55.0,280232.59,109.15,56.5,69.26,25.11,10.42,51.76,63.45,20.41,0.01,9.54,54.4,43.15,2.46,15.11,9.19,782.37,761.38,1.07,959.07,2.12,80.72,0.62,98.76,100.0,1.03,90.17,100.0,100.0,69.53,100.0,100.0,69.53,17.49,12.16,12.16,14.24,166.65,1.57,13.72,81.45,18.55,30.47,11.85,179.9,96.83,100.0,100.0,99.04,100.0,99.04,10.41,0.27,1098.0,6.0,,,,0.0,141.61,101.33,0.0,100.67,0.99,100.0,0.33,,,,,,,,,,SABESP,Água e Esgotos,SABESP,1.73,60066.75,2.52,42.82,,103.69,57.14,42.86,0.0,,91.4,100.0,100.0,0.0,431.31,0.99,0.36,0.36,445.2,57.18,57.14,46.3,0.0,0.36,,,,,,,,,,,,,,,,,,0.0,39.92,0.0,,0.74,42.86,Sim
3514403,97.42,100.0,65.66,99.7,,54.64,11.63,1.02,99.07,87.81,61.56,99.11,100.0,13.04,15.02,224.36,177.69,20.62,12.81,68.2,72.85,27.15,31.8,17.15,219.37,100.0,0.69,,,0.75,,,93.29,,0.36,92.57,100.0,0.91,94.18,,0.81,94.18,,0.81,11.97,1.0,91.02,91.1,96.7,96.7,100.0,0.09,1.14,0.5,1.0,1.07,0.91,100.0,0.0,0.95,38.0,182.21,88.42,100.0,0.0,19.22,56.79,259.2,125.79,87.48,44118.53,26711.36,142.26,27.6,34.02,39.23,86.79,92.67,14.29,92.67,85.72,92.67,97.11,1348.58,0.02,0.95,0.74,0.33,39.83,11.7,14.59,100.0,,,,,,,2.89,2.89,0.0,351440,2.04,1.97,290.78,2.5,3.1,1.79,122.35,4.54,56.48,59889.54,78.86,44.52,46.16,0.0,13.45,56.46,58.54,19.44,0.49,17.06,64.7,31.22,4.08,57.01,107.83,351.83,351.83,2.74,364.79,5.36,125.72,0.58,100.0,100.0,1.0,91.6,100.0,100.0,58.9,100.0,100.0,58.9,19.38,11.39,11.39,13.08,155.86,0.74,10.94,67.64,32.36,41.1,21.34,261.31,92.34,100.0,100.0,96.0,100.0,96.0,10.9,0.14,,,,,,0.0,0.5,108.81,1.26,104.51,0.0,109.83,0.13,2.31,0.79,0.9,4.5,6.65,3.21,5.36,196.04,24.33,EMDAEP,Água e Esgoto,LPR,2.15,38589.05,3.07,3.19,49.25,83.05,95.7,4.3,,40.91,92.34,100.0,100.0,7.28,,,1.31,1.2,67.25,38.65,,,8.98,1.31,,99.98,4.36,20.83,7.93,,,,,,34.74,2.54,0.19,,,,,,58.16,,,,,Sim
3514502,97.17,100.0,71.37,91.4,97.8,30.72,11.01,1.07,99.99,89.65,69.57,100.0,100.0,11.02,13.0,160.59,141.9,14.93,10.38,70.52,87.12,12.88,29.48,13.15,154.58,92.94,0.55,4228.6,,9.79,8.8,,96.09,75.84,6.58,84.32,93.59,0.0,80.8,86.34,28.33,80.8,86.34,28.33,11.44,1.01,90.16,90.16,104.21,104.21,100.0,0.23,0.01,5.0,0.01,0.18,1.41,100.0,0.0,0.0,0.0,63.68,31.37,85.0,15.0,15.0,88.84,71.67,35.31,33.15,187138.35,24951.78,112.56,112.56,100.0,0.0,84.61,93.91,0.0,61.12,0.0,0.0,0.0,921.83,0.0,0.6,0.36,0.33,0.0,0.0,0.0,0.0,,,,,,,0.0,0.0,0.0,351450,4.39,3.26,531.57,3.54,3.24,3.84,80.66,2.39,48.35,250628.44,92.16,48.95,59.95,12.13,15.07,53.11,65.05,8.06,3.24,16.36,44.07,51.42,4.51,57.19,13.47,724.85,718.91,1.14,887.77,2.26,104.77,0.55,100.0,100.0,1.01,89.44,100.0,100.0,74.9,100.0,100.0,74.9,15.12,11.28,11.28,13.58,147.87,0.65,9.9,90.24,9.76,25.1,11.54,125.24,99.49,100.0,100.0,100.0,100.0,100.0,10.73,0.27,1879.61,6.67,,,,0.0,38.74,106.35,1.12,104.76,0.38,104.76,0.0,,,,,,,,,,SABESP,Água e Esgotos,SABESP,1.43,41250.0,3.63,5.45,45.56,59.08,100.0,0.0,0.0,26.92,96.42,100.0,100.0,1.14,830.67,1.07,0.77,,187.5,88.64,75.0,15.21,,0.72,46.19,,,,,,,,,,,,,0.0,,195.0,0.32,0.18,5.91,12.5,0.02,0.18,12.5,Sim
3514601,,,,,,,,,,,,,,,,,,,,,,,,,,,,,,,,,,,,,,,,,,,,,,,,,,,,,,,,,,,,,,,,,,,,,,,,,,,,,,,,,,,,,,,,,,,,,,,,,,,,,,351460,,,,,,,,,,,,,,,,,,,,,,,,,,,,,,,,,,,,,,,,,,,,,,,,,,,,,,,,,,,,,,,,,,,,,,,,,,,,,,,,,,,,,,,,,,,,,,,,,,,,,,,,,,,,,,,,,,,,,,,,,,,,,,,,,,,,,,,Não
3514700,97.92,100.0,86.78,93.58,100.0,55.69,11.32,1.08,99.88,89.91,85.25,100.0,100.0,12.86,14.11,169.84,151.21,14.16,12.07,85.31,99.65,0.35,14.69,5.8,73.78,87.51,2.18,,,24.97,,,100.0,,8.6,90.74,100.0,41.17,82.63,88.32,49.05,82.63,88.32,49.05,9.22,1.07,87.11,87.11,95.64,95.64,100.0,0.08,0.0,,0.0,1.51,1.11,100.0,0.0,0.48,3.0,0.0,0.0,,,,0.0,1010.29,467.51,41.63,27603.6,31546.98,,,13.96,86.04,100.0,100.0,100.0,94.1,100.0,94.1,0.0,675.45,0.16,0.59,0.56,0.04,9.44,7.78,4.65,0.0,,,15.31,10.41,27.35,8.16,3.63,3.63,0.0,351470,3.04,2.57,428.59,2.92,3.24,2.57,95.95,-6.34,46.31,183817.8,88.1,37.18,48.27,10.54,11.32,42.2,54.79,23.24,1.1,12.85,55.6,42.0,2.39,60.07,5.84,782.79,770.29,1.0,1016.22,1.97,110.34,0.62,99.77,100.0,1.02,91.43,100.0,100.0,77.15,100.0,100.0,77.15,15.43,11.9,11.9,14.05,149.82,1.64,12.33,91.06,8.94,22.85,8.42,117.78,97.61,100.0,100.0,98.74,100.0,98.74,9.9,0.1,2307.25,6.0,,,,0.0,13.11,110.0,0.0,110.0,2.27,110.0,0.0,,,,,,,,,,SABESP,Água e Esgotos,SABESP,2.88,28162.0,3.36,24.67,,81.13,71.43,28.57,14.29,,79.65,100.0,100.0,0.0,1597.44,0.62,0.85,,144.85,55.11,21.43,134.4,,0.85,,,,,,,,,,,0.0,1.13,0.13,0.0,,,,0.41,20.8,14.29,,0.62,21.43,Sim
3514809,58.68,100.0,12.85,58.18,100.0,10.75,10.32,1.08,100.0,88.07,71.4,100.0,100.0,11.23,13.06,161.86,142.15,14.65,10.46,72.39,89.15,10.85,27.61,12.4,143.97,85.41,0.74,2012.67,,13.69,8.67,,100.0,56.39,5.1,51.98,98.84,0.0,48.41,83.21,8.93,48.41,83.21,8.93,7.76,1.01,88.78,88.78,93.13,93.13,100.0,0.51,0.37,19.91,0.05,6.94,0.84,100.0,0.0,1.49,7.0,0.0,0.0,,,,0.0,71.15,32.58,334.98,48299.91,38929.6,,,100.0,0.0,72.63,93.84,49.09,93.84,35.74,45.31,0.0,929.33,1.29,0.58,0.6,0.27,25.51,17.86,5.71,0.0,,,,,,,3.01,3.01,0.0,351480,4.83,4.47,722.26,3.33,3.33,3.33,68.97,-1.14,70.07,209472.44,134.29,79.37,101.6,16.51,10.66,59.1,75.66,8.77,2.2,7.94,51.24,45.59,3.17,21.44,15.36,383.34,381.71,2.05,490.71,3.89,77.09,0.67,48.35,98.24,1.0,88.65,100.0,100.0,71.16,100.0,100.0,71.16,15.52,11.05,11.05,13.55,150.03,0.67,8.81,87.31,12.69,28.84,14.01,147.75,44.48,90.39,90.39,90.14,100.0,90.14,9.25,0.47,278.38,6.0,,,,0.0,135.24,107.52,0.19,107.52,0.0,107.52,0.0,,,,,,,,,,SABESP,Água e Esgotos,SABESP,,,2.24,36.87,,131.3,,,,,49.21,100.0,100.0,0.0,843.45,1.05,0.76,0.76,152.46,32.16,9.2,3.41,0.0,0.76,,100.0,3.17,8.79,4.55,,,,,,12.59,1.8,0.24,0.0,,,,1.7,30.96,14.94,,7.34,64.37,Sim
3514908,83.97,95.39,8.11,85.25,96.84,8.23,14.25,1.08,100.0,89.1,80.36,100.0,100.0,13.47,14.47,183.36,158.68,15.77,12.67,81.02,91.75,8.25,18.98,7.05,105.78,94.31,1.14,3079.5,,14.35,21.0,,85.31,47.09,5.25,79.06,90.96,0.0,76.57,86.99,7.33,76.57,86.99,7.33,11.73,1.01,89.13,89.13,100.55,100.55,100.0,0.55,0.19,29.27,0.05,1.33,0.17,70.83,29.17,0.0,0.0,289.75,121.88,100.0,0.0,20.83,70.63,324.75,136.61,83.66,48131.43,57666.67,112.08,7.84,22.35,77.65,100.0,100.0,100.0,0.0,0.0,0.0,0.0,1097.62,0.0,0.83,0.79,0.05,0.0,0.0,0.0,0.0,0.0,0.0,,,,,0.0,0.0,0.0,351490,4.94,3.21,568.58,3.23,3.49,2.98,65.43,-0.73,33.68,174653.34,99.4,29.38,51.48,62.02,21.0,29.56,51.79,18.14,1.86,21.13,52.64,45.27,2.09,16.42,18.4,593.07,581.06,0.98,1039.19,1.94,70.47,0.63,87.98,100.0,1.01,89.71,100.0,100.0,80.63,100.0,100.0,80.63,15.78,12.71,12.71,14.61,151.19,1.27,9.84,92.7,7.3,19.37,9.55,101.48,85.46,100.0,100.0,99.61,100.0,99.61,10.12,0.56,466.87,6.0,,,,0.0,66.35,107.39,2.47,107.58,0.53,106.82,0.53,,,,,,,,,,SABESP,Água e Esgotos,SABESP,1.7,79808.74,3.33,74.38,54.37,135.38,66.67,33.33,16.67,73.61,98.47,100.0,0.0,100.0,2442.49,0.42,0.89,,301.74,72.26,25.0,,,0.72,,,,,,,,,,,,0.93,0.1,0.0,,,,0.57,25.62,33.33,,0.42,25.0,Sim
3514924,93.35,100.0,0.0,94.77,,0.0,11.64,1.0,99.78,93.3,41.17,57.18,100.0,8.94,12.16,240.03,120.02,21.71,15.63,72.01,56.01,43.99,27.99,16.14,199.82,100.0,0.89,127.78,,2.63,0.0,,100.0,9.31,3.64,93.35,100.0,0.0,93.6,99.85,0.0,93.6,99.85,0.0,12.12,1.0,93.43,93.43,58.77,58.77,100.0,0.2,0.65,1.73,1.0,2.35,0.94,100.0,0.0,0.0,0.0,0.0,0.0,,,,0.0,319.41,145.53,162.58,69142.86,88333.33,,,79.0,21.0,100.0,100.0,100.0,100.0,0.0,0.0,0.0,485.0,0.0,0.83,0.52,0.34,0.0,0.0,0.0,0.0,,,,,,,0.0,0.0,0.0,351492,1.57,1.57,217.38,1.44,1.6,1.25,91.62,0.0,55.48,32500.0,109.15,37.82,60.55,0.0,10.55,34.65,55.48,31.67,3.19,9.66,60.0,40.0,0.0,,9.61,269.49,268.29,2.33,431.5,4.64,91.62,0.54,91.59,100.0,1.01,94.94,100.0,99.77,64.7,98.71,100.0,65.55,17.49,11.47,11.39,12.38,147.96,1.11,4.9,70.76,29.24,34.45,36.91,199.81,91.59,100.0,100.0,91.92,100.0,91.92,5.16,0.14,50.0,23.16,,,5.0,17.14,4.81,147.15,2.67,147.38,0.0,100.0,0.0,,,,,,,,,,PME,Água e Esgoto,LPU,,,3.39,1.25,,171.2,,,,,99.97,100.0,100.0,0.0,511.18,1.79,0.79,,500.0,83.85,19.35,102.08,,0.72,,,,,,,,,,,,0.66,0.08,0.0,,,,1.2,14.91,12.9,,1.2,12.9,Sim
3514957,100.0,100.0,100.0,99.57,92.78,,7.06,1.14,100.0,95.8,58.43,99.85,50.0,10.06,11.87,136.47,136.47,15.07,8.82,58.52,78.75,21.26,41.49,32.47,233.62,0.0,1.0,,,1.0,,,100.0,,0.72,100.0,100.0,100.0,,92.39,,,89.85,,27.2,0.0,,,170.9,170.9,100.0,5.0,0.93,11.2,1.0,1.44,1.44,100.0,0.0,0.0,0.0,53.46,26.38,100.0,0.0,0.03,96.13,55.6,27.44,27.44,18996.35,18996.35,103.99,103.99,100.0,0.0,88.27,100.0,0.0,100.0,0.0,0.0,0.0,440.0,0.0,1.02,0.53,0.63,0.0,0.0,0.0,0.0,,,,,,,0.0,0.0,0.0,351495,0.85,0.56,160.1,0.88,0.74,1.15,103.53,0.51,30.29,43826.71,63.68,25.92,29.26,1.63,11.31,40.7,45.95,27.52,5.21,17.75,52.31,41.94,5.74,66.3,3.39,595.77,581.01,1.52,672.67,3.05,155.97,,100.0,100.0,1.0,100.0,47.62,100.0,20.41,39.37,47.62,51.84,62.37,32.33,12.73,32.33,459.84,3.25,5.38,51.84,48.16,48.16,182.99,987.64,100.0,100.0,100.0,51.63,80.02,41.31,7.12,,,,,,3.0,1.38,15.0,225.57,0.0,190.41,0.0,100.0,0.0,,,,,,,,,,SEMAE,Água e Esgoto,LPU,,,1.76,2.8,,133.67,,,,,85.03,100.0,100.0,0.0,575.08,1.44,0.71,,105.0,20.34,21.43,1.48,,0.71,,,1.07,2.78,,25.86,20.69,18.97,8.62,25.86,,1.05,0.15,0.0,,,,1.92,30.21,28.57,,2.4,35.71,Sim
3515004,100.0,100.0,100.0,,,100.0,7.23,1.27,100.0,94.24,57.2,100.0,100.0,10.77,12.89,194.98,130.53,18.12,10.37,77.28,71.13,28.87,22.72,22.02,172.57,88.9,0.19,6071.38,,21.13,13.2,,99.94,5.6,9.29,90.71,91.25,0.0,75.52,75.56,68.72,70.76,70.8,64.34,5.56,1.27,94.66,94.66,58.0,54.16,93.38,0.1,0.23,32.11,0.04,1.11,0.51,52.51,47.49,0.04,10.0,734.89,296.15,100.0,0.0,0.0,97.85,751.0,302.64,214.43,18101.82,,102.19,2.19,4.24,89.85,100.0,100.0,100.0,100.0,99.41,100.0,0.0,16238.08,0.0,1.54,1.54,0.01,32.23,27.15,5.71,100.0,0.1,0.0,,,,,4.79,4.79,0.0,351500,3.22,2.01,319.85,3.79,3.59,4.07,117.52,4.13,39.86,165137.85,52.99,22.3,33.92,13.07,4.28,42.09,64.0,12.18,2.19,8.08,55.05,43.27,1.69,35.11,198.45,806.7,660.65,1.0,1226.77,1.64,132.38,1.4,100.0,100.0,1.21,94.9,100.0,99.98,65.76,99.97,100.0,65.79,16.42,10.45,10.45,13.06,121.36,0.15,7.24,82.26,17.74,34.21,26.85,216.59,74.43,74.43,74.43,55.41,55.0,30.48,5.49,0.23,782.05,11.06,,,17.11,5.11,20.05,103.45,0.0,103.21,0.46,103.21,0.35,,,,,,,,,,SABESP,Água e Esgotos,SABESP,,,5.08,,,108.03,,,,,87.68,87.68,25.57,100.0,,,0.33,,,,,,,0.37,,,,,,,,,,,,3.02,0.93,,,,,,,,,,,Sim
3515103,91.56,100.0,18.64,81.92,90.83,7.37,13.97,1.24,100.0,92.48,59.54,100.0,100.0,10.21,12.59,134.77,107.78,16.29,9.7,66.36,77.28,22.72,33.64,14.15,222.98,87.6,0.64,5041.97,,23.26,12.42,,98.85,21.43,11.81,43.75,48.82,0.0,34.32,38.01,3.4,33.73,37.36,3.33,15.53,1.24,90.13,90.14,37.69,37.69,100.0,0.34,0.07,31.1,0.03,0.49,0.58,71.43,28.57,0.0,0.0,228.74,101.74,100.0,0.0,42.86,24.65,530.17,235.81,25.45,42125.33,58187.99,231.78,16.63,13.64,84.53,100.0,100.0,100.0,100.0,0.0,0.0,0.0,3071.43,0.0,0.86,0.66,0.22,0.0,0.0,0.0,0.0,,,,,,,0.0,0.0,0.0,351510,5.06,3.53,543.06,3.78,3.58,4.2,74.77,1.49,40.93,117181.16,93.31,19.57,54.73,28.25,13.3,20.98,58.66,16.86,2.29,14.26,63.07,35.11,1.83,35.75,81.1,367.84,320.36,1.12,1028.72,1.64,90.37,0.75,84.23,86.54,1.14,93.13,85.88,99.99,58.59,99.98,100.0,58.6,17.89,9.89,9.89,12.84,113.22,0.74,12.72,76.08,23.92,41.4,17.96,261.83,38.61,39.67,39.67,37.97,100.0,37.97,13.2,0.43,14474.0,64.0,,,38.65,1.66,25.37,102.43,2.38,102.53,1.64,102.53,0.82,,,,,,,,,,SABESP,Água e Esgotos,SABESP,0.89,106283.55,4.32,89.93,46.1,94.43,55.0,45.0,0.0,43.53,96.59,99.24,99.24,100.0,1845.94,0.4,0.63,,355.0,86.84,45.0,,,0.64,,,,,,,,,,,,0.16,0.03,0.0,,,,0.19,3.97,21.67,,0.3,33.33,Sim
3515129,88.21,99.56,0.0,83.71,94.8,0.0,11.57,1.07,100.0,90.55,86.08,100.0,100.0,12.35,13.58,186.64,166.34,13.6,11.71,86.08,99.86,0.14,13.92,5.46,66.52,94.52,0.54,,,7.06,,,100.0,,2.92,85.01,95.95,0.0,75.89,85.94,0.0,75.89,85.94,0.0,8.67,1.03,90.12,90.12,96.19,96.19,100.0,0.4,0.16,30.0,0.09,2.95,2.95,100.0,0.0,1.47,4.0,0.0,0.0,0.0,100.0,,0.0,131.77,66.35,66.35,22500.0,22500.0,,,100.0,0.0,88.6,100.0,0.0,100.0,88.6,100.0,0.0,304.33,0.0,1.63,0.83,1.01,29.49,22.12,9.69,0.0,,,,,,,3.29,3.29,0.0,351512,2.52,1.91,315.82,2.81,3.11,2.51,111.64,-0.75,51.38,309967.07,68.09,28.61,46.02,7.28,8.66,42.01,67.58,8.91,0.43,12.72,54.69,43.47,1.84,16.58,1.61,1452.31,1442.06,0.43,2336.0,0.86,127.0,0.41,91.35,100.0,1.01,91.99,100.0,100.0,76.08,100.0,100.0,76.08,15.53,11.82,11.82,13.78,155.92,0.49,11.74,88.72,11.28,23.92,9.66,122.97,91.19,100.0,100.0,97.8,100.0,97.8,9.83,0.32,1100.0,6.0,,,,0.0,36.12,100.0,0.0,100.0,0.0,100.0,0.83,,,,,,,,,,SABESP,Água e Esgotos,SABESP,,,,,,,,,,,,,,,,,,,,,,,,,,,,,,,,,,,,,,,,,,,,,,,,Sim
3515152,94.07,100.0,0.0,,,,7.94,1.01,100.0,91.04,55.03,100.0,70.88,11.08,13.08,98.33,96.92,19.12,10.52,55.84,68.39,31.61,44.16,33.45,279.27,16.86,10.15,650.5,1734.67,1.06,11.25,6.67,100.0,17.45,1.33,94.07,100.0,0.0,,,,,,,8.83,0.0,,,126.43,126.43,100.0,1.1,3.2,0.5,1.0,,,,,,,,,,,,,,,,,,,,,,,,,,,,,,,,,,,,,,,,,,,,,,,351515,1.81,1.81,302.83,1.99,2.46,1.52,110.11,0.0,71.17,46796.59,90.82,36.97,64.64,0.0,0.0,40.71,71.17,18.65,8.94,0.0,54.35,32.7,12.95,,41.96,217.12,217.12,2.63,379.56,5.22,126.49,,73.14,100.0,1.0,90.96,100.0,100.0,57.83,96.96,83.91,59.64,22.45,13.39,12.98,13.97,134.93,,9.47,62.21,37.79,40.36,30.47,297.92,73.14,100.0,100.0,97.63,100.0,97.63,9.46,,,,,,5.0,0.05,,100.0,0.0,100.0,0.0,100.0,0.0,,,,,,,,,,SAEEC,Água e Esgoto,LPU,,,,,,,,,,,,,,,,,,,,,,,,,,,,,,,,,,,,,,,,,,,,,,,,Não
3515186,95.34,100.0,48.87,,,100.0,10.5,1.14,100.0,87.72,72.36,100.0,100.0,13.02,14.05,208.51,161.22,16.72,12.1,82.12,84.03,15.97,17.88,9.89,112.49,91.19,0.77,1983.0,,11.13,6.4,,99.52,11.28,10.54,91.84,100.0,10.39,88.78,88.88,87.65,88.78,88.88,87.65,7.91,1.07,88.23,88.23,94.27,94.27,100.0,0.01,0.19,27.11,0.07,0.7,0.64,100.0,0.0,0.22,8.0,265.83,113.59,100.0,0.0,9.41,83.6,288.08,123.09,104.38,137300.65,127587.27,108.37,71.79,77.67,22.33,100.0,100.0,100.0,100.0,90.83,99.93,50.77,609.46,0.0,1.23,0.62,0.67,0.02,0.02,0.01,0.0,,,28.57,28.57,14.29,14.29,0.0,0.0,0.0,351518,3.49,2.81,490.44,3.13,3.49,2.77,89.84,-0.06,57.01,220761.06,89.61,50.53,63.46,14.08,8.08,56.38,70.81,9.17,3.0,9.02,54.02,42.42,3.56,19.04,48.35,635.66,601.87,1.32,798.32,2.63,101.98,0.58,88.14,99.18,1.05,88.76,100.0,100.0,67.0,100.0,100.0,67.0,18.78,12.56,12.56,14.6,163.35,0.67,10.4,77.85,22.15,33.0,18.95,214.49,87.71,98.69,98.69,94.46,100.0,94.46,8.34,0.02,930.02,6.04,,,,0.0,215.88,109.03,0.16,108.85,0.48,108.33,0.0,,,,,,,,,,SABESP,Água e Esgotos,SABESP,,,5.09,30.38,56.05,143.28,,,,80.32,88.87,100.0,100.0,2.62,828.32,1.17,0.85,0.74,366.53,79.33,60.53,4.09,15.19,0.85,,100.0,2.17,6.74,2.75,53.97,24.71,10.81,10.4,0.11,7.41,2.96,0.35,0.0,,86.86,1.63,0.2,6.29,10.53,0.1,0.3,15.79,Sim
3515194,94.45,100.0,61.06,92.34,100.0,46.36,10.24,1.06,100.0,91.45,60.59,100.0,100.0,11.61,13.45,154.13,138.04,18.26,11.06,60.63,73.69,26.31,39.37,23.16,250.9,93.72,0.62,,,16.34,,,78.57,,13.7,89.14,100.0,23.79,84.35,91.32,42.53,84.35,91.32,42.53,9.17,1.03,90.34,90.34,102.29,102.29,100.0,0.14,0.23,18.0,0.05,4.15,0.95,36.84,63.16,0.47,2.0,0.0,0.0,,,,0.0,120.73,52.34,555.34,284527.44,24073.09,,,65.99,34.01,100.0,100.0,100.0,100.0,100.0,100.0,0.0,316.27,0.0,0.62,0.6,0.02,1.99,1.14,0.91,0.0,,,,,,,0.51,0.51,0.0,351519,3.02,2.65,448.38,2.89,3.04,2.73,95.55,-4.46,55.81,173515.51,91.72,40.45,58.41,5.72,16.87,44.1,63.68,9.9,0.5,18.39,51.8,46.28,1.92,0.32,5.05,607.69,599.38,1.16,877.43,2.3,110.02,0.56,86.06,100.0,1.01,91.69,100.0,100.0,73.03,100.0,100.0,73.03,16.61,12.13,12.13,14.11,151.19,0.64,9.33,84.99,15.01,26.97,14.82,149.29,86.06,100.0,100.0,97.72,100.0,97.72,9.05,0.21,1027.5,6.0,,,,0.0,7.97,110.83,1.5,110.0,0.0,110.0,0.0,,,,,,,,,,SABESP,Água e Esgotos,SABESP,2.42,29252.64,1.28,32.42,,70.83,100.0,0.0,20.0,,91.32,98.31,98.31,4.32,1085.2,0.73,0.71,0.53,154.51,53.82,30.0,165.26,23.84,0.66,,98.31,16.23,41.86,28.95,24.87,18.22,31.75,17.29,7.87,60.29,0.86,0.12,0.0,,,,0.73,26.16,30.0,,0.48,20.0,Sim
3515202,91.37,100.0,46.5,90.97,99.89,42.37,13.25,1.09,100.0,88.79,89.29,100.0,100.0,13.24,14.21,178.98,159.17,13.84,12.36,90.88,102.68,-2.68,9.12,3.18,45.19,92.25,1.38,2189.33,,3.93,6.67,,100.0,57.9,2.33,85.1,100.0,7.58,77.75,85.39,36.14,77.75,85.39,36.14,11.94,1.06,86.41,86.41,99.47,99.47,100.0,0.1,0.02,6.0,0.03,3.33,0.73,79.41,20.59,0.0,0.0,89.57,38.41,100.0,0.0,0.0,153.01,58.54,25.1,94.72,31300.0,34621.57,65.35,65.35,86.03,13.97,100.0,100.0,100.0,100.0,0.0,0.0,0.0,1751.75,0.0,0.99,0.99,0.0,0.0,0.0,0.0,0.0,,,,,,,0.0,0.0,0.0,351520,2.7,2.08,381.79,3.06,3.31,2.79,113.46,-0.58,46.12,229628.31,68.11,32.76,40.65,8.14,5.35,48.1,59.68,21.23,0.86,7.85,53.52,43.4,3.08,16.51,6.2,1007.76,995.19,0.81,1250.4,1.59,125.26,0.64,95.75,100.0,1.01,90.46,100.0,100.0,85.68,100.0,100.0,85.68,15.9,13.62,13.62,15.25,178.49,1.25,10.74,95.91,4.09,14.32,6.57,75.79,92.39,100.0,100.0,95.36,100.0,95.36,10.89,0.06,1108.75,6.0,300.0,6.0,,0.0,34.02,101.39,0.0,101.39,0.0,101.39,0.0,,,,,,,,,,SABESP,Água e Esgotos,SABESP,2.85,28945.99,1.61,37.87,28.78,82.62,85.0,15.0,0.0,23.78,85.96,100.0,100.0,0.0,1277.96,1.0,1.09,1.06,43.11,20.85,35.0,,0.0,1.06,,,,,,,,,,,,,,7.69,,,,1.86,27.17,65.0,,0.0,0.0,Sim
3515301,91.56,100.0,52.26,84.47,100.0,20.16,13.16,1.08,100.0,89.85,90.69,100.0,100.0,13.27,14.27,169.45,148.82,13.74,12.46,90.77,103.87,-3.87,9.23,3.05,45.01,88.04,1.08,,,6.79,,,100.0,,2.42,81.96,99.56,0.0,75.76,89.68,18.15,75.76,89.68,18.15,11.69,1.06,86.83,86.83,100.91,100.91,100.0,0.39,0.07,5.0,0.09,8.84,2.65,76.92,23.08,0.88,2.0,53.3,24.19,100.0,0.0,0.0,10.31,516.98,234.62,337.78,28710.73,24606.35,969.97,134.86,43.38,49.4,82.32,100.0,0.0,100.0,82.32,100.0,0.0,588.5,0.0,0.59,0.42,0.29,26.51,7.78,17.32,42.39,,,44.32,53.41,2.27,,2.99,2.99,0.0,351530,3.39,2.94,509.26,3.03,3.31,2.74,89.17,-3.44,54.36,201861.66,97.28,43.04,60.96,8.08,12.24,44.24,62.66,16.91,0.4,12.59,53.83,44.03,2.14,37.81,2.83,632.58,625.87,1.13,896.0,2.25,103.61,0.73,94.65,100.0,1.01,92.17,100.0,100.0,90.02,100.0,100.0,90.02,14.01,12.59,12.59,14.43,142.71,1.17,14.29,103.14,-3.14,9.98,2.89,46.4,93.85,100.0,100.0,100.0,100.0,100.0,14.08,0.25,531.33,6.0,,,,0.0,10.12,100.0,0.0,100.0,0.0,100.0,0.0,,,,,,,,,,SABESP,Água e Esgotos,SABESP,,,4.67,16.0,70.41,323.18,,,,227.53,78.96,100.0,100.0,4.89,621.09,0.92,0.51,,358.88,20.79,13.33,140.9,,0.51,,99.73,3.42,6.41,,60.71,39.29,0.0,0.0,0.0,9.16,1.13,0.22,0.0,,,,1.37,62.5,20.0,,2.29,33.33,Sim
3515350,84.16,100.0,58.04,,,,10.71,1.07,100.0,89.44,81.11,100.0,100.0,11.95,13.48,147.94,133.93,13.77,11.17,81.53,97.87,2.13,18.47,6.9,89.5,81.54,0.46,,,8.66,,,100.0,,3.73,64.27,100.0,5.35,,,,,,,10.87,1.0,91.87,91.87,93.19,93.19,100.0,0.3,0.0,,0.0,,,,,,,,,,,,,,,,,,,,,,,,,,,,,,,,,,,,,,,,,,,,,,,351535,3.02,2.58,414.73,3.0,3.3,2.66,99.48,0.08,56.88,183340.58,86.04,40.86,57.18,6.71,11.34,47.49,66.46,11.78,0.39,13.18,57.05,40.43,2.52,102.37,7.0,665.19,664.48,1.08,930.8,2.02,108.95,0.75,66.79,100.0,1.0,90.92,100.0,100.0,79.84,100.0,100.0,79.84,14.08,10.96,10.96,13.38,141.09,0.46,11.11,97.54,2.46,20.16,6.77,91.03,59.02,92.57,92.57,96.17,100.0,96.17,11.9,0.35,316.67,6.0,,,,0.0,42.04,100.0,0.27,100.0,0.0,100.0,0.54,,,,,,,,,,SABESP,Água e Esgotos,SABESP,,,3.63,11.26,,162.7,,,,,63.76,100.0,100.0,0.0,927.8,0.5,0.4,0.36,379.87,34.04,50.0,15.15,10.0,0.4,,,,,,,,,,,,0.37,0.09,,,,,0.0,64.28,0.0,,0.33,33.33,Não
3515400,84.02,100.0,16.54,81.04,97.98,6.62,7.87,1.08,100.0,90.48,77.1,100.0,100.0,12.0,13.48,169.65,148.66,14.64,11.29,77.14,92.05,7.95,22.86,14.49,118.34,96.08,0.87,1124.0,,8.3,8.5,,100.0,17.45,4.83,80.45,99.5,0.0,70.55,85.25,5.93,70.55,85.25,5.93,7.26,1.01,90.45,90.45,92.19,92.19,100.0,0.19,0.12,6.83,0.05,3.35,1.06,28.57,71.43,1.0,16.0,0.0,0.0,,,,0.0,65.16,25.36,150.81,49064.04,87119.74,,,37.2,51.89,94.21,97.76,79.18,97.76,94.21,97.76,0.0,773.0,0.77,0.62,0.45,0.24,79.25,34.38,48.05,9.22,0.52,0.0,,,,,14.23,14.23,0.0,351540,2.88,2.53,423.23,2.89,3.08,2.68,100.39,-5.35,56.93,235812.03,87.5,46.75,56.71,5.84,8.23,53.43,64.81,15.12,2.58,9.41,53.08,44.81,2.11,12.77,12.74,859.68,848.88,0.97,1042.81,1.92,113.53,0.65,89.32,100.0,1.01,90.24,100.0,100.0,70.27,100.0,100.0,70.27,16.84,11.83,11.83,14.01,151.0,0.83,10.12,83.26,16.74,29.73,15.28,166.66,87.42,100.0,100.0,92.84,100.0,92.84,8.2,0.2,1984.47,8.65,1640.75,6.0,,0.0,53.71,105.33,0.0,104.0,0.0,104.0,0.0,,,,,,,,,,SABESP,Água e Esgotos,SABESP,2.03,53032.25,2.87,,,107.64,100.0,0.0,,,97.0,100.0,100.0,1.99,,,1.08,,,,,1.99,,0.89,,99.92,6.37,25.01,,44.19,24.94,11.83,19.04,0.0,53.08,0.24,0.02,,,,,,,,,,,Sim
3515509,100.0,100.0,100.0,,,100.0,10.6,1.12,100.0,88.11,84.75,100.0,100.0,13.38,14.26,208.4,183.9,14.51,12.3,86.12,98.28,1.72,13.88,6.47,74.08,91.87,0.85,13790.4,,8.87,8.6,,98.03,37.68,6.79,99.78,100.0,93.01,94.54,94.75,88.07,94.54,94.75,88.07,9.33,1.05,87.65,87.65,99.65,99.65,100.0,0.01,0.12,11.71,0.08,0.41,0.2,18.6,81.4,0.0,0.0,252.74,117.59,99.82,0.18,0.18,82.63,305.88,142.31,33.22,81206.0,81206.0,121.02,3.89,5.22,94.78,96.8,100.0,0.0,100.0,96.8,100.0,0.0,7680.5,0.0,0.86,0.83,0.06,9.98,6.09,3.3,0.0,,,35.0,25.01,5.0,5.0,1.88,1.88,0.0,351550,2.63,1.84,334.67,3.19,3.44,2.93,121.11,-0.11,37.37,137452.57,57.75,26.25,30.86,11.25,6.11,45.45,53.43,23.39,0.43,10.59,52.76,44.67,2.57,1.29,82.29,768.69,738.2,1.15,903.69,2.3,132.02,0.63,100.0,100.0,1.04,89.27,100.0,100.0,84.87,100.0,100.0,84.87,15.69,13.26,13.26,15.14,200.56,1.31,9.98,96.88,3.12,15.13,7.4,80.9,99.7,100.0,100.0,96.39,100.0,96.39,8.56,0.0,1136.16,6.08,,,,0.0,53.72,101.06,0.23,101.06,0.0,101.06,0.23,,,,,,,,,,SABESP,Água e Esgotos,SABESP,,,4.43,100.0,63.37,126.74,,,,80.32,96.94,100.0,100.0,98.03,2151.88,0.49,0.91,,382.04,100.0,50.0,0.18,,0.91,0.82,100.0,2.09,6.92,,41.57,16.47,11.75,21.88,8.32,12.69,0.67,0.07,,,,,0.0,0.0,0.0,,0.09,9.09,Sim
3515608,99.59,100.0,95.88,98.95,99.88,89.45,18.86,1.08,100.0,89.64,86.13,100.0,100.0,12.42,13.77,179.62,161.62,13.53,11.65,86.13,101.78,-1.78,13.87,3.28,66.6,92.12,0.71,,,5.0,,,100.0,,1.25,99.06,100.0,90.61,87.6,88.41,79.3,87.6,88.41,79.3,14.38,1.07,85.09,85.09,110.35,110.35,100.0,0.36,0.07,5.67,0.08,0.92,0.71,77.78,22.22,0.0,0.0,105.26,49.21,100.0,0.0,0.0,137.78,76.39,35.71,43.06,34850.33,50000.0,72.58,72.58,70.0,30.0,92.32,100.0,23.23,100.0,49.46,54.96,35.65,1767.0,0.0,0.8,0.65,0.22,48.33,45.0,10.86,0.0,0.19,0.0,,,,,7.64,7.64,0.0,351560,3.23,2.46,409.78,2.87,3.14,2.59,88.68,-0.54,53.21,272413.27,85.67,41.11,60.0,21.2,10.42,47.99,70.04,9.27,0.35,12.16,54.21,43.95,1.84,39.09,5.11,949.17,933.9,0.73,1385.29,1.45,98.34,0.67,100.0,100.0,1.02,90.65,100.0,99.94,85.74,99.92,100.0,85.81,13.7,11.75,11.74,13.88,163.67,0.5,12.59,101.38,-1.38,14.19,4.74,64.92,99.19,100.0,100.0,94.78,100.0,94.78,7.25,0.22,583.33,7.67,,,,0.0,16.98,100.0,0.0,100.0,0.0,100.0,0.0,,,,,,,,,,SABESP,Água e Esgotos,SABESP,,,0.81,7.36,104.6,41.96,,,,43.89,100.0,100.0,100.0,0.0,452.61,0.61,0.24,0.2,448.98,92.64,60.0,2.35,2.41,0.2,,,,,,,,,,,,0.56,0.24,,,,,0.0,0.0,0.0,,0.0,0.0,Sim
3515657,70.93,100.0,26.39,62.5,96.18,10.85,9.58,1.1,100.0,86.13,86.61,100.0,100.0,10.95,12.62,145.09,122.91,11.59,10.04,87.68,108.89,-8.89,12.32,4.64,51.53,84.23,1.28,,,12.0,,,100.0,,1.75,70.81,100.0,26.09,54.75,83.75,10.26,54.75,83.75,10.26,11.2,1.11,80.25,80.25,109.52,109.52,100.0,0.08,0.62,2.75,0.29,1.96,3.55,100.0,0.0,0.0,0.0,0.0,0.0,,,,0.0,724.91,370.82,612.84,192035.36,64011.79,,,61.32,0.0,100.0,100.0,100.0,100.0,72.35,100.0,32.88,132.3,0.0,0.43,0.35,0.13,12.27,8.76,6.99,0.0,0.18,0.0,32.71,9.35,1.87,28.04,4.04,4.04,0.0,351565,3.02,2.32,366.32,3.01,3.33,2.69,99.67,-0.68,38.89,58429.57,77.03,14.24,39.01,14.26,15.21,18.48,50.65,20.02,0.5,19.75,54.56,43.49,1.96,13.41,2.74,314.9,311.98,1.17,863.0,2.32,110.38,0.62,61.95,100.0,1.01,87.23,100.0,100.0,83.1,100.0,100.0,83.1,12.82,10.65,10.65,13.16,146.9,1.48,13.61,102.63,-2.63,16.9,4.48,71.91,61.77,100.0,100.0,100.0,100.0,100.0,11.28,0.06,,,,,,0.0,34.04,110.83,3.76,110.0,0.0,110.0,0.0,,,,,,,,,,SABESP,Água e Esgotos,SABESP,6.43,25023.86,3.13,2.32,7.31,160.93,100.0,0.0,16.67,11.76,85.78,96.46,96.46,0.0,303.51,3.22,0.84,0.53,317.07,60.19,50.0,63.16,0.0,0.53,,96.46,4.91,15.01,7.37,35.71,35.71,7.14,14.29,7.14,22.51,2.35,0.28,0.0,,,,1.07,18.72,16.67,,1.07,16.67,Sim
3515707,99.57,99.59,97.53,,,100.0,6.17,1.35,100.0,93.25,69.53,100.0,100.0,10.74,12.44,159.75,121.99,14.82,10.3,82.57,83.95,16.05,17.43,17.17,114.97,91.59,0.21,6682.46,,28.25,11.79,,88.25,9.34,5.62,92.37,93.17,0.0,80.81,80.82,79.12,51.39,51.4,50.24,5.87,1.32,93.64,93.64,67.69,43.14,63.73,0.0,0.43,34.46,0.08,1.12,0.09,52.25,47.75,0.0,0.0,171.87,66.64,100.0,0.0,0.0,575.47,29.87,11.58,264.16,64771.79,,17.38,0.46,14.91,72.14,100.0,100.0,100.0,93.56,0.0,0.0,0.0,6240.0,0.01,0.92,0.74,0.19,0.0,0.0,0.0,0.0,0.0,0.0,,,,,0.0,0.0,0.0,351570,2.92,1.81,270.82,3.64,3.6,3.68,124.55,-0.34,38.0,199744.4,49.79,16.91,30.51,9.36,3.36,33.96,61.27,14.79,2.61,6.74,52.36,45.72,1.92,163.77,97.44,1203.73,901.91,0.61,2172.13,1.14,149.41,1.74,96.8,100.0,1.33,93.72,100.0,99.97,70.19,99.97,100.0,70.21,16.73,10.26,10.26,12.49,113.9,0.21,6.0,85.5,14.5,29.79,28.07,190.02,83.11,87.02,87.02,68.18,56.0,38.18,5.8,0.0,4940.4,10.05,,,31.8,5.27,18.57,102.38,0.0,102.38,0.0,102.38,0.19,,,,,,,,,,SABESP,Água e Esgotos,SABESP,0.54,188996.29,5.98,98.75,41.0,102.87,11.88,88.12,5.94,42.17,91.0,95.27,85.74,67.57,5066.18,0.3,1.31,,203.77,94.79,55.45,,,1.38,,,,,,,,,,,,,,72.22,72.25,152.21,1.0,0.1,4.5,17.82,0.03,0.11,20.79,Sim
3515806,87.33,100.0,30.51,87.29,99.71,22.39,8.73,1.07,100.0,90.04,81.16,100.0,100.0,12.13,13.78,198.38,168.82,14.07,11.42,81.25,97.98,2.02,18.75,9.37,92.73,87.28,0.59,,,23.81,,,100.0,,4.8,83.31,100.0,8.46,78.06,89.14,20.15,78.06,89.14,20.15,13.45,1.02,90.45,90.45,108.22,108.22,100.0,0.06,0.3,1.67,0.38,2.46,6.03,100.0,0.0,0.0,0.0,149.88,83.78,85.03,14.97,42.18,16.85,604.92,338.14,211.89,32833.33,43888.89,403.6,316.0,64.68,19.53,100.0,100.0,100.0,100.0,0.0,0.0,0.0,377.4,0.0,1.39,0.83,0.68,0.0,0.0,0.0,59.59,,,,,,,0.0,0.0,0.0,351580,2.6,2.05,333.04,2.91,3.2,2.61,111.65,2.41,60.33,201053.62,70.47,33.07,54.04,6.7,8.29,46.93,76.68,1.19,0.39,11.76,54.12,43.08,2.8,32.38,1.63,787.29,781.17,0.78,1286.5,1.55,121.02,0.04,93.58,100.0,1.01,90.48,100.0,100.0,76.27,100.0,100.0,76.27,14.68,11.19,11.19,13.54,175.64,1.06,8.32,92.27,7.73,23.73,11.8,115.35,91.53,100.0,100.0,100.0,100.0,100.0,13.57,0.07,444.13,6.0,,,,0.0,29.64,100.0,1.67,100.0,0.0,100.0,0.0,,,,,,,,,,SABESP,Água e Esgotos,SABESP,12.66,21274.53,2.96,,,269.3,100.0,0.0,,,100.0,100.0,100.0,0.0,,,0.97,,,,,51.55,,0.78,,,2.39,8.44,,,,,,,,2.31,0.24,,,,,,,,,,,Sim
3515905,94.16,100.0,64.14,85.63,96.07,25.99,12.36,1.07,100.0,90.08,81.58,100.0,100.0,11.77,13.25,186.47,166.41,13.56,11.06,83.24,97.68,2.32,16.76,6.04,80.32,91.77,1.3,,,2.55,,,100.0,,2.31,82.11,98.09,0.0,77.43,86.74,24.23,77.43,86.74,24.23,12.42,1.05,88.19,88.19,107.18,107.18,100.0,0.04,0.0,,0.0,11.27,1.09,100.0,0.0,0.0,0.0,72.68,40.19,100.0,0.0,0.0,27.65,262.88,145.36,405.2,35953.52,133541.66,361.69,361.69,100.0,0.0,100.0,100.0,100.0,100.0,0.0,0.0,0.0,109.25,0.0,0.43,0.38,0.07,0.0,0.0,0.0,0.0,,,,,,,0.0,0.0,0.0,351590,2.72,2.05,349.03,3.06,3.33,2.78,112.39,3.63,44.44,255415.62,67.09,31.38,39.54,7.4,9.14,46.77,58.94,16.38,0.64,13.63,53.93,44.58,1.49,14.79,1.89,1241.59,1231.01,0.64,1564.67,1.28,122.23,0.53,92.8,100.0,1.01,91.68,100.0,100.0,86.58,100.0,100.0,86.58,14.12,12.16,12.16,14.2,173.9,1.24,12.94,101.12,-1.12,13.42,4.48,62.54,92.39,100.0,100.0,100.0,100.0,100.0,13.64,0.04,,,,,,0.0,7.29,100.0,0.0,100.0,0.0,100.0,0.0,,,,,,,,,,SABESP,Água e Esgotos,SABESP,4.64,40454.94,2.46,1.35,41.25,187.84,100.0,0.0,9.09,77.48,100.0,100.0,100.0,0.0,538.87,1.27,0.59,0.43,194.48,22.11,27.27,56.92,10.96,0.48,,,7.91,16.88,,33.75,25.0,37.5,0.0,3.75,,0.69,0.12,0.0,,110.61,0.69,1.27,16.16,27.27,0.27,1.27,27.27,Sim
3516002,88.91,97.54,52.78,91.45,99.95,55.14,12.0,1.06,100.0,90.47,81.05,100.0,100.0,12.99,14.23,163.42,148.77,15.14,12.27,81.14,94.03,5.97,18.86,7.38,99.79,87.82,1.25,,,8.27,,,95.78,,5.88,81.89,97.54,16.38,83.3,91.06,50.19,83.3,91.06,50.19,13.25,1.04,88.47,88.47,106.91,106.91,100.0,0.03,0.26,57.83,0.18,0.85,1.13,100.0,0.0,0.56,6.0,42.58,17.65,88.83,11.17,17.32,24.16,164.06,67.99,206.16,27658.2,60236.83,385.3,385.3,33.34,0.0,80.72,100.0,0.0,100.0,80.72,100.0,0.0,1986.8,0.0,1.65,1.7,0.35,231.0,177.26,37.23,0.0,,,,,,,23.71,23.71,0.0,351600,2.94,2.53,421.38,2.96,3.22,2.69,100.58,0.21,48.61,195953.07,85.48,33.45,48.33,6.82,9.01,39.13,56.54,24.01,0.65,10.54,53.42,44.13,2.45,16.6,10.11,822.44,819.87,0.84,1188.29,1.68,108.77,0.81,71.52,90.65,1.0,91.57,100.0,100.0,79.53,100.0,100.0,79.53,15.02,11.95,11.95,13.88,157.66,1.35,12.71,92.43,7.57,20.47,6.91,101.38,70.89,89.85,89.85,100.0,100.0,100.0,14.71,0.04,393.81,6.0,,,,0.0,33.09,100.0,0.43,100.0,0.0,100.0,0.21,,,,,,,,,,SABESP,Água e Esgotos,SABESP,,,,,,,,,,,,,,,,,,,,,,,,,,,,,,,,,,,,,,,,,,,,,,,,Sim
3516101,80.44,100.0,42.82,70.25,99.05,14.87,8.75,1.11,100.0,90.81,97.8,100.0,100.0,21.44,21.52,270.36,139.14,19.87,19.43,97.8,108.29,-8.29,2.2,1.61,15.98,86.81,1.27,,,7.0,,,100.0,,2.32,79.83,100.0,41.06,58.3,81.47,13.74,58.3,81.47,13.74,13.41,1.01,91.58,91.58,96.43,96.43,100.0,0.42,0.0,,0.0,2.29,1.06,50.0,50.0,0.0,0.0,178.14,93.12,100.0,0.0,62.5,132.0,50.61,26.46,61.0,26666.67,25000.0,28.41,14.2,50.0,50.0,94.81,100.0,84.82,100.0,65.79,100.0,0.0,132.6,0.0,0.36,0.34,0.06,34.31,24.78,18.95,0.0,,,,,,,12.25,12.25,0.0,351610,3.47,2.15,598.36,5.81,6.42,5.19,167.36,-5.1,29.5,238109.54,37.06,13.67,17.62,3.65,4.04,36.88,47.56,22.77,0.4,10.89,55.35,44.09,0.56,12.62,2.58,836.68,830.09,0.93,1079.0,1.84,184.79,0.58,89.35,100.0,1.01,90.85,100.0,100.0,81.01,100.0,100.0,81.01,25.93,20.99,20.99,23.03,320.18,1.1,13.01,88.88,11.12,18.99,11.07,163.07,87.29,98.32,98.32,98.39,100.0,98.39,15.59,0.5,913.8,6.0,,,,0.0,17.89,100.0,3.33,100.0,0.83,100.0,1.67,,,,,,,,,,SABESP,Água e Esgotos,SABESP,,,1.63,,68.02,145.59,,,,99.03,88.04,99.16,99.16,60.98,,,0.24,,,,,4.88,,0.24,,99.16,58.54,50.51,,33.33,16.67,25.0,16.67,8.33,52.61,1.15,0.49,,,,,,,,0.01,,,Sim
3516200,99.46,100.0,63.46,,,100.0,9.86,1.17,100.0,89.18,75.24,100.0,100.0,12.26,13.56,180.1,156.67,15.3,11.51,75.94,88.67,11.33,24.01,13.47,141.78,92.53,1.77,6492.31,,34.87,8.08,,94.18,3.87,6.42,98.91,100.0,26.48,95.27,95.36,89.18,95.27,95.36,89.18,8.01,1.1,89.63,89.63,95.98,95.98,100.0,0.52,0.23,14.19,0.12,1.35,0.42,2.2,97.8,0.17,60.0,0.0,0.0,,,,0.0,227.6,97.49,172.72,127890.85,127890.85,,,1.84,98.16,100.0,100.0,100.0,100.0,98.52,100.0,0.0,3864.02,0.04,0.9,0.63,0.27,12.47,6.15,5.32,0.0,0.05,0.0,,,,,1.84,1.84,0.0,351620,2.78,2.22,375.86,3.15,3.42,2.88,113.21,0.43,42.54,165120.42,70.31,29.02,37.57,7.09,5.91,41.27,53.43,23.72,4.49,8.4,53.3,44.62,2.08,41.2,349.61,822.16,752.13,1.03,1064.57,2.04,121.9,0.4,100.0,100.0,1.09,89.35,100.0,99.99,74.76,100.0,100.0,74.76,16.66,11.85,11.85,14.11,160.04,1.88,10.43,89.01,10.99,25.24,12.52,143.66,99.62,100.0,100.0,98.81,100.0,98.81,8.76,0.47,4198.71,6.0,,,,0.0,184.84,103.0,0.05,102.91,0.66,102.91,0.14,,,,,,,,,,SABESP,Água e Esgotos,SABESP,1.07,54451.9,3.2,100.0,,58.38,0.0,100.0,1.34,,98.24,100.0,100.0,100.0,3571.84,0.21,0.67,0.64,105.09,42.92,19.89,,5.02,0.67,,99.99,1.8,4.44,3.81,44.39,12.13,7.01,33.74,2.73,8.93,0.54,0.08,100.0,100.0,32.73,3.91,0.51,34.77,47.31,0.62,0.09,8.6,Sim
3516309,98.97,99.42,0.0,97.75,98.21,0.0,7.18,1.13,100.0,94.34,44.6,100.0,100.0,10.53,12.72,150.9,112.98,22.8,10.17,55.43,55.8,44.2,44.57,48.46,377.95,89.25,0.3,6101.97,,15.18,11.26,,86.93,10.11,11.34,80.98,81.35,0.0,51.63,51.87,0.0,1.95,1.96,0.0,8.95,1.11,94.86,94.89,43.76,1.69,3.87,0.01,0.21,29.68,0.04,0.24,1.25,1.57,98.43,0.0,0.0,106.58,40.76,100.0,0.0,-2.97,16.33,671.94,256.95,150.44,173192.74,173192.74,630.45,4.97,1.0,33.25,100.0,100.0,100.0,100.0,0.0,0.0,0.0,2684.37,0.0,0.47,0.46,0.01,0.0,0.0,0.0,0.0,0.0,0.0,,,,,0.0,0.0,0.0,351630,3.56,2.03,309.1,3.48,3.51,3.4,97.71,0.86,32.06,141340.06,58.27,13.86,32.81,29.57,5.83,23.79,56.31,18.62,2.4,10.0,67.45,29.88,2.67,25.78,94.67,811.99,742.88,0.57,1921.81,0.83,112.86,0.86,96.92,97.12,1.09,94.08,100.0,99.95,55.73,99.95,100.0,55.75,20.96,10.18,10.18,12.82,103.84,0.39,6.9,70.17,29.83,44.25,35.96,288.99,47.02,47.12,47.12,36.62,0.0,0.0,8.02,0.0,442.92,12.38,,,25.0,2.58,15.7,101.79,0.0,101.79,0.29,101.79,1.75,,,,,,,,,,SABESP,Água e Esgotos,SABESP,,,1.83,100.0,,40.63,,,,,99.43,99.63,99.63,100.0,2699.92,0.31,0.73,,124.04,80.85,14.44,,,0.73,,,,,,,,,,,,,,100.0,,,,0.13,17.8,6.04,,0.19,8.66,Sim
3516408,91.82,92.58,73.38,99.17,100.0,79.23,9.06,1.19,100.0,94.54,57.78,100.0,100.0,11.77,13.91,191.41,130.95,19.73,11.4,70.56,70.53,29.47,29.44,23.16,226.33,90.54,0.07,5019.38,,14.61,12.09,,88.17,8.98,11.58,82.03,85.44,0.0,67.24,67.81,53.7,41.55,41.9,33.18,7.33,1.17,94.77,94.76,57.91,32.86,56.74,0.22,0.4,27.32,0.08,1.1,0.04,39.02,60.98,0.0,0.0,517.63,207.22,99.39,0.61,40.22,59.21,525.78,210.48,313.49,241387.93,48000.0,101.58,0.97,18.96,79.58,96.01,100.0,0.0,100.0,0.0,0.0,0.0,8394.12,0.0,2.61,2.67,0.05,0.0,0.0,0.0,0.0,,,,,,,0.0,0.0,0.0,351640,3.74,2.3,390.69,4.89,4.9,4.88,130.63,1.91,39.66,218526.02,46.98,18.05,30.36,11.92,3.16,38.42,64.61,10.66,2.55,6.73,59.07,39.31,1.62,183.62,94.18,865.69,757.69,0.78,1455.84,1.31,142.89,2.97,97.9,100.0,1.13,94.33,100.0,99.95,62.96,99.94,100.0,63.01,21.35,11.72,11.72,14.24,125.06,0.09,8.99,76.52,23.48,36.99,24.71,256.8,66.75,72.46,72.46,53.42,0.0,0.0,7.18,0.01,344.8,12.1,,,23.92,2.56,15.28,103.12,0.0,103.12,0.34,103.12,1.01,,,,,,,,,,SABESP,Água e Esgotos,SABESP,0.66,203225.32,6.59,99.61,35.95,134.22,1.06,98.94,6.38,48.26,94.51,97.97,95.16,100.0,2920.22,0.25,0.62,,296.48,49.65,37.23,,,0.6,,,,,,,,,,,,1.51,0.25,100.0,,,,0.08,36.89,12.77,,0.27,41.49,Sim
3516507,92.1,98.48,40.45,92.72,100.0,38.13,15.01,1.09,100.0,87.71,77.85,100.0,100.0,12.74,13.81,193.24,168.83,15.19,11.82,77.98,90.92,9.08,22.02,7.4,119.62,91.66,1.46,,,28.17,,,100.0,,3.91,88.33,98.48,6.15,80.72,86.99,33.75,80.72,86.99,33.75,9.13,1.03,87.17,87.17,98.13,98.13,100.0,0.54,0.26,1.33,0.27,7.59,1.15,100.0,0.0,0.0,0.0,81.18,39.28,100.0,0.0,-13.35,136.87,67.24,32.53,287.98,29213.8,28216.33,82.82,82.82,79.45,0.52,92.56,100.0,32.36,100.0,92.56,100.0,0.0,850.0,1.42,0.83,0.68,0.22,42.28,26.9,16.92,0.0,,,,,,,8.24,8.24,0.0,351650,3.28,3.05,501.68,2.94,3.24,2.64,89.74,-0.39,57.52,496483.51,103.63,44.7,64.1,4.4,13.45,43.13,61.85,16.22,1.89,12.98,52.22,41.98,5.8,13.38,1.43,1600.04,1573.54,0.44,2294.5,0.88,100.28,0.67,99.1,100.0,1.02,88.97,100.0,100.0,81.9,100.0,99.99,81.9,14.22,11.65,11.65,13.73,162.99,1.07,15.84,96.52,3.48,18.1,5.04,86.06,98.52,100.0,100.0,99.83,100.0,99.83,9.3,0.42,1066.67,6.67,,,,0.0,15.16,100.83,0.0,100.83,0.0,100.0,0.0,,,,,,,,,,SABESP,Água e Esgotos,SABESP,10.37,19426.71,3.18,2.11,15.84,201.49,100.0,0.0,4.17,31.92,83.36,100.0,100.0,10.9,600.64,2.16,1.25,0.78,137.17,27.65,20.83,132.7,61.07,1.25,,,8.53,38.89,16.79,,,,,,47.54,1.78,0.14,0.0,,36.96,1.43,4.32,35.42,41.67,1.93,3.46,33.33,Sim
3516606,89.11,100.0,43.28,88.17,100.0,35.19,9.61,1.08,100.0,89.96,69.91,100.0,100.0,11.13,13.05,160.8,144.47,14.96,10.46,70.14,87.23,12.77,29.86,14.64,158.13,87.67,1.29,,,7.86,,,98.89,,3.98,86.32,100.0,28.8,78.88,89.46,31.53,78.88,89.46,31.53,10.53,1.02,90.58,90.58,106.0,106.0,100.0,0.44,0.5,4.53,0.18,2.31,0.35,100.0,0.0,0.52,3.0,14.26,7.01,100.0,0.0,0.0,7.63,186.79,91.81,666.15,288608.66,189891.24,1309.95,941.45,96.28,3.72,89.45,100.0,45.06,100.0,89.45,100.0,40.46,1153.33,0.0,1.47,0.67,1.08,34.75,1.74,14.18,0.0,0.01,0.0,,,,,0.29,0.29,0.0,351660,3.23,2.88,472.08,2.87,3.1,2.64,88.89,-2.97,44.43,229636.04,100.32,33.08,49.98,5.46,18.28,32.98,49.82,19.72,4.72,18.22,53.53,44.53,1.94,15.38,4.53,976.32,960.21,0.69,1475.17,1.37,102.94,0.52,81.72,100.0,1.02,90.92,100.0,100.0,58.29,100.0,100.0,58.29,19.79,11.54,11.54,13.67,158.65,1.29,9.66,69.06,30.94,41.71,25.1,276.03,80.28,100.0,100.0,100.0,100.0,100.0,10.64,0.33,300.0,6.5,,,,0.0,48.86,110.83,0.0,110.0,0.0,110.0,0.0,,,,,,,,,,SABESP,Água e Esgotos,SABESP,5.12,10340.0,1.03,7.16,,52.97,100.0,0.0,16.0,,91.63,100.0,100.0,3.23,1277.96,0.61,0.7,,104.84,50.29,12.0,72.58,,0.57,,100.0,3.23,8.2,,,,,,,14.34,,,0.0,,,,0.41,11.61,8.0,,1.23,24.0,Sim
3516705,94.82,100.0,0.0,,,0.0,13.62,1.02,99.85,91.96,66.73,99.99,100.0,11.43,14.39,183.95,165.2,17.13,11.43,66.74,83.98,16.02,33.26,12.8,191.44,57.38,1.52,,,1.0,,,97.21,,9.32,94.44,99.6,0.0,,,0.0,,,0.0,9.11,0.51,,,119.87,119.87,100.0,0.54,1.94,1.0,1.0,0.68,0.39,48.89,51.11,0.5,21.0,0.0,0.0,,,,0.0,241.34,103.71,25.19,44444.44,25000.0,,,16.36,83.1,100.0,100.0,100.0,100.0,97.41,100.0,85.72,854.61,0.02,0.81,0.73,0.09,14.29,13.1,5.2,0.0,0.24,0.0,,,,,4.29,4.29,0.0,351670,2.68,2.68,317.82,3.3,3.03,3.68,123.1,0.0,68.59,47927.14,81.23,48.48,55.72,0.0,0.0,59.68,68.59,26.23,3.73,0.0,48.2,41.14,10.65,9.28,161.48,219.86,213.16,4.08,252.69,8.02,137.78,0.55,90.9,100.0,1.03,91.08,100.0,99.85,79.58,99.9,100.0,79.65,14.3,11.39,11.43,11.38,167.87,1.43,11.29,79.58,20.42,20.35,8.31,98.72,90.9,100.0,100.0,70.31,100.0,70.31,9.69,0.57,,,,,3.67,0.02,,200.0,0.0,100.0,0.0,100.0,0.0,,,,,,,,,,SAAE,Água e Esgoto,LPU,1.86,39943.63,2.41,100.0,,74.24,62.67,37.33,5.33,,90.9,100.0,100.0,0.0,2955.27,0.3,0.75,,259.13,96.01,16.0,,,0.75,,,,,,,,,,,,0.2,0.03,0.0,,,,0.35,0.0,18.67,,0.47,25.33,Sim
3516804,100.0,100.0,100.0,91.8,96.69,41.06,12.91,1.07,100.0,90.77,83.41,100.0,100.0,11.37,13.2,162.47,146.56,12.87,10.74,84.76,102.54,-2.54,15.24,4.65,68.95,86.04,1.16,,,0.67,,,100.0,,3.8,100.0,100.0,100.0,84.19,88.27,41.72,84.19,88.27,41.72,9.06,1.06,87.83,87.83,102.19,102.19,100.0,0.01,0.07,5.0,0.05,2.05,2.47,57.14,42.86,0.0,0.0,0.0,0.0,0.0,100.0,,0.0,132.56,70.48,156.68,47614.43,27000.0,,,43.45,55.53,100.0,100.0,100.0,100.0,0.0,0.0,0.0,891.4,0.0,1.51,0.63,0.97,0.0,0.0,0.0,0.0,,,,,,,0.0,0.0,0.0,351680,3.12,2.63,431.74,2.85,3.12,2.58,91.43,2.93,51.28,203377.0,92.17,47.96,56.09,14.78,10.85,52.04,60.86,19.19,0.56,11.77,53.79,44.25,1.96,19.37,3.51,773.97,766.99,1.11,905.17,2.22,94.16,0.98,85.32,95.24,1.01,92.55,100.0,100.0,86.3,100.0,100.0,86.3,13.43,11.53,11.53,13.7,130.27,1.05,13.18,102.58,-2.58,13.7,4.13,60.7,84.71,94.57,94.57,100.0,100.0,100.0,10.18,0.0,,,,,,0.0,11.0,100.0,0.0,100.0,0.0,100.0,0.0,,,,,,,,,,SABESP,Água e Esgotos,SABESP,,,,,,,,,,,,,,,,,,,,,,,,,,,,,,,,,,,,,,,,,,,,,,,,Sim
3516853,89.91,100.0,0.0,93.88,,0.0,26.03,1.0,99.4,100.0,87.81,99.27,0.0,14.23,15.8,208.06,208.06,16.11,14.25,88.46,98.09,1.91,11.54,2.28,61.18,0.0,2.18,,,,,,100.0,,0.05,89.91,100.0,0.0,,99.1,,,99.1,,12.92,0.0,,,61.03,61.03,100.0,0.04,0.0,,,8.35,1.25,28.57,71.43,2.09,9.0,0.0,0.0,,,,0.0,282.4,123.16,778.27,105308.47,98463.14,,,30.97,69.03,100.0,100.0,100.0,100.0,89.91,100.0,0.0,617.2,0.0,1.76,0.89,0.98,77.9,61.21,21.68,0.0,,,,,,,8.55,8.55,0.0,351685,0.43,0.43,75.81,0.91,1.03,0.76,209.97,0.0,31.49,16800.0,47.62,7.24,15.0,0.0,0.0,15.2,31.49,57.47,11.04,0.0,63.8,36.2,0.0,89.87,5.18,703.77,703.77,0.69,1457.8,1.39,209.97,0.52,100.0,100.0,1.0,100.0,50.0,100.0,50.0,100.0,50.0,50.0,33.52,16.76,16.76,16.76,207.03,0.33,6.6,50.0,50.0,50.0,76.11,550.95,80.89,100.0,100.0,76.63,100.0,76.63,7.02,0.23,600.0,6.0,,,3.0,0.14,2.0,100.0,0.0,100.0,0.0,100.0,0.0,,,,,,,,,,PMGP,Água e Esgoto,LPU,2.32,17276.86,0.6,12.51,158.55,40.14,44.44,55.56,11.11,63.64,100.0,100.0,100.0,9.43,1840.26,0.77,1.35,1.09,71.3,87.49,33.33,18.87,0.0,1.09,,100.0,7.86,38.72,9.43,46.67,6.67,33.33,6.67,6.67,46.46,0.57,0.04,100.0,,,,0.52,4.55,22.22,,0.77,33.33,Sim
3516903,98.22,100.0,83.21,,,100.0,12.33,1.08,100.0,88.88,87.79,100.0,100.0,12.47,13.73,191.13,175.78,13.26,11.64,87.98,103.62,-3.62,12.02,4.1,56.63,88.14,1.25,215.0,,5.54,9.0,,100.0,4.23,0.59,94.11,100.0,44.49,88.64,88.96,85.95,88.64,88.96,85.95,12.41,1.03,89.64,89.64,101.33,101.33,100.0,0.02,0.01,17.0,0.06,0.75,0.86,100.0,0.0,0.0,0.0,46.44,22.66,100.0,0.0,52.92,5.18,422.27,206.07,230.51,307596.54,239241.76,909.21,909.21,100.0,0.0,100.0,100.0,100.0,100.0,0.0,0.0,0.0,1187.5,0.0,0.62,0.41,0.24,0.0,0.0,0.0,0.0,,,,,,,0.0,0.0,0.0,351690,2.63,2.03,347.32,2.95,3.25,2.62,112.07,2.48,46.88,264308.09,68.97,33.07,41.83,9.68,7.23,47.95,60.66,19.17,0.2,10.48,55.79,42.31,1.9,21.56,6.96,1254.58,1239.78,0.64,1587.18,1.24,117.73,0.65,100.0,100.0,1.01,89.81,100.0,99.92,87.52,99.93,100.0,87.58,14.0,12.26,12.26,14.3,166.26,1.18,13.53,102.16,-2.16,12.42,3.83,57.85,98.35,100.0,100.0,99.93,100.0,99.93,13.43,0.01,490.67,6.0,230.0,6.0,,0.0,13.03,102.84,0.0,102.84,0.34,102.84,0.0,,,,,,,,,,SABESP,Água e Esgotos,SABESP,2.05,30029.26,1.59,3.57,12.02,61.66,100.0,0.0,10.53,7.41,85.14,100.0,100.0,15.91,591.05,1.08,0.65,,198.64,76.59,52.63,311.36,,0.65,,,10.91,25.93,,33.33,20.83,41.67,2.08,2.08,37.82,0.65,0.1,0.0,,,,0.43,19.83,21.05,,0.32,15.79,Sim
3517000,77.53,100.0,4.16,83.26,,2.8,9.83,1.0,100.0,99.54,62.74,94.93,66.09,14.7,15.68,191.32,180.55,23.31,15.4,66.09,67.28,32.72,33.91,22.54,261.09,84.76,0.0,100.0,,2.0,6.0,,100.0,2.88,1.15,75.49,98.42,0.62,81.31,,0.44,58.69,76.21,0.44,8.32,1.0,100.0,100.0,94.37,70.78,75.0,0.07,1.24,0.66,1.0,3.78,1.18,100.0,0.0,0.0,0.0,20.57,9.78,100.0,0.0,0.0,8.63,238.49,113.41,374.85,99047.8,32132.79,1159.2,386.4,83.67,8.17,82.09,100.0,23.6,100.0,82.09,100.0,79.82,1503.33,0.1,2.39,2.79,0.13,58.82,52.94,5.78,0.0,,,,,,,4.99,4.99,0.0,351700,3.08,3.08,195.74,0.89,1.09,0.4,29.04,0.0,45.76,27924.21,344.4,125.67,157.6,0.0,27.26,36.49,45.76,32.55,1.86,7.92,87.14,12.86,0.0,239.35,21.32,311.75,311.7,2.56,390.97,5.07,29.04,,77.13,99.63,1.0,96.63,0.0,51.55,30.0,32.14,100.0,93.33,18.63,17.39,10.84,7.53,218.33,,10.53,40.4,59.6,6.67,3.42,40.84,75.85,97.97,97.97,100.0,92.86,92.86,7.52,,,,,,,0.0,,34.82,0.0,34.82,0.0,34.82,0.0,,,,,,,,,,PMG,Água e Esgoto,LPU,,,1.1,,,40.52,,,,,77.42,100.0,100.0,0.0,,,0.67,,,,,30.7,,0.67,,100.0,0.26,0.62,,45.45,36.36,0.0,9.09,9.09,45.28,1.12,0.17,,,,,,,,,,,Sim
3517109,79.42,95.75,0.0,64.08,76.69,0.0,13.31,1.08,100.0,90.16,79.03,100.0,100.0,13.07,14.69,209.83,184.77,15.47,12.23,81.1,94.95,5.05,18.9,6.78,103.65,85.37,0.91,1509.0,,5.79,8.0,,100.0,90.25,3.77,62.57,75.44,0.0,57.9,69.29,0.0,57.9,69.29,0.0,12.3,1.01,92.1,92.1,106.39,106.39,100.0,0.07,0.0,,0.0,9.25,1.44,100.0,0.0,0.0,0.0,0.0,0.0,,,,0.0,68.98,46.25,216.48,23413.65,32168.98,,,100.0,0.0,100.0,100.0,100.0,100.0,0.0,0.0,0.0,373.67,0.0,0.74,0.6,0.17,0.0,0.0,0.0,0.0,0.0,0.0,,,,,0.0,0.0,0.0,351710,2.29,1.84,324.68,2.82,3.13,2.51,123.33,-1.36,48.1,166398.08,65.17,33.14,39.0,4.89,12.1,50.85,59.85,10.44,0.36,18.56,54.59,43.27,2.13,50.37,3.53,856.34,842.61,1.01,1007.83,2.0,131.42,0.39,66.38,90.13,1.02,91.83,100.0,99.97,82.4,100.0,100.0,82.4,15.41,12.7,12.7,14.69,199.53,0.86,14.89,95.31,4.69,17.6,5.42,90.66,65.38,88.78,88.78,100.0,100.0,100.0,13.36,0.1,,,,,,0.0,39.98,100.0,0.0,100.0,0.0,100.0,0.0,,,,,,,,,,SABESP,Água e Esgotos,SABESP,4.79,25002.84,2.0,1.27,,119.87,100.0,0.0,5.88,,93.46,100.0,100.0,0.0,613.42,0.85,0.45,,129.35,17.53,17.65,229.17,,0.35,,,,,,,,,,,,,,0.0,,,,1.13,20.6,23.53,,1.13,23.53,Sim
3517208,92.94,100.0,0.0,83.08,89.7,0.0,11.27,1.01,100.0,100.0,17.47,82.86,100.0,2.77,14.38,48.09,43.13,15.85,3.34,22.17,90.71,9.29,77.83,36.11,410.32,99.2,0.2,20.0,20.0,0.5,0.67,0.67,100.0,0.46,0.09,92.94,100.0,0.0,,68.58,,,68.58,,12.55,0.9,,,430.29,430.29,100.0,0.02,0.29,0.5,1.0,1.13,1.05,100.0,0.0,0.0,0.0,0.0,0.0,,,,0.0,46.76,21.99,61.97,55000.0,21000.0,,,100.0,0.0,100.0,100.0,100.0,100.0,0.0,0.0,0.0,759.47,0.0,0.54,0.44,0.12,0.0,0.0,0.0,0.0,,,,,,,0.0,0.0,0.0,351720,1.32,1.1,326.7,0.94,1.29,0.57,70.99,0.0,54.27,41272.0,117.62,56.39,76.44,0.0,0.0,47.94,64.99,33.3,1.71,0.0,70.08,29.92,0.0,0.0,25.76,194.39,194.24,3.8,263.53,7.31,85.02,,100.0,100.0,1.0,97.27,100.0,100.0,90.71,100.0,80.21,90.71,26.58,24.11,24.11,24.11,170.38,,18.07,90.71,9.29,9.29,4.22,81.3,100.0,100.0,100.0,97.39,100.0,97.39,18.91,,,7.0,,6.5,,,0.04,84.37,0.66,4.02,1.85,5.62,0.0,,,,,,,,,,PMG,Água e Esgoto,LPU,,,2.88,56.44,,91.56,,,,,100.0,100.0,100.0,0.0,1633.74,0.45,0.63,,244.79,61.83,45.45,,,0.58,,98.94,6.03,13.96,,33.96,42.77,15.49,7.78,0.0,110.27,,,0.0,,,,0.27,4.69,27.27,,0.27,27.27,Sim
3517307,88.58,100.0,0.93,77.53,87.07,1.73,13.16,1.0,0.65,100.0,0.57,0.67,0.4,12.82,12.5,167.12,167.12,14.58,12.5,85.71,85.71,14.29,14.29,4.72,68.61,0.0,1.69,120.0,266.67,0.5,6.0,6.0,100.0,8.75,0.25,88.48,100.0,0.0,,87.07,,,87.07,,12.14,0.0,,,100.0,100.0,100.0,0.03,0.14,2.0,1.0,0.81,0.18,100.0,0.0,0.89,5.0,98.06,45.23,100.0,0.0,0.0,1102.53,8.89,4.1,25.37,24182.13,23000.0,9.07,9.07,80.43,19.57,100.0,100.0,100.0,100.0,100.0,100.0,0.0,1402.0,0.71,1.37,1.13,0.28,26.76,17.84,6.51,0.0,,,,,,,3.57,3.57,0.0,351730,0.31,0.31,114.76,0.24,0.44,0.05,77.56,0.0,31.57,20671.0,128.94,24.91,40.71,0.0,0.0,19.32,31.57,66.15,2.28,0.0,90.0,10.0,0.0,61.04,6.54,570.46,570.46,1.07,932.5,2.14,77.56,,99.51,99.84,1.0,100.0,10.94,0.64,0.53,0.54,100.0,99.37,35.52,35.3,29.51,30.43,377.27,,13.15,85.66,14.34,0.63,0.47,7.35,99.51,99.84,99.84,86.2,100.0,86.2,13.15,,,,,,1.5,0.07,1.56,100.0,0.0,100.0,0.0,100.0,0.0,,,,,,,,,,PMG,Água e Esgoto,LPU,1.39,16714.29,0.58,,,23.23,100.0,0.0,,,88.24,100.0,100.0,0.0,,,0.52,,,,,39.79,,0.52,,31.75,0.81,1.55,,,,,,,3.77,0.82,0.16,,,,,,,,,,,Sim
3517406,96.84,100.0,0.0,100.0,,0.0,11.2,1.0,100.0,87.23,61.27,100.0,100.0,18.52,20.49,271.68,268.72,30.23,18.52,61.38,67.77,32.23,38.62,29.64,383.89,0.0,0.62,16772.33,100.0,5.5,14.0,3.0,100.0,7.33,0.04,96.84,100.0,0.0,100.0,,0.0,100.0,,0.0,9.29,1.01,93.56,93.56,79.27,79.27,100.0,0.05,0.11,2.5,1.0,0.64,0.15,80.65,19.35,0.0,0.0,102.93,44.46,100.0,0.0,0.0,43.52,236.52,102.18,97.07,40000.0,,229.8,57.45,25.64,74.36,96.84,100.0,0.0,100.0,0.0,0.0,0.0,10500.0,0.0,1.42,1.4,0.07,0.0,0.0,0.0,0.0,,,,,,,0.0,0.0,0.0,351740,1.16,1.14,253.89,0.8,1.07,0.43,69.36,0.0,58.92,79576.24,142.35,62.69,84.94,0.0,22.99,44.04,59.67,19.74,3.52,16.15,58.98,17.67,23.35,105.8,58.94,525.23,525.23,1.41,711.66,2.81,91.65,0.56,100.0,100.0,1.0,89.33,100.0,99.82,69.59,99.63,100.0,69.85,28.31,19.77,19.74,21.3,247.57,0.52,13.64,75.25,24.75,30.15,16.5,280.59,100.0,100.0,100.0,79.7,100.0,79.7,14.16,0.02,7816.5,10.5,471.93,7.53,,0.0,2.0,199.44,0.0,363.36,0.0,212.96,0.0,,,,,,,,,,DEAGUA,Água e Esgoto,LPU,,,2.19,81.23,23.48,74.52,,,,17.5,95.8,99.37,99.37,80.05,1034.65,0.99,0.89,,179.92,78.46,84.78,166.79,,0.9,,19.66,0.35,1.13,,27.54,36.57,7.0,14.45,14.45,4.12,2.09,0.23,,,,,0.0,13.65,0.0,,0.0,0.0,Sim
3517505,,,,,,,,,,,,,,,,,,,,,,,,,,,,,,,,,,,,,,,,,,,,,,,,,,,,,,,,,,,,,,,,,,,,,,,,,,,,,,,,,,,,,,,,,,,,,,,,,,,,,,351750,0.56,0.56,100.98,1.03,1.17,0.81,182.37,2.36,33.93,50917.33,54.83,12.36,18.6,0.0,0.0,22.54,33.93,63.47,2.6,0.0,65.44,34.56,0.0,8.95,9.03,1486.1,1474.97,0.45,2237.17,0.87,178.06,,100.0,100.0,1.0,99.9,100.0,98.86,57.26,85.33,100.0,67.11,24.8,16.64,14.32,16.64,188.19,0.73,8.81,67.11,32.89,32.89,29.33,269.03,100.0,100.0,100.0,87.78,100.0,87.78,7.81,,164.29,6.21,362.5,7.62,1.5,0.69,2.36,100.0,1.85,100.0,0.51,100.0,0.76,,,,,,,,,,PMG,Água e Esgoto,LPU,1.63,110209.33,4.97,100.0,8.33,180.04,0.0,100.0,3.23,14.99,88.45,100.0,100.0,99.07,2754.53,0.32,0.78,,319.13,50.47,19.35,,,0.78,,,3.52,10.01,,58.95,15.79,12.63,10.53,2.11,14.76,0.72,0.09,100.0,,,,0.53,15.01,32.26,,0.74,45.16,Não
3517604,69.14,100.0,48.17,65.4,100.0,41.6,23.99,1.41,100.0,89.52,76.27,100.0,100.0,9.76,12.19,130.31,114.09,12.02,9.16,76.33,101.45,-1.45,23.67,4.58,131.66,77.34,0.91,2488.0,,5.12,9.5,,100.0,48.83,5.38,36.1,89.23,0.0,30.15,46.1,19.18,30.15,46.1,19.18,8.37,1.01,88.77,88.77,54.6,54.6,100.0,0.44,0.2,7.0,0.19,3.44,0.58,100.0,0.0,0.48,5.0,3.68,1.7,100.0,0.0,0.0,4.92,74.78,34.58,112.51,24634.58,43281.6,2030.98,1472.98,74.23,2.16,80.0,100.0,66.41,100.0,60.0,100.0,0.0,1501.0,0.0,0.48,0.59,0.0,8.69,6.95,3.01,0.0,,,,,,,2.4,2.4,0.0,351760,3.98,3.68,562.98,2.97,3.13,2.68,74.53,-1.83,62.0,222031.03,124.18,55.21,83.19,13.53,14.79,44.46,66.99,12.45,2.54,11.91,64.94,31.67,3.4,12.91,11.3,588.71,581.94,1.14,887.0,1.79,83.29,0.75,60.91,100.0,1.01,89.74,100.0,100.0,70.53,100.0,100.0,70.53,13.87,9.78,9.78,12.76,131.18,0.75,15.44,92.05,7.95,29.47,7.25,135.9,34.13,84.92,84.92,58.83,92.95,54.68,6.98,0.32,196.45,8.7,,,,0.0,31.76,111.51,0.8,109.52,0.45,109.52,0.36,,,,,,,,,,SABESP,Água e Esgotos,SABESP,4.06,22461.95,1.21,4.8,11.47,91.22,100.0,0.0,7.14,10.47,69.99,100.0,100.0,8.98,431.66,1.31,0.53,,221.72,47.1,32.14,2.25,,0.3,,100.0,8.68,16.82,,60.34,34.48,5.17,0.0,0.0,17.4,2.15,0.4,0.0,,,,1.45,37.72,35.71,,0.73,17.86,Sim
3517703,97.54,100.0,0.0,84.56,87.01,0.0,12.59,1.01,100.0,92.59,71.95,100.0,100.0,19.67,19.67,256.47,234.99,27.33,19.67,71.95,71.95,28.05,28.05,18.89,254.28,100.0,0.9,,,0.5,,,100.0,,0.22,,,,,,,,,,,,,,,,,4.95,0.04,2.0,1.0,,,,,,,,,,,,,,,,,,,,,,,,,,,,,,,,,,,,,,,,,,,,,,,351770,2.39,1.12,213.09,2.2,2.23,2.16,91.99,-0.62,14.74,60863.98,50.99,16.03,16.03,17.5,9.37,31.43,31.43,29.44,1.81,18.38,54.79,42.44,2.77,84.05,15.0,908.63,852.73,1.17,908.63,2.34,151.1,0.5,100.0,100.0,1.06,92.75,100.0,99.76,60.56,99.79,100.0,60.69,23.66,14.36,14.46,17.53,152.41,0.84,9.84,74.09,25.91,39.31,27.32,325.7,100.0,100.0,100.0,84.9,100.0,84.9,10.11,0.09,962.0,20.0,,,3.12,0.09,1.31,218.46,0.0,216.76,0.0,100.0,0.0,4.43,1.39,0.72,11.38,15.59,-3.53,0.68,-5.13,4.23,GUARA,Água e Esgoto,LEP,,,2.54,0.0,44.1,79.55,,,,35.08,100.0,100.0,100.0,100.0,3299.68,0.19,0.57,,362.73,94.73,30.77,2.58,,0.55,,100.0,2.91,6.04,,,,,,,6.64,0.21,0.04,,,,,0.0,0.0,0.0,,0.0,0.0,Não
3517802,84.54,100.0,26.07,,,,15.56,1.03,100.0,88.71,70.1,100.0,100.0,12.17,12.16,222.63,189.08,16.85,11.81,74.97,72.19,27.81,25.03,9.05,142.8,100.0,0.79,,,3.0,,,100.0,,0.24,84.38,100.0,25.3,,,,,,,12.95,1.02,89.13,91.27,110.71,102.35,92.45,0.15,0.05,5.0,1.0,,,,,,,,,,,,,,,,,,,,,,,,,,,,,,,,,,,,,,,,,,,,,,,351780,1.85,1.82,313.44,1.69,1.9,1.46,91.25,0.0,64.64,39679.51,107.8,40.18,70.84,0.0,9.94,37.27,65.72,22.86,1.17,9.22,52.66,37.67,9.68,19.76,31.74,192.63,192.63,2.94,339.64,5.78,102.71,0.72,78.89,100.0,1.0,87.08,100.0,100.0,80.77,100.0,100.0,80.77,17.49,14.13,14.13,14.62,219.69,0.82,13.91,83.55,16.45,19.23,7.32,110.6,78.89,100.0,100.0,87.96,100.0,87.96,13.34,0.17,21.85,6.0,,,12.0,0.07,1.5,120.03,0.59,120.03,0.0,103.67,0.0,,,,,,,,,,SAG,Água e Esgoto,LPU,2.44,27749.86,1.7,15.36,23.07,67.62,100.0,0.0,12.5,15.6,78.89,100.0,100.0,0.0,1357.83,1.22,1.42,,89.83,68.79,50.0,0.12,,1.42,,100.0,4.12,21.32,,28.57,21.43,21.43,14.29,14.29,33.51,2.21,0.16,0.0,,,,0.46,15.85,18.75,,0.3,12.5,Não
3517901,93.12,100.0,0.68,90.58,96.85,1.33,11.55,1.0,100.0,99.98,61.7,100.0,100.0,13.67,16.16,237.17,237.17,22.14,13.66,61.7,73.01,26.99,38.3,21.64,279.11,98.46,1.87,433.33,433.33,1.0,10.0,10.0,97.03,8.55,0.91,93.17,100.0,1.37,90.13,96.46,0.0,90.04,96.37,0.0,9.72,1.0,99.92,99.92,72.69,72.69,100.0,2.6,1.53,7.14,1.0,4.59,0.85,66.67,33.33,0.0,0.0,11.02,5.97,100.0,0.0,43.58,1.02,609.69,330.41,392.42,41043.77,328350.17,5531.82,2085.91,35.82,64.18,100.0,100.0,100.0,96.21,0.0,0.0,36.99,405.5,0.19,1.05,0.66,0.42,0.0,0.0,0.0,0.0,0.0,0.0,,,,,0.0,0.0,0.0,351790,1.55,1.55,272.06,1.25,1.51,0.89,80.38,0.0,50.01,35005.06,124.42,42.47,62.22,0.0,9.32,34.14,50.01,34.85,7.65,7.49,64.88,27.49,7.64,12.87,30.77,257.28,257.25,2.65,376.93,4.92,87.02,,89.17,91.39,1.0,100.0,85.86,100.0,85.86,100.0,85.86,85.86,15.74,13.51,13.51,15.74,190.05,0.0,6.24,100.0,0.0,14.14,9.32,73.19,89.17,91.39,91.39,83.82,100.0,83.82,7.92,0.0,650.0,6.0,,,,0.0,0.2,225.0,0.0,116.67,0.0,72.62,0.0,,,,,,,,,,PMG,Água e Esgoto,LPU,,,5.76,0.6,1.33,300.44,,,,3.99,89.49,100.0,100.0,0.0,6790.65,0.4,2.33,,314.5,88.89,25.0,,,2.33,,,,,,,,,,,,0.44,0.02,0.0,,,,0.8,10.51,50.0,,0.4,25.0,Sim
3518008,96.5,100.0,73.08,96.69,100.0,75.18,22.28,1.07,100.0,89.81,85.94,100.0,100.0,12.21,,191.49,167.56,13.4,11.51,87.57,25.33,74.67,3.07,2.36,58.55,88.79,1.17,,,21.0,,,100.0,,0.42,92.8,100.0,44.62,83.04,85.83,64.96,83.04,85.83,64.96,14.94,1.04,88.71,88.71,108.79,108.79,100.0,0.01,0.0,,,1.73,4.03,60.0,40.0,0.0,0.0,0.0,0.0,0.0,100.0,,0.0,196.08,100.24,78.32,30400.0,30400.0,,,58.74,32.24,86.99,100.0,0.0,100.0,0.0,0.0,0.0,225.33,0.0,0.93,0.91,0.16,0.0,0.0,0.0,0.0,,,,,,,0.0,0.0,0.0,351800,3.3,2.96,502.88,3.01,3.32,2.67,91.09,1.09,28.51,184306.91,98.53,21.35,31.3,5.79,7.72,21.67,31.77,52.1,1.2,7.84,55.61,42.47,1.92,22.91,1.47,1153.72,1140.76,0.6,1691.5,1.16,99.21,0.67,100.0,100.0,1.01,90.84,100.0,100.0,87.86,100.0,100.0,87.86,13.75,12.0,12.0,14.15,171.85,4.59,20.14,103.58,-3.58,12.14,2.41,55.11,97.0,100.0,100.0,100.0,100.0,100.0,16.21,0.01,,,,,,0.0,19.82,100.0,0.0,100.0,0.0,100.0,0.0,,,,,,,,,,SABESP,Água e Esgotos,SABESP,,,1.05,44.15,29.64,80.15,,,,23.76,88.05,100.0,100.0,0.0,894.57,1.7,1.31,0.78,70.91,42.21,37.5,71.43,68.0,1.31,,51.11,6.67,31.8,16.0,35.71,17.86,17.86,14.29,14.29,45.43,1.09,0.08,0.0,,,,1.14,13.65,25.0,,0.0,0.0,Sim
3518107,82.13,100.0,1.52,92.58,,2.42,5.69,1.1,95.31,48.13,0.0,0.0,100.0,0.0,17.3,50.21,50.21,32.84,2.88,8.78,52.7,47.3,91.22,189.8,1081.68,0.0,7.9,22.88,22.88,1.96,25.75,25.0,100.0,0.79,7.13,84.15,100.0,12.66,,,,,,,5.79,0.0,,,1000.0,1000.0,100.0,1.0,3.47,3.46,1.0,1.12,0.82,100.0,0.0,0.37,2.0,34.04,15.68,100.0,0.0,-25.46,33.78,126.43,58.25,65.48,26491.03,31789.23,371.42,166.17,45.07,25.52,93.39,100.0,63.54,100.0,81.86,100.0,77.81,232.07,0.0,0.58,0.53,0.11,22.45,16.84,10.23,0.0,0.24,0.0,,,,,6.46,6.46,0.0,351810,2.22,2.22,,2.14,1.54,,96.64,0.0,41.85,32094.12,103.48,18.07,43.31,0.0,8.34,17.46,41.85,48.16,1.93,8.06,71.78,28.22,0.0,62.17,8.39,,515.77,0.81,,1.68,96.64,1.2,100.0,100.0,1.0,100.0,0.0,0.0,0.0,0.0,100.0,96.67,11.98,11.58,,11.58,119.32,0.79,3.96,96.67,3.33,3.33,3.04,13.13,100.0,100.0,100.0,100.0,96.67,100.0,4.47,0.07,200.0,9.6,,,,,0.6,100.0,9.67,100.0,9.67,100.0,100.0,,,,,,,,,,PMG,Água e Esgoto,LPU,4.57,13741.84,1.37,30.4,7.82,62.86,100.0,0.0,3.85,4.92,100.0,100.0,100.0,0.0,1118.21,0.7,0.67,,249.63,97.82,15.38,0.14,,0.58,,,,,,,,,,,,,,0.0,,,,1.06,0.0,23.08,,2.11,46.15,Sim
3518206,95.35,100.0,6.33,98.42,,5.69,8.09,1.03,96.77,94.74,0.0,0.0,100.0,0.0,16.43,230.63,204.45,20.67,13.5,73.15,79.48,20.52,26.85,22.9,187.67,0.0,0.17,20.83,,0.25,6.0,,96.97,0.15,0.09,95.04,100.0,0.0,,,,,,,7.19,1.0,,,76.58,76.57,99.99,1.53,0.48,4.0,1.0,0.73,0.28,9.68,90.32,0.46,14.0,75.57,33.51,95.52,4.48,4.48,33.97,222.45,98.65,59.36,25000.0,50000.0,294.36,4.68,2.02,96.32,100.0,100.0,100.0,100.0,95.04,100.0,0.0,3066.03,0.44,0.79,0.7,0.1,27.07,18.32,10.1,0.0,,,63.06,18.02,8.11,6.31,6.03,6.03,0.0,351820,0.98,0.97,176.79,1.02,1.16,0.81,104.04,-5.3,44.48,48917.83,94.99,42.68,42.75,0.0,15.0,44.93,45.01,30.45,8.75,15.79,65.81,32.78,1.41,25.25,39.07,614.81,614.81,1.62,615.91,3.23,112.44,0.78,99.5,99.5,1.0,96.07,0.0,100.0,66.54,100.0,100.0,66.54,21.07,14.02,14.02,17.75,176.11,0.49,10.83,84.24,15.76,33.46,20.03,231.75,99.5,99.5,99.5,90.17,100.0,90.17,10.89,0.09,,,,,,0.0,1.21,103.32,0.03,103.32,0.73,101.54,0.63,,,,,,,,,,PMG,Água e Esgoto,LPU,,,1.21,96.0,,35.73,,,,,92.55,100.0,100.0,100.0,3014.16,0.3,0.76,,117.69,91.74,18.75,,,0.76,,,,,,,,,,,,0.17,0.02,,,,,0.0,2.75,0.0,,0.56,35.42,Sim
3518305,73.95,89.79,0.0,72.65,88.53,0.0,15.05,1.13,100.0,90.72,70.92,100.0,100.0,12.46,14.23,181.39,159.58,16.62,11.79,71.32,85.64,14.36,28.68,10.7,177.27,89.54,0.62,1954.89,,89.08,7.26,,68.67,17.9,19.35,53.56,65.04,0.0,44.54,54.27,0.0,44.54,54.27,0.0,5.85,1.07,90.08,90.08,62.08,62.08,100.0,0.39,0.46,54.4,0.05,1.98,0.8,30.38,69.62,0.79,21.0,167.59,81.25,100.0,0.0,0.0,29.62,565.73,274.29,284.41,40776.92,90590.9,337.56,6.87,6.54,85.87,100.0,100.0,100.0,100.0,82.35,100.0,96.19,1665.32,0.0,1.27,1.26,0.01,21.63,21.37,3.87,0.0,0.12,0.01,44.58,19.74,8.97,21.96,3.81,3.48,0.33,351830,4.83,3.02,489.54,3.87,3.91,3.81,80.01,-0.22,37.84,197739.03,77.98,36.02,47.3,30.97,6.25,46.18,60.65,19.27,3.1,8.02,60.17,38.0,1.83,17.92,23.64,666.02,631.24,1.21,874.61,2.04,99.97,0.72,72.91,84.72,1.06,91.4,100.0,100.0,64.61,100.0,100.0,64.61,17.25,11.08,11.08,13.86,157.91,0.66,14.97,80.83,19.17,35.39,12.49,210.56,50.03,58.13,58.13,62.67,100.0,62.67,6.33,1.02,1935.11,6.54,,,4.0,0.02,144.36,109.15,0.0,108.17,0.45,107.84,0.15,,,,,,,,,,SABESP,Água e Esgotos,SABESP,3.63,37161.72,1.97,,,134.78,67.74,32.26,21.51,,98.0,100.0,100.0,5.81,1705.75,0.78,1.21,,,,21.51,,,1.06,,23.4,5.3,23.37,,42.11,14.18,19.19,20.85,3.67,24.46,0.43,0.04,93.75,100.0,,1.86,0.62,,17.2,0.36,0.78,21.51,Sim
3518404,98.12,99.68,61.72,,,58.5,11.65,1.09,100.0,90.62,59.42,100.0,100.0,13.36,15.33,200.9,153.14,22.09,13.13,61.73,69.38,30.62,38.27,25.66,303.92,98.29,0.6,,,23.58,,,100.0,,12.96,88.7,92.02,11.18,91.51,95.04,8.83,,31.77,,10.03,1.14,90.21,,85.45,20.46,23.95,0.16,5.38,48.55,0.75,0.51,0.36,66.99,33.01,0.26,21.0,318.3,137.28,97.51,2.49,6.65,187.26,162.72,70.18,122.3,68058.67,169603.92,51.12,10.15,25.03,66.68,100.0,100.0,100.0,100.0,67.13,70.0,0.0,2843.55,0.3,0.64,0.64,0.0,8.89,6.67,2.57,0.0,0.07,0.0,35.32,28.27,11.6,17.46,1.92,1.92,0.0,351840,2.44,2.33,456.62,1.81,1.87,1.73,74.04,-5.52,63.87,93421.07,128.97,41.05,86.27,0.0,14.07,31.83,66.89,13.63,1.85,10.91,54.26,40.23,5.52,11.77,290.05,305.85,283.2,1.68,642.85,3.24,86.6,0.56,98.87,98.59,1.08,92.05,1.84,100.0,50.91,100.0,85.41,50.91,29.93,14.88,14.88,17.51,186.94,0.54,13.6,59.89,40.11,49.09,35.24,509.11,92.93,92.68,92.68,80.0,24.62,19.69,8.09,0.16,,,,,0.5,3.59,3.0,162.65,0.02,162.65,0.08,100.0,0.0,0.75,0.75,0.95,0.0,0.0,0.0,0.0,0.0,100.0,SAEG,Água e Esgoto,LPR,,,3.41,86.33,100.8,86.41,,,,87.1,100.0,100.0,100.0,98.03,1490.21,0.53,0.69,,330.67,97.01,26.96,,,0.66,,70.0,3.2,8.11,,63.06,20.09,9.62,4.25,2.98,9.24,1.44,0.21,33.33,100.0,18.47,,0.26,2.99,13.04,0.14,1.12,56.52,Sim
3518503,85.5,100.0,68.31,75.61,100.0,47.38,17.2,1.07,100.0,90.93,76.71,100.0,100.0,15.32,17.45,195.51,128.52,18.9,14.5,77.43,92.34,7.66,22.57,8.04,149.67,91.9,0.9,929.67,,17.7,12.33,,100.0,17.73,9.61,48.74,89.87,0.0,43.14,57.05,27.04,43.14,57.05,27.04,7.71,1.01,89.93,89.93,46.8,46.8,100.0,1.09,0.24,9.0,0.04,1.21,0.51,100.0,0.0,0.0,0.0,29.31,8.53,100.0,0.0,0.0,40.88,71.7,20.87,52.85,43262.13,40969.38,244.6,244.6,99.31,0.69,90.0,100.0,78.15,100.0,60.26,100.0,92.01,762.0,0.0,0.41,0.4,0.1,29.35,19.86,13.51,0.0,,,51.72,17.24,17.24,11.49,7.99,7.99,0.0,351850,6.5,4.57,759.77,2.7,2.49,3.01,41.54,-7.86,42.74,287563.02,169.04,78.86,102.88,38.22,16.28,46.65,60.86,13.72,5.58,9.63,21.32,17.22,61.46,6.25,11.74,621.86,613.13,1.25,811.28,2.1,128.61,0.6,62.46,100.0,1.01,91.38,100.0,100.0,65.19,100.0,100.0,65.19,17.39,11.34,11.34,13.93,142.15,1.07,14.94,80.07,19.93,34.81,12.16,201.87,41.21,71.35,71.35,64.29,100.0,64.29,6.61,0.76,389.38,6.56,,,,0.0,29.08,107.5,3.57,106.0,0.16,106.0,0.0,,,,,,,,,,SABESP,Água e Esgotos,SABESP,2.52,25763.02,1.64,6.94,6.32,65.03,96.3,3.7,14.81,4.11,85.0,100.0,100.0,11.88,1895.03,0.65,1.21,,47.44,32.14,25.93,,,0.82,,100.0,11.63,51.23,,46.9,20.44,16.61,8.03,8.03,52.35,0.92,0.08,0.0,,77.25,0.89,1.12,37.31,44.44,0.31,0.09,3.7,Sim
3518602,100.0,100.0,100.0,,,100.0,11.22,1.09,100.0,91.47,77.11,100.0,100.0,13.77,14.75,182.18,168.87,16.92,13.05,77.21,87.16,12.84,22.79,11.27,138.02,90.81,1.27,9215.33,,24.2,29.67,,88.39,56.82,6.09,100.0,100.0,100.0,,,94.42,,,94.42,8.11,1.06,90.22,90.22,98.6,98.6,100.0,0.0,0.09,7.08,0.03,0.4,0.39,100.0,0.0,,8.0,0.0,0.0,0.0,100.0,,0.0,303.14,124.46,128.38,320340.0,320340.0,,,100.0,0.0,100.0,100.0,100.0,100.0,0.0,0.0,0.0,2498.5,0.05,0.53,0.53,0.0,0.0,0.0,0.0,0.0,0.0,0.0,,,,,0.0,0.0,0.0,351860,3.0,2.57,449.74,2.86,3.19,2.55,95.57,3.41,47.26,174630.12,89.56,35.64,49.45,7.47,15.57,39.79,55.21,17.26,1.84,17.39,51.53,42.01,6.46,41.85,40.24,703.27,673.12,1.07,975.76,2.17,104.84,0.7,98.42,100.0,1.04,92.86,100.0,100.0,75.22,100.0,100.0,75.22,17.3,13.01,13.01,14.69,151.85,1.09,10.68,84.91,15.09,24.78,12.3,147.12,100.0,100.0,100.0,100.0,100.0,100.0,8.1,0.0,2209.11,9.04,,,,0.0,82.27,111.35,0.32,111.35,0.0,111.35,0.0,,,,,,,,,,SABESP,Água e Esgotos,SABESP,0.92,162821.76,5.28,1.39,,149.26,100.0,0.0,5.56,,97.92,100.0,100.0,2.36,2003.28,0.46,0.81,,124.39,24.52,50.0,,,0.81,,38.84,1.56,4.58,,,,,,,6.77,0.45,0.06,0.0,,,,0.25,71.07,27.78,,0.05,5.56,Sim
3518701,89.76,90.01,0.0,,,,10.36,1.99,100.0,92.77,38.14,100.0,100.0,11.28,13.5,364.91,158.47,28.17,10.75,73.08,47.9,52.1,26.92,38.92,495.09,81.17,0.35,,,15.46,,,98.19,,12.59,75.94,76.15,0.0,,,,,,,7.76,2.11,93.76,93.76,71.86,71.86,100.0,0.65,0.32,16.6,0.02,0.31,2.37,1.27,98.73,0.7,28.0,410.03,226.35,100.0,0.0,0.0,84.79,483.61,266.97,103.13,43547.29,,117.94,1.8,1.5,85.15,100.0,100.0,100.0,60.0,27.12,20.4,99.68,5617.99,0.34,1.57,1.07,0.5,8.78,6.83,0.61,0.0,0.01,0.0,,,,,0.32,0.32,0.0,351870,5.02,3.83,644.89,3.84,3.97,3.68,76.56,2.32,31.0,194253.45,99.72,23.04,40.49,28.59,36.25,23.11,40.6,11.33,3.22,36.35,57.46,41.29,1.25,53.19,323.31,741.86,365.74,1.56,1303.55,2.68,83.24,0.64,81.97,81.99,1.91,94.75,100.0,100.0,52.06,100.0,100.0,52.06,31.85,11.78,11.78,14.46,193.44,0.35,9.61,63.89,36.11,47.94,56.53,680.45,69.31,69.32,69.32,69.13,100.0,69.13,7.98,0.79,4486.5,8.3,989.25,6.0,21.33,0.05,131.36,107.66,0.44,107.59,3.27,107.52,0.88,,,,,,,,,,SABESP,Água e Esgotos,SABESP,2.02,113707.41,3.25,100.0,51.63,229.26,0.0,100.0,1.86,118.38,100.0,100.0,66.01,100.0,2342.04,0.57,1.18,,470.67,88.21,28.48,34.87,,1.18,,28.09,1.41,6.07,,49.0,36.0,4.0,11.0,0.0,8.67,3.52,0.3,100.0,100.0,100.04,1.27,0.56,9.74,27.86,0.22,0.16,7.74,Sim
3518800,100.0,100.0,100.0,,,100.0,5.93,1.23,99.69,93.11,53.11,100.0,100.0,11.0,12.69,195.61,123.24,19.87,10.55,72.07,63.87,36.13,27.93,35.34,224.8,92.44,0.26,6334.94,,11.2,10.27,,96.23,1.15,10.88,99.22,99.27,0.0,88.55,88.55,83.64,25.3,25.3,24.16,4.96,1.19,93.37,93.36,66.98,15.35,22.92,0.09,0.33,18.63,0.05,0.53,0.04,13.45,86.55,0.09,10.55,0.0,0.0,,,,0.0,39.34,15.67,157.61,20373.27,136038.18,,,3.63,96.37,100.0,100.0,100.0,100.0,100.0,100.0,0.0,3361.5,0.03,0.72,0.67,0.05,4.92,3.91,2.03,0.0,0.04,0.0,,,,,1.49,1.49,0.0,351880,2.92,2.07,327.63,3.01,3.59,2.35,103.2,24.91,45.0,306611.33,68.84,14.51,43.6,20.9,6.26,21.08,63.34,14.86,2.06,9.09,63.15,35.88,0.97,68.17,597.99,1477.47,1268.39,0.26,4439.78,0.5,81.58,0.96,96.2,96.2,1.17,92.77,100.0,99.82,47.21,99.82,100.0,47.3,23.18,10.96,10.96,13.35,126.69,0.33,5.29,57.59,42.41,52.7,75.79,468.54,85.97,85.97,85.97,69.38,100.0,69.38,4.77,0.05,825.87,13.06,,,28.86,4.48,31.98,99.81,0.19,99.92,0.92,100.19,2.98,,,,,,,,,,SABESP,Água e Esgotos,SABESP,0.42,115681.91,1.63,100.0,,48.48,16.78,83.22,0.0,,100.0,100.0,94.0,92.55,3269.79,0.26,0.73,0.68,176.71,97.27,61.76,9.22,8.05,0.73,,11.11,0.71,1.9,0.84,45.11,30.57,12.26,11.95,0.11,2.07,1.89,0.26,,,,,0.0,0.0,0.0,,0.06,13.32,Sim
3518859,78.46,87.19,34.44,92.54,,15.34,14.39,1.09,99.83,95.82,72.39,97.5,76.14,35.72,34.4,624.68,564.71,45.17,33.54,80.08,76.14,23.86,19.92,21.45,322.54,100.0,0.31,20.0,,4.0,0.8,,100.0,0.57,0.14,88.5,100.0,30.47,96.34,,30.32,89.75,,0.0,9.09,1.1,95.32,99.04,85.98,4.64,5.4,0.02,0.14,12.0,0.8,0.48,0.48,100.0,0.0,0.0,0.0,23.99,11.03,100.0,0.0,0.0,22.95,104.56,48.05,48.05,99753.87,99753.87,435.79,435.79,100.0,0.0,83.46,100.0,0.0,54.85,0.0,0.0,0.0,421.75,0.0,1.24,0.65,0.83,0.0,0.0,0.0,100.0,,,,,,,0.0,0.0,0.0,351885,0.74,0.73,182.02,0.51,0.34,,68.6,40.19,62.41,50823.51,144.23,63.08,90.97,0.0,8.25,43.73,63.07,24.27,0.33,5.72,63.6,31.8,4.6,128.11,12.98,442.68,442.3,1.57,638.44,3.13,43.01,0.2,100.0,100.0,1.0,96.29,0.0,100.0,87.42,100.0,89.87,87.42,47.43,41.46,41.46,41.46,513.36,0.78,16.06,87.42,12.58,12.58,12.12,196.16,73.45,100.0,100.0,70.51,14.48,10.21,15.72,0.02,,,,,,0.0,4.0,100.0,0.0,100.0,0.0,100.0,0.0,,,,,,,,,,PMG,Água e Esgoto,LPU,1.42,14247.0,0.36,0.0,,20.27,100.0,0.0,12.5,,84.9,100.0,100.0,0.0,2880.19,0.71,1.76,0.68,26.29,83.16,50.0,55.46,124.53,1.52,,,,,,,,,,,,,,0.0,,,,0.18,16.84,12.5,,0.36,25.0,Sim
3518909,100.0,100.0,100.0,,,,14.26,1.06,99.97,91.69,85.55,100.0,100.0,12.38,14.38,173.34,155.05,13.72,11.74,85.56,104.83,-4.83,14.44,4.18,68.83,85.91,0.94,,,47.33,,,100.0,,0.36,100.0,100.0,100.0,,,,,,,13.16,1.08,86.71,86.71,109.87,109.87,100.0,0.15,0.03,1.0,0.2,1.6,4.47,100.0,0.0,0.0,0.0,28.09,13.78,100.0,0.0,0.0,6.96,403.79,198.19,212.43,112666.67,37555.56,1437.73,1217.47,84.68,0.0,94.2,100.0,52.12,100.0,87.89,100.0,0.0,4812.0,0.0,3.08,1.79,1.59,14.37,8.52,2.05,0.0,0.02,0.0,,,,,0.67,0.67,0.0,351890,2.67,2.08,344.04,2.82,3.08,2.55,105.64,0.67,49.05,212890.9,73.66,39.9,46.43,10.43,6.34,54.17,63.03,18.7,0.16,8.6,53.97,44.05,1.98,20.14,3.49,981.71,974.55,0.88,1142.33,1.75,115.41,0.73,87.89,100.0,1.01,92.6,100.0,100.0,84.51,100.0,100.0,84.51,14.15,11.95,11.95,13.83,148.86,0.97,12.26,97.76,2.24,15.49,5.28,72.57,87.03,100.0,100.0,100.0,100.0,100.0,15.7,0.07,,,,,,0.0,8.9,100.0,0.0,100.0,0.0,100.0,0.0,,,,,,,,,,SABESP,Água e Esgotos,SABESP,3.37,12133.33,1.25,6.04,10.99,40.85,100.0,0.0,6.67,4.49,94.93,96.52,96.52,0.08,1661.98,1.12,1.6,,40.74,58.24,33.33,61.49,,1.43,,100.0,3.54,20.65,,43.48,26.09,21.74,5.43,3.26,22.67,0.61,0.04,0.0,,,,0.22,16.48,6.67,,1.35,40.0,Sim
3519006,100.0,100.0,100.0,96.13,,50.0,14.1,1.03,0.05,95.03,0.12,0.14,0.0,37.5,37.94,186.87,167.22,15.79,13.16,83.33,240.3,-140.3,16.67,6.29,88.72,0.0,1.75,,,,,,100.0,,0.13,89.49,100.0,0.0,,,,,,,13.92,0.0,,,123.51,123.51,100.0,0.17,0.11,2.0,1.0,0.72,0.43,100.0,0.0,,2.0,0.0,0.0,,,,0.0,37.21,16.23,26.56,36841.18,37744.83,,,100.0,0.0,100.0,100.0,100.0,100.0,0.0,0.0,0.0,597.33,0.0,0.53,0.22,0.34,0.0,0.0,0.0,100.0,,,,,,,0.0,0.0,0.0,351900,0.4,0.4,150.51,0.31,0.34,0.23,77.54,0.0,42.99,45503.67,128.97,47.6,55.44,0.0,0.0,36.91,42.99,53.54,3.48,0.0,79.24,20.76,0.0,0.0,9.32,703.29,689.07,1.25,819.12,2.38,77.54,,91.09,100.0,1.04,96.22,100.0,0.06,0.0,0.0,100.0,99.33,42.76,42.48,0.0,42.48,563.39,,15.78,99.33,0.67,0.67,0.6,9.79,88.9,97.6,97.6,39.26,100.0,39.26,16.73,,,,125.0,6.0,,0.0,1.5,100.0,0.24,100.0,0.0,100.0,0.0,,,,,,,,,,PMH,Água e Esgoto,LPU,1.38,67371.64,2.9,0.18,,93.17,100.0,0.0,0.0,,91.09,100.0,100.0,0.0,1574.81,0.69,0.93,0.66,85.95,31.44,50.0,,40.47,0.93,,,,,,,,,,,,0.32,0.03,0.0,,137.63,1.01,0.35,16.07,25.0,0.11,0.23,16.67,Sim
3519055,80.53,100.0,6.38,75.3,91.69,6.04,14.62,1.01,99.97,88.53,68.46,99.81,100.0,31.11,33.01,478.82,211.52,45.43,31.16,75.46,72.66,27.34,24.54,24.7,368.96,0.0,0.79,,,8.8,,,95.36,,5.09,80.94,100.0,8.35,,89.05,,,91.87,,13.34,0.0,,,80.0,80.0,100.0,0.13,0.81,0.63,1.0,3.64,2.82,28.09,71.91,0.0,0.0,329.6,129.8,100.0,0.0,0.0,85.09,387.35,152.55,435.08,44792.41,41309.11,117.52,24.49,13.9,86.1,100.0,100.0,100.0,100.0,79.2,100.0,0.0,3944.7,0.0,1.39,1.02,0.46,48.58,36.43,10.3,0.0,0.18,0.0,,,,,5.7,5.7,0.0,351905,1.46,1.0,392.53,2.41,2.39,2.43,165.1,1.0,20.96,17178.46,41.72,3.36,12.7,0.0,11.7,8.05,30.43,27.69,11.46,28.05,52.22,47.46,0.33,46.15,52.9,143.82,143.01,1.85,543.5,3.67,178.64,0.45,95.0,100.0,1.01,88.28,100.0,100.0,76.81,100.0,100.0,76.81,43.81,32.49,32.49,34.12,292.35,0.83,12.25,80.66,19.34,23.19,24.98,324.71,90.0,100.0,100.0,98.08,100.0,98.08,13.28,0.11,,,,,0.7,1.72,0.39,217.78,0.0,217.78,0.0,116.67,0.0,0.36,0.08,0.76,31.48,36.51,21.24,26.27,119.73,20.12,AH,Água e Esgoto,LEP,2.59,101100.2,4.37,100.0,45.74,261.77,53.57,46.43,10.71,119.74,100.0,100.0,100.0,89.55,2201.73,0.65,1.22,0.89,409.54,69.79,25.0,95.36,0.0,0.89,,45.31,9.95,44.39,10.45,,,,,,46.61,5.83,0.48,0.0,,,,0.65,25.35,25.0,,1.02,39.29,Sim
3519071,100.0,100.0,100.0,,,100.0,8.95,1.26,100.0,92.84,73.62,100.0,100.0,12.52,10.11,166.82,142.64,16.32,12.01,75.13,69.41,30.59,20.0,17.93,167.77,94.79,0.27,13290.27,,17.68,9.58,,76.29,13.33,7.5,98.61,98.93,0.0,91.45,91.45,90.55,91.45,91.45,90.55,7.13,1.22,93.26,93.26,94.0,94.0,100.0,0.46,0.19,34.8,0.07,0.86,0.33,0.68,99.32,0.24,16.0,57.87,23.29,100.0,0.0,3.63,15.16,367.87,148.03,104.43,61555.32,275415.36,635.64,4.78,0.54,88.88,100.0,100.0,100.0,100.0,27.41,27.5,0.0,2757.7,0.14,0.82,0.68,0.15,109.68,109.68,12.18,0.0,0.33,0.0,5.91,1.86,1.47,0.27,9.99,9.99,0.0,351907,2.33,1.49,276.44,3.4,3.6,3.2,145.61,5.19,26.23,121826.92,43.91,13.81,18.02,14.46,5.96,31.45,41.03,21.46,8.04,13.57,51.51,46.3,2.19,117.17,148.04,1074.16,944.29,0.81,1401.04,1.58,133.13,0.95,100.0,100.0,1.13,93.07,100.0,100.0,64.81,99.99,100.0,64.81,20.34,13.01,13.01,15.01,151.87,0.28,7.71,74.79,25.21,35.19,31.45,262.56,100.0,100.0,100.0,89.56,100.0,89.56,5.01,0.38,1412.12,6.0,,,,0.0,144.42,103.22,0.41,103.16,0.18,102.86,0.06,,,,,,,,,,SABESP,Água e Esgotos,SABESP,,,4.07,100.0,,131.49,,,,,100.0,100.0,100.0,100.0,2953.62,0.26,0.68,0.68,157.03,29.57,29.9,49.51,0.0,0.68,446.61,23.82,1.85,4.59,2.76,34.42,18.73,24.93,8.85,13.08,6.84,1.86,0.27,100.0,100.0,92.28,1.73,0.08,2.96,8.82,0.04,0.47,53.43,Sim
3519105,93.49,100.0,0.0,94.55,,0.0,14.14,1.0,100.0,99.83,50.62,100.0,100.0,15.56,15.56,271.51,254.21,30.74,15.56,50.9,50.62,49.38,49.1,33.4,496.24,100.0,2.91,3219.0,,18.0,6.0,,100.0,63.77,0.44,85.75,91.72,0.0,,87.46,,,87.46,,13.8,0.51,,,60.3,60.3,100.0,0.25,3.89,1.9,1.0,1.31,1.79,75.0,25.0,0.0,0.0,0.0,0.0,0.0,100.0,,0.0,266.66,137.93,85.71,87657.55,57026.25,,,68.28,15.29,100.0,100.0,100.0,100.0,100.0,100.0,0.0,917.84,0.0,1.18,0.5,0.73,16.46,11.91,8.98,0.0,0.15,0.0,,,,,2.76,2.76,0.0,351910,1.59,1.59,173.84,2.94,2.1,,184.73,0.0,72.55,48172.61,54.13,33.94,39.27,0.0,0.0,62.7,72.55,26.05,1.4,0.0,71.34,28.66,0.0,58.42,22.56,381.94,380.44,2.27,441.97,4.51,184.73,0.53,86.02,98.71,1.0,98.92,100.0,98.91,58.02,93.27,100.0,62.2,31.22,19.41,18.3,18.1,274.69,0.35,14.98,58.02,41.98,37.8,25.27,389.32,80.51,92.39,92.39,80.0,100.0,80.0,12.05,0.2,,,,,,0.0,0.44,100.0,0.0,100.0,0.0,100.0,0.0,,,,,,,,,,PMI,Água e Esgoto,LPU,,,2.91,8.38,,135.65,,,,,97.43,100.0,100.0,0.0,741.21,1.18,0.75,0.6,210.42,42.32,41.38,124.46,11.54,0.67,427.34,100.0,3.86,10.54,6.98,53.16,13.85,14.31,18.68,0.0,17.06,1.15,0.15,0.0,,117.74,1.73,0.39,18.37,13.79,0.21,0.2,6.9,Sim
3519204,95.54,100.0,72.19,89.56,99.96,33.78,15.23,1.07,100.0,90.97,80.59,100.0,100.0,13.29,14.38,174.1,157.78,15.57,12.55,80.59,92.37,7.63,19.41,6.39,105.84,90.56,0.7,,,14.17,,,100.0,,6.4,94.91,100.0,68.27,81.29,90.74,30.65,81.29,90.74,30.65,13.83,1.08,86.06,86.06,106.08,106.08,100.0,0.23,0.36,17.62,0.28,1.92,1.02,100.0,0.0,0.0,0.0,71.76,31.29,78.5,21.5,0.0,57.64,158.58,69.15,37.22,17500.0,32328.97,221.0,105.84,61.6,34.75,94.36,100.0,64.86,100.0,0.0,0.0,0.0,838.63,0.32,1.11,0.65,0.59,0.0,0.0,0.0,0.0,,,,,,,0.0,0.0,0.0,351920,3.01,2.67,457.21,2.91,3.21,2.61,96.79,-0.08,61.36,244981.0,91.61,46.04,63.4,5.12,11.26,50.25,69.2,10.48,0.36,12.29,55.02,43.27,1.71,17.34,5.51,774.3,770.12,0.94,1066.25,1.86,105.52,0.73,91.06,100.0,1.01,92.25,100.0,100.0,80.77,100.0,100.0,80.77,15.51,12.53,12.53,14.32,156.1,0.5,11.61,92.33,7.67,19.23,7.76,98.57,89.53,100.0,100.0,100.0,100.0,100.0,12.02,0.24,1471.43,6.0,,,,0.0,26.99,100.83,0.83,100.83,0.0,100.0,0.83,,,,,,,,,,SABESP,Água e Esgotos,SABESP,3.02,24133.87,1.75,49.39,7.57,72.79,53.33,46.67,20.0,5.51,85.43,100.0,100.0,0.0,1150.16,1.01,0.99,,171.24,85.14,33.33,,,0.91,,,,,,,,,,,,1.65,0.17,0.0,,,,0.4,10.85,13.33,,0.0,0.0,Sim
3519253,49.09,95.66,18.17,52.57,99.93,19.79,12.62,1.06,100.0,90.96,74.4,100.0,100.0,11.39,13.48,148.25,130.82,14.52,10.8,74.4,92.84,7.16,25.6,9.35,129.52,89.31,0.33,,,13.2,,,82.86,,4.97,48.58,95.66,17.33,47.46,90.17,17.89,47.46,90.17,17.89,11.51,1.03,89.18,89.18,107.18,107.18,100.0,0.0,0.1,13.0,0.03,8.5,0.98,37.5,62.5,0.0,0.0,32.72,10.53,100.0,0.0,26.65,25.88,92.74,29.86,245.68,52658.6,30603.72,283.43,283.43,58.36,41.64,49.65,88.04,24.18,88.04,48.44,24.29,0.0,477.5,0.12,0.32,0.61,0.03,11.25,8.5,4.9,0.0,,,,,,,3.56,3.56,0.0,351925,2.49,1.87,307.85,2.99,3.22,2.73,119.89,-0.14,49.33,172087.96,62.46,28.38,41.15,7.8,7.45,45.43,65.87,9.61,1.34,11.93,55.99,41.72,2.29,11.46,2.9,848.61,839.99,0.82,1230.5,1.54,130.77,0.66,33.26,74.75,1.01,91.55,100.0,100.0,72.44,100.0,100.0,72.44,15.27,11.07,11.07,13.69,156.8,0.46,11.89,89.62,10.38,27.56,10.44,139.78,28.59,64.27,64.27,89.58,100.0,89.58,7.89,0.0,538.57,7.43,150.0,8.5,,0.0,203.39,110.83,0.0,110.0,0.0,110.0,1.52,,,,,,,,,,SABESP,Água e Esgotos,SABESP,0.24,496000.0,2.76,92.74,,120.65,100.0,0.0,,,64.94,97.3,97.3,0.0,,,1.59,1.04,166.39,79.84,,4.2,4.39,1.09,48.65,48.65,14.71,85.14,21.93,,,,,,121.62,33.32,2.1,,,,,,0.0,,,,,Sim
3519303,99.53,100.0,66.81,92.71,92.91,78.57,13.48,1.0,100.0,95.66,56.03,100.0,100.0,7.49,6.93,106.7,96.27,13.31,7.45,57.71,52.06,47.94,42.29,12.52,185.77,100.0,0.0,91.76,149.11,3.0,6.11,12.46,100.0,0.82,1.77,98.6,100.0,0.0,,,0.0,93.28,94.6,0.0,12.11,0.54,,,146.25,146.25,100.0,0.89,0.84,2.39,1.0,0.77,0.06,44.44,55.56,,4.0,16.22,6.36,100.0,0.0,0.0,24.17,67.09,26.31,101.39,57207.0,286034.98,413.71,271.68,27.37,72.63,100.0,100.0,100.0,100.0,0.0,0.0,0.0,2717.33,0.0,2.02,1.97,0.06,0.0,0.0,0.0,0.0,,,,,,,0.0,0.0,0.0,351930,1.16,1.16,202.46,1.22,1.67,0.78,105.7,0.0,45.67,54169.98,94.61,28.98,43.21,0.0,7.36,30.63,45.67,44.74,1.81,7.78,62.28,27.78,9.94,360.0,37.27,585.88,585.82,1.15,873.38,2.28,117.36,,96.01,100.0,1.0,94.72,95.55,99.69,97.71,99.93,95.64,97.83,14.76,14.44,14.47,14.76,155.12,,16.98,99.95,0.05,2.17,0.63,10.75,96.01,100.0,100.0,96.94,100.0,96.94,15.49,,,7.0,,7.0,0.17,0.03,4.14,100.0,0.0,100.0,0.0,100.0,0.0,,,,,,,,,,DAE,Água e Esgoto,LPU,0.98,77838.15,3.01,5.0,98.96,76.21,39.39,60.61,3.03,75.42,96.01,100.0,100.0,0.57,6652.29,0.18,1.02,,194.21,95.0,18.18,,,1.02,,46.09,0.46,1.71,,23.44,28.65,16.49,15.62,15.8,2.14,0.98,0.1,100.0,,,,0.3,3.96,30.3,,0.3,30.3,Sim
3519402,100.0,100.0,100.0,,,100.0,13.18,1.07,100.0,92.08,81.9,100.0,100.0,13.53,14.88,204.82,186.24,15.74,12.89,84.89,94.53,5.47,15.11,5.72,83.39,89.47,0.88,4682.0,,14.0,21.0,,100.0,85.05,1.29,94.35,99.29,0.0,93.4,93.51,91.19,93.4,93.51,91.19,7.64,1.05,89.98,89.98,94.52,94.52,100.0,0.26,0.0,,0.0,2.03,3.48,100.0,0.0,,16.0,75.25,58.95,72.15,27.85,27.85,15.44,487.41,381.83,212.8,104919.99,109689.09,647.73,647.73,100.0,0.0,52.96,55.73,0.0,27.87,0.0,0.0,0.0,250.4,0.08,0.29,0.54,0.0,0.0,0.0,0.0,0.0,,,,,,,0.0,0.0,0.0,351940,3.06,2.58,443.98,3.11,3.38,2.83,101.51,5.34,52.1,239129.38,83.1,42.42,51.32,8.9,9.33,51.04,61.75,11.12,7.44,11.22,53.38,44.0,2.62,23.69,10.89,872.18,855.47,0.97,1055.17,1.92,103.05,0.63,90.22,97.86,1.02,92.65,100.0,100.0,85.51,100.0,100.0,85.51,14.43,12.34,12.34,14.34,173.85,0.78,11.88,99.35,0.65,14.49,5.31,70.11,89.04,96.59,96.59,96.7,100.0,96.7,8.64,0.15,109.04,6.0,,,,0.0,28.46,104.02,0.0,104.02,0.0,104.02,0.0,,,,,,,,,,SABESP,Água e Esgotos,SABESP,,,1.01,14.89,14.89,35.49,,,,5.28,92.19,91.53,91.53,24.66,341.95,0.88,0.34,,100.14,35.08,24.39,,,0.34,,91.53,17.15,21.32,,29.56,17.24,24.63,14.78,13.79,30.63,0.07,0.02,0.0,,92.61,0.47,1.31,50.03,36.59,0.19,0.7,19.51,Sim
3519501,96.33,100.0,35.07,86.44,90.23,22.99,13.71,1.01,99.95,90.9,45.2,50.88,70.59,13.35,13.71,428.44,191.32,29.14,25.88,93.53,47.06,52.94,6.47,4.52,62.42,98.65,7.22,24.72,,4.0,2.72,,100.0,0.85,0.58,94.35,100.0,0.0,,,,,,,13.16,1.01,95.94,,40.84,40.84,100.0,0.06,9.08,2.0,1.0,1.31,1.31,100.0,0.0,0.0,0.0,0.0,0.0,,,,0.0,716.06,341.59,341.59,260288.23,260288.23,,,100.0,0.0,94.35,100.0,0.0,100.0,0.0,0.0,0.0,1767.75,0.0,1.5,0.64,0.95,0.0,0.0,0.0,0.0,,,,,,,0.0,0.0,0.0,351950,2.53,2.51,270.34,2.34,2.45,2.14,92.52,0.0,48.26,42503.75,107.02,39.25,52.16,0.0,30.15,36.68,48.74,20.56,1.52,28.17,62.63,30.58,6.79,,18.61,322.54,321.68,2.34,428.64,4.55,99.26,0.54,92.38,100.0,1.01,99.68,0.0,93.34,54.29,93.14,100.0,58.29,20.11,11.72,10.92,11.18,167.42,0.8,6.71,55.6,44.4,41.71,41.11,277.2,92.38,100.0,100.0,84.81,100.0,84.81,7.5,0.06,,,,,,0.0,0.51,115.83,0.0,115.83,0.0,100.0,0.0,,,,,,,,,,SAAEI,Água e Esgoto,LPU,,,5.4,0.0,11.5,208.06,,,,23.94,100.0,100.0,100.0,0.0,1315.02,0.56,0.63,0.32,396.53,43.81,30.77,109.33,81.48,0.58,,,,,,,,,,,,0.54,0.09,,,,,0.0,35.43,0.0,,0.7,38.46,Sim
3519600,97.04,100.0,0.0,,,0.0,28.94,1.0,100.0,92.24,69.12,100.0,100.0,12.65,17.06,200.88,187.38,18.3,12.65,69.35,93.22,6.78,30.65,5.91,184.64,92.38,0.92,20.0,,8.09,4.0,,100.0,0.07,2.91,95.57,98.49,0.0,,,0.0,94.47,97.35,0.0,15.25,0.97,99.1,99.54,80.39,75.29,93.66,0.72,1.58,1.5,1.0,0.4,0.53,38.6,61.4,0.14,8.0,79.34,35.1,93.45,6.55,6.54,30.27,262.14,115.97,33.14,40501.32,79306.98,330.4,10.95,10.99,83.48,100.0,100.0,100.0,100.0,94.08,96.95,85.46,4922.73,0.0,1.74,1.05,0.71,112.72,105.53,27.6,0.0,,,,,,,15.61,15.61,0.0,351960,,,,,,,,,,,,,,,,,,,,,,,,,,,,,,,,,,,,,,,,,,,,,,,,,,,,,,,,,,,,,,,,,,,,,,,,,,,,,,,,,,,,,,,,0.9,104573.57,3.66,88.79,28.51,94.31,26.92,73.08,3.85,26.89,100.0,100.0,100.0,89.21,2804.93,0.33,0.79,,136.58,41.9,36.54,90.97,,0.76,,,,,,,,,,,,1.9,0.24,57.14,78.6,165.72,1.02,0.24,13.57,26.92,0.08,0.29,32.69,Sim
3519709,51.5,73.88,0.0,41.77,59.91,0.0,12.02,1.09,100.0,89.31,58.01,100.0,100.0,12.02,13.89,182.68,159.73,19.43,11.27,58.22,71.5,28.5,41.78,21.53,289.93,88.35,34.73,12975.5,,20.99,6.0,,94.99,67.34,16.12,16.91,24.25,0.0,13.07,18.75,0.0,13.07,18.75,0.0,7.48,1.02,84.05,84.05,35.26,35.26,100.0,0.2,0.06,19.75,0.01,,,,,,,,,,,,,,,,,,,,,,,,,,,,,,,,,,,,,,,,,,,,,,,351970,6.54,3.61,639.69,3.31,3.43,3.0,50.54,1.78,34.58,278298.48,109.03,50.54,68.42,150.18,11.41,46.36,62.75,16.18,3.96,10.46,70.23,25.21,4.56,155.72,30.46,693.28,647.45,1.14,938.49,1.59,44.05,0.66,47.86,100.0,1.05,89.69,100.0,100.0,76.83,99.99,100.0,76.83,16.01,12.3,12.3,14.88,162.88,1.08,9.06,92.99,7.01,23.17,12.37,128.54,19.22,54.89,54.89,36.56,100.0,36.56,4.51,0.27,865.62,6.0,300.0,6.0,,0.0,289.04,103.79,0.18,103.6,0.0,103.03,1.29,,,,,,,,,,SABESP,Água e Esgotos,SABESP,,,2.31,39.83,,177.85,,,,,50.0,100.0,100.0,0.45,,,1.11,,167.46,38.02,,,,0.77,,72.42,2.51,10.14,,53.57,17.86,21.43,0.0,7.14,10.86,,,,,,,,49.28,,,,,Não
3519808,100.0,100.0,100.0,,,100.0,10.71,1.06,100.0,91.86,90.2,100.0,100.0,12.49,14.04,166.65,152.87,13.17,11.88,90.82,106.59,-6.59,9.18,3.43,42.05,85.4,0.64,3275.0,,11.76,11.0,,100.0,97.44,1.96,100.0,100.0,100.0,92.84,92.9,92.53,92.84,92.9,92.53,5.54,1.08,86.81,86.81,88.99,88.99,100.0,0.11,0.0,,0.0,1.5,0.75,68.75,31.25,0.0,0.0,43.09,19.64,100.0,0.0,0.0,52.18,82.58,37.65,43.99,28800.0,50000.0,191.65,191.65,74.75,16.84,100.0,100.0,100.0,100.0,0.0,0.0,0.0,1838.9,0.0,1.26,0.58,0.82,0.0,0.0,0.0,0.0,,,,,,,0.0,0.0,0.0,351980,3.5,3.22,557.07,2.78,3.09,2.46,79.63,-0.31,61.24,268051.45,115.56,63.25,76.92,8.61,15.8,54.74,66.56,10.14,3.51,13.68,55.37,42.63,2.0,26.07,7.9,722.95,717.38,1.15,879.08,2.25,88.65,0.82,91.9,100.0,1.01,92.4,100.0,100.0,77.76,100.0,100.0,77.76,15.57,12.09,12.09,14.43,153.59,0.61,12.08,92.79,7.21,22.24,8.35,114.62,88.33,100.0,100.0,91.15,100.0,91.15,6.48,0.16,471.67,6.0,,,,0.0,112.23,116.67,0.0,115.38,0.0,115.38,0.0,,,,,,,,,,SABESP,Água e Esgotos,SABESP,0.57,240000.0,2.67,,,135.71,100.0,0.0,,,97.05,100.0,100.0,33.33,,,1.16,,,,,1.67,,1.03,,,,,,,,,,,141.36,,,,,,,,,,,,,Sim
3519907,91.24,100.0,25.08,82.74,91.29,18.14,10.33,1.0,100.0,97.18,37.11,100.0,0.0,11.94,11.78,181.44,168.92,31.48,11.68,37.92,37.41,62.59,62.08,51.72,642.49,100.0,0.77,161.11,,3.43,6.89,,100.0,4.94,25.83,79.92,90.5,0.0,,88.83,,,88.83,,10.69,1.0,,,117.16,0.0,0.0,0.06,9.3,1.35,0.84,2.63,0.81,100.0,0.0,0.0,0.0,112.18,40.93,100.0,0.0,0.0,38.46,291.71,106.44,96.91,36792.0,47270.67,260.04,93.64,65.24,34.76,95.62,95.11,99.45,87.8,0.0,0.0,78.49,775.0,0.13,0.82,0.68,0.2,0.0,0.0,0.0,78.49,0.0,0.0,,,,,0.0,0.0,0.0,351990,1.07,1.07,202.03,0.7,1.06,0.35,65.65,0.0,51.78,54253.95,152.33,73.02,78.88,0.0,8.9,47.93,51.78,38.85,3.53,5.84,72.11,24.19,3.7,127.4,10.8,518.61,518.61,1.78,560.25,3.38,68.17,,88.43,99.32,1.0,94.53,100.0,100.0,0.0,0.0,100.0,87.93,35.21,30.96,0.0,14.72,417.7,,8.73,41.81,58.19,12.07,13.35,139.72,79.97,90.01,90.01,48.73,100.0,48.73,9.87,0.0,,,,,,,,166.67,0.56,0.0,,0.0,,,,,,,,,,,PMI,Água e Esgoto,LPU,2.62,27949.04,1.84,0.0,31.17,73.31,100.0,0.0,,22.85,98.24,98.01,98.01,18.77,,,1.12,,58.54,32.65,,70.02,,1.01,,,8.7,35.59,,38.79,38.17,22.15,0.89,0.0,76.74,1.4,0.12,,,,,,26.44,,,,,Sim
3520004,,,,,,,,,,,,,,,,,,,,,,,,,,,,,,,,,,,,,,,,,,,,,,,,,,,,,,,,5.23,1.49,93.59,6.41,0.0,0.0,0.0,0.0,,,,0.0,621.61,251.17,292.97,53016.42,168137.8,,,92.95,7.05,100.0,100.0,100.0,100.0,0.0,0.0,0.0,2143.0,0.0,0.5,0.44,0.06,0.0,0.0,0.0,0.0,,,,,,,0.0,0.0,0.0,352000,0.92,0.92,304.18,0.93,1.17,0.69,101.09,-22.17,55.46,63582.8,98.92,47.78,54.86,0.0,0.0,48.3,55.46,37.79,1.39,0.0,63.53,36.47,0.0,39.3,49.37,376.93,375.15,2.32,432.78,4.71,123.5,0.68,97.92,96.73,1.01,94.88,0.0,60.69,83.48,84.59,100.0,98.69,28.52,28.15,39.61,28.15,353.53,0.99,15.25,98.69,1.31,1.31,0.76,12.45,97.92,97.55,97.55,96.92,100.0,96.92,14.37,0.01,460.0,9.33,208.33,7.17,0.23,2.03,0.07,100.0,1.94,100.0,0.0,100.0,0.32,,,,,,,,,,SAEIT,Água e Esgoto,LPU,,,,,,,,,,,,,,,,,,,,,,,,,,,,,,,,,,,,,,,,,,,,,,,,Sim
3520103,97.24,100.0,0.27,86.45,89.23,0.26,12.2,1.02,100.0,90.93,74.08,100.0,100.0,13.28,17.71,194.92,176.64,17.93,13.28,74.08,98.8,1.2,25.92,11.4,155.13,100.0,1.0,5589.0,,16.3,9.0,,95.12,48.4,5.89,97.23,100.0,0.0,85.06,87.8,0.0,85.06,87.8,0.0,8.27,0.51,183.42,183.42,79.29,79.19,99.87,0.24,0.44,4.16,0.47,0.15,0.23,60.0,40.0,,2.0,168.23,77.1,100.0,0.0,35.67,55.79,194.0,88.9,17.88,116268.0,95736.0,115.32,9.41,23.36,66.91,98.62,100.0,50.2,100.0,0.0,0.0,0.0,3826.0,0.0,0.78,0.69,0.11,0.0,0.0,0.0,13.75,,,,,,,0.0,0.0,0.0,352010,3.09,2.72,491.83,3.04,3.36,2.72,98.53,-0.8,53.92,204802.31,89.29,49.01,54.72,6.45,8.71,54.88,61.29,19.78,1.73,9.76,53.94,42.87,3.19,31.98,32.38,679.45,670.34,1.34,758.72,2.65,107.4,0.76,95.86,100.0,1.01,90.84,100.0,100.0,74.49,100.0,100.0,74.49,17.62,13.12,13.12,15.11,165.85,1.06,8.95,85.79,14.21,25.51,14.8,149.73,94.79,100.0,100.0,93.68,100.0,93.68,7.46,0.21,1764.64,6.29,,,,0.0,65.91,113.69,0.0,110.86,0.0,110.86,0.0,,,,,,,,,,SABESP,Água e Esgotos,SABESP,3.94,20755.07,2.84,,,81.72,89.38,10.62,0.88,,98.58,99.3,97.56,99.5,2148.56,0.42,0.77,,,,10.62,,,0.74,,52.26,0.06,0.17,,20.0,20.0,20.0,10.0,30.0,0.21,0.29,0.04,0.0,,,,1.74,,44.25,,1.05,26.55,Sim
3520202,51.22,69.1,0.0,55.11,74.37,0.0,17.9,1.08,100.0,91.08,75.57,100.0,100.0,12.47,14.57,295.22,237.77,15.68,11.85,83.8,92.94,7.06,16.2,4.73,89.81,91.52,0.71,3681.0,,49.1,6.0,,65.52,98.5,8.35,25.21,34.01,0.0,21.77,29.38,0.0,21.77,29.38,0.0,7.79,1.04,85.9,85.9,40.45,40.45,100.0,0.25,0.12,3.0,0.05,1.11,0.83,16.67,83.33,0.0,0.0,340.38,220.1,100.0,0.0,0.0,103.52,328.82,212.63,111.36,250000.0,18500.0,96.6,0.77,16.11,83.89,100.0,100.0,100.0,100.0,0.0,0.0,0.0,1543.33,0.0,1.16,1.16,0.01,0.0,0.0,0.0,0.0,,,,,,,0.0,0.0,0.0,352020,6.19,6.48,1110.76,3.35,3.52,2.97,54.01,2.02,36.79,183160.91,193.58,47.31,68.12,12.97,10.68,24.44,35.19,54.16,1.48,5.52,69.84,27.02,3.14,18.34,10.08,468.61,452.14,1.54,674.79,2.26,57.8,6.16,57.04,71.9,1.03,90.8,100.0,100.0,79.03,100.0,100.0,79.03,14.62,11.55,11.55,14.54,225.22,0.74,15.59,99.45,0.55,20.97,6.02,103.69,25.87,32.61,32.61,44.31,100.0,44.31,9.66,0.25,561.67,7.83,,,,0.0,82.22,110.0,0.0,110.0,0.0,110.0,0.0,,,,,,,,,,SABESP,Água e Esgotos,SABESP,,,1.25,,101.74,72.72,,,,73.99,100.0,100.0,100.0,0.35,,,1.68,,,,,,,1.33,,,0.02,0.13,,,,,,,2.12,,,,,,,,,,,,,Sim
3520301,66.58,86.29,0.0,70.63,91.88,0.0,13.25,1.07,100.0,89.06,76.07,100.0,100.0,10.52,,208.88,177.29,12.93,9.84,78.89,49.5,50.5,10.43,6.56,96.24,85.53,0.39,,,13.43,,,91.42,,9.96,56.04,72.63,0.0,52.84,68.74,0.0,52.84,68.74,0.0,9.26,1.0,89.59,89.59,86.81,86.81,100.0,0.89,0.31,52.45,0.05,6.38,0.5,20.37,79.63,0.0,0.0,59.55,36.55,100.0,0.0,37.94,19.86,186.03,114.19,720.78,60389.52,210920.66,312.41,115.88,14.46,51.38,100.0,100.0,100.0,100.0,0.0,0.0,83.33,1035.26,0.0,0.66,0.55,0.14,0.0,0.0,0.0,0.0,0.0,0.0,,,,,0.0,0.0,0.0,352030,3.85,2.72,440.72,3.44,3.4,3.49,89.28,-0.42,41.6,140649.19,79.26,31.01,46.6,28.24,8.03,39.12,58.79,20.09,1.98,10.13,55.21,41.42,3.37,26.78,35.32,542.82,541.13,1.23,815.74,2.12,97.79,0.67,64.99,75.92,1.0,89.7,100.0,100.0,73.96,100.0,100.0,73.96,13.66,10.11,10.11,13.41,185.09,0.76,12.77,98.17,1.83,26.04,7.91,117.31,46.27,54.05,54.05,76.35,100.0,76.35,9.6,1.11,1416.67,6.0,,,,0.0,192.4,105.48,0.83,106.14,1.03,106.14,0.0,,,,,,,,,,SABESP,Água e Esgotos,SABESP,2.2,89848.18,5.1,88.1,7.91,197.3,10.34,89.66,8.62,15.61,97.55,100.0,100.0,31.72,6755.8,0.23,1.32,0.79,48.87,11.9,10.34,2.76,47.06,1.15,183.62,,,,,,,,,,,0.92,0.07,100.0,,,,1.36,44.31,62.07,,0.23,10.34,Sim
3520400,78.41,80.9,0.0,84.66,87.35,0.0,10.12,1.22,100.0,88.57,74.73,100.0,100.0,16.73,17.71,310.23,253.49,20.89,15.61,74.73,84.76,15.24,25.27,19.9,212.58,93.86,0.42,3751.44,,60.12,10.47,,69.01,22.49,21.62,56.21,57.99,0.0,44.92,46.35,0.0,44.92,46.35,0.0,9.63,1.13,85.78,85.78,56.79,56.79,100.0,0.46,0.02,66.0,0.0,6.47,2.7,60.74,39.26,0.0,0.0,341.11,182.26,100.0,0.0,0.0,25.71,1326.62,708.83,603.07,21737.97,26361.45,388.92,23.49,9.74,86.32,100.0,100.0,100.0,80.0,100.0,80.0,55.06,1005.38,0.0,2.43,1.44,1.02,48.72,33.19,9.28,0.0,,,57.36,10.38,4.29,4.91,3.75,3.75,0.0,352040,5.1,3.89,898.18,4.64,4.54,4.82,90.9,1.51,51.1,214002.31,83.99,41.47,56.22,23.84,7.08,49.37,66.93,9.03,7.25,8.43,61.83,36.09,2.07,16.1,61.01,355.98,312.64,2.36,482.6,3.73,94.43,0.76,69.04,69.52,1.14,89.91,100.0,100.0,75.63,99.99,100.0,75.64,22.86,17.29,17.29,19.53,328.41,0.44,9.87,85.46,14.54,24.36,19.4,209.02,38.32,38.59,38.59,53.14,100.0,53.14,11.41,0.44,1643.49,10.93,,,,0.0,139.72,100.0,0.0,99.81,0.0,99.81,0.0,,,,,,,,,,SABESP,Água e Esgotos,SABESP,,,,,,,,,,,,,,,,,,,,,,,,,,,,,,,,,,,,,,,,,,,,,,,,Sim
3520426,84.25,86.05,0.0,,,,11.49,1.05,100.0,92.54,67.87,100.0,100.0,7.87,12.43,325.44,279.58,11.09,7.53,68.21,112.06,-12.06,31.79,10.0,121.45,89.87,0.07,2924.5,,14.85,11.83,,98.14,19.56,5.57,45.68,46.66,0.0,,,,,,,11.37,1.0,91.01,91.01,60.77,60.77,100.0,0.75,0.09,14.5,0.03,,,,,,,,,,,,,,,,,,,,,,,,,,,,,,,,,,,,,,,,,,,,,,,352042,4.05,3.02,468.38,3.46,3.39,3.59,85.37,-0.38,50.36,259307.15,87.43,38.17,58.99,22.07,12.45,43.67,67.48,8.5,1.58,14.24,62.66,33.36,3.99,15.67,23.18,820.45,817.73,0.79,1267.9,1.18,98.61,0.97,87.78,87.78,1.0,92.71,100.0,100.0,73.08,100.0,100.0,73.08,10.48,7.66,7.66,12.83,329.95,0.07,11.93,122.47,-22.47,26.92,7.03,93.01,43.02,43.02,43.02,58.59,100.0,58.59,10.8,0.98,3287.5,7.37,,,,0.0,367.13,106.25,0.65,106.94,1.3,106.94,0.0,,,,,,,,,,SABESP,Água e Esgotos,SABESP,,,2.32,0.0,,189.15,,,,,100.0,100.0,100.0,0.06,1334.04,1.61,1.85,,247.74,88.16,30.51,8.31,,1.85,,8.96,0.06,0.38,,57.14,42.86,0.0,0.0,0.0,0.45,0.27,0.01,0.0,,34.65,1.73,0.9,8.91,16.95,0.49,2.24,42.37,Não
3520442,99.77,100.0,97.98,93.23,97.91,54.12,14.79,1.1,97.53,87.09,14.64,21.76,100.0,4.01,16.43,281.46,238.2,24.86,16.73,68.06,66.07,33.93,31.94,18.76,286.81,0.0,19.75,1216.0,,2.5,6.0,,92.0,9.25,0.13,88.66,100.0,0.0,,91.93,,,91.93,,13.32,0.5,,,100.39,100.39,100.0,0.1,0.09,11.38,1.0,1.72,1.59,46.75,53.25,0.56,13.0,139.3,66.33,99.27,0.73,0.73,53.29,261.39,124.47,140.63,40739.29,84845.29,187.65,43.98,29.5,40.46,88.66,100.0,0.0,99.0,88.66,99.0,0.0,533.32,0.04,1.0,0.74,0.39,32.89,17.0,12.16,0.0,,,41.28,38.65,5.56,14.46,4.12,4.12,0.0,352044,1.26,1.26,235.02,0.95,0.96,0.93,75.38,0.0,58.01,46055.6,132.66,52.16,76.96,0.0,0.0,39.32,58.01,39.82,2.17,0.0,69.53,30.47,0.0,152.49,66.39,337.79,319.06,2.12,498.36,4.06,75.38,0.82,100.0,100.0,1.04,84.14,100.0,100.0,62.95,100.0,100.0,62.95,28.17,17.73,17.73,20.61,253.63,0.59,15.43,73.17,26.83,37.05,21.84,358.38,93.84,100.0,100.0,92.85,100.0,92.85,13.46,0.11,,,,,6.91,0.48,2.5,1114.6,0.16,59.84,0.27,58.97,2.83,,,,,,,,,,PMISA,Água e Esgoto,LPU,1.52,38687.46,1.28,89.48,54.77,58.71,15.79,84.21,0.0,32.15,100.0,100.0,100.0,4.99,1634.08,0.72,1.06,0.63,65.98,43.49,47.37,,57.69,0.99,,100.0,4.61,17.85,7.87,46.85,28.97,1.54,21.92,0.72,19.32,3.0,0.28,100.0,100.0,233.31,0.59,0.68,49.75,44.74,0.13,0.12,7.89,Sim
3520509,95.09,96.78,0.0,95.5,97.19,0.0,11.87,1.18,100.0,89.83,60.81,100.0,100.0,14.17,14.51,208.24,181.88,23.31,14.17,61.05,62.26,37.74,38.95,26.7,353.08,34.07,0.78,177.94,,3.0,7.76,,100.0,0.16,6.29,94.41,96.08,0.0,94.81,96.48,0.0,94.81,96.48,0.0,10.65,1.18,89.7,89.7,102.99,102.99,100.0,0.76,0.31,4.0,1.0,1.36,0.69,17.46,82.54,0.0,0.0,372.24,148.21,100.0,0.0,0.0,78.84,472.11,187.98,211.0,184697.94,41043.99,126.83,4.65,10.47,89.53,100.0,100.0,100.0,100.0,100.0,100.0,0.0,1637.48,0.15,1.59,0.89,0.71,13.05,10.44,4.0,0.0,,,,,,,1.8,1.8,0.0,352050,2.93,2.85,528.57,3.31,3.33,3.29,112.91,0.0,55.39,79350.68,86.02,34.31,49.06,2.36,12.16,39.89,57.03,18.07,7.64,14.14,45.57,44.66,9.77,22.17,723.45,263.22,229.46,3.05,376.34,6.07,125.4,0.54,96.98,97.96,1.15,89.04,100.0,100.0,69.79,100.0,100.0,69.79,21.47,14.98,14.98,15.42,193.87,0.9,11.68,71.83,28.17,30.21,18.99,245.22,95.5,96.47,96.47,85.0,68.77,58.45,10.39,0.8,,,,,,0.44,,182.07,0.06,150.43,0.07,141.69,1.15,,,,,,,,,,SAAE,Água e Esgoto,LPU,2.58,110893.53,8.55,89.99,23.99,285.81,8.57,91.43,4.67,68.57,100.0,100.0,100.0,100.0,3391.61,0.35,1.03,0.82,149.34,19.6,13.71,,24.76,1.02,,,1.07,4.02,2.55,44.06,21.78,8.09,21.88,4.2,7.66,3.13,0.3,100.0,100.0,108.41,2.91,0.11,3.74,4.21,0.1,0.41,15.89,Sim
3520608,91.62,100.0,31.5,96.2,100.0,68.03,6.22,1.05,100.0,99.13,96.3,100.0,100.0,20.72,20.34,312.5,299.33,20.53,19.77,96.67,99.07,0.93,3.33,3.79,23.58,100.0,0.25,166.67,166.67,4.0,10.0,6.67,100.0,7.61,0.14,87.77,100.0,0.0,88.11,100.0,0.0,88.11,100.0,0.0,13.03,1.0,100.0,100.0,84.62,84.62,100.0,0.1,0.04,8.0,1.0,1.1,0.77,100.0,0.0,0.0,0.0,0.0,0.0,,,,0.0,60.37,28.75,85.46,77869.25,37310.41,,,100.0,0.0,100.0,100.0,100.0,100.0,100.0,100.0,0.0,3060.0,0.0,1.62,1.06,0.63,99.21,98.25,25.62,0.0,,,,,,,16.67,16.67,0.0,352060,1.37,1.24,179.93,0.79,1.14,0.06,57.82,0.0,52.86,57980.26,156.33,82.5,91.43,0.0,0.0,52.78,58.48,38.29,3.23,0.0,97.61,2.39,0.0,271.93,6.65,550.99,562.05,1.61,610.58,3.14,63.97,,85.53,100.0,1.0,99.14,100.0,99.01,95.89,97.22,100.0,98.63,15.9,15.68,15.4,15.77,235.9,,16.4,99.18,0.82,1.37,0.43,7.16,85.53,100.0,100.0,47.22,100.0,47.22,17.2,,,,,,,0.0,1.25,100.0,18.75,100.0,0.0,100.0,2.08,,,,,,,,,,PMI,Água e Esgoto,LPU,,,4.4,,,187.22,,,,,100.0,100.0,100.0,0.0,666.36,1.68,0.96,,,,41.18,,,0.82,,,,,,,,,,,,1.44,0.15,0.0,,,,1.44,,35.29,,0.48,11.76,Sim
3520707,91.31,100.0,49.93,84.4,97.27,16.71,17.08,1.08,100.0,90.82,90.21,100.0,100.0,12.38,,197.04,175.63,12.78,11.53,91.52,45.58,54.42,3.6,2.03,38.47,88.84,0.8,,,10.43,,,100.0,,1.05,82.31,99.59,0.0,70.64,81.14,15.4,70.64,81.14,15.4,14.04,1.01,91.57,91.57,105.01,105.01,100.0,0.0,0.0,,0.0,6.18,5.01,86.84,13.16,0.0,0.0,108.85,64.59,96.63,3.37,3.37,18.31,594.36,352.66,176.37,21667.08,41645.22,546.02,303.79,57.59,7.86,82.65,100.0,0.0,100.0,82.65,3.83,0.0,1125.0,0.49,0.75,0.76,0.15,26.5,13.25,9.52,0.0,,,,,,,4.0,4.0,0.0,352070,2.61,1.99,357.92,2.97,3.28,2.62,114.06,-0.15,30.25,151411.68,66.77,18.5,26.52,6.43,7.34,27.71,39.72,37.8,1.0,10.99,57.08,40.73,2.19,20.34,2.87,1065.09,1057.24,0.66,1526.5,1.25,128.84,0.86,86.25,99.61,1.01,91.14,100.0,100.0,90.08,100.0,100.0,90.08,14.49,13.04,13.04,15.06,206.85,1.71,16.22,104.08,-4.08,9.92,2.65,47.54,77.85,89.92,89.92,97.85,100.0,97.85,15.02,0.0,1000.0,6.0,,,,0.0,16.69,100.0,0.0,100.0,0.0,100.0,0.0,,,,,,,,,,SABESP,Água e Esgotos,SABESP,5.33,38487.14,3.3,0.0,12.96,205.33,100.0,0.0,16.67,26.61,100.0,100.0,100.0,33.33,479.23,1.19,0.73,,308.18,28.92,22.22,111.11,,0.63,,,11.11,29.64,,30.0,20.0,40.0,5.0,5.0,44.46,,,0.0,,,,0.59,3.15,11.11,,1.78,33.33,Sim
3520806,99.54,100.0,94.14,,,100.0,14.78,1.07,100.0,89.21,82.38,100.0,100.0,12.83,14.0,175.09,151.77,14.67,12.09,83.12,95.4,4.6,16.88,5.44,86.9,91.69,0.71,,,74.0,,,93.75,,5.9,95.31,100.0,40.69,91.35,91.54,89.08,91.35,91.54,89.08,10.96,1.04,86.8,86.8,103.23,103.23,100.0,0.54,0.17,119.33,0.08,1.18,2.96,57.14,42.86,2.25,8.0,0.0,0.0,,,,0.0,216.25,93.0,98.11,48139.45,48139.45,,,59.6,18.86,92.1,100.0,0.0,100.0,97.0,100.0,0.0,584.8,0.82,1.31,1.2,0.22,69.08,55.15,16.57,0.0,,,64.51,16.5,3.56,13.24,11.19,11.19,0.0,352080,3.24,3.01,524.73,3.15,3.32,2.99,97.36,-0.8,57.75,208998.63,95.4,40.72,59.32,3.52,13.94,42.68,62.19,15.67,0.19,14.61,51.79,46.44,1.77,16.41,4.37,640.5,637.3,1.08,933.17,2.15,103.84,0.8,89.45,100.0,1.01,89.55,100.0,100.0,81.6,100.0,100.0,81.6,15.29,12.47,12.47,14.53,162.17,0.53,11.42,95.07,4.93,18.4,7.3,92.9,89.23,100.0,100.0,99.76,100.0,99.76,9.64,0.74,882.73,6.0,1404.0,6.0,,0.0,30.29,100.83,0.0,100.83,0.0,100.83,0.0,,,,,,,,,,SABESP,Água e Esgotos,SABESP,3.44,17027.37,1.3,,,58.5,66.67,33.33,8.33,,87.52,100.0,100.0,10.49,1054.31,0.86,0.87,0.32,,,25.0,0.81,172.41,0.87,,100.0,8.77,27.77,28.57,47.84,31.65,7.94,10.31,2.27,33.21,1.65,0.19,0.0,,,,0.29,,8.33,,0.57,16.67,Sim
3520905,97.12,100.0,0.0,95.99,98.47,0.0,14.21,1.03,100.0,96.12,68.05,100.0,100.0,26.34,26.65,355.4,354.19,37.43,25.47,68.28,71.2,28.8,31.72,27.47,400.91,0.23,0.49,154.2,,1.25,4.0,,93.46,2.77,6.24,97.12,100.0,0.0,89.63,91.94,0.0,89.63,91.94,0.0,13.92,1.0,96.23,96.61,38.5,32.62,84.72,0.06,3.16,4.0,1.0,0.89,0.36,11.76,88.24,0.43,6.0,106.64,45.59,100.0,0.0,26.34,29.61,265.27,113.42,280.34,34000.0,34000.0,248.75,5.35,1.27,86.91,100.0,100.0,100.0,100.0,100.0,100.0,0.0,1716.05,0.0,0.67,0.67,0.0,24.84,18.09,10.09,0.0,0.26,0.0,28.6,31.73,13.88,5.95,7.35,7.35,0.0,352090,1.37,1.37,161.6,1.26,1.26,,92.11,0.0,49.32,51047.54,108.56,33.06,53.54,0.0,0.0,30.45,49.32,47.55,3.13,0.0,99.88,0.12,0.0,0.0,14.58,640.49,625.7,0.99,1037.33,1.96,92.11,,91.18,98.96,1.0,100.0,0.0,100.0,98.3,100.0,100.0,98.3,20.36,20.01,20.01,20.01,222.76,,11.07,98.3,1.7,1.7,1.02,11.35,91.18,98.96,98.96,99.91,90.91,90.83,10.31,0.0,,,,,,,0.73,105.0,1.19,96.36,3.77,97.73,0.0,,,,,,,,,,PMI,Água e Esgoto,LPU,2.47,24980.52,1.56,2.6,,61.58,100.0,0.0,0.0,,100.0,100.0,100.0,42.86,1966.09,0.94,2.78,2.56,29.41,48.48,38.24,,0.0,2.56,,100.0,0.05,0.54,65.71,40.0,26.67,13.33,13.33,6.67,667.01,,,0.0,,,,1.16,33.11,47.06,,0.36,14.71,Sim
3521002,77.62,93.57,0.0,75.09,90.19,0.0,5.68,1.08,100.0,91.28,78.6,100.0,100.0,12.81,14.33,169.71,142.97,15.44,12.14,82.64,92.81,7.19,17.36,15.38,95.21,90.57,1.37,2067.33,,26.68,11.33,,83.87,17.89,10.16,59.59,71.82,0.0,53.12,63.81,0.0,53.12,63.81,0.0,5.67,1.02,92.05,92.05,70.85,70.85,100.0,0.2,0.2,16.42,0.03,1.78,0.37,2.86,97.14,,7.0,79.78,33.6,100.0,0.0,0.0,25.04,318.6,134.18,102.34,48000.0,48000.0,399.36,3.76,1.15,98.85,100.0,100.0,100.0,73.53,0.0,0.0,0.0,2887.58,0.03,0.83,0.71,0.15,0.0,0.0,0.0,0.0,,,,,,,0.0,0.0,0.0,352100,3.23,2.74,460.53,2.91,3.16,2.56,90.22,-13.63,52.23,268161.42,94.2,37.33,57.88,14.83,9.13,39.63,61.45,21.1,0.01,9.7,61.22,35.24,3.54,54.75,17.06,947.6,898.09,0.72,1469.5,1.24,109.77,0.68,67.41,100.0,1.05,92.71,100.0,100.0,76.45,100.0,100.0,76.45,15.46,11.82,11.82,14.25,145.87,1.29,9.14,92.13,7.87,23.55,12.71,125.72,50.21,81.37,81.37,77.54,100.0,77.54,9.78,0.1,1406.67,8.92,,,,0.0,141.84,101.12,0.0,101.12,0.16,101.12,0.16,,,,,,,,,,SABESP,Água e Esgotos,SABESP,2.27,47424.11,2.79,100.0,29.57,107.62,0.0,100.0,0.0,31.82,100.0,100.0,100.0,100.0,1910.01,0.52,0.86,,225.8,66.14,23.08,,,0.53,,43.64,0.42,1.31,,,,,,,2.18,,,100.0,,,,0.65,17.53,28.85,,0.79,34.62,Sim
3521101,92.78,100.0,8.51,93.91,,16.03,11.97,1.01,100.0,93.15,80.04,93.95,0.0,11.96,12.66,219.35,204.24,14.85,12.66,85.19,85.19,14.81,14.81,5.79,72.72,100.0,1.11,,,2.56,,,91.67,,2.44,,,,,,,,,,,,,,,,,,,,,,,,,,,,,,,,,,,,,,,,,,,,,,,,,,,,,,,,,,,,,,,,,,,352110,1.92,1.92,279.94,2.4,2.68,2.0,124.91,-0.52,65.23,57700.74,80.06,30.13,52.23,0.0,0.0,37.64,65.23,31.21,3.55,0.0,65.73,34.27,0.0,0.0,16.47,315.97,315.97,1.83,547.63,3.18,125.56,0.51,86.07,100.0,1.0,95.94,100.0,100.0,63.53,100.0,100.0,63.53,18.05,11.46,11.46,12.48,174.79,1.26,17.7,69.13,30.87,36.47,11.62,216.4,79.99,92.93,92.93,70.24,100.0,70.24,17.53,0.28,,,,,,0.0,,161.05,6.07,163.22,0.21,184.9,9.86,,,,,,,,,,PMI,Água e Esgoto,LPU,6.0,23118.94,2.95,29.94,39.33,138.82,100.0,0.0,7.69,54.6,100.0,100.0,100.0,26.25,931.51,1.23,1.33,1.05,208.99,54.06,20.51,49.33,8.85,1.15,,,18.37,89.45,28.57,,,,,,127.79,1.43,0.11,0.0,,209.23,0.64,1.39,41.54,23.08,0.28,0.92,15.38,Não
3521150,85.76,100.0,0.0,76.55,88.26,0.0,11.31,1.01,84.6,95.0,48.76,85.84,83.33,14.15,24.03,282.99,214.91,28.83,16.38,60.74,83.33,16.67,39.26,32.08,374.65,96.44,0.0,166.67,,0.21,6.0,,100.0,6.67,6.0,85.76,100.0,0.0,,93.52,,,93.52,,11.46,0.0,,,117.35,117.35,100.0,0.2,0.0,,,3.65,2.98,100.0,0.0,0.0,0.0,86.37,39.76,87.77,12.23,12.23,23.34,370.12,170.37,170.37,46736.21,57122.03,428.51,428.51,100.0,0.0,85.76,100.0,0.0,100.0,0.0,0.0,0.74,327.58,0.43,0.77,0.7,0.19,0.0,0.0,0.0,0.0,,,,,,,0.0,0.0,0.0,352115,1.37,1.37,194.35,2.58,2.32,2.9,188.18,33.06,64.11,47151.36,53.14,20.54,34.07,0.0,1.05,38.66,64.11,30.4,3.52,1.97,50.0,50.0,0.0,119.0,8.29,378.43,378.43,1.59,627.6,3.25,125.97,0.69,60.42,100.0,1.0,92.45,90.9,100.0,90.9,100.0,90.9,90.9,14.74,13.4,13.4,13.4,207.76,0.84,18.03,90.9,9.1,9.1,2.34,44.1,60.42,100.0,100.0,80.02,0.0,0.0,18.11,0.2,,,,,3.33,1.24,3.06,100.0,0.0,100.0,0.0,100.0,0.0,,,,,,,,,,PMI,Água e Esgoto,LPU,,,,,,,,,,,,,,,,,,,,,,,,,,,,,,,,,,,,,,,,,,,,,,,,Sim
3521200,55.78,100.0,16.9,53.54,100.0,11.78,15.41,1.06,100.0,89.43,74.26,100.0,100.0,10.13,12.49,161.89,142.24,12.89,9.57,74.85,96.89,3.11,25.15,6.62,112.75,88.72,0.76,37.2,,5.82,10.8,,95.65,3.22,5.11,49.38,100.0,4.87,43.11,80.48,9.52,43.11,80.48,9.52,13.8,1.01,88.94,88.94,104.05,104.05,100.0,1.23,0.19,6.67,0.06,4.7,2.0,93.75,6.25,0.0,0.0,3.21,1.63,100.0,0.0,0.0,0.43,746.78,378.94,438.87,93333.33,140000.0,23268.07,14736.84,77.55,22.45,85.55,100.0,72.85,100.0,46.79,73.15,0.0,900.0,0.0,0.6,0.67,0.07,156.74,130.62,35.29,0.0,0.91,0.0,20.0,20.0,20.0,20.0,27.78,27.78,0.0,352120,6.19,5.59,881.75,3.3,3.29,3.32,53.39,-6.31,65.68,235333.94,169.19,95.02,123.03,31.58,13.77,56.16,72.71,12.98,1.74,8.14,50.8,46.67,2.53,28.17,5.18,367.05,367.05,2.1,475.25,4.02,64.34,0.73,53.65,96.05,1.0,88.03,100.0,100.0,79.02,100.0,100.0,79.02,12.72,10.05,10.05,13.17,146.67,0.75,13.74,103.54,-3.54,20.98,5.26,87.7,48.98,87.69,87.69,100.0,100.0,100.0,14.98,1.54,190.67,6.33,,,,0.0,115.14,104.58,0.0,104.58,1.2,104.58,0.0,,,,,,,,,,SABESP,Água e Esgotos,SABESP,9.34,7727.27,0.72,0.0,,72.16,100.0,0.0,4.55,,78.24,99.75,40.32,20.0,79.87,3.4,0.29,0.12,400.0,58.82,36.36,40.0,66.67,0.21,,100.0,20.0,21.22,66.67,,,,,,42.44,,,0.0,,,,2.12,35.29,22.73,,2.55,27.27,Sim
3521309,97.5,100.0,0.0,99.24,,0.0,11.29,1.0,96.54,89.27,29.51,74.01,37.12,13.36,13.37,295.18,218.47,45.28,18.05,39.87,29.53,70.47,60.13,76.87,895.21,99.22,0.32,,,10.6,,,100.0,,0.36,,,,,,,,,,,,,,,,,,,,,0.7,0.7,100.0,0.0,0.16,2.0,0.0,0.0,,,,0.0,26.08,11.49,261.2,133757.36,14654.92,,,38.0,0.46,97.5,100.0,0.0,100.0,85.09,13.96,0.0,1099.33,0.0,0.62,0.63,0.0,1.6,1.28,0.61,0.0,,,,,,,0.49,0.49,0.0,352130,1.0,1.0,187.08,1.27,1.55,0.97,126.92,0.0,65.78,59678.83,78.79,49.3,51.83,0.0,0.0,62.57,65.78,28.59,5.63,0.0,58.39,35.45,6.16,99.87,26.28,484.96,482.55,1.97,509.82,3.92,135.25,0.6,98.78,98.79,1.0,,100.0,98.9,43.18,60.34,100.0,71.57,36.98,26.37,16.09,15.88,340.95,0.39,12.11,43.09,56.91,28.43,28.44,344.41,98.78,98.79,98.79,58.2,100.0,58.2,11.86,0.04,,,,,,0.0,0.3,100.0,0.0,100.0,0.0,100.0,0.0,,,,,,,,,,SAAE,Água e Esgoto,LPU,3.56,42607.08,3.63,1.6,,151.69,100.0,0.0,3.57,,95.86,100.0,100.0,0.87,2120.34,0.57,1.05,0.73,265.8,66.54,16.07,1.33,43.01,1.05,,,0.7,2.66,1.24,,,,,,3.33,1.25,0.12,0.0,,,,0.89,31.86,25.0,,0.76,21.43,Sim
3521408,100.0,100.0,100.0,98.68,98.84,69.39,11.87,1.0,98.44,89.47,65.76,80.15,100.0,20.74,16.01,364.9,173.23,31.22,25.62,84.02,51.28,48.72,15.98,13.46,164.41,98.44,1.18,900.0,,6.0,6.0,,91.01,9.62,0.14,100.0,100.0,100.0,,,,,,,12.29,0.0,,,22.13,22.13,100.0,6.48,0.02,6.0,1.0,1.7,0.36,0.0,100.0,0.0,0.0,0.0,0.0,0.0,100.0,,0.0,144.74,55.57,224.37,,,,,0.0,100.0,100.0,100.0,100.0,99.96,0.0,0.0,0.0,3250.0,0.09,0.79,0.73,0.06,0.0,0.0,0.0,0.0,0.0,0.0,,,,,0.0,0.0,0.0,352140,2.08,2.08,250.82,2.32,2.91,1.73,111.28,0.0,64.11,101641.94,89.86,32.89,57.61,0.0,0.0,36.6,64.11,28.5,7.38,0.0,62.78,37.22,0.0,50.34,26.28,632.05,624.71,0.91,1107.27,1.83,111.28,1.08,100.0,100.0,1.01,95.34,0.0,100.0,86.96,100.0,89.29,86.96,11.21,9.0,9.0,10.0,103.09,0.89,14.04,96.62,3.38,13.04,3.08,45.06,100.0,100.0,100.0,100.0,90.0,100.0,13.12,0.1,,,,,7.68,0.51,0.71,100.0,0.15,100.0,0.0,100.0,0.0,,,,,,,,,,PMI,Água e Esgoto,LPU,1.26,53189.63,1.78,,,67.23,73.33,26.67,6.67,,97.94,100.0,100.0,66.33,3031.31,0.42,1.44,0.61,,,33.33,,136.01,1.44,,100.0,14.43,75.84,79.46,8.33,8.33,11.11,16.67,55.56,177.0,1.15,0.08,0.0,,,,0.34,,26.67,,0.0,0.0,Sim
3521507,100.0,100.0,100.0,96.51,99.76,63.64,9.77,1.08,100.0,90.38,90.59,100.0,100.0,13.06,14.19,176.21,159.3,13.58,12.3,90.78,104.5,-4.5,9.22,4.21,44.3,92.32,0.6,,,10.67,,,97.78,,0.56,91.0,100.0,3.4,87.58,90.53,57.69,87.58,90.53,57.69,9.5,1.07,86.15,86.15,97.95,97.95,100.0,0.12,0.0,,0.0,0.32,0.64,100.0,0.0,0.0,0.0,0.0,0.0,,,,0.0,95.06,43.67,43.67,137553.75,68776.88,,,100.0,0.0,90.69,100.0,0.0,0.0,0.0,0.0,0.0,915.2,0.0,0.72,0.72,0.07,0.0,0.0,0.0,0.0,,,,,,,0.0,0.0,0.0,352150,2.4,1.79,304.87,2.96,3.24,2.68,123.31,1.41,46.07,204320.88,60.48,30.78,37.36,6.86,8.93,50.89,61.78,11.6,0.3,14.77,53.74,44.61,1.66,9.97,4.86,1084.86,1066.12,0.77,1316.87,1.55,131.84,0.56,88.15,98.84,1.02,91.65,100.0,100.0,86.4,100.0,100.0,86.4,14.36,12.37,12.37,14.21,152.56,0.62,9.31,99.26,0.74,13.6,6.48,65.12,88.19,98.88,98.88,99.65,100.0,99.65,11.3,0.13,150.0,6.0,,,,0.0,36.73,100.0,0.0,100.0,0.0,100.0,0.0,,,,,,,,,,SABESP,Água e Esgotos,SABESP,,,2.03,2.75,,61.41,,,,,100.0,100.0,100.0,0.0,,,2.69,,34.33,54.88,,,,2.4,,,,,,,,,,,0.0,0.85,0.03,,,,,,42.37,,,,,Sim
3521606,75.12,100.0,4.92,75.46,,4.47,15.5,1.09,98.66,97.5,52.64,93.16,100.0,18.19,18.75,339.62,305.35,33.17,18.75,61.2,56.51,43.49,38.8,29.57,459.27,0.0,0.92,25.25,,1.19,2.07,,77.27,0.94,5.3,70.8,95.91,0.0,,99.61,,,99.61,,13.25,0.0,,,59.13,59.13,100.0,0.16,0.18,0.71,0.58,0.38,0.57,100.0,0.0,1.81,11.0,0.0,0.0,,,,0.0,92.08,44.76,11.71,30895.16,38008.27,,,59.02,0.0,73.83,100.0,0.0,100.0,85.09,100.0,0.0,1301.3,0.0,1.0,0.61,0.74,25.16,20.89,12.94,42.64,,,,,,,4.88,4.88,0.0,352160,1.83,1.53,234.09,1.74,2.24,1.13,95.39,0.0,35.5,31910.81,87.79,21.58,37.22,0.0,0.0,24.59,42.39,56.72,0.88,0.0,70.8,29.2,0.0,0.0,15.52,321.54,321.54,1.8,554.44,3.55,113.91,0.68,70.05,99.08,1.0,93.69,100.0,88.17,43.75,93.33,100.0,46.87,31.56,14.79,15.66,13.81,212.2,0.96,13.89,43.75,56.25,53.12,36.19,551.19,70.05,99.08,99.08,76.44,79.94,61.11,14.04,0.16,159.58,6.25,,21.33,,0.0,,100.0,0.0,100.0,0.0,100.0,0.0,,,,,,,,,,PMI,Água e Esgoto,LPU,2.56,23248.41,1.61,,,59.47,100.0,0.0,,,97.19,99.61,99.61,9.48,,,0.71,,,,,53.11,,0.52,,99.61,6.02,15.69,,,,,,,24.73,3.55,0.5,,,,,,,,,,,Sim
3521705,78.3,100.0,31.08,74.14,99.98,17.9,13.21,1.06,100.0,91.37,72.43,100.0,100.0,10.41,12.74,134.69,120.87,13.65,9.88,72.63,93.36,6.64,27.37,8.82,130.51,88.59,0.79,264.0,,10.71,6.0,,97.7,4.5,5.39,65.86,96.12,0.0,58.92,79.46,14.21,58.92,79.46,14.21,7.19,1.01,92.08,92.08,87.91,87.91,100.0,0.26,1.19,7.94,0.68,0.8,0.93,100.0,0.0,0.0,0.0,0.0,0.0,0.0,100.0,,0.0,142.41,65.22,108.44,78768.24,40658.79,,,58.06,9.76,100.0,100.0,100.0,100.0,100.0,100.0,0.0,569.58,0.0,0.51,0.51,0.0,10.99,6.6,5.89,0.0,,,,,,,3.53,3.53,0.0,352170,3.0,2.7,426.31,3.01,3.32,2.64,100.37,0.07,56.53,227578.32,89.71,42.66,56.32,4.28,8.17,47.55,62.78,14.88,5.32,9.1,57.33,39.87,2.79,18.12,11.22,850.35,838.32,0.9,1122.76,1.7,107.52,0.64,79.01,100.0,1.01,91.6,100.0,99.99,68.96,99.98,100.0,68.97,15.53,10.71,10.71,13.26,131.31,0.88,13.84,85.38,14.62,31.03,10.27,160.62,69.93,100.0,100.0,87.0,100.0,87.0,7.93,0.21,862.42,6.0,,,,0.0,48.69,109.29,0.62,108.2,0.0,108.2,0.25,,,,,,,,,,SABESP,Água e Esgotos,SABESP,,,,,,,,,,,,,,,,,,,,,,,,,,,,,,,,,,,,,,,,,,,,,,,,Sim
3521804,73.95,89.24,0.0,71.56,86.66,0.0,9.14,1.05,99.99,91.62,78.6,100.0,100.0,11.3,13.31,166.87,149.14,13.72,10.79,78.76,96.96,3.04,21.24,10.59,101.02,95.29,0.72,5984.67,,7.01,8.0,,100.0,68.65,4.21,65.55,79.1,0.0,61.84,74.89,0.0,61.84,74.89,0.0,8.01,1.01,91.48,91.48,94.82,94.82,100.0,0.3,0.8,6.48,0.27,1.26,1.04,100.0,0.0,0.32,7.0,0.0,0.0,,,,0.0,308.28,146.76,177.53,101802.16,119506.89,,,77.98,0.63,85.0,100.0,12.43,100.0,85.0,100.0,0.0,1032.54,0.0,1.53,0.8,1.02,31.76,22.69,10.86,56.32,,,,,,,3.46,3.46,0.0,352180,3.14,2.75,443.13,2.95,3.23,2.66,93.86,-0.35,55.92,258472.42,93.46,47.77,59.58,8.26,7.64,51.11,63.74,14.36,6.1,8.18,53.51,43.33,3.15,19.21,16.84,915.03,905.76,0.89,1141.26,1.76,102.55,0.61,67.34,85.75,1.01,91.33,100.0,100.0,79.31,100.0,100.0,79.31,14.03,11.13,11.13,13.42,155.82,0.81,8.75,95.67,4.33,20.69,9.98,96.44,66.38,84.53,84.53,97.75,100.0,97.75,8.08,0.55,855.0,6.0,,,,0.0,21.17,103.79,0.49,102.78,0.0,102.53,0.0,,,,,,,,,,SABESP,Água e Esgotos,SABESP,2.21,57696.69,3.27,0.0,,127.31,100.0,0.0,6.38,,90.0,100.0,100.0,12.55,716.21,1.08,0.76,0.48,351.66,69.98,48.94,66.1,38.31,0.66,412.86,100.0,3.39,9.39,7.98,,,,,,15.96,,,0.0,,,,0.52,10.44,23.4,,0.28,12.77,Sim
3521903,89.09,100.0,7.32,87.37,97.54,5.93,10.04,1.0,100.0,89.38,81.17,100.0,100.0,14.94,14.7,248.83,216.79,18.09,14.69,85.59,81.25,18.75,14.41,8.33,85.97,100.0,0.81,139.5,,2.0,6.0,,100.0,1.91,0.33,88.23,100.0,0.0,,98.37,,,98.37,,11.14,1.0,,,80.08,80.08,100.0,0.12,0.32,2.0,1.0,3.64,0.57,83.33,16.67,0.0,0.0,56.83,24.77,100.0,0.0,0.0,15.82,359.21,156.53,228.32,30306.87,29120.0,632.07,33.75,26.63,53.26,100.0,100.0,100.0,100.0,100.0,100.0,0.0,3355.0,0.06,1.06,0.65,0.46,24.11,18.94,10.22,0.0,,,,,,,4.92,4.92,0.0,352190,1.03,1.03,167.2,1.63,1.71,1.52,158.11,0.0,58.39,48636.66,63.25,27.49,36.93,0.0,4.49,43.46,58.39,32.13,1.62,7.1,56.59,40.1,3.3,68.99,25.52,498.22,498.15,1.49,669.32,2.99,163.51,0.62,83.31,99.87,1.0,91.7,100.0,100.0,77.62,100.0,100.0,77.62,19.59,15.05,15.05,15.06,225.13,0.63,9.28,77.69,22.31,22.38,14.95,142.64,83.31,99.87,99.87,80.0,100.0,80.0,10.05,0.17,,,,,1.0,0.3,0.38,110.0,0.38,110.0,0.0,100.0,2.5,,,,,,,,,,PMI,Água e Esgoto,LPU,,,,,,,,,,,,,,,,,,,,,,,,,,,,,,,,,,,,,,,,,,,,,,,,Sim
3522000,80.9,100.0,0.0,54.5,66.86,0.0,13.1,1.0,100.0,100.0,47.56,50.76,0.0,3.03,6.31,90.1,67.24,6.38,5.97,93.7,98.93,1.07,6.3,1.01,13.2,0.0,5.22,20.0,,0.22,0.17,,100.0,1.46,13.1,,,,,,,,,,,,,,,,,,,,,5.01,4.05,100.0,0.0,0.0,0.0,0.0,0.0,,,,0.0,204.29,139.12,171.96,34334.29,34334.29,,,100.0,0.0,100.0,100.0,100.0,100.0,0.0,0.0,0.0,2130.0,0.0,1.58,0.78,0.98,0.0,0.0,0.0,0.0,,,,,,,0.0,0.0,0.0,352200,1.28,1.28,189.65,0.72,0.98,0.46,56.73,0.0,52.13,57876.2,176.26,67.6,91.89,0.0,0.0,38.35,52.13,46.42,1.45,0.0,68.69,31.31,0.0,0.0,4.08,585.4,585.4,1.26,795.67,2.49,56.73,,67.8,93.22,1.0,,0.0,100.0,47.37,85.71,0.0,55.26,26.26,14.51,12.44,12.44,221.29,,11.66,47.37,52.63,44.74,31.05,386.2,79.9,93.22,93.22,83.33,100.0,83.33,12.04,1.2,,,,,,0.0,,100.0,2.74,100.0,6.85,100.0,10.0,,,,,,,,,,PMI,Água e Esgoto,LPU,2.15,13693.54,0.48,9.93,,29.46,100.0,0.0,0.0,,95.85,97.02,97.02,0.0,383.39,1.79,0.59,0.36,123.34,90.07,83.33,6.33,23.46,0.45,,,,,,,,,,,,,,,,,,0.0,0.0,0.0,,0.0,0.0,Sim
3522109,92.6,93.6,0.0,95.29,96.68,0.0,11.8,1.1,100.0,94.96,47.94,100.0,100.0,8.23,,293.15,192.49,16.65,7.98,66.65,22.02,77.98,9.78,15.55,201.63,90.1,0.39,26289.0,,23.4,13.0,,91.6,30.94,10.83,53.67,54.26,0.0,45.96,46.63,0.0,45.96,46.63,0.0,11.55,1.11,95.05,95.05,60.17,60.17,100.0,0.74,0.41,15.75,0.14,2.71,0.61,80.1,19.9,9.8,15.0,330.28,266.99,100.0,0.0,-32.32,156.17,279.84,226.22,141.01,49644.85,40838.43,84.73,0.26,35.79,64.21,100.0,100.0,100.0,100.0,1.3,1.32,0.0,4128.63,0.0,1.16,1.16,0.0,119.28,94.71,0.37,0.0,,,50.45,22.98,18.22,8.35,0.29,0.29,0.0,352210,5.23,2.78,440.56,3.47,3.41,3.6,66.38,4.37,36.97,191696.86,80.25,26.23,55.69,66.37,6.34,32.69,69.4,11.5,2.21,7.9,64.5,32.54,2.96,53.7,181.52,626.98,578.13,0.81,1331.11,1.19,74.23,0.33,94.48,95.38,1.07,95.59,100.0,100.0,66.17,100.0,100.0,66.17,14.42,8.52,8.52,13.17,226.28,0.98,12.29,102.24,-2.24,33.83,11.54,153.63,45.15,45.58,45.58,54.73,100.0,54.73,12.14,1.04,13970.25,7.5,30850.43,10.29,25.0,0.01,76.29,110.53,0.1,110.53,6.94,109.98,1.1,,,,,,,,,,SABESP,Água e Esgotos,SABESP,3.52,80550.83,7.37,64.23,81.83,283.51,73.52,26.48,6.76,231.99,100.0,100.0,100.0,98.7,1914.68,0.63,1.05,1.02,247.24,33.34,18.03,,1.32,1.04,,2.97,0.32,1.24,0.55,61.37,17.16,9.58,11.89,0.0,2.07,3.91,0.37,0.0,,321.9,,1.47,10.81,41.69,0.1,0.24,6.76,Sim
3522158,71.03,100.0,45.44,78.74,100.0,60.83,41.92,1.09,100.0,86.69,78.6,100.0,100.0,9.67,12.09,156.01,135.31,11.36,8.93,78.7,106.39,-6.39,21.3,1.89,86.5,86.06,0.28,318.92,,5.89,10.23,,93.55,24.6,4.94,30.69,65.42,0.0,27.59,35.01,21.34,27.59,35.01,21.34,17.44,1.01,83.36,83.36,57.55,57.55,100.0,0.17,0.1,2.0,0.02,5.5,3.44,45.0,55.0,2.5,8.0,22.8,12.14,88.33,11.67,11.67,4.86,469.48,250.0,167.99,25000.0,83333.33,2059.14,1286.96,53.49,37.21,91.69,100.0,84.35,100.0,91.69,100.0,0.0,341.33,1.43,0.8,0.63,0.49,27.03,20.0,11.78,0.0,,,37.5,25.0,21.88,12.5,6.25,6.25,0.0,352215,8.29,5.06,756.53,2.99,3.13,2.7,36.11,-1.34,45.33,274715.24,169.06,82.63,125.52,112.85,31.62,48.87,74.25,2.42,0.0,18.7,68.0,25.88,6.13,21.42,3.04,489.08,483.65,1.36,743.0,1.96,48.45,0.75,70.43,100.0,1.01,88.14,100.0,100.0,76.83,100.0,100.0,76.83,11.92,9.15,9.15,12.49,132.8,0.16,37.93,104.79,-4.79,23.17,2.02,91.63,30.47,55.87,55.87,54.08,100.0,54.08,15.76,0.21,154.5,6.5,,,,0.0,195.28,104.17,2.8,103.33,2.02,104.17,0.0,,,,,,,,,,SABESP,Água e Esgotos,SABESP,4.96,22199.86,1.39,15.41,33.77,110.08,100.0,0.0,,37.18,99.16,100.0,100.0,7.91,,,0.76,,217.39,55.06,,,,0.42,,,7.71,21.49,,,,,,,22.04,,,,,,,,19.52,,,,,Sim
3522208,91.44,93.97,47.92,96.98,100.0,47.98,8.52,1.16,100.0,93.85,53.44,100.0,100.0,10.8,13.21,190.32,125.0,19.44,10.39,73.05,67.96,32.04,26.95,21.05,200.02,87.02,0.37,6577.55,,19.38,16.53,,99.61,10.98,9.71,65.27,69.05,0.0,51.27,52.87,25.35,49.42,50.96,24.42,8.74,1.12,94.23,94.23,45.46,44.55,98.0,0.17,0.17,33.6,0.05,1.56,0.37,46.69,53.31,4.07,100.0,148.96,61.07,100.0,0.0,0.0,32.44,459.13,188.24,302.17,23192.39,37272.98,308.22,0.37,4.23,94.21,100.0,100.0,100.0,100.0,15.0,15.87,99.77,3624.97,0.0,1.09,1.01,0.09,7.76,5.97,0.32,0.0,,,43.91,20.9,21.38,13.27,0.23,0.23,0.0,352220,3.7,1.76,284.58,3.83,3.78,3.94,103.47,2.26,25.02,77224.16,45.96,10.75,24.18,31.74,4.2,23.39,52.61,19.24,3.12,9.13,66.13,32.15,1.72,23.85,152.98,515.79,452.01,0.98,1160.37,1.42,121.08,0.83,96.7,97.51,1.14,94.62,100.0,99.99,56.9,99.98,100.0,56.92,19.41,10.38,10.38,13.28,110.52,0.36,8.19,72.83,27.17,43.08,31.49,294.4,46.78,47.17,47.17,37.25,98.0,36.5,8.9,0.27,908.8,12.48,,,27.17,2.06,20.52,101.11,0.63,101.04,0.16,100.96,0.95,,,,,,,,,,SABESP,Água e Esgotos,SABESP,,,5.56,98.57,28.88,137.24,,,,39.64,97.13,97.94,95.16,100.0,3088.27,0.33,0.9,,397.98,95.17,82.86,,,0.92,,17.22,1.53,5.03,,31.01,22.81,25.09,17.1,3.99,6.44,,,0.0,,97.88,0.93,0.07,1.43,17.14,0.02,0.0,0.0,Sim
3522307,95.49,100.0,53.34,98.89,100.0,88.57,10.46,1.15,100.0,90.25,68.51,100.0,100.0,11.83,13.33,170.31,146.97,16.24,11.13,69.67,82.09,17.91,30.33,17.01,186.71,95.02,1.13,2588.04,,13.2,11.04,,93.49,3.71,10.42,91.04,100.0,7.28,81.81,82.73,73.29,81.81,82.73,73.29,7.74,1.09,89.97,89.97,89.18,89.18,100.0,0.26,0.55,18.83,0.1,0.66,0.41,40.49,59.51,0.7,23.0,154.12,65.83,100.0,0.0,0.0,58.96,261.39,111.65,61.49,185697.45,98275.3,169.6,42.35,30.27,69.73,99.0,100.0,89.65,100.0,20.11,22.26,62.22,5546.18,0.01,0.93,0.59,0.38,18.67,15.85,1.76,0.0,,,,,,,0.94,0.94,0.0,352230,2.83,2.21,366.33,3.09,3.35,2.81,109.06,-0.99,44.13,147898.98,71.72,30.25,40.47,10.19,5.62,42.18,56.42,20.06,5.69,7.84,53.86,42.34,3.8,17.34,155.16,715.54,669.54,1.12,957.07,2.16,119.91,0.54,96.08,100.0,1.07,91.04,100.0,100.0,63.49,99.99,100.0,63.49,18.23,11.57,11.57,13.79,141.03,1.11,9.65,75.69,24.31,36.51,21.78,233.53,90.11,99.27,99.27,91.67,100.0,91.67,6.76,0.17,312.66,6.32,,,,0.0,86.44,106.8,1.26,105.65,2.58,105.65,0.5,,,,,,,,,,SABESP,Água e Esgotos,SABESP,1.49,54930.82,3.1,,59.17,81.97,33.78,66.22,5.41,48.5,98.0,100.0,100.0,1.52,1358.71,0.51,0.6,,,,34.23,,,0.56,,3.36,1.49,3.29,,,,,,,3.36,1.3,0.22,90.0,92.7,,0.88,0.34,,22.52,0.09,0.36,24.32,Sim
3522406,95.92,100.0,72.49,94.47,100.0,61.94,13.16,1.13,100.0,89.76,69.48,100.0,100.0,11.29,13.01,149.9,128.17,15.3,10.63,69.94,85.17,14.83,29.81,12.16,171.2,93.06,0.85,,,17.18,,,98.46,,10.55,79.4,93.23,0.0,74.21,78.56,48.65,74.21,78.56,48.65,8.86,1.07,89.77,89.77,87.27,87.27,100.0,0.27,0.3,13.56,0.11,0.83,0.16,81.25,18.75,1.14,40.0,0.0,0.0,,,,0.0,175.48,75.02,32.05,38769.23,,,,53.39,46.61,99.91,100.0,99.42,76.3,75.82,76.3,0.0,3450.0,0.0,0.61,0.6,0.02,22.86,2.86,7.92,0.0,,,,,,,0.97,0.97,0.0,352240,2.98,2.44,386.66,3.02,3.28,2.73,101.32,-2.33,46.49,137138.62,80.59,29.51,45.88,10.84,8.83,36.62,56.93,18.88,4.41,10.96,56.05,40.73,3.22,30.02,97.96,622.97,578.07,1.11,968.66,2.09,112.36,0.56,92.96,100.0,1.08,90.39,100.0,100.0,61.48,100.0,100.0,61.48,17.42,10.71,10.71,13.26,131.21,0.99,9.47,76.11,23.89,38.52,22.06,237.22,81.87,97.15,97.15,87.16,97.59,85.05,6.99,0.33,597.61,6.0,,,,0.0,139.74,107.69,0.53,106.03,1.69,106.03,0.27,,,,,,,,,,SABESP,Água e Esgotos,SABESP,1.5,25193.84,1.08,27.41,35.03,37.7,74.79,25.21,2.52,13.21,94.33,98.84,98.84,2.63,5165.66,0.59,2.68,2.39,17.91,46.54,39.5,0.26,0.17,2.4,,19.62,0.72,7.06,2.47,82.01,5.86,1.71,0.0,10.42,24.15,0.6,0.02,0.0,,,,0.49,40.18,32.77,,0.35,23.53,Sim
3522505,100.0,100.0,100.0,,,100.0,8.61,1.28,100.0,94.69,56.26,100.0,100.0,11.28,13.4,151.02,119.84,19.34,10.88,63.38,69.25,30.75,36.62,30.46,298.09,86.84,0.02,5970.78,,13.55,10.37,,94.55,6.81,11.88,84.44,85.77,0.0,67.83,67.85,66.96,39.73,39.74,39.22,5.9,1.26,95.86,95.86,55.0,32.37,58.85,0.0,0.6,20.87,0.12,0.8,0.37,100.0,0.0,0.49,29.5,31.14,12.18,93.67,6.33,2.27,27.7,117.32,45.88,59.62,49214.66,88764.04,376.73,268.12,68.38,0.0,100.0,100.0,100.0,100.0,49.6,50.38,0.0,4517.49,0.0,0.82,0.79,0.02,24.53,22.4,4.19,0.0,,,,,,,3.72,3.72,0.0,352250,2.93,1.67,252.04,3.55,3.6,3.48,121.12,-0.41,30.57,109340.69,46.89,9.73,25.24,16.47,4.75,20.74,53.84,17.6,2.81,10.14,59.91,37.87,2.23,57.19,158.3,805.82,631.48,0.61,2091.2,1.01,141.76,0.97,95.01,95.01,1.26,95.99,100.0,99.99,48.28,99.99,100.0,48.29,22.08,10.16,10.16,12.79,113.27,0.29,6.93,60.77,39.23,51.71,56.1,450.15,66.45,66.45,66.45,52.37,54.95,28.77,5.92,0.0,737.67,11.62,,,18.95,4.8,15.15,100.32,0.16,100.08,0.4,100.0,0.72,,,,,,,,,,SABESP,Água e Esgotos,SABESP,1.03,152144.34,6.17,,,156.18,0.0,100.0,5.74,,100.0,100.0,98.0,100.0,1939.03,0.4,0.66,,,,38.93,,,0.66,,,,,,,,,,,,,,100.0,100.0,,0.94,0.4,,38.52,0.12,0.12,11.89,Sim
3522604,94.56,100.0,0.0,,,0.0,11.9,1.07,100.0,100.0,47.63,100.0,100.0,13.22,17.61,207.3,174.92,27.76,13.22,48.87,63.45,36.55,51.13,39.21,497.76,100.0,0.52,50.0,,8.0,6.0,,100.0,0.16,12.2,94.56,100.0,0.0,,,,,,,11.07,1.07,,,129.38,129.38,100.0,0.42,2.91,8.0,1.0,0.69,0.12,57.89,42.11,0.79,25.0,0.0,0.0,,,,0.0,213.56,91.83,102.24,172440.97,54000.0,,,34.04,60.36,100.0,100.0,100.0,100.0,43.0,43.0,0.0,2876.75,0.01,0.85,0.66,0.2,21.02,16.8,3.75,0.0,,,,,,,2.32,2.32,0.0,352260,2.17,2.17,377.03,2.12,1.6,2.82,97.88,0.0,54.5,72104.46,102.17,36.78,55.69,0.0,23.67,36.0,54.5,16.76,5.57,23.17,39.07,51.15,9.78,19.85,168.83,350.88,317.07,2.08,531.28,4.09,108.49,0.53,99.2,99.39,1.11,,100.0,99.94,57.81,99.98,100.0,57.82,21.22,12.14,12.61,16.32,162.99,0.55,12.22,77.7,22.3,42.18,25.36,322.44,99.2,99.39,99.39,100.0,100.0,100.0,11.4,0.64,,,,,,0.19,,101.64,0.0,90.95,0.0,102.83,0.0,,,,,,,,,,SAAE,Água e Esgoto,LPU,1.98,52463.26,3.4,64.26,,103.62,43.8,56.2,2.92,,99.63,100.0,100.0,78.05,1825.18,0.56,0.9,0.65,115.9,36.73,28.47,,28.12,0.84,,99.91,1.98,6.5,2.81,53.22,15.74,13.08,16.85,1.11,7.21,0.67,0.07,60.38,,,,0.76,53.8,38.69,,0.55,27.74,Sim
3522653,57.62,94.57,27.16,61.63,100.0,29.35,14.54,1.08,100.0,89.03,75.64,100.0,100.0,10.28,12.23,156.46,133.28,12.8,9.68,75.72,95.53,4.47,24.28,7.07,110.51,89.71,0.53,792.6,,5.11,14.4,,100.0,64.89,4.5,54.42,94.57,21.33,49.42,80.17,23.55,49.42,80.17,23.55,8.56,1.03,88.6,88.6,90.06,90.06,100.0,0.43,0.5,3.4,0.05,5.03,0.68,92.31,7.69,0.0,0.0,0.0,0.0,0.0,100.0,,0.0,82.37,23.33,127.41,25993.05,34130.51,,,94.49,5.51,99.64,100.0,99.34,100.0,0.0,0.0,0.0,505.0,0.0,0.63,0.56,0.15,0.0,0.0,0.0,0.0,,,,,,,0.0,0.0,0.0,352265,4.78,4.75,708.94,2.96,3.1,2.72,61.85,-1.49,69.64,252878.46,160.63,69.09,112.6,10.52,22.61,43.01,70.1,11.37,0.0,14.07,62.53,33.99,3.48,13.85,3.26,508.87,501.2,1.22,829.25,1.99,70.63,0.92,59.14,100.0,1.01,88.81,100.0,100.0,65.93,100.0,100.0,65.93,14.68,9.68,9.68,12.5,129.63,0.57,14.76,85.19,14.81,34.07,10.09,166.7,36.6,75.05,75.05,68.11,100.0,68.11,11.91,0.54,247.67,6.0,,,,0.0,329.0,104.17,2.4,104.17,0.0,104.17,0.0,,,,,,,,,,SABESP,Água e Esgotos,SABESP,5.8,23656.01,1.67,4.0,2.88,137.27,100.0,0.0,8.33,3.96,70.74,100.0,0.0,0.0,643.77,1.93,1.07,,136.52,38.76,33.33,,,0.74,,,0.93,3.63,,,,,,,,,,0.0,,,,1.45,16.19,25.0,,0.0,0.0,Sim
3522703,58.37,62.83,0.0,85.25,91.41,0.0,9.12,1.0,100.0,89.12,59.09,100.0,100.0,13.39,13.39,257.5,257.5,22.66,13.39,59.09,59.09,40.91,40.91,32.74,304.78,0.0,0.95,21.29,,2.0,3.0,,98.28,0.12,5.05,85.8,92.36,0.0,85.06,91.21,0.0,80.36,86.17,0.0,7.39,1.0,89.09,86.49,21.78,19.82,91.0,4.04,2.67,1.5,0.98,1.33,0.47,43.48,56.52,0.0,0.0,186.16,86.35,99.35,0.65,13.92,83.22,193.82,89.91,93.94,75015.49,54379.76,104.12,1.56,31.1,63.55,100.0,100.0,100.0,100.0,92.9,100.0,74.76,4411.73,0.02,0.9,0.71,0.2,18.62,14.9,6.7,0.0,,,,,,,4.23,4.23,0.0,352270,1.49,1.49,232.72,1.5,1.65,1.27,100.31,0.0,61.61,51189.13,99.19,47.13,61.41,1.15,0.0,47.52,61.91,34.65,1.07,0.0,55.4,28.09,16.51,133.96,93.16,355.27,355.27,2.16,462.92,4.32,119.37,0.52,99.84,98.76,1.0,88.32,100.0,100.0,75.77,100.0,100.0,75.77,20.72,15.7,15.7,15.7,199.0,1.15,12.25,75.77,24.23,24.23,12.72,165.11,99.84,98.76,98.76,92.39,100.0,92.39,12.78,0.13,1018.18,6.0,240.91,6.0,1.0,0.06,,121.69,0.22,121.69,0.0,102.38,0.0,,,,,,,,,,SAAEI,Água e Esgoto,LPU,,,2.17,,,66.98,,,,,90.7,100.0,100.0,61.55,930.42,0.87,0.76,0.65,,,36.17,,17.09,0.76,,,,,,,,,,,,1.53,0.2,0.0,,,,0.31,,12.77,,0.72,29.79,Sim
3522802,93.01,100.0,72.39,85.1,99.98,41.2,12.7,1.09,100.0,88.03,74.79,100.0,100.0,9.95,12.14,137.33,120.17,12.39,9.27,74.96,97.97,2.03,25.04,7.97,110.99,90.86,1.04,906.5,,14.45,7.88,,100.0,15.31,2.36,68.04,91.12,0.0,62.67,73.63,30.33,62.67,73.63,30.33,10.99,1.01,87.67,87.67,94.01,94.01,100.0,0.17,0.18,6.73,0.12,3.76,1.97,86.89,13.11,0.0,0.0,0.0,0.0,,,,0.0,638.38,315.56,161.23,35384.01,74930.85,,,50.18,24.74,74.68,100.0,0.0,100.0,75.65,100.0,0.0,1195.75,0.0,0.46,0.59,0.03,31.15,21.78,14.66,0.0,,,,,,,9.83,9.83,0.0,352280,3.69,3.55,545.65,2.92,3.16,2.65,79.22,-1.34,63.63,248202.46,121.54,57.86,80.31,5.5,14.26,47.61,66.08,12.94,3.31,11.73,56.59,40.45,2.96,17.22,13.88,688.37,676.48,1.07,955.45,1.97,88.32,0.68,84.24,100.0,1.02,89.19,100.0,100.0,74.36,100.0,100.0,74.36,13.36,9.93,9.93,12.78,132.7,1.04,9.28,95.69,4.31,25.64,10.89,114.45,70.73,93.27,93.27,90.87,100.0,90.87,9.1,0.22,378.43,6.0,336.67,6.0,,0.0,36.9,109.98,0.32,108.45,0.32,108.45,0.22,,,,,,,,,,SABESP,Água e Esgotos,SABESP,,,,,,,,,,,,,,,,,,,,,,,,,,,,,,,,,,,,,,,,,,,,,,,,Sim
3522901,100.0,100.0,100.0,,,,9.6,1.03,96.69,97.93,76.62,93.59,80.01,13.16,16.69,220.43,194.22,16.69,13.66,87.47,100.0,0.0,12.53,6.92,70.73,94.06,2.2,,20.0,2.0,,7.0,100.0,0.32,0.32,94.33,96.69,2.84,,86.84,,,86.84,,10.28,0.0,,,117.28,117.28,100.0,0.33,1.88,1.19,1.0,2.93,0.43,0.0,100.0,0.36,5.0,0.0,0.0,,,,0.0,54.17,23.6,145.61,,,,,12.96,87.04,100.0,100.0,100.0,100.0,100.0,100.0,0.0,3685.0,0.29,1.44,1.42,0.02,53.63,39.33,10.32,0.0,,,18.18,9.09,45.45,9.09,7.46,7.46,0.0,352290,0.68,0.68,124.39,0.95,1.23,0.6,139.58,29.17,23.63,46010.82,71.64,15.74,16.93,0.0,0.0,21.97,23.63,75.53,0.83,0.0,68.66,26.84,4.5,101.62,5.92,1565.24,1565.24,0.59,1684.0,1.07,103.52,,96.48,99.49,1.0,94.4,0.0,100.0,90.45,100.0,54.74,90.45,15.47,13.99,13.99,15.27,176.25,,7.13,98.68,1.32,9.55,6.45,48.55,93.87,98.25,98.25,87.28,0.0,0.0,7.15,,600.0,7.0,300.0,6.0,0.25,0.25,5.5,100.0,0.0,100.0,0.0,100.0,0.0,,,,,,,,,,PMI,Água e Esgoto,LPU,,,1.12,4.41,,38.18,,,,,95.54,100.0,100.0,0.0,583.07,0.3,0.15,,455.36,65.13,20.0,,,0.15,,,,,,,,,,,,,,0.0,,,,0.22,30.47,15.0,,0.3,20.0,Sim
3523008,84.23,100.0,0.0,42.04,50.11,0.0,16.6,1.05,44.66,47.37,11.11,21.43,1.85,5.55,23.68,117.75,51.84,23.68,12.28,58.89,100.0,0.0,41.11,20.27,336.59,0.0,0.0,,,1.0,,,100.0,,5.26,100.0,100.0,100.0,,0.0,,,0.0,,10.0,0.0,,,85.71,85.71,100.0,0.42,0.85,0.24,0.34,5.92,2.6,100.0,0.0,0.0,0.0,0.0,0.0,,,,0.0,483.0,220.98,189.45,18747.22,27956.17,,,43.89,0.0,95.89,95.36,98.74,95.36,0.0,0.0,0.0,448.8,0.0,1.53,0.65,1.07,0.0,0.0,0.0,0.0,0.0,0.0,,,,,0.0,0.0,0.0,352300,1.9,1.9,,1.7,2.05,0.94,89.14,0.0,66.21,35758.17,112.18,54.63,74.27,0.0,0.0,48.7,66.21,27.83,5.97,0.0,82.45,17.55,0.0,0.0,12.24,,187.0,3.93,,5.03,89.14,,79.49,99.46,1.0,,55.56,2.24,1.85,3.12,77.78,59.26,12.58,7.45,10.42,11.05,114.45,,7.26,87.86,12.14,40.74,23.18,168.55,69.3,86.71,86.71,78.12,100.0,78.12,8.0,,,,,,,,,121.43,0.0,139.43,0.0,139.43,5.94,,,,,,,,,,DEMAE,Água e Esgoto,LPU,,,2.1,2.3,,121.0,,,,,94.99,99.06,99.06,2.02,1433.12,0.77,0.96,,155.33,44.06,25.0,69.68,,0.81,,,,,,,,,,,0.0,0.77,0.08,0.0,,,,0.51,7.88,16.67,,0.26,8.33,Sim
3523107,100.0,100.0,,,,,8.31,1.28,100.0,92.19,62.15,100.0,100.0,10.82,12.65,147.78,115.82,16.59,10.31,70.64,76.24,23.76,29.36,22.83,204.5,92.18,0.7,20503.76,,26.11,11.52,,88.95,14.27,7.44,80.35,80.35,,66.95,66.95,,23.3,23.3,,7.22,1.26,92.66,92.68,54.67,19.39,35.47,0.06,0.32,31.36,0.06,0.78,0.11,1.48,98.52,0.0,0.0,0.0,0.0,,,,0.0,75.74,28.38,149.77,136786.92,51999.24,,,0.88,99.12,97.51,97.51,,97.51,0.0,0.0,0.0,10885.38,0.0,1.25,0.65,0.62,0.0,0.0,0.0,0.0,,,,,,,0.0,0.0,0.0,352310,3.03,1.84,276.56,3.59,3.7,3.44,118.71,-1.89,36.41,155423.22,51.13,18.07,30.67,17.87,3.52,35.34,59.97,16.1,2.79,6.89,60.39,37.57,2.05,100.9,219.79,937.06,737.42,0.8,1590.42,1.33,134.3,0.59,100.0,100.0,1.25,92.96,100.0,99.98,61.17,99.98,100.0,61.18,18.96,10.3,10.3,12.71,111.87,0.53,8.21,75.52,24.48,38.82,28.7,269.46,70.31,70.31,70.31,53.46,16.4,8.77,6.37,0.09,3776.65,9.79,,,30.83,6.94,18.38,106.25,0.0,106.25,0.1,106.25,0.29,,,,,,,,,,SABESP,Água e Esgotos,SABESP,0.6,177768.08,6.93,100.0,,106.42,2.7,97.3,,,100.0,100.0,98.0,100.0,,,0.66,,367.43,82.78,,46.82,,0.66,,,,,,,,,,,,0.31,0.05,,100.0,168.17,,,16.73,,0.11,,,Sim
3523206,96.04,95.8,100.0,,,100.0,10.57,1.08,100.0,90.77,75.34,100.0,100.0,10.8,12.76,152.54,136.81,13.57,10.22,75.46,94.07,5.93,24.54,10.12,117.87,90.02,1.22,2331.04,,9.72,8.65,,99.69,11.96,5.42,90.35,95.61,0.0,84.47,84.51,83.86,84.47,84.51,83.86,7.75,1.02,91.13,91.13,92.53,92.53,100.0,0.27,0.43,6.16,0.13,0.68,0.64,68.97,31.03,0.93,12.0,211.77,93.94,100.0,0.0,0.0,228.03,92.87,41.2,91.99,22362.9,22362.9,43.85,10.5,15.4,84.6,100.0,100.0,100.0,67.7,28.35,30.0,0.0,1278.0,0.02,0.46,0.45,0.01,28.02,22.41,4.81,0.0,,,,,,,3.76,3.76,0.0,352320,3.56,2.5,392.46,2.91,3.21,2.57,81.76,0.36,45.53,196304.48,85.96,46.3,55.69,18.07,5.6,53.86,64.79,18.49,2.27,6.51,55.03,39.95,5.01,20.99,42.7,772.0,753.45,1.1,928.59,2.11,106.35,0.63,90.74,98.25,1.02,91.25,100.0,100.0,70.61,99.99,100.0,70.61,15.02,10.61,10.61,13.12,132.53,0.79,9.52,87.36,12.64,29.39,13.1,148.71,82.8,89.66,89.66,91.66,100.0,91.66,8.01,0.68,1099.57,6.93,,,,0.0,47.41,108.33,0.43,106.76,1.04,106.76,0.26,,,,,,,,,,SABESP,Água e Esgotos,SABESP,1.5,51574.06,3.01,,77.48,77.4,97.14,2.86,1.43,59.97,92.36,100.0,100.0,1.64,788.68,0.75,0.52,,,,50.0,,,0.52,,64.32,1.59,3.0,,,,,,,3.09,,,0.0,,,,0.47,,31.43,,0.11,7.14,Sim
3523305,43.82,56.9,0.0,48.19,63.73,0.0,12.5,1.09,99.94,89.23,79.42,100.0,100.0,12.3,14.02,213.44,188.74,14.47,11.49,79.52,96.88,3.12,20.48,7.43,106.62,83.58,0.6,,,23.63,,,100.0,,7.09,33.83,43.93,0.0,31.32,41.42,0.0,31.32,41.42,0.0,11.64,1.03,89.4,89.4,78.33,78.33,100.0,0.48,0.05,2.0,0.01,0.49,0.2,0.0,100.0,0.0,0.0,0.0,0.0,,,,0.0,344.09,172.04,138.49,,,,,20.76,79.24,63.44,82.39,0.0,82.39,0.0,0.0,0.0,2666.67,0.0,1.39,0.96,1.02,0.0,0.0,0.0,100.0,,,,,,,0.0,0.0,0.0,352330,5.82,4.3,741.64,3.45,3.57,3.28,59.26,-1.8,51.64,240636.37,124.75,63.99,87.13,45.54,13.67,51.29,69.84,11.45,2.01,10.96,59.01,38.46,2.52,47.29,12.25,464.59,452.19,1.62,632.61,2.8,70.82,0.84,38.2,59.83,1.02,90.23,100.0,99.94,75.06,99.94,100.0,75.11,15.84,11.9,11.9,14.52,194.82,0.58,12.69,91.66,8.34,24.89,8.69,132.72,27.57,43.17,43.17,69.79,100.0,69.79,10.21,0.66,490.36,6.0,,,,0.0,231.94,106.67,2.34,106.67,0.52,106.67,0.0,,,,,,,,,,SABESP,Água e Esgotos,SABESP,,,1.97,,,69.75,,,,,63.86,100.0,100.0,100.0,2076.68,0.54,0.96,,,,33.33,,,0.96,,,,,,,,,,,,,,0.0,,,,0.27,,16.67,,0.81,50.0,Sim
3523404,92.59,96.14,0.0,90.44,93.91,0.0,13.7,1.35,99.91,90.57,69.31,100.0,100.0,13.5,14.58,179.84,154.14,18.45,12.79,69.47,79.05,20.95,30.53,17.55,250.41,95.27,0.78,1889.34,,11.88,9.05,,99.6,3.87,9.38,86.4,89.71,0.0,75.85,78.76,0.0,75.85,78.76,0.0,10.32,1.3,89.78,89.78,89.94,89.94,100.0,0.33,0.34,7.05,0.11,1.55,0.77,16.08,83.92,0.09,11.0,318.1,133.49,100.0,0.0,0.71,123.59,255.56,107.24,121.47,124817.19,145170.35,80.34,15.49,21.55,54.16,100.0,100.0,100.0,100.0,100.0,100.0,0.0,1539.62,0.04,0.83,0.72,0.12,21.25,7.78,8.08,0.0,,,16.3,10.77,3.36,11.93,2.55,2.55,0.0,352340,3.56,2.64,477.56,3.55,3.77,3.32,99.74,18.63,36.65,137873.15,74.45,21.46,36.75,21.77,7.5,28.82,49.36,15.77,15.47,10.07,52.56,45.98,1.45,26.86,130.16,584.89,476.4,1.23,1001.7,2.37,83.94,0.58,88.61,100.0,1.22,90.32,100.0,99.95,60.12,99.91,100.0,60.18,20.86,12.54,12.53,14.66,152.84,0.86,6.71,70.36,29.64,39.82,45.76,333.87,83.42,98.81,98.81,87.36,100.0,87.36,4.89,0.27,547.15,6.92,,,,0.0,64.03,105.19,0.73,105.1,0.4,104.0,0.41,,,,,,,,,,SABESP,Água e Esgotos,SABESP,1.7,66866.73,2.81,95.62,84.0,113.37,5.2,94.8,2.31,95.23,84.42,100.0,100.0,100.0,1854.99,0.45,0.72,,206.6,47.7,26.59,6.78,,0.72,,100.0,5.06,13.25,,42.41,24.1,6.28,26.14,1.07,15.15,3.66,0.51,100.0,100.0,37.63,4.0,0.28,11.8,16.76,0.36,0.76,45.09,Sim
3523503,87.71,100.0,11.98,86.32,99.35,5.99,11.17,1.07,100.0,90.23,74.22,100.0,100.0,12.31,13.55,152.92,136.91,15.66,11.63,74.25,86.5,13.5,25.75,11.83,141.52,92.87,1.08,4360.33,,26.18,7.33,,100.0,65.1,6.97,86.57,100.0,3.76,77.36,88.99,5.63,77.36,88.99,5.63,9.39,1.01,90.63,90.63,100.6,100.6,100.0,0.33,0.19,21.42,0.06,1.44,0.62,44.44,55.56,0.0,0.0,81.58,28.64,86.19,13.81,13.81,44.22,184.47,64.77,70.0,147500.0,50000.0,226.14,108.55,49.17,23.97,99.35,99.91,95.87,99.91,0.0,0.0,0.0,2300.0,0.05,1.3,0.6,0.82,0.0,0.0,0.0,0.0,0.0,0.0,,,,,0.0,0.0,0.0,352350,2.99,2.6,435.57,2.87,3.12,2.63,96.0,-2.23,55.49,199672.77,90.61,40.25,57.8,7.21,9.75,44.43,63.8,13.51,4.03,10.77,53.13,44.35,2.51,16.37,16.51,718.55,710.83,0.98,1031.83,1.95,107.3,0.64,83.76,92.08,1.01,90.47,100.0,100.0,67.88,100.0,100.0,67.88,17.51,11.88,11.88,13.95,135.31,0.62,8.42,79.67,20.33,32.12,20.3,186.95,83.12,91.38,91.38,98.03,100.0,98.03,8.92,0.38,2219.37,6.0,,,,0.0,129.27,101.25,1.03,101.04,0.21,100.83,0.62,,,,,,,,,,SABESP,Água e Esgotos,SABESP,,,0.99,0.0,54.36,33.08,,,,17.98,96.63,99.86,98.27,0.0,,,0.56,,,,,91.15,,0.53,186.07,,,,,,,,,,,1.16,0.21,,,,,,,,,,,Sim
3523602,89.52,97.35,0.0,79.08,85.37,0.0,12.84,1.06,100.0,87.38,71.69,100.0,100.0,13.61,14.97,216.91,193.36,17.96,12.87,71.69,83.38,16.62,28.31,13.02,176.71,100.0,0.63,,,1.4,,,100.0,,14.96,82.64,89.88,0.0,47.99,51.81,0.0,47.99,51.81,0.0,11.45,1.0,89.85,89.85,140.27,140.27,100.0,0.06,3.09,2.0,1.0,1.13,0.63,40.74,59.26,0.99,15.0,131.95,71.35,100.0,0.0,0.0,38.46,343.06,185.5,65.78,23746.01,27877.81,259.99,9.82,7.04,77.4,96.82,100.0,60.47,100.0,91.95,100.0,42.14,1363.25,0.06,0.91,0.8,0.14,18.07,15.06,5.84,0.0,,,,,,,4.17,4.17,0.0,352360,1.07,1.07,301.93,1.79,1.5,1.99,166.36,-12.31,70.86,37471.74,60.11,29.98,42.6,0.0,0.0,49.87,70.86,24.0,2.82,0.0,34.92,65.08,0.0,37.21,57.55,175.14,175.14,4.02,248.88,6.72,186.84,0.77,79.29,87.91,1.0,93.36,0.0,99.36,65.73,100.0,100.0,65.73,21.05,13.84,13.93,16.29,191.65,0.53,13.15,77.39,22.61,34.27,16.87,237.15,86.56,87.91,87.91,100.0,100.0,100.0,11.27,0.1,,,,,,,,100.0,5.0,100.0,0.0,100.0,0.0,,,,,,,,,,PMI,Água e Esgoto,LPU,2.38,26824.08,1.34,53.93,98.41,63.88,84.62,15.38,2.56,62.87,99.96,100.0,100.0,1.32,3408.59,0.55,1.63,1.47,26.41,24.57,23.08,,0.02,1.47,,100.0,1.16,6.89,1.32,57.89,24.38,16.84,0.0,0.89,7.82,1.05,0.06,0.0,,,,0.92,27.91,38.46,,0.73,30.77,Sim
3523701,100.0,100.0,100.0,90.06,98.83,39.01,10.51,1.06,100.0,90.56,77.87,100.0,100.0,12.93,14.13,159.52,141.19,15.66,12.19,78.83,90.22,9.78,21.17,10.13,116.04,90.94,1.14,2235.0,,37.18,12.0,,100.0,97.22,5.35,85.74,98.7,0.0,77.13,84.58,33.77,77.13,84.58,33.77,8.17,1.02,90.5,90.5,90.63,90.63,100.0,0.03,0.26,23.6,0.19,8.64,0.41,91.3,8.7,0.0,0.0,0.0,0.0,,,,0.0,29.15,7.49,161.23,18698.63,18216.0,,,91.5,8.5,83.01,95.56,0.0,95.56,0.0,0.0,0.0,536.0,0.0,1.0,1.13,0.08,0.0,0.0,0.0,0.0,,,,,,,0.0,0.0,0.0,352370,3.23,2.87,508.82,3.04,3.41,2.67,94.21,4.35,53.77,258220.46,94.34,37.59,57.07,7.49,11.02,39.84,60.49,20.0,0.44,11.68,55.97,42.22,1.81,30.37,4.55,838.91,835.83,0.79,1273.67,1.56,96.74,0.74,87.55,100.0,1.0,90.98,100.0,100.0,75.86,100.0,100.0,75.86,17.04,12.93,12.93,14.89,144.87,1.26,11.41,87.38,12.62,24.14,10.86,135.73,86.46,100.0,100.0,95.19,100.0,95.19,9.26,0.11,1645.0,6.0,,,,0.0,46.75,123.33,1.35,120.0,0.0,120.0,0.69,,,,,,,,,,SABESP,Água e Esgotos,SABESP,2.4,11015.97,0.75,0.0,6.69,26.44,100.0,0.0,,1.77,83.35,100.0,100.0,0.0,,,0.56,,74.41,57.15,,27.27,,0.56,,100.0,0.91,1.85,,,,,,,5.54,0.91,0.16,,,18.93,,,26.44,,0.37,,,Sim
3523800,88.86,100.0,13.35,87.87,99.59,5.93,7.95,1.06,100.0,91.09,80.99,100.0,100.0,13.24,14.3,184.64,167.79,15.48,12.54,82.62,92.36,7.64,17.38,11.05,93.82,91.81,0.54,,,6.74,,,98.0,,8.17,86.54,99.32,0.0,77.06,87.33,5.27,77.06,87.33,5.27,7.19,1.0,92.42,92.42,91.52,91.52,100.0,0.67,0.34,10.38,0.06,0.42,0.42,83.33,16.67,0.0,0.0,0.0,0.0,,,,0.0,403.44,179.33,17.59,41943.1,35477.16,,,13.97,86.03,87.14,100.0,0.0,0.0,0.0,0.0,0.0,2105.5,0.0,0.7,0.67,0.13,0.0,0.0,0.0,0.0,,,,,,,0.0,0.0,0.0,352380,3.76,3.01,521.78,2.91,3.21,2.59,77.36,-0.39,54.18,200269.81,103.52,48.65,70.04,25.06,14.18,47.0,67.66,7.54,4.24,13.7,54.8,42.83,2.37,15.13,9.36,567.31,566.67,1.23,816.69,2.41,85.82,0.58,92.45,100.0,1.0,91.69,100.0,100.0,84.85,100.0,100.0,84.85,15.87,12.46,12.46,14.43,154.26,0.46,7.49,98.29,1.71,15.15,9.01,73.21,89.45,99.26,99.26,93.05,100.0,93.05,7.79,0.34,194.0,6.0,,,,0.0,71.36,118.75,0.0,118.75,0.58,118.75,0.0,,,,,,,,,,SABESP,Água e Esgotos,SABESP,0.71,28000.0,0.93,21.43,,19.81,100.0,0.0,40.0,,90.12,99.07,99.07,0.0,1331.2,0.42,0.48,,56.0,50.0,60.0,,,0.48,,,,,,,,,,,,1.94,0.4,,,,,0.0,14.29,0.0,,0.0,0.0,Sim
3523909,89.78,93.79,2.21,73.05,76.04,1.95,13.16,1.0,100.0,88.02,39.93,100.0,0.84,13.35,15.82,180.83,150.33,33.45,13.35,40.93,47.31,52.69,59.07,46.32,649.58,0.0,0.66,1051.02,,1.52,9.54,,96.46,1.74,28.58,85.64,89.56,0.04,69.62,72.55,0.03,,72.55,,10.12,1.0,93.64,,111.97,73.54,65.67,0.52,6.07,1.84,0.93,2.01,0.63,0.0,100.0,0.36,62.0,0.0,0.0,,,,0.0,600.41,261.91,127.85,,,,,0.0,100.0,100.0,100.0,100.0,100.0,100.0,100.0,0.0,5982.41,0.03,1.13,0.97,0.16,20.05,17.19,5.66,85.46,,,,,,,4.18,4.18,0.0,352390,2.52,2.52,494.41,2.58,2.77,2.37,102.42,0.0,64.41,45750.16,97.64,10.18,62.89,0.0,7.99,10.43,64.41,22.2,4.17,8.18,54.67,43.95,1.38,21.79,744.36,143.67,143.67,1.13,887.51,2.21,103.85,0.58,100.0,100.0,1.0,89.76,100.0,100.0,49.17,100.0,100.0,49.17,28.78,14.0,14.0,16.54,144.94,0.82,13.85,58.09,41.91,50.83,31.41,475.7,93.0,99.37,99.37,92.31,100.0,92.31,10.38,0.56,5494.6,8.0,555.01,6.02,60.45,3.64,154.86,110.73,0.47,110.47,2.97,110.51,2.64,,,,,,,,,,CIS,Água e Esgoto,LPU,1.99,169450.82,6.34,100.0,,337.25,0.0,100.0,4.94,,100.0,100.0,100.0,100.0,2319.32,0.45,0.92,0.86,364.52,36.39,22.84,24.58,0.0,0.86,551.58,100.0,4.14,13.93,4.94,47.0,15.78,9.92,20.24,7.05,16.63,4.38,0.47,100.0,100.0,174.99,,0.37,21.5,18.83,0.41,0.69,34.88,Sim
3524006,84.58,89.31,0.0,88.28,93.22,0.0,14.82,1.24,100.0,91.7,78.98,100.0,100.0,14.72,15.92,205.77,169.45,17.76,14.03,79.47,89.64,10.36,20.53,9.58,148.55,95.27,0.98,1725.9,,19.81,11.61,,99.82,6.41,8.5,74.54,78.71,0.0,70.54,74.48,0.0,70.54,74.48,0.0,7.33,1.19,91.82,91.82,78.56,78.56,100.0,0.49,0.42,11.03,0.08,0.27,1.75,0.0,100.0,0.45,33.0,234.92,96.8,95.42,4.58,4.58,71.8,327.19,134.82,114.65,,,139.28,0.0,0.0,100.0,100.0,100.0,100.0,100.0,100.0,100.0,0.0,3074.53,0.0,0.91,0.85,0.06,30.12,20.99,9.72,0.0,0.37,0.0,,,,,6.33,6.33,0.0,352400,4.07,3.23,615.72,3.86,4.18,3.5,95.01,18.94,44.88,245853.35,83.54,34.73,47.24,13.51,10.3,41.57,56.55,16.96,5.7,12.32,56.52,40.53,2.95,29.66,51.69,706.13,637.82,1.15,960.59,2.17,85.94,0.63,80.88,93.14,1.11,91.49,100.0,100.0,70.1,100.0,100.0,70.1,20.07,14.01,14.01,16.09,185.46,1.05,4.56,80.52,19.48,29.9,44.38,217.54,70.75,81.47,81.47,71.81,100.0,71.81,2.2,0.49,394.27,6.0,493.16,6.0,,0.0,66.33,104.41,1.41,104.41,0.16,102.94,0.79,,,,,,,,,,SABESP,Água e Esgotos,SABESP,2.22,103458.22,4.66,100.0,34.18,229.52,0.0,100.0,2.54,78.44,100.0,100.0,92.82,94.74,1476.9,0.77,0.98,,407.96,63.34,34.75,,,0.85,,100.0,2.12,7.54,,42.53,21.95,15.27,19.76,0.5,18.73,1.53,0.16,100.0,100.0,92.62,1.55,0.23,4.41,10.17,0.11,0.79,35.59,Sim
3524105,97.22,100.0,0.0,95.25,97.97,0.0,16.19,1.55,97.08,80.19,38.33,73.39,100.0,11.36,16.41,320.64,320.64,28.32,14.79,52.23,57.95,42.05,47.77,42.0,690.38,99.66,0.45,,,2.14,,,100.0,,1.72,97.22,100.0,0.0,100.0,,0.0,99.93,,0.0,19.63,1.45,67.05,97.12,51.04,51.04,100.0,0.24,0.0,,,0.99,0.87,14.29,85.71,0.37,10.0,102.94,45.22,100.0,0.0,39.19,78.81,79.43,34.89,23.21,58525.96,47000.0,77.16,16.35,23.48,76.52,99.17,100.0,69.97,100.0,69.96,71.96,0.0,942.64,0.0,0.74,0.74,0.0,40.15,32.12,10.44,0.0,,,,,,,8.33,8.33,0.0,352410,1.16,1.16,284.4,1.19,1.57,0.81,102.42,-27.28,67.51,61045.69,97.64,55.26,65.92,0.0,0.0,56.6,67.51,23.09,8.13,0.0,66.04,33.96,0.0,0.0,97.82,317.94,317.94,2.64,379.26,5.43,130.36,0.55,100.0,100.0,1.0,100.0,0.0,100.0,62.83,100.0,100.0,62.83,34.75,20.96,20.96,20.96,249.6,0.48,14.56,62.83,37.17,37.17,24.93,407.63,100.0,100.0,100.0,100.0,100.0,100.0,19.99,0.18,,,,,,0.0,1.0,148.31,1.17,108.6,0.15,146.1,2.52,,,,,,,,,,SAAE,Água e Esgoto,LPU,,,2.33,100.0,29.03,93.35,,,,27.1,99.96,100.0,100.0,100.0,2511.33,0.33,0.78,0.73,175.09,53.31,16.67,,0.0,0.73,,79.0,7.82,22.24,8.69,,,,,,24.71,0.34,0.04,100.0,100.0,104.48,1.06,0.38,14.21,19.23,0.13,0.71,35.9,Sim
3524204,98.24,100.0,65.63,95.6,95.42,99.24,13.61,1.06,100.0,91.87,86.47,100.0,100.0,13.46,14.67,176.06,165.23,14.87,12.86,86.64,98.65,1.35,13.36,4.7,69.49,91.86,0.91,,,24.62,,,100.0,,5.15,98.17,100.0,64.4,93.02,92.82,96.97,93.02,92.82,96.97,8.27,1.03,90.68,90.68,100.83,100.83,100.0,0.45,0.04,23.0,0.11,3.18,0.32,100.0,0.0,0.0,0.0,39.53,17.28,100.0,0.0,37.13,12.72,195.36,85.4,128.14,35263.16,142267.8,494.25,261.67,73.29,2.2,100.0,100.0,100.0,100.0,0.0,0.0,0.0,1437.5,0.0,2.5,1.07,1.51,0.0,0.0,0.0,0.0,,,,,,,0.0,0.0,0.0,352420,3.79,3.77,657.33,2.86,3.2,2.52,75.4,-0.42,67.43,287666.44,131.96,62.51,89.43,5.89,16.86,47.37,67.77,12.37,1.63,12.78,53.08,43.62,3.3,28.41,7.15,645.72,632.86,1.1,923.8,2.28,81.97,0.72,82.25,87.93,1.02,92.31,100.0,100.0,78.55,100.0,100.0,78.55,16.31,12.81,12.81,14.69,166.1,0.81,14.78,90.09,9.91,21.45,7.28,117.38,87.24,93.27,93.27,100.0,100.0,100.0,8.96,0.49,537.5,8.75,,,,0.0,65.58,120.83,0.0,120.0,0.0,120.0,0.0,,,,,,,,,,SABESP,Água e Esgotos,SABESP,,,9.08,1.02,1.54,321.69,,,,4.96,99.99,100.0,100.0,0.0,1182.11,0.77,0.78,,281.74,25.0,20.0,124.32,,0.73,,,,,,,,,,,,1.9,0.24,0.0,,,,2.01,26.02,52.0,,0.31,8.0,Sim
3524303,97.87,100.0,0.0,99.13,,0.0,6.87,1.04,100.0,95.81,56.95,100.0,100.0,13.71,15.41,218.62,190.79,24.08,13.71,59.52,63.99,36.01,40.48,28.07,334.11,0.0,0.93,27.2,136.0,0.0,6.0,816.0,98.47,0.14,1.82,100.0,100.0,100.0,,,,,,,6.33,0.0,,,101.98,101.98,100.0,0.04,0.57,2.86,0.98,0.53,0.85,6.06,93.94,0.18,13.0,254.63,118.08,99.96,0.04,0.04,98.69,258.02,119.65,94.26,100377.0,188359.0,101.33,8.87,6.2,93.8,97.87,100.0,0.0,100.0,97.87,100.0,0.0,7051.24,0.0,1.31,0.7,0.64,5.91,2.29,2.31,0.0,,,27.02,20.4,6.38,6.74,0.47,0.47,0.0,352430,1.75,1.75,305.45,1.99,2.09,1.9,113.79,0.0,71.02,72799.7,87.88,46.38,62.41,0.0,0.0,52.77,71.02,25.25,3.73,0.0,32.73,33.23,34.03,59.57,189.08,335.59,318.21,2.34,451.64,4.83,172.5,0.53,97.12,96.06,1.09,92.04,0.0,100.0,58.19,100.0,82.11,58.19,23.99,13.77,13.77,13.77,191.36,1.01,11.45,58.19,41.81,41.81,28.24,354.96,97.12,96.06,96.06,100.0,77.77,100.0,7.91,0.01,3100.0,52.0,,,0.1,9.83,2.76,117.08,1.39,113.09,1.09,100.0,0.8,,,,,,,,,,SAAEJ,Água e Esgoto,LPU,,,1.35,100.0,112.94,40.85,,,,46.14,97.02,100.0,100.0,100.0,1775.6,0.41,0.67,,162.17,93.77,88.57,,,0.67,,,2.61,6.37,,49.22,20.63,2.3,14.01,13.82,7.44,,,,,,,0.0,0.0,0.0,,0.0,0.0,Sim
3524402,97.77,99.94,2.48,90.85,92.89,1.43,9.88,1.24,99.98,91.82,59.66,92.63,92.71,12.04,13.69,193.72,147.22,19.61,12.63,69.78,69.81,30.19,30.22,23.69,241.7,12.13,0.74,3398.81,,46.89,11.59,,39.98,3.29,22.02,75.19,76.91,0.0,89.43,91.47,0.0,75.21,76.93,0.0,8.05,1.2,91.99,91.56,86.7,78.78,90.87,0.45,5.01,57.46,1.0,2.7,0.01,1.36,98.64,0.19,32.0,614.8,254.57,87.71,12.29,50.0,34.98,1001.77,414.8,426.07,76103.48,45868.43,162.94,0.14,0.3,99.7,100.0,100.0,100.0,100.0,68.91,69.85,0.0,9876.77,0.04,2.49,1.38,1.13,23.5,12.41,3.21,0.0,0.03,0.0,,,,,0.94,0.94,0.0,352440,3.11,2.81,420.69,3.55,3.54,3.57,114.35,-1.54,68.42,73619.02,79.15,33.6,59.83,14.49,3.74,42.45,75.59,15.23,2.53,4.72,50.38,42.42,7.21,17.44,768.42,231.51,189.6,2.96,412.27,5.92,116.85,0.43,99.36,100.0,1.22,93.14,99.89,97.77,63.07,99.85,99.89,63.17,19.86,12.51,12.74,13.53,158.79,0.78,9.99,68.34,31.66,36.83,26.84,293.49,98.9,100.0,100.0,78.27,78.15,61.17,8.48,0.93,2823.26,13.58,3402.12,15.69,10.48,5.83,86.5,169.39,0.09,135.97,2.05,109.07,0.0,,,,,,,,,,SAAE,Água e Esgoto,LPU,2.12,118767.06,8.27,99.49,12.18,251.52,0.61,99.39,8.61,30.64,99.72,100.0,100.0,100.0,1992.13,0.35,0.61,,849.41,75.31,16.39,18.53,,0.6,,60.0,6.55,14.6,,,,,,,16.44,3.83,0.63,100.0,100.0,67.19,1.9,0.24,3.79,11.27,0.14,0.46,21.72,Sim
3524501,90.99,100.0,0.0,79.76,87.66,0.0,15.5,1.0,100.0,82.71,66.46,100.0,100.0,68.07,119.82,1025.05,855.33,102.41,68.07,66.85,117.0,-17.0,33.15,70.09,1116.06,100.0,0.11,49.2,,6.0,6.0,,100.0,1.57,0.38,90.23,99.16,0.0,,87.66,,,87.66,,15.61,0.0,,,16.62,16.62,100.0,1.7,0.12,14.17,1.0,2.79,0.76,100.0,0.0,0.0,0.0,156.01,65.07,100.0,0.0,0.0,206.45,75.57,31.52,115.47,41385.68,41385.68,48.44,48.44,100.0,0.0,100.0,100.0,100.0,100.0,0.0,0.0,0.0,366.67,0.0,0.38,0.31,0.08,0.0,0.0,0.0,0.0,,,,,,,0.0,0.0,0.0,352450,1.9,1.15,178.47,0.77,1.07,0.42,40.66,25.94,27.91,63848.7,148.7,50.21,68.65,0.0,11.16,33.76,46.17,44.91,1.42,7.51,62.6,21.19,16.21,81.0,6.84,774.92,774.63,0.94,1059.6,1.87,59.44,,86.1,100.0,1.0,99.96,85.78,100.0,85.78,100.0,0.0,85.78,13.82,11.85,11.85,13.82,173.15,6.76,14.57,100.0,0.0,14.22,4.33,64.62,86.1,100.0,100.0,100.0,100.0,100.0,14.91,,,,,,,0.0,1.0,100.0,0.0,100.0,0.0,100.0,0.0,,,,,,,,,,PMJ,Água e Esgoto,LPU,1.64,22070.89,10.4,0.0,161.4,36.27,100.0,0.0,10.0,58.54,86.1,100.0,100.0,0.0,1357.83,0.66,0.77,0.77,115.23,88.76,40.0,117.65,0.0,0.77,,,2.94,8.22,,20.0,40.0,40.0,0.0,0.0,,,,,,,,0.0,0.0,0.0,,0.82,50.0,Sim
3524600,67.1,100.0,4.09,67.52,100.0,3.27,9.34,1.07,100.0,89.55,73.87,100.0,100.0,11.83,13.32,179.43,159.49,15.04,11.11,74.69,88.67,11.33,25.16,13.31,133.44,88.5,0.42,804.0,,9.43,6.0,,98.28,15.23,4.23,58.47,88.99,0.0,54.94,81.38,2.65,54.94,81.38,2.65,10.27,1.0,90.19,90.19,93.38,93.38,100.0,0.52,0.2,12.91,0.09,1.12,0.8,28.0,72.0,0.0,0.0,75.49,37.62,96.43,3.57,3.57,41.75,180.83,90.11,58.65,37033.3,62472.46,239.53,30.65,16.05,77.39,100.0,100.0,100.0,100.0,0.0,0.0,0.0,582.4,0.0,0.49,0.36,0.21,0.0,0.0,0.0,0.0,0.0,0.0,,,,,0.0,0.0,0.0,352460,3.45,2.72,464.27,3.6,3.57,3.63,104.45,0.82,47.0,124172.48,75.51,36.22,45.0,12.62,7.14,47.97,59.59,17.64,4.03,9.45,51.52,46.26,2.22,20.0,19.87,448.81,448.21,1.8,557.5,3.39,110.64,0.63,66.1,100.0,1.0,89.7,100.0,100.0,73.96,100.0,100.0,73.96,16.37,12.11,12.11,14.27,159.95,0.59,9.56,87.16,12.84,26.04,12.91,140.39,58.8,100.0,100.0,91.9,95.76,88.01,11.83,0.98,438.5,6.0,,,,0.0,180.85,108.73,0.0,108.73,0.36,109.13,0.0,,,,,,,,,,SABESP,Água e Esgotos,SABESP,,,2.16,49.5,,109.93,,,,,95.15,100.0,74.77,16.22,803.34,0.93,0.76,,155.5,39.28,40.91,28.43,,0.44,,41.12,9.57,26.58,,38.99,28.82,18.65,13.54,0.0,45.03,,,0.0,,,,0.31,11.22,13.64,,0.31,13.64,Sim
3524709,96.9,100.0,0.0,,,0.0,10.38,1.26,100.0,91.28,66.17,100.0,99.51,13.64,12.94,226.44,192.34,20.62,13.64,69.01,62.74,37.26,30.99,24.41,263.67,100.0,1.04,27652.0,297.69,3.0,15.0,6.0,95.23,7.88,9.62,96.9,100.0,0.0,,,,,98.5,,10.99,1.21,,,83.33,79.09,94.92,1.2,0.68,0.65,1.0,1.49,0.92,28.77,71.23,0.58,35.0,351.88,140.64,99.59,0.41,14.32,53.44,566.54,226.43,202.24,79754.14,35340.65,161.01,4.88,10.79,85.71,100.0,100.0,100.0,100.0,96.9,100.0,61.45,8088.8,0.0,1.43,0.96,0.49,17.35,11.18,4.8,0.0,0.05,0.0,,,,,2.07,2.07,0.0,352470,1.62,1.62,322.74,1.64,1.67,1.61,100.9,0.0,51.55,75251.79,99.11,47.25,51.09,0.0,0.86,47.68,51.55,29.43,18.13,0.87,55.75,42.7,1.55,0.0,88.66,452.3,435.31,2.12,489.06,4.07,102.49,,97.12,100.0,1.05,90.46,98.25,100.0,59.37,100.0,98.25,59.37,25.15,14.82,14.82,17.56,185.82,,10.06,70.36,29.64,40.63,33.12,348.61,95.19,98.02,98.02,98.55,84.06,82.83,10.96,,10450.0,8.0,,,1.0,1.59,0.5,100.0,0.0,100.0,0.0,102.22,0.0,,,,,,,,,,PMJ,Água e Esgoto,LPU,1.61,76733.06,1.86,98.41,51.56,123.7,7.78,92.22,1.11,63.78,100.0,100.0,100.0,98.93,2490.63,0.39,0.89,0.86,320.84,83.97,24.44,70.27,0.18,0.86,,100.0,4.34,14.04,5.11,52.1,20.03,7.91,19.01,0.96,16.52,0.66,0.07,100.0,100.0,43.27,2.11,0.64,14.91,40.0,0.43,0.47,28.89,Sim
3524808,100.0,100.0,100.0,,,100.0,12.03,1.09,100.0,88.19,84.03,100.0,100.0,13.41,12.11,206.33,184.28,14.84,12.47,84.71,83.99,16.01,13.31,6.28,81.5,91.41,0.98,2501.5,,6.65,7.5,,100.0,10.09,2.56,100.0,100.0,100.0,94.84,95.22,87.98,94.84,95.22,87.98,11.07,1.04,86.59,86.59,102.15,102.15,100.0,0.06,0.03,2.56,0.06,0.72,0.76,16.67,83.33,0.4,20.0,113.23,52.02,100.0,0.0,0.0,49.48,228.85,105.13,111.65,83904.1,81280.23,202.12,18.74,9.41,90.59,100.0,100.0,100.0,100.0,100.0,100.0,17.68,6472.2,0.0,1.06,0.88,0.2,22.84,18.26,7.15,0.0,,,,,,,4.7,4.7,0.0,352480,2.65,2.01,357.52,3.12,3.37,2.86,117.65,0.3,47.06,150313.66,64.32,33.99,40.0,8.09,5.21,52.84,62.19,17.86,0.63,8.1,51.61,43.48,4.91,18.01,63.55,676.04,664.4,1.28,795.65,2.55,129.38,0.61,100.0,100.0,1.02,88.89,100.0,100.0,83.45,100.0,100.0,83.45,15.48,12.9,12.9,14.88,186.04,1.07,11.84,96.27,3.73,16.55,6.57,85.57,99.67,100.0,100.0,100.0,100.0,100.0,11.05,0.08,581.43,6.0,5000.0,7.0,,0.0,47.33,100.47,0.0,100.63,0.0,100.63,0.0,,,,,,,,,,SABESP,Água e Esgotos,SABESP,1.47,42331.75,2.26,100.0,,62.29,27.94,72.06,11.76,,94.1,100.0,100.0,100.0,1942.19,0.52,0.91,,134.67,71.49,35.29,129.96,,0.91,,100.0,4.5,14.87,,70.84,11.03,11.81,6.31,0.0,14.93,,,66.67,100.0,62.68,1.59,0.39,19.56,26.47,0.19,0.35,23.53,Sim
3524907,68.96,97.3,0.0,63.22,88.57,0.0,22.67,1.09,100.0,91.32,80.23,100.0,100.0,14.01,15.55,213.81,172.47,16.67,13.38,81.09,93.25,6.75,18.91,4.75,112.45,92.84,0.89,499.75,,18.46,8.75,,85.45,23.33,6.3,46.39,65.45,0.0,37.62,52.7,0.0,37.62,52.7,0.0,10.37,1.06,91.16,91.16,58.54,58.54,100.0,2.0,0.51,39.0,0.47,3.86,1.22,92.31,7.69,0.0,0.0,0.0,0.0,,,,0.0,224.64,117.7,127.79,30027.13,53980.62,,,63.12,36.88,100.0,100.0,100.0,100.0,100.0,100.0,0.0,1219.85,0.0,1.02,0.93,0.12,3.27,2.07,0.96,0.0,0.01,0.0,55.15,13.24,8.82,8.82,0.56,0.56,0.0,352490,4.66,3.84,712.56,4.05,4.59,3.14,86.77,4.78,50.09,178033.47,94.97,39.44,57.73,11.26,7.23,41.52,60.78,23.25,0.68,7.61,66.02,27.1,6.87,11.64,7.32,411.05,411.05,1.66,601.7,2.79,98.34,0.69,72.46,100.0,1.0,91.44,100.0,100.0,82.11,100.0,100.0,82.11,16.81,13.8,13.8,16.2,171.68,1.02,22.86,96.4,3.6,17.89,3.98,98.83,48.82,100.0,100.0,61.19,100.0,61.19,11.79,1.97,244.58,8.33,60.0,8.0,,0.0,68.35,109.79,0.0,109.79,0.0,109.79,0.57,,,,,,,,,,SABESP,Água e Esgotos,SABESP,9.49,25777.85,2.66,60.47,,244.65,90.0,10.0,43.33,,69.68,100.0,100.0,0.55,1160.81,1.9,1.89,,259.1,73.04,20.0,35.6,,1.3,,63.27,0.37,2.53,,31.25,6.25,37.5,25.0,0.0,3.8,3.03,0.16,0.0,,,,1.9,25.48,20.0,,1.58,16.67,Sim
3525003,100.0,100.0,,,,,6.61,1.33,100.0,94.15,57.21,100.0,100.0,11.18,13.25,153.52,129.99,18.84,10.78,59.55,70.35,29.65,40.45,45.68,333.96,89.26,0.03,6117.1,,71.61,11.82,,97.03,12.18,15.03,95.8,95.8,,77.99,77.99,,44.86,44.86,,5.26,1.29,94.7,94.67,59.85,32.87,54.93,0.0,0.36,89.58,0.06,0.29,0.26,10.45,89.55,0.0,0.0,0.0,0.0,,,,0.0,356.67,141.49,240.19,60000.0,60000.0,,,0.9,99.1,99.19,99.19,,77.88,0.0,0.0,0.0,3666.67,0.0,0.74,0.63,0.11,0.0,0.0,0.0,0.0,,,,,,,0.0,0.0,0.0,352500,2.93,1.95,300.46,3.96,3.86,4.1,135.15,1.35,38.24,166559.16,49.12,13.91,28.29,8.01,6.3,28.33,57.6,12.35,2.47,12.82,55.71,42.81,1.48,40.15,80.32,962.5,746.48,0.66,1957.11,1.14,145.82,1.65,100.0,100.0,1.29,94.83,100.0,99.97,54.55,99.97,100.0,54.57,19.42,10.43,10.43,12.97,122.9,0.17,6.23,67.84,32.16,45.43,51.65,367.19,78.62,78.62,78.62,57.84,45.58,26.36,5.44,0.0,1383.46,13.41,,,32.43,2.83,18.77,100.0,0.0,100.0,0.0,100.0,0.81,,,,,,,,,,SABESP,Água e Esgotos,SABESP,0.5,148372.42,2.99,,,73.63,19.35,80.65,,,100.0,100.0,100.0,100.0,,,0.67,,,,,,,0.67,,,,,,,,,,,,,,,,,,,,,0.0,,,Sim
3525102,93.21,100.0,0.0,87.15,93.81,0.0,12.49,1.0,97.39,92.34,51.29,71.8,71.43,12.71,17.45,223.41,206.71,24.14,17.24,71.43,72.27,27.73,28.57,15.65,227.06,0.0,7.34,,,0.0,,,100.0,,0.08,93.21,100.0,0.0,,93.57,,,0.0,,12.54,1.0,,,85.0,0.0,0.0,1.32,2.78,1.2,1.0,0.96,0.46,25.81,74.19,0.0,0.0,215.46,92.5,97.65,2.35,2.35,150.14,143.5,61.61,119.87,88150.2,60000.0,66.61,1.48,17.43,82.57,93.21,100.0,0.0,100.0,0.0,0.0,0.0,1436.89,0.0,0.76,0.73,0.08,0.0,0.0,0.0,0.0,,,,,,,0.0,0.0,0.0,352510,1.2,1.2,,1.89,1.9,1.87,157.8,0.0,33.6,43774.01,63.37,12.41,21.29,0.0,0.0,19.58,33.6,52.49,12.11,0.0,66.72,33.28,0.0,0.0,42.89,,724.89,0.8,,1.6,157.8,,100.0,100.0,1.0,88.97,0.0,96.38,41.33,41.33,99.99,99.99,40.05,40.05,17.15,16.55,466.18,,12.11,41.33,58.67,0.01,0.01,0.16,100.0,100.0,100.0,78.64,0.0,0.0,12.2,,,6.0,,,,6.19,1.4,100.0,0.0,100.0,0.0,100.0,0.0,,,,,,,,,,PMJ,Água e Esgoto,LPU,0.68,92849.15,8.83,,17.79,63.22,100.0,0.0,,11.25,95.96,100.0,100.0,99.4,,,0.73,0.73,223.63,,,,0.6,0.73,,,,,,,,,,,,1.63,0.22,,,,,,,,,,,Sim
3525201,63.41,72.51,0.0,65.58,74.73,0.0,14.21,1.07,99.98,92.07,70.17,100.0,100.0,11.94,14.14,187.66,169.4,16.27,11.41,70.44,86.94,13.06,29.56,11.14,169.75,92.55,0.78,4188.85,,17.65,8.94,,88.33,34.83,7.58,31.03,35.48,0.0,25.91,29.52,0.0,25.91,29.52,0.0,17.62,1.05,87.96,87.96,52.25,52.25,100.0,1.17,0.1,44.0,0.06,0.46,0.51,48.57,51.43,0.0,0.0,0.0,0.0,,,,0.0,352.4,176.2,13.48,29123.9,50400.0,,,7.32,92.68,94.61,98.34,68.59,98.34,0.0,0.0,0.0,3357.14,0.05,1.63,1.36,0.4,0.0,0.0,0.0,0.0,0.0,0.0,,,,,0.0,0.0,0.0,352520,5.63,3.81,662.02,3.48,3.54,3.3,61.78,19.78,40.69,262227.26,109.52,44.03,65.87,43.63,13.33,40.2,60.14,17.13,4.02,12.18,72.68,23.41,3.92,33.35,17.95,658.61,639.9,1.04,985.29,1.39,62.53,0.71,67.17,86.92,1.02,92.64,100.0,100.0,68.29,100.0,100.0,68.29,16.93,11.56,11.56,14.38,170.08,0.76,6.94,84.95,15.05,31.71,23.56,180.84,22.81,29.52,29.52,36.03,100.0,36.03,11.25,1.19,428.74,6.06,205.0,6.0,,0.0,106.54,104.17,4.67,104.4,0.44,104.17,0.44,,,,,,,,,,SABESP,Água e Esgotos,SABESP,1.51,120731.96,3.12,100.0,,182.0,48.57,51.43,8.57,,100.0,100.0,100.0,100.0,2623.8,0.69,1.55,,319.63,99.39,45.71,,,1.2,,,,,,,,,,,,1.77,0.11,0.0,,,,0.3,0.0,20.0,,0.3,20.0,Sim
3525300,98.26,100.0,1.37,96.48,98.19,1.24,15.09,1.06,99.93,89.74,61.0,99.73,100.0,13.68,14.96,242.21,178.88,22.41,13.71,72.16,66.76,33.24,27.84,13.42,216.92,61.07,0.54,2139.11,,9.82,8.16,,73.94,3.54,3.87,98.26,100.0,1.37,97.15,98.86,1.24,97.15,98.86,1.24,12.82,1.06,88.48,88.48,79.23,79.23,100.0,0.13,0.77,9.52,0.68,0.94,0.49,54.12,45.88,1.0,20.0,0.0,0.0,0.0,100.0,,0.0,247.47,107.2,50.72,33925.34,65378.01,,,25.42,74.58,100.0,100.0,100.0,100.0,14.56,14.83,91.39,3939.0,0.0,0.79,0.72,0.07,10.0,8.0,0.55,0.0,,,,,,,0.41,0.41,0.0,352530,3.59,3.26,609.97,3.14,3.08,3.2,87.44,0.99,24.69,82089.25,103.77,17.77,28.23,21.53,10.54,17.12,27.2,5.52,1.0,10.15,47.15,51.12,1.73,54.51,224.78,494.71,479.18,1.31,785.89,2.66,80.41,0.32,96.89,100.0,1.03,89.37,100.0,99.92,57.48,99.99,100.0,57.49,29.53,14.26,14.27,15.52,177.21,0.57,15.73,62.59,37.41,42.51,21.34,357.21,96.89,100.0,100.0,100.0,99.6,100.0,12.83,0.05,1401.0,6.5,,,16.56,1.32,39.51,183.19,0.19,183.19,1.9,118.59,0.0,1.69,0.27,0.64,-4.85,-2.57,-10.58,-8.31,-19.77,15.43,CAJA,Água e Esgoto,LEP,,,,,,,,,,,,,,,,,,,,,,,,,,,,,,,,,,,,,,,,,,,,,,,,Sim
3525409,93.56,97.81,61.42,95.61,99.93,62.83,11.41,1.06,100.0,90.7,79.95,100.0,100.0,13.79,14.93,178.11,155.72,16.37,13.09,81.11,91.22,8.78,18.89,8.54,107.99,90.25,0.62,,,11.73,,,100.0,,4.08,92.88,97.81,55.6,86.65,90.55,57.07,86.65,90.55,57.07,11.28,1.06,87.18,87.18,102.73,102.73,100.0,0.17,0.0,,0.0,1.14,0.75,85.71,14.29,0.0,0.0,0.0,0.0,,,,0.0,308.15,127.18,105.21,32910.6,65821.19,,,30.08,42.74,100.0,100.0,100.0,100.0,0.0,0.0,0.0,2100.0,0.0,1.45,0.62,0.94,0.0,0.0,0.0,0.0,,,,,,,0.0,0.0,0.0,352540,3.41,3.33,578.83,2.91,3.24,2.58,85.34,1.38,72.7,230991.8,114.23,71.1,85.18,4.19,12.45,62.24,74.57,7.86,0.4,10.9,54.47,42.71,2.83,33.13,4.79,535.15,531.18,1.57,641.12,3.12,89.76,0.84,100.0,100.0,1.01,91.29,100.0,100.0,83.0,100.0,100.0,83.0,15.17,12.59,12.59,14.5,169.05,0.59,12.97,95.56,4.44,17.0,5.75,85.43,99.24,100.0,100.0,100.0,100.0,100.0,12.23,0.0,935.0,6.0,,,,0.0,95.17,122.5,0.0,120.83,0.0,120.83,0.0,,,,,,,,,,SABESP,Água e Esgotos,SABESP,,,1.78,80.83,,112.33,,,,,82.46,100.0,100.0,100.0,,,0.73,,324.48,77.07,,152.95,,0.73,,,,,,,,,,,,1.26,0.17,,,,,,19.17,,,,,Sim
3525508,74.59,95.12,20.29,78.05,99.92,21.01,15.85,1.1,100.0,88.98,86.97,100.0,100.0,12.21,13.85,207.62,175.96,13.17,11.46,86.98,105.15,-5.15,13.02,3.77,61.87,95.91,0.18,840.54,,17.28,13.92,,98.86,16.08,7.39,67.13,92.52,0.0,63.39,81.16,17.04,59.41,76.07,15.95,9.51,1.03,88.98,89.0,72.15,69.95,96.94,0.78,0.66,12.21,0.69,1.37,0.69,9.09,90.91,,10.0,0.0,0.0,,,,0.0,25.63,12.98,90.53,22732.0,25200.0,,,4.65,95.35,100.0,100.0,100.0,100.0,0.0,0.0,0.0,2064.0,0.0,0.86,0.8,0.08,0.0,0.0,0.0,0.0,,,,,,,0.0,0.0,0.0,352550,3.93,3.55,571.5,3.08,3.41,2.71,78.27,3.35,64.3,213999.65,115.17,54.31,82.15,13.24,11.9,47.15,71.33,10.45,2.04,10.34,57.2,40.06,2.74,16.7,15.88,524.94,505.77,1.31,794.1,2.48,83.16,0.65,69.97,69.97,1.04,89.67,100.0,99.95,85.14,99.95,100.0,85.18,12.83,10.93,10.93,13.56,171.81,0.16,13.53,105.72,-5.72,14.82,4.46,64.79,63.93,63.93,63.93,70.44,99.13,69.82,9.12,1.63,249.29,17.14,,,26.98,2.08,19.29,102.94,0.0,102.94,0.71,102.94,0.24,,,,,,,,,,SABESP,Água e Esgotos,SABESP,,,1.2,0.0,,44.11,,,,,100.0,100.0,100.0,0.0,1348.92,0.61,0.7,,128.08,74.19,25.81,,,0.7,,100.0,2.72,6.96,,,,,,,7.26,,,0.0,,26.12,2.3,0.61,25.81,25.81,0.44,0.61,25.81,Sim
3525607,88.4,100.0,0.0,76.92,87.0,0.0,18.52,1.09,100.0,91.73,94.47,100.0,92.03,29.16,25.79,394.77,348.2,30.86,29.16,94.6,83.55,16.45,5.4,2.96,59.79,0.0,0.51,,,4.0,,,100.0,,0.06,88.4,100.0,0.0,,87.0,,,0.0,,17.99,0.0,,,83.8,83.8,100.0,0.01,0.03,4.0,1.0,1.52,0.72,33.33,66.67,0.0,0.0,168.53,71.06,100.0,0.0,42.89,96.0,100.26,42.28,122.58,49851.47,87889.58,59.49,29.67,28.46,71.54,93.56,100.0,44.49,100.0,0.0,0.0,0.0,250.0,0.45,0.46,0.39,0.1,0.0,0.0,0.0,0.0,,,,,,,0.0,0.0,0.0,352560,0.64,0.64,119.96,1.11,1.53,0.58,172.82,1.19,37.63,86705.56,57.86,15.29,21.77,0.0,2.19,26.43,37.63,49.88,4.63,3.79,75.74,23.07,1.19,21.85,1.42,1920.91,1920.91,0.37,2735.0,0.73,172.82,0.55,84.86,99.4,1.0,100.0,0.0,100.0,82.37,100.0,88.6,82.37,21.38,17.36,17.36,17.36,203.4,0.81,20.25,82.37,17.63,17.63,5.57,122.15,84.86,99.4,99.4,80.0,100.0,80.0,20.25,0.05,50.0,6.0,,,,0.0,4.0,92.82,4.49,92.82,0.0,92.82,0.0,,,,,,,,,,PMJR,Água e Esgoto,LPU,2.33,25777.54,1.21,3.57,,60.09,100.0,0.0,11.11,,90.91,100.0,100.0,0.0,553.67,1.04,0.49,0.46,178.47,53.33,44.44,142.82,0.0,0.46,,,,,,,,,,,,0.78,0.16,0.0,,322.58,,1.04,43.1,44.44,0.08,0.0,0.0,Sim
3525706,87.66,94.48,0.0,89.47,96.07,0.0,19.17,1.02,100.0,87.66,0.0,0.0,0.0,0.0,15.29,237.0,236.59,27.07,14.24,52.59,56.49,43.51,47.41,22.16,430.04,0.0,0.99,,,1.33,,,100.0,,0.28,88.61,95.5,0.0,,94.59,,87.22,93.65,0.0,19.38,1.02,88.2,87.75,108.34,108.34,100.0,1.74,0.02,7.2,1.0,3.33,0.74,38.46,61.54,0.0,0.0,70.89,31.35,83.15,16.85,35.83,7.88,694.57,307.22,175.77,42109.84,,979.83,80.56,18.88,41.76,92.79,100.0,0.0,85.4,0.0,0.0,0.0,2590.0,0.0,0.75,0.75,0.05,0.0,0.0,0.0,0.0,,,,,,,0.0,0.0,0.0,352570,0.72,0.72,142.67,0.87,0.84,0.92,120.14,0.0,50.28,50526.42,83.23,30.37,41.85,0.0,0.0,36.49,50.28,47.75,1.98,0.0,55.7,29.49,14.81,24.99,42.03,704.43,691.62,1.05,970.66,2.09,141.03,0.44,89.72,99.02,1.02,89.94,100.0,100.0,71.43,100.0,71.43,71.43,27.75,19.82,19.82,22.0,292.3,0.82,21.11,79.27,20.73,28.57,12.54,265.59,88.91,98.13,98.13,83.29,100.0,83.29,20.68,0.16,,,,,,0.0,6.0,119.44,1.38,119.44,0.0,100.0,0.0,,,,,,,,,,SAE,Água e Esgoto,LPU,,,,,,,,,,,,,,,,,,,,,,,,,,,,,,,,,,,,,,,,,,,,,,,,Sim
3525805,93.5,100.0,0.0,,,0.0,5.14,1.34,94.99,55.2,2.21,5.56,7.79,0.62,14.51,216.07,135.05,19.73,7.84,47.06,73.53,26.47,52.94,82.19,461.54,0.0,3.62,100.0,,1.33,0.0,,100.0,3.48,0.7,93.5,100.0,0.0,,83.56,,,83.56,,5.14,0.0,,,251.85,240.74,95.59,0.04,0.83,0.3,1.0,2.48,1.24,100.0,0.0,0.0,0.0,0.0,0.0,,,,0.0,139.99,61.1,86.58,34876.09,49222.1,,,100.0,0.0,93.5,100.0,0.0,100.0,0.0,0.0,0.0,3600.0,0.0,4.58,2.72,2.18,0.0,0.0,0.0,0.0,,,,,,,0.0,0.0,0.0,352580,,,,,,,,,,,,,,,,,,,,,,,,,,,,,,,,,,,,,,,,,,,,,,,,,,,,,,,,,,,,,,,,,,,,,,,,,,,,,,,,,,,,,,,,,,,,,,,,,,,,,,,,,,,,,,,,,,,,,,,,,,,,,,,,,,,,,,,Sim
3525854,79.44,87.28,64.43,68.69,88.94,28.87,28.53,1.0,100.0,91.79,63.35,100.0,100.0,12.33,16.12,174.39,146.33,19.46,12.33,66.76,82.8,17.2,33.24,6.76,213.12,99.07,2.49,,,,,,100.0,,0.19,56.16,80.95,8.68,,65.32,,,65.32,,15.87,0.0,,,67.55,67.55,100.0,0.41,0.0,,0.0,1.95,1.46,0.0,100.0,0.0,0.0,267.68,122.62,100.0,0.0,0.0,42.5,629.75,288.48,55.31,,,235.27,17.88,12.76,87.24,65.71,100.0,0.0,100.0,65.71,100.0,0.0,863.5,0.0,0.76,1.15,0.0,46.78,36.55,11.12,0.0,,,,,,,8.69,8.69,0.0,352585,1.47,1.47,269.16,2.07,2.15,1.88,140.46,0.0,56.48,24584.6,71.2,23.78,40.22,0.0,11.54,33.41,56.48,24.48,2.83,16.21,69.61,28.25,2.14,0.0,10.14,161.71,158.5,3.73,273.42,6.2,143.52,0.2,96.14,99.95,1.0,93.82,100.0,100.0,72.62,100.0,100.0,72.62,18.91,13.73,13.73,17.59,135.42,2.22,31.77,93.05,6.95,27.38,4.88,170.9,56.43,96.16,96.16,62.5,100.0,62.5,17.46,0.42,,,50.0,27.5,1.0,0.5,,100.0,0.4,100.0,0.0,100.0,0.0,,,,,,,,,,PMJ,Água e Esgoto,LPU,5.63,22689.32,1.68,84.61,40.04,127.79,72.73,27.27,0.0,51.17,58.0,100.0,100.0,100.0,683.71,1.54,0.9,,301.29,77.5,27.27,,,0.9,,100.0,8.26,27.14,,37.74,18.87,9.43,15.09,18.87,49.16,2.81,0.31,0.0,,88.89,0.69,1.02,15.39,18.18,0.22,3.07,54.55,Sim
3525904,98.57,99.68,64.4,,,74.19,16.53,1.69,97.95,93.5,65.08,92.63,100.0,14.8,16.69,239.42,169.99,22.44,15.77,73.57,74.37,25.63,26.43,18.91,329.43,95.94,0.91,879.9,,21.76,11.82,,98.33,0.44,8.06,96.56,98.27,44.09,,,49.62,,,49.12,9.28,1.7,93.33,93.34,94.78,94.78,100.0,0.81,2.58,0.39,0.69,1.67,0.02,1.85,98.15,0.0,0.0,385.33,159.52,100.0,0.0,0.0,55.51,694.11,287.35,324.47,155379.96,119660.74,180.13,1.3,0.68,99.32,100.0,100.0,100.0,100.0,96.86,100.0,52.79,8512.35,0.02,1.37,0.73,0.66,18.88,3.07,6.86,53.11,,,,,,,0.6,0.6,0.0,352590,3.89,3.71,768.54,3.97,3.54,4.34,101.85,0.32,41.49,167319.82,93.66,30.06,40.74,0.77,36.85,32.09,43.49,9.59,1.51,39.34,40.65,57.72,1.63,78.98,718.28,500.56,299.2,2.47,678.37,4.84,105.62,0.68,99.07,99.7,1.67,93.54,100.0,99.55,64.42,97.67,92.57,65.95,22.6,14.28,14.0,15.77,207.08,0.77,16.87,72.84,27.16,34.05,22.84,403.54,98.23,99.5,99.5,100.0,100.0,100.0,8.98,0.03,1003.28,8.0,,,5.0,5.57,30.14,170.92,0.01,173.83,0.07,104.39,0.0,2.72,1.49,0.21,8.18,11.75,7.49,11.06,7.64,48.88,DAE Jundiaí,Água e Esgoto,LPR,1.82,157831.75,5.77,100.0,40.31,287.76,0.0,100.0,9.03,116.01,100.0,100.0,100.0,100.0,1784.36,0.65,0.99,0.81,126.54,15.93,35.57,131.66,17.17,0.95,,100.0,1.38,5.01,6.7,53.53,11.64,10.2,23.18,1.44,20.71,4.43,0.45,100.0,100.0,144.64,2.08,0.44,14.28,23.94,0.28,0.49,26.81,Sim
3526001,93.19,100.0,6.57,82.04,87.86,8.11,9.4,1.08,93.19,92.51,39.05,46.18,0.0,11.65,12.97,359.9,344.9,27.82,23.52,88.24,46.64,53.36,11.76,8.95,116.44,0.0,1.47,,,0.57,,,100.0,,2.58,93.19,100.0,6.57,,93.07,,,93.06,,9.74,0.0,,,32.61,6.17,18.93,0.28,3.04,0.47,1.0,1.55,2.58,75.0,25.0,,34.0,0.0,0.0,0.0,100.0,,0.0,112.58,50.11,49.6,20000.0,20000.0,,,62.18,37.82,92.71,100.0,0.0,100.0,0.0,0.0,0.0,1613.33,0.0,0.64,0.54,0.14,0.0,0.0,0.0,0.0,,,,,,,0.0,0.0,0.0,352600,0.98,0.98,146.22,1.84,2.28,1.31,187.41,0.0,32.66,38726.58,53.36,14.48,17.43,0.0,0.0,27.14,32.66,64.74,2.6,0.0,67.88,32.12,0.0,,18.05,810.95,810.95,1.02,975.7,2.03,187.41,,82.23,100.0,1.0,91.24,0.0,92.7,29.13,29.97,0.0,97.2,40.19,39.07,11.71,13.47,561.0,,16.51,33.51,66.49,2.8,1.74,37.02,82.23,100.0,100.0,55.15,100.0,55.15,17.97,,,6.0,,1290.32,,,2.18,126.7,0.0,120.0,0.0,120.0,0.0,,,,,,,,,,PMJ,Água e Esgoto,LPU,1.29,60812.82,2.0,6.67,,78.68,100.0,0.0,4.55,,96.72,99.25,99.25,14.12,2591.41,0.53,1.37,1.03,68.34,43.42,40.91,,12.69,1.16,,,10.59,52.93,15.91,44.44,33.33,11.11,11.11,0.0,70.57,,,0.0,,,,0.35,31.07,27.27,,0.35,27.27,Sim
3526100,75.36,100.0,25.39,70.11,100.0,9.5,11.93,1.09,100.0,87.8,66.68,100.0,100.0,11.48,13.27,160.49,139.42,15.96,10.64,66.82,83.13,16.87,33.18,13.69,189.35,81.41,0.52,223.0,,31.86,14.0,,78.15,3.76,8.53,56.09,83.75,0.0,48.8,69.6,6.61,48.8,69.6,6.61,9.12,1.01,89.05,89.05,83.1,83.1,100.0,0.23,0.14,71.43,0.03,1.21,0.63,100.0,0.0,0.0,0.0,76.87,44.95,98.75,1.25,37.89,39.5,122.39,71.56,27.83,22974.14,54240.94,159.21,75.47,59.92,0.0,83.4,90.0,70.01,81.0,0.0,0.0,100.0,1554.1,0.0,0.49,0.47,0.15,0.0,0.0,0.0,0.0,0.0,0.0,,,,,0.0,0.0,0.0,352610,3.83,3.12,510.73,3.55,3.54,3.57,92.88,-5.73,57.09,158342.03,87.85,50.99,61.46,14.05,6.28,58.04,69.96,13.1,1.66,7.15,56.17,41.13,2.69,158.8,20.49,443.13,440.21,1.88,534.21,3.29,107.56,0.66,69.69,100.0,1.01,89.47,100.0,100.0,62.92,100.0,100.0,62.92,17.85,11.23,11.23,13.79,147.61,0.54,12.23,77.24,22.76,37.08,14.68,219.16,51.94,82.35,82.35,76.17,97.67,74.4,9.42,0.59,1475.46,6.0,,,,0.0,224.71,104.17,0.31,104.17,2.62,104.17,0.0,,,,,,,,,,SABESP,Água e Esgotos,SABESP,,,5.88,52.33,,79.41,,,,,82.0,100.0,100.0,0.0,,,0.8,,209.64,77.43,,,,0.62,,,,,,,,,,,,1.15,0.14,,,,,,17.87,,,,,Sim
3526209,50.76,88.63,0.0,46.37,82.44,0.0,15.38,1.08,100.0,89.6,63.58,100.0,100.0,13.03,14.71,241.74,188.36,19.21,12.21,71.71,76.59,23.41,28.29,11.02,193.22,85.88,1.05,1662.67,,14.23,12.85,,87.55,22.32,10.07,20.91,36.5,0.0,14.17,25.19,0.0,14.17,25.19,0.0,10.56,1.02,84.92,84.92,36.31,36.31,100.0,0.75,0.29,15.78,0.06,0.37,0.85,92.86,7.14,0.78,18.0,101.4,62.84,100.0,0.0,40.74,21.75,276.25,171.2,13.47,18000.0,105897.38,272.43,129.68,47.71,49.97,92.79,93.27,92.15,93.27,82.12,74.61,0.0,,0.0,0.7,0.76,0.0,15.65,7.83,5.01,0.0,,,,,,,2.51,2.51,0.0,352620,6.87,5.39,964.09,3.51,3.43,3.79,51.14,-5.27,53.84,236372.04,153.4,71.63,105.28,98.94,20.18,46.69,68.63,13.44,0.0,13.16,71.7,25.26,3.04,38.47,24.25,357.23,352.28,1.93,525.06,2.59,48.66,0.61,45.55,58.86,1.01,90.06,100.0,100.0,66.84,100.0,100.0,66.84,18.94,12.65,12.65,15.18,189.92,1.08,15.28,80.21,19.79,33.16,11.56,209.02,14.56,18.81,18.81,34.85,100.0,34.85,12.47,0.75,414.55,9.02,,,,0.0,312.16,103.95,0.0,103.95,4.85,103.73,0.0,,,,,,,,,,SABESP,Água e Esgotos,SABESP,,,,,,,,,,,,,,,,,,,,,,,,,,,,,,,,,,,,,,,,,,,,,,,,Sim
3526308,59.32,95.05,0.0,51.71,83.18,0.0,8.46,1.06,100.0,90.13,66.88,100.0,100.0,9.33,12.38,165.81,141.09,13.23,8.85,67.07,93.56,6.44,32.93,17.01,151.26,94.84,1.01,1688.0,,9.0,18.0,,94.12,98.86,2.46,56.19,90.04,0.0,45.7,73.5,0.0,45.7,73.5,0.0,8.98,1.0,90.46,90.46,101.47,101.47,100.0,0.49,1.74,27.04,0.72,2.47,0.19,100.0,0.0,0.0,0.0,19.51,12.64,100.0,0.0,0.0,28.77,67.82,43.93,65.05,21227.51,105222.64,347.54,160.63,62.79,27.95,100.0,100.0,100.0,64.53,0.0,0.0,0.0,484.2,0.39,0.51,0.32,0.31,0.0,0.0,0.0,0.0,,,,,,,0.0,0.0,0.0,352630,4.54,4.64,697.15,2.78,3.12,2.43,61.28,0.96,81.05,228604.36,166.8,108.65,132.26,13.93,10.66,65.14,79.29,9.07,1.08,6.39,56.51,41.92,1.57,15.13,7.3,413.55,412.86,1.99,503.42,3.94,63.96,0.55,64.95,100.0,1.0,89.73,100.0,100.0,73.78,100.0,100.0,73.78,12.45,9.17,9.17,12.7,145.12,1.05,10.21,102.17,-2.17,26.22,9.58,107.32,64.05,98.8,98.8,100.0,100.0,100.0,9.11,0.66,,,,,,0.0,16.55,110.0,0.0,109.17,0.0,109.17,0.76,,,,,,,,,,SABESP,Água e Esgotos,SABESP,2.52,24725.0,1.12,12.64,,62.32,100.0,0.0,0.0,,64.83,100.0,100.0,16.67,479.23,1.26,0.62,,120.0,43.68,50.0,1.39,,0.62,,,,,,,,,,,37.81,0.86,0.14,0.0,,60.0,1.15,1.26,43.68,50.0,0.45,0.0,0.0,Sim
3526407,94.31,100.0,50.29,96.52,100.0,68.7,18.72,1.11,100.0,89.25,58.99,100.0,100.0,12.43,13.81,181.42,158.84,19.78,11.67,59.01,69.79,30.21,40.99,14.65,294.97,92.34,1.11,645.0,,9.45,21.5,,97.99,5.43,10.51,90.6,100.0,17.86,82.11,85.06,58.53,82.11,85.06,58.53,15.3,1.04,89.75,89.75,106.06,106.06,100.0,0.4,0.1,21.56,0.04,0.71,0.33,0.0,100.0,0.46,11.0,272.95,125.42,100.0,0.0,-7.76,239.67,122.73,56.39,143.58,,,44.96,0.0,26.46,73.54,88.56,100.0,0.0,100.0,88.56,100.0,0.0,4430.65,0.04,0.9,1.01,0.0,12.95,12.75,3.5,0.0,,,,,,,3.44,3.44,0.0,352640,3.93,3.33,586.18,3.06,3.38,2.72,77.98,-2.32,41.04,140468.68,108.72,33.09,52.63,24.28,13.89,30.44,48.41,22.69,9.96,12.77,55.2,41.53,3.27,11.74,39.77,495.0,477.29,1.32,787.36,2.57,84.64,0.7,90.36,100.0,1.04,90.1,100.0,100.0,56.68,100.0,100.0,56.68,22.63,12.83,12.83,14.82,165.52,1.14,11.31,65.47,34.53,43.32,27.08,334.28,86.66,96.77,96.77,93.29,100.0,93.29,9.92,0.43,170.61,6.0,117.05,9.54,,0.0,78.21,103.76,0.16,101.8,0.16,101.63,1.29,,,,,,,,,,SABESP,Água e Esgotos,SABESP,,,,,,,,,,,,,,,,,,,,,,,,,,,,,,,,,,,,,,,,,,,,,,,,Sim
3526506,43.12,100.0,0.0,40.83,93.96,0.0,10.69,1.0,100.0,100.0,54.58,100.0,100.0,13.83,13.06,187.29,176.92,25.34,13.83,54.58,51.56,48.44,45.42,27.65,378.31,73.57,1.22,27.5,,0.5,10.0,,100.0,1.48,1.07,41.52,96.28,0.0,,91.24,,,91.24,,18.78,0.0,,,91.49,89.17,97.47,0.01,0.73,0.69,1.0,2.81,0.42,100.0,0.0,1.17,5.0,40.61,16.35,100.0,0.0,12.66,55.27,64.17,25.83,142.46,20794.39,34118.06,158.01,86.8,45.03,2.1,97.05,100.0,94.82,100.0,43.12,100.0,0.0,1530.65,0.0,0.85,0.44,0.97,9.92,9.29,2.73,0.0,0.06,0.0,49.62,26.45,15.62,8.31,1.3,1.3,0.0,352650,1.05,0.93,245.56,0.5,0.67,0.31,47.39,19.23,44.27,41418.51,186.71,87.39,93.42,0.0,12.43,46.81,50.04,38.27,0.63,6.66,56.03,24.74,19.23,147.18,12.29,337.1,308.63,3.03,360.35,6.03,53.56,,48.0,98.34,1.18,,100.0,97.9,95.71,95.71,100.0,100.0,20.79,20.79,24.06,20.79,269.63,,8.81,100.0,0.0,0.0,0.0,0.0,46.66,95.6,95.6,94.68,100.0,94.68,8.47,,,6.0,,50.0,,,,100.0,17.5,100.0,17.5,100.0,17.5,,,,,,,,,,PML,Água e Esgoto,LPU,2.91,35966.87,2.29,14.06,,104.57,100.0,0.0,5.88,,51.31,100.0,100.0,0.0,1075.88,0.68,0.63,,283.28,62.41,23.53,,,0.6,,,,,,,,,,,,,,0.0,,,,0.68,23.53,23.53,,0.68,23.53,Sim
3526605,96.52,100.0,52.6,93.85,100.0,22.76,14.07,1.05,100.0,93.31,79.57,100.0,100.0,13.39,14.84,164.98,150.85,16.17,12.87,79.7,91.77,8.23,20.3,7.27,113.08,89.2,0.17,,,9.96,,,97.73,,7.09,82.67,89.22,0.0,63.85,68.04,15.45,63.85,68.04,15.45,9.82,1.01,95.06,95.06,71.88,71.88,100.0,0.37,1.38,23.25,0.25,1.47,0.74,86.67,13.33,0.0,0.0,82.38,36.08,81.67,18.33,38.33,50.0,124.41,54.49,48.31,18750.0,45000.0,151.02,91.84,53.72,8.31,92.66,100.0,0.0,0.0,0.0,0.0,0.0,2344.0,0.0,0.88,0.54,0.4,0.0,0.0,0.0,0.0,,,,,,,0.0,0.0,0.0,352660,6.35,5.04,887.23,3.02,3.41,2.4,47.62,-0.61,64.89,199908.76,166.77,80.5,136.24,69.6,11.72,48.27,81.7,5.8,1.26,7.03,67.43,29.65,2.92,30.17,14.39,275.8,273.44,2.16,466.76,3.6,52.04,0.73,96.87,100.0,1.01,93.47,100.0,100.0,76.97,100.0,100.0,76.97,16.71,12.86,12.86,15.03,145.09,0.15,12.9,89.93,10.07,23.03,8.66,127.8,65.06,70.87,70.87,63.25,100.0,63.25,9.05,0.89,654.29,6.0,,,,0.0,51.04,108.33,1.28,108.33,1.28,108.33,0.0,,,,,,,,,,SABESP,Água e Esgotos,SABESP,3.3,6500.0,0.6,82.52,106.29,21.46,100.0,0.0,9.09,22.81,100.0,100.0,100.0,0.0,306.71,0.75,0.2,,204.17,68.53,22.73,,,0.18,,,,,,,,,,,,0.82,0.42,0.0,,,,1.5,17.48,45.45,,0.75,22.73,Sim
3526704,100.0,100.0,100.0,76.04,76.05,75.6,12.65,1.02,100.0,83.87,44.91,100.0,100.0,12.99,12.99,208.7,133.94,28.93,12.99,52.63,44.91,55.09,47.37,36.32,460.6,99.52,0.78,,,1.0,,,100.0,,7.25,100.0,100.0,100.0,,86.52,,,86.52,,12.33,0.0,,,190.53,190.53,100.0,0.71,0.0,,,1.59,0.43,43.56,56.44,,15.0,0.0,0.0,,,,0.0,118.67,49.89,40.94,28350.0,83498.77,,,43.63,56.37,100.0,100.0,100.0,98.21,0.0,0.0,0.0,5479.65,0.0,0.89,0.68,0.21,0.0,0.0,0.0,0.0,,,,,,,0.0,0.0,0.0,352670,2.03,1.94,356.84,2.76,2.96,2.56,136.14,-0.81,47.05,56938.83,70.2,26.96,34.56,5.92,0.0,38.4,49.24,39.83,9.45,0.0,51.4,44.58,4.02,23.95,232.72,324.07,315.76,2.47,415.53,4.92,137.98,,97.94,100.0,1.03,89.91,100.0,100.0,45.59,100.0,100.0,45.59,29.63,13.38,13.38,15.27,165.15,,11.1,52.04,47.96,54.41,44.64,538.79,97.94,100.0,100.0,98.32,100.0,98.32,10.63,,,,,,0.02,0.1,3.0,100.0,1.04,100.0,0.83,100.0,1.6,,,,,,,,,,SAECIL,Água e Esgoto,LPU,,,,,,,,,,,,,,,,,,,,,,,,,,,,,,,,,,,,,,,,,,,,,,,,Sim
3526803,97.59,100.0,3.35,,,2.42,13.3,1.04,94.18,86.99,44.4,83.89,100.0,15.78,17.58,269.51,176.61,32.27,17.08,55.55,54.48,45.52,44.45,33.97,489.46,100.0,0.89,286.4,,2.5,4.0,,100.0,0.95,4.9,100.0,100.0,100.0,,,,,98.08,,11.21,1.03,,,135.12,118.52,87.71,0.31,3.07,2.0,1.0,1.17,0.79,83.33,16.67,1.26,43.0,75.45,30.7,100.0,0.0,-6.49,64.77,124.04,50.48,57.53,51579.71,38942.92,164.41,100.14,68.48,31.52,100.0,100.0,100.0,100.0,100.0,100.0,0.0,1212.43,0.01,0.73,0.68,0.05,71.77,35.89,29.13,0.0,,,,,,,13.5,13.5,0.0,352680,2.12,2.12,402.89,1.9,2.08,1.69,89.59,0.0,47.22,60266.58,111.61,38.87,52.7,0.0,18.73,34.83,47.22,31.62,3.25,16.78,51.75,34.62,13.63,26.97,161.32,316.8,297.07,2.48,429.46,4.92,103.74,0.56,97.76,100.0,1.07,88.25,100.0,100.0,58.85,71.09,100.0,82.78,32.79,25.78,18.33,17.21,328.14,0.87,13.05,55.26,44.74,17.22,13.53,187.95,97.76,100.0,100.0,90.24,99.25,89.56,10.98,0.39,10216.0,42.0,374.11,8.0,0.72,2.4,1.0,101.25,0.0,100.0,0.0,100.0,0.0,,,,,,,,,,SAAE,Água e Esgoto,LPU,2.69,30727.99,2.8,35.02,4.01,82.68,75.0,25.0,5.0,3.31,100.0,100.0,100.0,13.46,1203.66,0.64,0.77,,111.2,37.64,23.89,,,0.75,,97.91,12.07,33.78,,37.61,26.77,8.36,6.68,20.58,37.67,,,33.33,100.0,154.54,,0.72,23.05,26.67,0.12,0.84,31.11,Sim
3526902,96.98,100.0,0.0,96.64,99.65,0.0,10.99,1.26,100.0,87.65,81.25,100.0,100.0,13.37,14.54,210.28,172.18,16.45,13.37,83.42,88.35,11.65,16.58,9.74,113.11,96.91,1.18,64.38,,0.34,7.25,,63.59,0.05,5.1,96.98,100.0,0.0,94.94,97.9,0.0,94.94,97.9,0.0,9.66,1.26,87.72,87.72,88.06,88.06,100.0,0.99,0.17,2.2,1.0,0.8,0.47,6.93,93.07,0.07,15.0,143.65,61.08,90.64,9.36,21.02,49.7,251.83,107.09,78.84,111604.12,108927.43,175.31,7.12,5.2,94.8,100.0,100.0,100.0,100.0,72.74,75.0,0.0,2485.95,0.04,1.04,0.66,0.39,3.25,0.51,0.97,0.0,,,,,,,0.1,0.1,0.0,352690,3.31,2.64,467.62,3.84,3.58,4.09,115.85,1.8,29.65,109735.2,68.73,15.49,25.6,6.89,13.9,22.54,37.24,15.6,2.78,20.22,44.56,52.35,3.09,70.21,389.03,630.12,518.77,1.17,1040.91,2.32,120.54,0.54,97.02,100.0,1.21,87.45,100.0,100.0,84.52,96.31,100.0,87.75,16.48,13.99,13.48,14.51,191.31,1.2,11.33,91.01,8.99,12.25,6.63,77.97,97.02,100.0,100.0,81.98,100.0,81.98,10.04,0.23,,,,,1.21,0.34,0.88,236.44,0.0,239.84,0.0,109.74,0.0,0.95,0.38,0.62,30.62,36.55,19.25,25.18,40.4,32.38,BRKL,Água e Esgoto,LEP,1.34,84254.73,4.0,100.0,3.22,112.63,2.52,97.48,4.28,3.63,97.02,100.0,100.0,100.0,2563.5,0.31,0.68,,163.94,36.27,22.92,111.4,,0.68,,77.31,1.08,2.68,,49.49,21.18,21.37,7.96,0.0,6.69,4.79,0.7,100.0,100.0,328.48,,0.25,12.86,18.64,0.04,0.54,40.05,Sim
3527009,,,,,,,,,,,,,,,,,,,,,,,,,,,,,,,,,,,,,,,,,,,,,,,,,,,,,,,,2.44,0.43,100.0,0.0,0.0,0.0,0.0,0.0,,,,0.0,40.72,21.39,53.71,22000.0,50000.0,,,100.0,0.0,98.14,100.0,86.74,16.32,0.0,0.0,0.0,614.6,0.0,1.18,0.68,0.59,0.0,0.0,0.0,0.0,,,,,,,0.0,0.0,0.0,352700,1.99,1.88,,1.45,1.92,0.76,72.53,19.27,31.01,73449.97,130.16,28.81,42.75,0.0,17.52,22.14,32.85,40.34,7.85,13.46,63.21,17.52,19.27,0.0,5.94,,780.93,0.86,,1.73,74.2,,98.72,98.72,1.46,76.45,100.0,99.91,64.23,95.18,100.0,67.48,15.12,10.2,9.72,10.2,144.45,0.0,22.27,67.48,32.52,32.52,9.61,236.44,67.03,67.03,67.03,74.7,0.0,0.0,8.12,,,,,,,0.0,3.08,101.28,41.76,102.22,0.38,100.0,8.33,,,,,,,,,,PML,Água e Esgoto,LPU,,,1.97,0.0,,86.27,,,,,90.65,90.65,76.82,0.0,1637.38,0.5,0.7,0.45,142.61,42.47,20.0,,73.73,0.78,,,16.59,42.61,,44.12,22.06,22.06,8.82,2.94,,0.69,0.1,0.0,,,,0.75,56.52,30.0,,1.25,50.0,Sim
3527108,100.0,100.0,100.0,,,100.0,10.07,1.1,100.0,90.73,85.51,100.0,100.0,14.77,15.83,223.25,198.38,16.34,13.97,86.93,96.87,3.13,13.07,6.78,77.42,87.15,1.04,,,7.64,,,99.68,,7.49,100.0,100.0,100.0,,,91.11,,,91.11,5.74,1.06,90.21,90.21,90.72,90.72,100.0,0.24,0.25,14.98,0.12,1.65,0.53,35.76,64.24,0.26,20.0,249.6,111.89,100.0,0.0,0.0,42.04,593.67,266.13,300.25,75000.0,66346.15,237.85,10.17,10.04,89.96,98.83,100.0,0.0,100.0,98.83,100.0,47.24,7986.64,0.04,1.43,0.7,0.74,10.22,7.66,3.99,0.0,,,,,,,1.45,1.45,0.0,352710,2.4,1.89,376.25,2.76,2.96,2.57,115.22,-1.02,45.53,179629.19,68.22,32.8,39.52,6.19,9.61,48.08,57.93,17.1,0.31,14.09,51.0,44.19,4.81,20.55,77.71,824.17,783.21,1.06,992.95,2.11,129.21,0.54,100.0,100.0,1.05,91.26,100.0,100.0,84.4,100.0,100.0,84.4,17.61,14.77,14.77,16.59,200.67,0.99,6.96,94.81,5.19,15.6,12.12,94.44,99.77,100.0,100.0,90.83,100.0,90.83,6.35,0.18,932.64,6.0,,,,0.0,48.06,106.7,0.0,106.91,0.0,106.91,0.0,,,,,,,,,,SABESP,Água e Esgotos,SABESP,,,7.57,87.35,37.68,187.34,,,,70.59,98.83,100.0,100.0,70.18,4921.85,0.48,2.03,0.75,129.77,51.21,29.13,31.98,171.43,2.03,463.82,92.22,1.43,10.58,4.76,47.3,20.59,7.48,23.65,0.98,12.97,0.82,0.04,64.29,,,,0.36,10.32,22.05,,0.38,22.83,Sim
3527207,97.7,97.82,93.27,,,100.0,6.97,1.12,100.0,90.05,69.79,100.0,100.0,12.8,14.06,173.5,154.19,17.29,12.07,69.79,81.35,18.65,30.21,25.31,192.31,90.12,0.76,8546.89,,15.83,13.11,,90.75,23.26,9.87,97.54,97.82,87.51,92.9,93.02,88.65,92.9,93.02,88.65,5.94,1.06,90.64,90.64,92.03,92.03,100.0,0.22,2.07,22.39,0.19,0.89,0.49,25.42,74.58,0.04,3.0,152.77,63.01,100.0,0.0,1.5,58.71,256.3,105.71,97.76,70387.78,53434.68,167.77,2.97,11.87,88.13,98.09,100.0,30.41,100.0,97.26,100.0,0.0,1906.34,0.18,1.2,0.6,0.62,1.41,1.2,0.64,0.0,0.01,0.0,,,,,0.27,0.27,0.0,352720,2.89,2.26,394.81,3.07,3.35,2.78,105.9,0.72,52.07,171289.18,73.7,29.73,49.17,8.99,5.22,40.34,66.71,14.97,1.57,7.08,52.9,43.57,3.54,24.88,99.24,650.33,626.34,0.97,1075.62,1.92,118.24,0.61,100.0,100.0,1.04,90.91,100.0,100.0,62.75,100.0,100.0,62.75,19.76,12.4,12.4,14.5,149.65,0.67,7.6,73.39,26.61,37.25,29.46,251.19,99.29,100.0,100.0,92.67,100.0,92.67,6.05,0.24,6358.97,10.55,5400.0,7.0,148.6,0.02,104.41,103.16,0.0,103.05,0.0,102.99,0.33,,,,,,,,,,SABESP,Água e Esgotos,SABESP,1.0,64504.53,2.81,86.83,59.73,64.38,37.21,62.79,1.16,38.46,98.08,100.0,100.0,100.0,1959.28,0.34,0.57,,192.48,62.46,33.72,,,0.57,,20.0,0.63,1.31,,46.99,31.91,12.41,7.54,1.15,2.52,0.24,0.04,36.36,100.0,161.16,0.94,0.26,18.83,25.58,0.08,0.28,27.91,Sim
3527256,89.28,98.29,32.59,92.47,99.77,38.66,12.25,1.07,100.0,90.44,85.91,100.0,100.0,12.11,13.67,192.49,170.5,13.3,11.43,86.91,102.75,-2.75,13.09,4.52,61.55,87.88,0.65,,,7.0,,,100.0,,0.56,82.47,95.58,0.0,82.83,89.28,35.29,82.83,89.28,35.29,13.57,1.05,88.59,88.59,108.26,108.26,100.0,0.11,0.0,,,1.18,1.77,60.0,40.0,0.0,0.0,40.37,20.85,100.0,0.0,0.0,43.81,92.15,47.59,77.4,,26938.19,228.27,228.27,67.58,32.42,86.28,100.0,0.0,100.0,0.0,0.0,0.0,646.0,0.0,0.9,0.93,0.11,0.0,0.0,0.0,0.0,,,,,,,0.0,0.0,0.0,352725,2.85,2.24,383.37,3.03,3.35,2.71,106.39,1.28,47.22,182877.68,73.87,35.03,44.38,8.0,11.91,47.42,60.08,13.64,0.71,16.12,54.84,43.83,1.34,13.56,1.9,794.04,782.47,1.01,1006.0,2.0,117.16,0.73,86.68,100.0,1.01,91.4,100.0,100.0,87.17,100.0,100.0,87.17,14.14,12.33,12.33,14.24,159.79,0.74,11.16,100.67,-0.67,12.83,4.77,60.53,85.28,100.0,100.0,100.0,100.0,100.0,15.48,0.12,,,,,,0.0,26.07,100.0,0.0,100.0,0.0,100.0,0.0,,,,,,,,,,SABESP,Água e Esgotos,SABESP,2.67,21381.21,0.8,0.0,,56.99,100.0,0.0,40.0,,81.7,99.68,99.68,0.0,620.45,1.6,0.85,,183.5,100.0,60.0,1.03,,0.85,,,,,,,,,,,,0.88,0.1,,,,,0.0,0.0,0.0,,0.0,0.0,Sim
3527306,90.93,94.09,18.7,77.1,79.54,16.41,20.88,1.07,99.49,89.47,73.74,100.0,100.0,18.51,18.91,216.77,162.37,24.89,18.36,76.57,75.98,24.02,23.43,9.49,204.29,0.0,0.92,,,24.0,,,100.0,,9.1,78.68,81.0,25.76,,66.74,,,66.74,,15.1,1.08,,,78.19,78.19,100.0,0.32,1.72,2.84,1.0,2.95,0.83,6.06,93.94,1.02,55.0,0.12,0.04,100.0,0.0,0.0,0.02,626.1,231.99,239.26,19200.0,27428.57,523055.6,8000.0,1.15,86.08,100.0,100.0,100.0,100.0,100.0,100.0,7.61,1976.74,0.06,1.4,0.82,0.61,76.4,67.03,25.58,0.0,0.42,0.0,,,,,13.11,13.11,0.0,352730,2.77,2.31,509.48,2.43,3.17,1.61,87.67,16.0,39.52,70029.21,94.92,42.11,45.08,0.0,21.3,44.37,47.49,21.51,8.56,22.44,68.38,31.38,0.24,56.75,85.63,289.43,274.2,3.41,309.8,6.4,88.71,0.65,98.75,99.45,1.05,92.14,100.0,95.47,62.12,92.53,100.0,67.13,27.24,18.28,17.06,18.28,167.09,0.74,22.09,67.13,32.87,32.87,13.64,309.01,84.96,88.36,88.36,80.0,100.0,80.0,16.34,0.43,236.67,6.06,236.67,6.06,5.17,0.06,1.13,101.96,0.08,101.96,0.02,101.65,1.08,,,,,,,,,,PML,Água e Esgoto,LPU,7.94,16563.04,1.99,100.0,,131.44,0.0,100.0,3.49,,100.0,100.0,100.0,93.07,1936.32,0.51,0.85,,316.56,74.53,6.43,,,0.82,,100.0,6.93,21.43,,36.15,33.84,5.9,19.04,5.07,21.44,2.98,0.35,100.0,100.0,101.54,1.96,0.34,16.1,4.29,0.21,2.26,28.42,Sim
3527405,96.25,100.0,77.91,93.11,99.96,59.62,11.3,1.07,100.0,89.6,78.55,100.0,100.0,13.04,14.13,168.98,153.77,15.6,12.25,78.79,90.63,9.37,21.21,9.3,116.49,88.91,1.37,,,14.34,,,92.55,,4.84,90.55,100.0,44.32,83.81,89.98,53.69,83.81,89.98,53.69,10.97,1.03,88.39,88.39,102.85,102.85,100.0,0.15,0.2,16.53,0.12,1.24,1.22,100.0,0.0,0.83,14.0,0.0,0.0,,,,0.0,52.34,23.18,23.65,19047.62,19047.62,,,100.0,0.0,84.69,100.0,9.83,100.0,83.02,100.0,0.0,1737.08,0.05,0.93,0.47,0.65,29.56,18.21,16.96,100.0,,,,,,,4.43,4.43,0.0,352740,2.87,2.39,410.18,3.06,3.33,2.79,106.84,0.67,48.75,182790.51,78.1,30.47,45.63,7.25,6.44,39.02,58.42,22.37,1.97,8.24,53.75,44.2,2.04,17.57,19.47,762.77,758.66,0.88,1142.19,1.75,113.59,0.63,90.08,100.0,1.01,90.65,100.0,100.0,78.29,100.0,100.0,78.29,15.62,12.16,12.16,14.29,153.46,1.41,10.8,92.0,8.0,21.71,9.13,111.46,88.71,100.0,100.0,100.0,100.0,100.0,11.34,0.18,345.27,6.0,1750.0,10.0,,0.0,28.95,100.0,0.18,100.0,0.0,100.0,0.54,,,,,,,,,,SABESP,Água e Esgotos,SABESP,1.65,38387.1,1.96,0.0,,63.18,100.0,0.0,12.9,,87.37,100.0,100.0,24.76,1095.39,0.74,0.93,,131.66,70.59,45.16,8.46,,0.92,225.12,93.34,16.93,57.34,,,,,,,83.89,3.49,0.38,0.0,,182.29,0.51,0.64,29.41,38.71,0.1,0.05,3.23,Sim
3527504,86.77,100.0,30.13,83.58,98.54,12.38,12.66,1.09,100.0,88.89,75.99,100.0,100.0,12.7,13.67,182.78,162.7,15.49,11.77,75.99,88.25,11.75,24.01,10.06,133.04,94.87,0.99,,,13.46,,,100.0,,4.77,72.67,89.65,0.0,66.81,78.67,10.4,66.81,78.67,10.4,8.94,1.01,89.15,89.15,90.03,90.03,100.0,0.52,0.37,4.33,0.08,4.08,1.24,100.0,0.0,0.0,0.0,58.15,27.96,100.0,0.0,74.93,10.17,143.42,68.95,133.87,32814.96,34899.93,246.62,154.81,85.54,14.46,100.0,100.0,100.0,100.0,100.0,100.0,0.0,966.0,0.0,1.09,0.6,0.61,11.58,10.75,5.32,0.0,,,,,,,2.69,2.69,0.0,352750,2.32,1.85,321.98,2.88,3.17,2.56,123.76,-3.72,33.53,115443.34,64.2,14.31,27.09,3.66,13.89,22.3,42.2,23.55,0.45,21.63,55.72,41.91,2.36,8.06,1.89,849.58,840.59,0.63,1608.0,1.22,138.46,0.61,85.96,100.0,1.01,87.96,100.0,100.0,92.19,100.0,100.0,92.19,13.6,12.54,12.54,14.62,170.13,1.02,12.98,107.5,-7.5,7.81,2.59,35.29,79.78,100.0,100.0,92.44,100.0,92.44,9.96,0.53,550.0,6.0,,,,0.0,47.62,110.83,0.0,110.0,0.0,110.0,0.0,,,,,,,,,,SABESP,Água e Esgotos,SABESP,3.69,32658.13,1.67,22.38,8.98,120.64,100.0,0.0,14.29,10.84,79.16,100.0,100.0,1.87,557.4,1.58,0.77,0.77,421.87,96.59,42.86,74.99,0.0,0.77,,100.0,4.05,11.4,8.44,,,,,,23.75,1.59,0.21,,,,,0.0,0.0,0.0,,1.58,42.86,Sim
3527603,98.0,100.0,0.0,91.28,93.15,0.0,12.34,1.0,100.0,89.58,63.4,100.0,100.0,15.59,17.36,218.31,175.28,24.59,15.59,64.7,70.59,29.41,35.3,21.94,285.46,0.0,0.59,426.0,,15.38,7.08,,100.0,8.42,17.63,98.0,100.0,0.0,87.12,88.9,0.0,87.12,88.9,0.0,14.11,1.0,89.57,89.57,79.96,79.96,100.0,0.12,3.18,3.48,1.0,5.13,1.6,48.19,51.81,0.0,0.0,58.62,23.82,68.27,31.73,54.89,14.6,265.22,107.79,167.2,35181.54,28151.78,452.46,113.16,38.86,51.26,100.0,100.0,100.0,19.05,0.0,0.0,0.0,4339.65,0.96,1.9,1.84,0.05,0.0,0.0,0.0,97.19,,,,,,,0.0,0.0,0.0,352760,0.36,0.22,90.04,0.21,0.21,0.21,58.21,0.0,22.77,44423.81,106.67,39.11,39.11,0.0,0.0,36.67,36.67,62.27,1.06,0.0,50.0,50.0,0.0,0.0,6.0,1345.58,1328.5,0.75,1345.58,1.51,93.75,,86.3,89.35,1.0,,0.0,0.0,0.0,0.0,100.0,100.0,46.0,46.0,0.0,34.31,467.24,,18.71,74.59,25.41,0.0,0.0,0.0,86.3,89.35,89.35,74.62,100.0,74.62,18.71,0.0,400.0,9.0,,,0.0,2.51,0.27,100.0,0.0,100.0,0.0,100.0,0.0,,,,,,,,,,PMLA,Água e Esgoto,LPU,,,1.06,,,53.87,,,,,96.59,100.0,100.0,0.0,2428.12,0.35,0.72,,,,12.2,34.74,,0.72,182.86,98.43,12.63,33.25,,45.83,16.67,18.75,14.58,4.17,39.48,11.39,1.58,0.0,,,,1.04,,36.59,,0.48,17.07,Sim
3527702,99.96,100.0,99.52,,,100.0,11.37,1.06,100.0,92.09,78.3,100.0,100.0,11.98,13.58,167.89,156.37,14.58,11.42,78.3,93.13,6.87,21.7,8.93,110.29,90.53,1.18,,,5.91,,,100.0,,10.46,99.89,100.0,98.81,94.04,94.18,92.53,94.04,94.18,92.53,9.18,1.05,89.95,89.95,100.56,100.56,100.0,0.47,0.15,3.33,0.04,3.46,0.92,100.0,0.0,0.0,0.0,12.58,5.69,100.0,0.0,0.0,13.59,92.6,41.87,167.49,48349.36,45327.53,735.93,735.93,100.0,0.0,91.14,100.0,0.0,100.0,91.14,100.0,0.0,637.2,0.0,1.84,1.04,0.98,50.81,40.65,13.45,51.5,0.15,0.0,,,,,5.52,5.52,0.0,352770,2.91,2.62,427.8,2.87,3.13,2.6,98.78,-0.29,52.0,167031.77,91.15,34.45,52.65,4.55,11.29,37.8,57.76,17.52,4.66,12.39,53.61,44.41,1.98,18.51,5.35,676.02,667.79,0.98,1033.0,1.96,106.19,0.6,85.27,93.01,1.01,92.65,100.0,100.0,81.1,100.0,100.0,81.1,14.39,11.67,11.67,13.64,140.58,1.09,12.7,94.82,5.18,18.9,6.46,90.48,85.06,92.78,92.78,100.0,100.0,100.0,10.13,0.43,1658.57,74.86,,,,0.0,9.75,100.0,0.0,100.0,0.0,100.0,0.83,,,,,,,,,,SABESP,Água e Esgotos,SABESP,1.7,22855.53,1.17,,8.81,38.75,100.0,0.0,11.11,3.41,89.95,98.12,98.12,0.0,1124.6,0.94,0.91,0.89,,,55.56,56.82,3.53,0.93,,,,,,,,,,,,,,,,,,0.0,,0.0,,0.38,22.22,Sim
3527801,98.28,100.0,81.94,97.67,99.94,77.06,11.23,1.06,100.0,91.0,75.65,100.0,100.0,10.77,12.73,137.67,125.83,13.51,10.22,75.65,94.26,5.74,24.35,9.26,114.81,89.18,1.31,1591.0,,13.65,7.0,,100.0,98.76,6.21,93.05,100.0,26.96,89.11,91.21,70.0,89.11,91.21,70.0,12.08,1.05,89.11,89.11,108.31,108.31,100.0,0.05,0.19,22.25,0.1,3.85,0.5,100.0,0.0,0.0,0.0,21.29,9.1,100.0,0.0,0.0,14.47,147.1,62.85,202.93,49547.18,75421.67,690.94,417.51,85.54,14.46,98.88,100.0,88.22,41.27,0.0,0.0,0.0,780.0,0.0,0.53,0.51,0.03,0.0,0.0,0.0,0.0,,,,,,,0.0,0.0,0.0,352780,3.75,3.68,569.94,2.44,2.47,2.42,65.16,-8.6,68.47,205004.5,150.65,82.19,105.07,6.95,22.58,54.55,69.75,10.63,0.28,14.99,49.94,48.25,1.81,7.48,5.75,515.72,510.68,1.53,659.33,3.04,80.36,0.53,90.73,100.0,1.01,91.3,100.0,100.0,72.99,100.0,100.0,72.99,14.68,10.72,10.72,12.91,127.5,1.26,10.74,87.95,12.05,27.01,10.79,131.64,90.21,100.0,100.0,100.0,100.0,100.0,9.74,0.03,635.0,13.7,,,,0.0,81.48,112.08,1.49,110.0,0.0,110.0,0.38,,,,,,,,,,SABESP,Água e Esgotos,SABESP,2.95,48335.58,3.42,0.0,27.5,142.51,100.0,0.0,8.33,39.19,94.24,100.0,100.0,0.0,1093.72,0.74,0.69,,439.9,77.89,25.0,9.74,,0.65,,,,,,,,,,,,1.01,0.15,0.0,,,,0.98,20.69,33.33,,0.0,0.0,Sim
3527900,90.29,100.0,53.05,88.45,100.0,42.21,16.08,1.08,100.0,88.49,72.02,100.0,100.0,11.9,13.35,171.79,152.71,15.4,11.09,72.02,86.69,13.31,27.98,8.54,152.53,88.07,0.89,,,44.13,,,100.0,,12.25,80.51,100.0,5.73,77.66,87.84,36.88,77.66,87.84,36.88,12.38,1.03,88.4,88.4,108.54,108.54,100.0,0.82,0.27,18.0,0.21,6.54,3.25,100.0,0.0,0.0,0.0,14.05,6.92,100.0,0.0,-0.02,5.52,254.64,125.36,180.59,27617.37,27617.37,1812.0,1299.04,88.37,11.63,79.7,100.0,1.79,100.0,79.33,100.0,0.0,980.8,0.0,1.0,1.05,0.2,14.01,13.08,3.65,0.0,0.13,0.0,,,,,2.85,2.85,0.0,352790,3.96,3.42,590.63,3.17,3.25,3.09,80.02,-2.32,53.25,274855.64,107.66,49.15,66.55,11.81,15.05,45.66,61.82,15.98,1.72,13.98,51.16,47.16,1.69,17.36,2.71,752.8,746.52,0.99,1019.25,1.95,93.65,0.58,93.05,100.0,1.01,89.4,100.0,100.0,79.31,100.0,100.0,79.31,15.24,12.09,12.09,14.42,167.67,0.86,17.53,94.66,5.34,20.69,5.32,104.48,91.47,100.0,100.0,100.0,100.0,100.0,13.25,1.14,712.5,6.0,400.0,6.0,,0.0,29.56,100.0,0.0,100.0,0.0,100.0,0.0,,,,,,,,,,SABESP,Água e Esgotos,SABESP,,,,,,,,,,,,,,,,,,,,,,,,,,,,,,,,,,,,,,,,,,,,,,,,Sim
3528007,95.21,97.48,19.92,100.0,,24.66,19.47,1.02,100.0,94.81,48.07,100.0,100.0,14.91,13.75,197.05,156.44,30.79,14.8,48.07,44.67,55.33,51.93,26.36,538.48,95.26,0.79,416.67,,0.03,11.0,,100.0,6.28,19.59,97.07,100.0,0.0,98.34,,0.0,98.34,,0.0,13.79,1.0,95.25,99.99,172.71,172.71,100.0,0.0,2.09,0.07,1.0,2.11,0.6,100.0,0.0,1.62,27.0,184.63,72.63,100.0,0.0,23.49,192.38,73.43,28.88,47.21,22414.79,48000.0,39.77,39.77,100.0,0.0,97.07,100.0,0.0,100.0,97.07,100.0,0.0,2390.5,0.0,1.15,0.64,0.54,32.49,26.48,13.82,0.0,,,,,,,6.14,6.14,0.0,352800,2.34,2.34,390.97,2.87,2.9,2.83,122.76,0.0,78.36,110923.83,81.46,1.96,63.83,0.0,0.0,2.4,78.36,21.64,0.0,0.0,56.15,43.85,0.0,0.0,32.65,362.06,356.0,0.09,11820.0,0.17,122.76,0.52,96.74,99.7,1.02,90.34,100.0,100.0,49.69,100.0,100.0,49.69,27.39,13.61,13.61,15.37,160.47,0.99,14.82,56.13,43.87,50.31,29.48,460.6,96.74,99.7,99.7,78.87,100.0,78.87,12.84,0.0,,,,,1.01,4.11,6.59,100.91,0.9,100.0,0.0,100.0,0.5,,,,,,,,,,SISAM,Água e Esgoto,LPU,1.8,36182.22,1.42,,56.87,65.18,100.0,0.0,,37.07,97.03,100.0,100.0,17.95,,,0.38,,,,,102.56,,0.38,,96.08,17.09,24.02,,,,,,,25.22,,,,,,,,,,,,,Sim
3528106,89.48,100.0,0.0,85.35,94.23,0.0,17.27,1.0,98.69,94.23,81.42,94.11,0.0,12.26,12.38,213.6,197.27,14.86,12.85,86.51,83.35,16.65,13.49,3.45,65.89,0.0,1.22,,,1.3,,,100.0,,2.32,87.23,97.48,0.0,,91.05,,,0.0,,19.09,0.0,,,48.02,0.0,0.0,1.6,3.33,0.5,1.0,1.33,0.44,100.0,0.0,0.0,0.0,0.0,0.0,,,,0.0,49.67,25.11,48.29,36425.9,56818.51,,,100.0,0.0,89.48,100.0,0.0,100.0,0.0,0.0,0.0,584.33,0.0,1.27,0.62,0.79,0.0,0.0,0.0,0.0,,,,,,,0.0,0.0,0.0,352810,0.77,0.77,121.8,1.01,1.35,0.67,131.65,0.0,41.54,24978.2,75.96,24.8,31.56,0.0,0.0,32.65,41.54,56.63,1.82,0.0,46.49,22.91,30.59,,12.09,493.65,493.65,1.59,628.16,3.16,189.68,,88.39,100.0,1.0,99.32,0.0,81.78,67.05,80.46,100.0,83.33,19.6,16.33,16.07,13.14,225.58,,20.05,67.05,32.95,16.67,4.97,107.4,88.02,99.58,99.58,79.91,0.0,0.0,22.29,,,,,,,0.0,,175.0,1.01,100.0,0.0,100.0,0.0,,,,,,,,,,PMM,Água e Esgoto,LPU,2.93,33864.33,3.39,2.29,,99.09,100.0,0.0,4.76,,88.39,100.0,100.0,0.0,1119.49,0.7,0.67,,304.32,74.97,23.81,22.83,,0.67,,,,,,,,,,,,0.8,0.12,0.0,,34.19,1.7,0.42,7.69,14.29,0.22,0.7,23.81,Sim
3528205,81.42,100.0,29.12,76.7,96.49,13.58,14.09,1.07,100.0,90.05,91.92,100.0,100.0,12.33,13.56,173.94,157.0,12.66,11.64,92.07,107.14,-7.14,7.93,2.36,35.39,93.24,0.79,,,1.47,,,100.0,,2.14,80.61,100.0,26.01,68.67,86.28,12.5,68.67,86.28,12.5,13.77,1.04,88.65,88.65,109.83,109.83,100.0,0.02,0.25,4.4,0.56,2.68,0.9,100.0,0.0,0.0,0.0,10.79,5.11,100.0,0.0,0.0,8.96,120.41,57.06,142.59,27151.93,39085.33,1116.15,687.93,54.28,16.18,82.36,100.0,32.7,100.0,0.0,0.0,0.0,1150.0,0.0,1.56,1.23,0.73,0.0,0.0,0.0,0.0,,,,,,,0.0,0.0,0.0,352820,2.71,2.22,360.61,2.84,3.12,2.55,104.67,0.06,56.99,232748.22,78.34,50.81,54.45,7.52,7.17,64.85,69.5,12.24,0.2,9.15,54.42,43.76,1.82,17.32,2.68,928.7,914.51,1.02,995.2,2.02,114.45,0.77,80.07,100.0,1.02,90.4,100.0,100.0,87.79,100.0,100.0,87.79,13.09,11.5,11.5,13.5,160.69,0.71,13.03,103.06,-3.06,12.21,3.84,53.35,79.45,100.0,100.0,100.0,100.0,100.0,12.54,0.02,,,,,,0.0,16.19,100.0,0.0,100.0,0.0,100.0,0.0,,,,,,,,,,SABESP,Água e Esgotos,SABESP,4.64,22069.32,1.75,,7.85,102.36,100.0,0.0,7.69,8.04,75.8,100.0,100.0,93.89,1743.34,1.07,1.6,0.1,,,23.08,1.22,1537.0,1.6,,,,,,,,,,,,,,0.0,,,,1.43,,30.77,,1.78,38.46,Sim
3528304,91.94,100.0,50.67,91.74,100.0,43.61,19.02,1.07,100.0,90.19,95.71,100.0,100.0,12.82,14.14,193.6,172.98,12.64,12.1,96.04,111.83,-11.83,3.96,0.87,17.58,93.64,1.28,,,7.93,,,100.0,,4.66,91.03,100.0,45.14,81.34,88.65,38.77,81.34,88.65,38.77,18.88,1.07,85.7,85.7,116.15,116.15,100.0,0.24,0.0,,0.0,0.74,1.12,100.0,0.0,,4.0,0.0,0.0,,,,0.0,340.49,167.52,86.55,112050.01,74700.01,,,65.65,34.35,83.66,100.0,0.0,100.0,0.0,0.0,100.0,470.0,0.0,0.8,0.61,0.35,0.0,0.0,0.0,0.0,,,,,,,0.0,0.0,0.0,352830,2.71,2.0,326.96,2.79,3.29,2.28,102.93,-2.13,38.27,168239.24,71.51,28.71,37.18,13.36,9.14,40.14,52.0,25.2,0.2,12.78,58.72,39.36,1.92,86.06,2.59,989.57,976.44,0.79,1281.75,1.56,118.6,0.74,94.93,100.0,1.01,90.62,100.0,100.0,86.75,100.0,100.0,86.75,13.27,11.51,11.51,13.66,166.31,1.14,18.05,102.96,-2.96,13.25,3.08,58.6,92.59,100.0,100.0,100.0,100.0,100.0,19.8,0.28,,,,,,0.0,7.12,100.0,0.0,100.0,0.0,100.0,0.0,,,,,,,,,,SABESP,Água e Esgotos,SABESP,2.7,19527.86,0.76,4.64,,52.82,100.0,0.0,14.29,,82.98,100.0,100.0,18.7,798.72,1.55,1.3,,105.98,95.36,57.14,56.91,,1.3,,48.3,13.09,62.21,,37.27,37.27,9.94,9.32,6.21,88.87,,,,,,,0.0,0.0,0.0,,0.77,28.57,Sim
3528403,92.94,100.0,0.0,,,,9.39,1.18,100.0,92.98,71.1,100.0,100.0,10.9,12.72,163.45,144.01,15.32,10.89,73.57,83.04,16.96,26.43,12.59,156.89,75.43,1.24,2800.0,,1.55,12.0,,100.0,14.34,10.29,81.81,80.43,100.0,,,,,,,9.3,0.0,,,61.95,24.73,39.93,0.4,1.45,5.0,0.73,1.04,1.0,0.0,100.0,0.0,0.0,142.16,70.0,87.5,12.5,87.5,11.0,184.65,90.92,97.27,,,129.89,0.57,0.43,97.66,96.79,99.97,54.84,99.97,0.0,0.0,0.0,4166.67,0.0,1.33,0.55,0.86,0.0,0.0,0.0,0.0,,,,,,,0.0,0.0,0.0,352840,3.47,2.35,361.84,2.86,3.14,2.5,82.45,5.09,36.95,72389.62,81.95,31.51,44.82,21.34,30.38,38.45,54.69,19.27,1.39,37.07,58.15,35.18,6.67,63.48,85.35,365.81,307.61,2.29,520.33,4.04,100.74,0.54,100.0,100.0,1.18,93.17,100.0,100.0,68.51,98.0,100.0,69.9,16.31,11.14,10.92,12.95,147.74,1.16,10.33,81.27,18.73,30.1,16.24,186.88,81.84,100.0,100.0,73.21,0.0,0.0,9.06,0.01,31.19,8.0,,,0.0,3.05,,113.7,0.0,186.11,0.0,100.05,0.0,0.53,1.08,0.92,-0.66,2.59,-3.09,0.16,-15.35,63.82,SM,Água e Esgoto,LEP,1.4,113964.89,3.83,100.0,60.05,159.61,16.98,83.02,11.32,95.84,100.0,100.0,100.0,100.0,1691.53,0.63,0.92,,399.53,84.05,45.28,,,0.74,,,,,,,,,,,,1.83,0.2,100.0,100.0,80.86,2.39,0.37,13.99,26.42,0.28,0.24,16.98,Sim
3528502,63.8,70.73,0.0,55.42,61.66,0.0,18.8,1.2,100.0,91.15,62.0,100.0,100.0,11.41,13.19,179.89,131.38,17.47,10.83,74.73,75.48,24.52,25.27,8.57,174.67,92.2,66.44,1379.74,,13.91,10.84,,88.89,5.41,11.25,40.12,44.49,0.0,22.61,25.16,0.0,16.92,18.83,0.0,12.71,1.3,88.11,88.1,49.51,37.03,74.81,0.65,0.13,25.29,0.04,1.94,0.56,56.82,43.18,0.17,11.0,603.29,275.12,100.0,0.0,17.19,104.03,480.22,219.0,237.16,77967.43,139400.76,79.6,1.13,24.34,57.31,92.4,93.35,83.73,72.86,65.71,72.86,0.0,2509.53,0.0,1.13,1.08,0.15,5.56,3.61,1.01,0.0,,,34.63,10.82,7.79,28.57,0.58,0.58,0.0,352850,5.47,4.81,745.54,3.96,3.94,3.99,72.31,2.86,62.09,235025.03,121.51,34.65,85.86,21.62,6.69,28.51,70.66,15.58,2.21,5.51,68.66,28.58,2.75,33.15,68.15,446.13,376.71,1.07,1105.67,1.48,76.43,0.66,57.55,65.85,1.14,91.02,97.24,99.94,63.54,99.9,97.24,63.6,17.62,10.17,10.17,13.13,127.25,1.16,17.36,82.08,17.92,36.4,11.19,219.01,24.95,28.55,28.55,32.83,71.97,23.63,8.95,0.18,2303.11,21.84,,,30.43,1.7,14.06,101.62,0.11,101.57,1.23,101.73,0.8,,,,,,,,,,SABESP,Água e Esgotos,SABESP,,,,,,,,,,,,,,,,,,,,,,,,,,,,,,,,,,,,,,,,,,,,,,,,Sim
3528601,86.0,98.33,0.0,92.51,,0.0,6.61,1.0,100.0,91.97,62.21,98.52,100.0,10.5,16.88,189.8,148.15,16.88,10.66,74.0,100.0,0.0,26.0,19.23,144.29,99.85,0.23,,,1.5,,,100.0,,0.3,87.46,100.0,0.0,,91.55,,,91.55,,7.2,0.49,,,122.36,122.36,100.0,0.3,1.13,1.5,1.0,2.27,0.99,100.0,0.0,0.34,3.0,33.5,15.16,100.0,0.0,0.0,42.98,77.94,35.26,40.32,17793.72,35587.45,232.64,232.64,100.0,0.0,100.0,100.0,100.0,100.0,87.46,100.0,0.0,527.2,0.1,0.72,0.69,0.03,41.36,33.99,14.45,0.0,,,,,,,11.38,11.38,0.0,352860,0.59,0.59,166.13,0.98,1.0,0.95,165.78,0.0,49.31,43400.01,60.32,29.74,29.74,0.0,0.0,49.31,49.31,29.6,1.41,0.0,53.66,40.36,5.98,72.86,14.5,529.79,529.79,1.89,529.79,3.78,176.33,0.32,85.91,99.32,1.0,93.57,100.0,96.78,73.21,90.62,100.0,80.79,35.8,28.92,27.08,26.21,431.74,0.7,15.36,73.21,26.79,19.21,14.72,226.11,85.91,99.32,99.32,71.57,100.0,71.57,15.36,0.01,,9.0,,6.67,3.0,0.02,1.33,106.63,10.88,126.44,7.82,139.58,3.78,,,,,,,,,,SAEMAN,Água e Esgoto,LPU,2.11,58721.74,4.26,1.51,,124.1,100.0,0.0,11.11,,86.5,100.0,100.0,9.87,1472.84,0.59,0.82,0.67,105.06,25.42,27.78,,23.1,0.82,,99.33,9.44,28.36,12.15,19.96,30.02,32.55,16.27,1.2,29.65,,,0.0,,,,0.59,28.92,27.78,,0.47,22.22,Sim
3528700,44.82,100.0,11.42,45.8,100.0,10.56,15.13,1.06,100.0,89.71,95.79,100.0,100.0,12.83,14.27,196.98,166.15,12.61,12.08,96.71,113.17,-13.17,3.29,0.86,14.49,89.49,0.69,,,11.13,,,100.0,,13.79,43.09,100.0,8.64,40.83,89.13,9.42,40.83,89.13,9.42,14.62,1.0,90.3,90.3,112.12,112.12,100.0,0.0,0.2,18.0,0.15,2.29,0.65,100.0,0.0,2.75,5.0,106.44,24.68,83.82,16.18,11.76,106.19,105.51,24.46,64.76,21250.0,28333.33,99.12,74.56,75.22,0.0,99.83,100.0,99.72,87.11,39.33,58.45,0.0,1149.0,0.22,0.68,0.36,0.85,20.88,15.93,6.24,0.0,,,24.14,29.31,37.93,8.62,2.52,2.52,0.0,352870,3.7,3.07,495.35,3.04,3.33,2.75,82.35,3.46,56.16,312099.99,100.85,34.21,68.19,9.88,17.45,33.92,67.62,8.21,0.25,17.3,53.83,43.88,2.29,81.96,1.99,931.76,931.26,0.54,1857.5,1.07,95.1,0.73,36.6,82.23,1.0,90.53,100.0,100.0,83.4,100.0,100.0,83.4,13.29,11.06,11.06,13.46,158.81,0.69,15.44,101.48,-1.48,16.6,4.11,72.42,36.29,81.54,81.54,100.0,100.0,100.0,15.0,0.0,895.63,6.0,,,,0.0,30.66,100.0,0.0,100.0,0.0,100.0,0.0,,,,,,,,,,SABESP,Água e Esgotos,SABESP,1.92,97652.15,1.48,,15.5,187.43,100.0,0.0,,29.06,61.85,86.3,85.99,1.08,,,1.16,,438.65,,,5.87,,0.84,,,0.79,3.38,,13.64,29.55,45.45,0.0,11.36,4.15,0.32,0.03,,,,,,,,,,,Sim
3528809,93.6,94.34,85.98,99.2,99.96,91.33,12.86,1.06,100.0,90.87,67.0,100.0,100.0,12.82,14.06,189.64,171.02,18.13,12.15,67.13,77.52,22.48,32.87,14.79,208.3,90.45,0.59,,,14.77,,,99.4,,6.19,92.8,94.34,76.98,89.62,90.31,82.47,89.62,90.31,82.47,9.13,1.01,91.49,91.49,98.67,98.67,100.0,0.06,0.06,3.33,0.03,0.94,0.94,100.0,0.0,3.85,22.5,54.51,25.01,100.0,0.0,0.0,31.5,173.05,79.41,79.41,42200.22,42200.22,317.46,158.73,50.0,0.0,91.16,100.0,0.0,100.0,91.16,100.0,0.0,1347.47,0.08,0.86,0.61,0.34,48.36,37.84,21.73,0.0,,,,,,,10.94,10.94,0.0,352880,2.3,1.67,280.83,2.99,3.27,2.71,130.22,1.11,40.23,185615.11,55.98,24.51,30.89,6.02,9.05,43.78,55.18,15.41,0.66,16.16,53.49,43.78,2.72,15.32,8.19,1197.77,1186.06,0.67,1509.85,1.33,139.65,0.63,92.42,100.0,1.01,91.33,100.0,100.0,71.73,100.0,100.0,71.73,16.75,12.01,12.01,13.97,150.79,0.66,13.22,83.43,16.57,28.27,10.59,157.23,91.41,100.0,100.0,100.0,100.0,100.0,9.69,0.02,788.89,6.0,1057.5,6.0,,0.0,26.03,100.0,0.0,100.0,0.2,100.0,0.0,,,,,,,,,,SABESP,Água e Esgotos,SABESP,,,0.77,16.14,38.7,30.91,,,,11.96,90.64,100.0,100.0,15.68,,,0.74,0.74,55.46,48.69,,104.53,0.7,0.74,,100.0,12.54,34.04,15.79,,,,,,42.55,,,,,,,,35.18,,,,,Sim
3528858,100.0,100.0,100.0,98.04,97.81,100.0,15.19,1.12,99.24,89.14,0.0,0.0,0.0,0.0,14.93,213.48,213.48,24.74,12.87,52.02,60.36,39.64,47.98,28.42,437.87,100.0,0.4,,,1.0,,,100.0,,0.06,100.0,100.0,100.0,97.34,97.03,100.0,97.34,97.03,100.0,15.93,0.11,,,95.53,0.0,0.0,0.6,0.0,,0.0,3.97,0.59,100.0,0.0,0.0,0.0,71.28,33.2,100.0,0.0,0.0,26.58,268.21,124.93,220.09,43449.68,52139.62,376.29,92.59,57.46,37.65,100.0,100.0,100.0,100.0,0.0,0.0,0.0,176.18,0.0,0.71,0.71,0.0,0.0,0.0,0.0,0.0,,,,,,,0.0,0.0,0.0,352885,1.1,1.1,,1.16,2.7,0.0,105.21,100.0,59.27,137291.47,95.05,33.92,56.33,0.0,0.0,35.69,59.27,38.51,2.22,0.0,100.0,0.0,0.0,0.0,1.66,,1806.42,0.33,,0.67,0.0,0.09,96.24,96.25,1.0,100.0,0.0,100.0,0.0,0.0,50.0,60.0,22.22,8.33,0.0,8.33,140.88,3.75,166.67,60.0,40.0,40.0,1.1,182.65,80.37,96.25,96.25,100.0,0.0,0.0,140.0,0.5,,,,,,0.0,24.0,100.0,18.0,100.0,0.0,100.0,0.0,,,,,,,,,,PMM,Água e Esgoto,LPU,4.74,18732.69,1.12,3.61,0.02,88.82,100.0,0.0,8.33,0.02,98.85,98.85,98.85,0.0,891.37,1.19,0.91,,108.44,40.38,25.0,,,0.77,,,,,,,,,,,,,,0.0,,,,1.58,56.02,33.33,,1.19,25.0,Sim
3528908,99.1,100.0,93.5,93.63,100.0,51.69,10.28,1.07,100.0,90.46,85.05,100.0,100.0,12.49,13.8,171.67,159.24,13.86,11.79,85.05,99.58,0.42,14.95,6.13,72.53,85.82,1.13,,,40.96,,,100.0,,12.57,91.95,100.0,42.07,81.68,87.19,45.34,81.68,87.19,45.34,10.75,1.07,86.63,86.63,99.19,99.19,100.0,0.08,0.37,17.29,0.13,1.97,0.85,100.0,0.0,2.3,7.0,0.0,0.0,,,,0.0,172.66,87.33,38.17,19384.85,30333.33,,,48.74,51.26,100.0,100.0,100.0,100.0,86.1,100.0,0.0,430.45,0.0,0.67,0.65,0.02,12.24,8.96,4.44,97.6,,,,,,,3.17,3.17,0.0,352890,2.96,2.49,419.39,2.92,3.21,2.62,98.55,2.51,49.28,143937.76,85.42,21.06,50.0,7.37,8.63,24.66,58.53,22.21,0.83,10.1,53.96,42.29,3.75,10.22,4.75,586.35,582.77,0.72,1391.75,1.42,107.39,0.75,85.11,100.0,1.01,90.92,100.0,100.0,85.83,100.0,100.0,85.83,13.91,11.85,11.85,14.02,159.39,1.37,10.63,101.54,-1.54,14.17,5.33,64.75,82.2,100.0,100.0,100.0,100.0,100.0,12.56,0.11,1324.3,6.0,,,,0.0,17.79,100.0,0.0,100.0,0.0,100.0,0.42,,,,,,,,,,SABESP,Água e Esgotos,SABESP,3.36,17263.2,1.42,,,58.04,100.0,0.0,,,100.0,100.0,100.0,0.0,,,1.09,,,,,,,0.87,,,,,,,,,,,,,,,,,,,,,,,,Sim
3529005,,,0.0,,,0.0,8.21,1.16,97.28,92.8,45.47,90.06,0.0,7.42,7.83,133.38,102.76,15.5,7.83,53.84,50.48,49.52,46.16,32.08,273.27,78.62,1.29,1010.53,452.38,62.29,6.42,6.14,45.08,0.41,5.82,,,0.0,,,0.0,,,0.0,8.84,1.21,89.59,80.74,141.92,96.24,67.81,0.27,1.26,129.34,0.94,1.6,0.02,70.28,29.72,0.02,4.0,0.0,0.0,,,,0.0,315.96,142.33,125.0,86629.98,,,,73.71,26.29,100.0,100.0,100.0,100.0,100.0,100.0,0.0,2502.22,0.02,0.72,0.59,0.14,0.19,0.16,0.09,0.0,,,,,,,0.06,0.06,0.0,352900,3.03,3.03,413.82,2.36,2.85,1.82,77.91,-4.06,48.02,68117.08,128.17,31.75,61.63,4.82,26.93,24.77,48.09,27.29,2.62,21.01,50.44,28.46,21.1,743.42,632.86,342.32,275.79,1.87,664.54,3.65,99.18,,100.0,100.0,1.23,89.02,2.48,97.13,49.95,95.23,50.0,52.45,22.99,11.94,11.68,11.94,181.38,,8.8,52.45,47.55,47.55,48.63,436.35,100.0,100.0,100.0,88.42,12.76,11.28,8.92,,,,,,,0.0,0.62,177.06,0.14,113.11,0.04,123.76,0.03,,,,,,,,,,DAEM,Água e Esgoto,LPU,1.22,37095.92,1.48,72.15,,45.2,80.22,19.78,6.83,,95.51,100.0,100.0,40.0,1640.34,0.57,0.81,,96.01,62.62,47.12,,,0.81,,,,,,,,,,,,4.32,0.54,0.0,,,,0.13,6.59,10.79,,0.18,14.39,Sim
3529104,95.19,100.0,75.14,95.02,100.0,73.46,9.65,1.07,100.0,88.84,89.66,100.0,100.0,14.29,14.9,199.24,174.69,14.93,13.38,90.16,99.83,0.17,9.84,4.89,51.69,90.48,1.27,,,15.33,,,100.0,,0.62,90.21,100.0,49.45,83.91,88.18,65.43,83.91,88.18,65.43,10.32,1.06,85.15,85.15,96.54,96.54,100.0,0.12,0.0,,,5.31,1.6,100.0,0.0,,1.0,36.67,16.94,100.0,0.0,0.0,21.73,168.77,77.98,143.01,26956.76,48606.26,460.29,460.29,100.0,0.0,100.0,100.0,100.0,100.0,0.0,0.0,0.0,292.5,0.53,0.86,0.56,0.36,0.0,0.0,0.0,0.0,0.0,0.0,,,,,0.0,0.0,0.0,352910,2.65,2.24,397.98,2.83,3.14,2.51,106.59,-1.6,48.11,272543.73,79.07,38.93,45.14,5.33,8.45,49.23,57.09,13.31,10.08,10.68,55.12,43.14,1.73,19.39,1.16,1199.57,1196.12,0.72,1391.0,1.43,117.55,1.57,82.43,100.0,1.0,88.68,100.0,100.0,86.99,100.0,100.0,86.99,15.29,13.3,13.3,14.84,177.02,0.3,11.26,97.08,2.92,13.01,5.35,65.56,81.77,100.0,100.0,98.74,100.0,98.74,12.76,0.07,,,,,,0.0,8.23,100.0,0.0,100.0,0.0,100.0,0.0,,,,,,,,,,SABESP,Água e Esgotos,SABESP,,,0.7,,27.86,44.85,,,,12.49,79.07,100.0,100.0,0.0,,,1.82,,,,,121.08,,1.82,,,,,,,,,,,,,,,,,,,,,,,,Sim
3529203,85.66,100.0,0.0,96.12,,0.0,10.85,1.0,100.0,96.77,65.55,100.0,100.0,13.83,13.8,208.58,192.04,21.05,13.8,65.63,65.55,34.45,34.37,18.98,237.85,100.0,0.8,,,1.08,,,100.0,,9.93,85.66,100.0,0.0,,96.44,,,96.44,,10.14,0.0,,,80.0,80.0,100.0,3.34,4.36,1.14,1.0,0.65,1.06,51.35,48.65,0.83,18.0,0.0,0.0,,,,0.0,140.17,66.37,24.9,38539.8,44965.44,,,38.65,58.6,85.66,100.0,0.0,100.0,85.66,100.0,86.17,1421.1,0.0,0.62,0.71,0.01,40.37,25.75,15.67,0.0,0.48,0.0,,,,,9.82,9.82,0.0,352920,0.92,0.92,106.84,1.0,0.95,1.1,108.17,0.0,48.83,50629.89,92.44,33.15,45.14,0.0,0.0,35.86,48.83,49.02,2.16,0.0,66.78,33.22,0.0,0.0,21.79,970.52,961.53,0.76,1321.56,1.49,108.17,0.53,100.0,100.0,1.01,90.79,0.0,99.54,61.65,86.45,71.32,71.32,18.41,13.13,11.4,13.13,177.8,0.72,8.74,71.32,28.68,28.68,18.36,175.2,100.0,100.0,100.0,80.4,100.0,80.4,8.38,0.26,,,,,,0.0,0.77,68.49,0.0,0.0,,0.0,,,,,,,,,,,DAEM,Água e Esgoto,LPU,1.44,57770.81,2.31,0.0,,83.18,100.0,0.0,6.25,,83.99,100.0,100.0,7.81,2454.77,0.4,0.92,0.74,171.59,69.62,28.12,,25.0,0.92,,100.0,5.41,18.26,9.76,33.42,33.44,7.69,22.47,2.98,26.36,0.43,0.05,0.0,,,,0.81,27.39,56.25,,0.09,6.25,Sim
3529302,98.18,100.0,0.0,,,0.0,12.07,1.09,99.97,87.84,60.18,98.7,100.0,14.61,16.01,252.0,193.45,24.28,14.8,69.73,65.95,34.05,30.27,20.85,263.02,0.0,0.99,,,102.07,,,100.0,,3.94,98.18,100.0,0.0,,96.42,,,,,11.27,0.0,,,80.0,80.0,100.0,0.1,2.48,0.43,1.0,0.33,0.4,10.34,89.66,0.6,19.0,0.0,0.0,0.0,100.0,,0.0,219.67,91.31,6.51,26578.14,90411.54,,,3.63,96.37,100.0,100.0,100.0,100.0,78.53,78.53,0.0,3533.8,0.02,0.84,0.73,0.1,20.93,16.1,6.13,0.0,,,,,,,4.14,4.14,0.0,352930,1.37,0.87,168.05,2.33,3.4,1.28,169.69,-42.15,19.62,17146.32,37.28,3.02,11.56,33.99,10.33,8.1,31.01,37.09,1.28,27.71,69.62,26.79,3.59,172.03,199.14,329.01,296.74,0.88,1259.95,1.76,206.74,0.42,99.44,99.44,1.11,81.48,100.0,100.0,69.22,100.0,100.0,69.22,24.35,14.78,14.78,15.99,192.34,0.97,11.85,74.87,25.13,30.78,18.07,239.0,99.44,99.44,99.44,100.0,100.0,100.0,11.54,0.08,,,,,0.33,8.31,0.19,120.77,0.0,120.77,0.0,120.77,0.0,1.18,0.5,0.62,27.44,32.8,17.17,22.53,30.32,17.01,AM,Água e Esgoto,LEP,1.03,107678.46,4.39,100.0,,110.79,0.0,100.0,4.76,,98.17,100.0,99.44,99.66,4767.33,0.28,1.17,0.66,214.88,82.72,27.38,28.72,76.75,1.17,306.21,75.94,0.57,2.45,2.54,40.0,21.0,11.0,12.5,15.5,6.12,5.37,0.46,100.0,,,,0.15,9.82,14.29,,0.4,39.29,Sim
3529401,96.45,96.75,0.0,94.9,95.2,0.0,5.4,1.32,99.98,91.49,47.35,100.0,100.0,10.2,11.84,176.11,116.2,20.48,9.7,63.78,57.8,42.2,36.22,56.99,321.23,95.8,0.47,,,3.19,,,100.0,,6.78,91.29,91.58,0.0,,84.73,,,81.47,,5.0,0.0,,,89.78,82.74,92.17,0.34,0.74,7.32,0.23,0.9,0.26,0.0,100.0,0.33,25.0,121.23,49.58,100.0,0.0,-9.54,99.79,133.08,54.43,152.38,,,109.78,2.59,1.24,86.41,100.0,100.0,100.0,90.0,17.45,17.51,0.0,9796.99,0.01,0.94,0.88,0.06,16.4,14.72,0.89,0.0,,,,,,,0.75,0.75,0.0,352940,1.7,1.66,235.97,3.33,3.33,5.6,195.5,-3.6,71.76,93163.79,49.76,21.49,36.71,0.02,5.48,43.19,73.77,5.04,0.0,11.02,93.94,95.7,6.06,0.0,281.0,535.2,432.63,1.35,914.23,1.35,217.03,0.55,98.0,98.0,1.24,92.47,100.0,100.0,51.84,100.0,100.0,51.84,19.27,9.99,9.99,11.88,106.86,0.09,5.92,61.62,38.38,48.16,61.44,377.52,92.85,92.85,92.85,,85.68,,5.27,0.4,22884.0,43.0,,9.8,6.42,3.2,5.75,120.43,0.0,120.43,0.0,120.43,0.0,1.26,0.21,0.86,37.94,54.77,13.84,30.67,39.48,12.93,SAMA | BRK,Esgoto | Água,LEP | LPU,,,2.71,100.0,,73.25,,,,,100.0,100.0,86.7,100.0,2223.29,0.36,0.68,0.57,257.29,87.08,43.86,16.05,19.63,0.68,,10.57,0.2,0.48,0.33,66.38,24.89,3.93,4.8,0.0,0.68,2.29,0.34,100.0,,,,0.07,7.86,8.36,,0.21,25.85,Sim
3529500,77.7,87.45,0.0,82.76,92.8,0.0,7.46,1.02,86.26,71.53,4.82,5.16,100.0,0.83,17.62,426.44,255.91,15.44,14.4,97.6,114.12,-14.12,2.4,1.66,12.41,0.0,6.3,,,1.5,,,100.0,,0.51,77.39,87.1,0.0,81.59,91.49,0.0,0.0,0.0,0.0,9.71,1.19,,0.0,96.04,81.16,84.5,0.78,0.0,,,4.24,2.2,52.63,47.37,0.0,0.0,0.0,0.0,0.0,100.0,,0.0,81.59,47.1,89.06,24000.0,24000.0,,,59.7,40.3,100.0,100.0,100.0,100.0,0.0,0.0,100.0,1148.67,0.0,2.96,1.98,1.11,0.0,0.0,0.0,0.0,0.0,0.0,,,,,0.0,0.0,0.0,352950,1.2,1.01,,0.7,0.7,,58.88,-45.14,51.26,23133.6,142.9,9.45,87.05,0.0,15.78,6.61,60.92,25.52,2.43,11.04,85.34,0.12,14.54,0.0,27.64,,206.19,0.53,,1.0,118.85,0.09,100.0,100.0,1.0,,100.0,90.0,48.95,95.88,100.0,51.05,56.75,28.97,27.78,28.97,520.54,1.46,9.1,51.05,48.95,48.95,97.85,913.24,81.75,100.0,100.0,77.71,100.0,77.71,9.33,0.1,,,,,,0.0,1.0,100.0,0.83,100.0,0.0,100.0,0.83,,,,,,,,,,PMM,Água e Esgoto,LPU,,,1.47,11.38,,95.97,,,,,81.75,100.0,100.0,0.0,961.66,1.34,1.1,,166.49,69.81,42.86,138.43,,1.1,,100.0,0.86,3.45,,41.94,29.68,8.39,11.61,8.39,8.47,2.14,0.19,0.0,,,,0.89,18.81,28.57,,0.0,0.0,Sim
3529609,88.14,99.27,40.36,88.84,99.67,41.36,14.63,1.07,100.0,90.24,84.81,100.0,100.0,12.68,13.88,190.44,172.08,14.1,11.96,85.98,98.49,1.51,14.02,4.42,69.61,92.11,0.91,,,4.9,,,100.0,,3.34,87.91,99.27,39.12,79.44,89.12,36.98,79.44,89.12,36.98,13.69,1.05,87.8,87.8,104.63,104.63,100.0,0.03,0.07,4.5,0.12,1.05,0.21,100.0,0.0,0.0,0.0,0.0,0.0,,,,0.0,8.67,4.08,51.11,48685.37,19182.02,,,100.0,0.0,100.0,100.0,100.0,84.09,0.0,0.0,0.0,500.15,0.0,0.58,0.55,0.04,0.0,0.0,0.0,0.0,,,,,,,0.0,0.0,0.0,352960,2.62,2.04,356.81,2.93,3.19,2.67,111.7,-2.07,45.56,176922.07,69.48,32.94,40.78,10.06,9.42,47.41,58.7,16.88,0.96,13.56,52.71,42.5,4.79,28.5,3.71,844.71,834.88,0.97,1045.83,1.9,123.99,0.67,100.0,100.0,1.01,90.88,100.0,100.0,88.32,100.0,100.0,88.32,14.52,12.81,12.81,14.62,175.63,0.99,15.27,100.77,-0.77,11.68,3.31,56.38,97.34,100.0,100.0,100.0,100.0,100.0,13.05,0.03,308.5,7.0,,,,0.0,21.86,100.42,1.24,100.42,0.0,100.0,0.0,,,,,,,,,,SABESP,Água e Esgotos,SABESP,2.25,47026.92,1.08,2.27,8.42,106.04,100.0,0.0,0.0,8.93,100.0,100.0,100.0,0.0,1064.54,1.13,1.03,,77.79,27.56,50.0,100.04,,0.71,,,,,,,,,,,,1.24,0.12,0.0,,,,1.13,19.14,50.0,,0.0,0.0,Sim
3529658,94.32,100.0,66.57,94.46,99.74,70.35,13.92,1.06,100.0,90.91,86.27,100.0,100.0,12.3,13.85,178.35,159.09,13.54,11.68,86.27,102.29,-2.29,13.73,4.2,64.55,89.47,0.61,,,,,,100.0,,1.62,85.16,100.0,12.72,79.08,83.55,58.72,79.08,83.55,58.72,10.31,1.06,86.95,86.95,96.43,96.43,100.0,0.06,0.0,,0.0,4.85,1.51,100.0,0.0,4.85,8.0,45.05,21.66,100.0,0.0,32.63,17.13,177.19,85.21,242.12,49936.45,56463.64,393.34,393.34,100.0,0.0,100.0,100.0,100.0,100.0,83.0,100.0,0.0,872.9,2.52,1.2,0.64,0.68,42.67,34.06,15.17,0.0,,,,,,,6.44,6.44,0.0,352965,2.44,1.92,327.8,2.84,3.15,2.51,116.24,-0.53,48.56,251256.17,67.77,34.92,41.78,7.26,10.29,51.53,61.64,12.56,0.26,15.18,56.12,41.64,2.24,20.28,1.2,1243.4,1239.23,0.67,1487.5,1.31,125.34,0.73,94.44,100.0,1.0,91.35,100.0,100.0,85.07,100.0,100.0,85.07,14.19,12.07,12.07,14.24,170.23,0.59,14.73,100.34,-0.34,14.93,4.3,69.98,89.62,100.0,100.0,95.82,100.0,95.82,9.75,0.07,,,730.0,8.0,,0.0,6.08,101.25,0.0,100.83,0.0,100.83,0.0,,,,,,,,,,SABESP,Água e Esgotos,SABESP,,,,,,,,,,,,,,,,,,,,,,,,,,,,,,,,,,,,,,,,,,,,,,,,Sim
3529708,97.78,100.0,52.92,90.31,93.43,21.92,8.71,1.05,99.99,92.57,75.53,100.0,100.0,14.11,14.99,175.89,163.72,17.72,13.38,75.53,84.6,15.4,24.47,14.85,150.35,85.41,0.51,,,36.98,,,98.73,,7.46,89.77,94.21,0.0,85.19,88.01,23.4,85.19,88.01,23.4,9.01,1.0,93.62,93.62,102.74,102.74,100.0,0.24,0.02,9.5,0.01,0.85,0.32,72.73,27.27,0.0,0.0,143.65,68.42,100.0,0.0,20.49,122.33,93.37,44.47,52.62,56193.75,,65.0,3.46,51.58,48.42,96.67,100.0,29.27,90.77,0.0,0.0,0.0,1200.0,0.0,0.84,0.78,0.09,0.0,0.0,0.0,0.0,,,,,,,0.0,0.0,0.0,352970,3.15,2.34,423.64,2.83,3.1,2.55,89.72,1.09,44.61,149138.77,82.68,40.23,49.73,13.55,13.67,48.65,60.14,12.09,3.17,16.53,53.45,43.67,2.88,266.83,24.11,585.34,583.81,1.39,723.62,2.79,108.47,0.63,83.87,89.03,1.0,94.1,100.0,100.0,73.63,100.0,100.0,73.63,18.27,13.45,13.45,15.29,166.74,0.57,8.91,83.72,16.28,26.37,15.02,158.48,85.03,90.27,90.27,99.41,100.0,99.41,10.13,0.24,4616.67,6.0,,,,0.0,130.13,111.62,0.0,110.53,0.0,110.53,0.0,,,,,,,,,,SABESP,Água e Esgotos,SABESP,,,4.99,72.22,12.92,179.19,,,,23.16,96.45,100.0,100.0,100.0,7827.48,0.29,1.92,0.77,175.72,68.85,9.37,57.14,145.0,1.88,499.12,,,,,,,,,,,2.67,0.14,0.0,,78.12,1.11,0.62,9.37,20.31,0.21,0.67,21.87,Sim
3529807,97.45,100.0,34.17,79.69,81.65,25.74,15.96,1.03,100.0,90.94,63.13,100.0,100.0,13.15,12.86,196.33,170.82,20.64,13.03,64.73,62.31,37.69,35.27,15.24,245.34,100.0,1.2,,,4.0,,,98.25,,3.83,96.13,100.0,0.0,77.84,80.68,0.0,77.84,80.68,0.0,11.35,1.02,93.51,93.51,90.48,90.48,100.0,0.42,0.83,3.94,0.85,2.84,0.64,36.84,63.16,0.82,9.0,0.0,0.0,,,,0.0,116.54,59.21,208.36,50660.83,50660.83,,,24.3,55.74,96.13,100.0,0.0,100.0,96.13,100.0,0.0,2780.0,0.0,1.34,1.12,0.28,27.5,23.83,6.73,0.0,,,,,,,4.68,4.68,0.0,352980,2.99,1.92,323.98,2.82,2.81,2.83,94.39,-2.9,15.87,65535.37,67.96,16.44,16.82,0.36,25.32,24.19,24.75,23.22,0.53,37.25,48.84,48.17,2.99,42.66,11.76,817.47,806.12,1.21,836.13,2.51,155.25,0.48,95.53,100.0,1.02,91.51,100.0,100.0,84.86,100.0,100.0,84.86,17.31,14.69,14.69,14.69,183.06,1.3,10.46,84.87,15.13,15.14,7.57,87.82,95.53,100.0,100.0,82.49,100.0,82.49,10.18,0.38,,,,,4.0,0.02,0.32,245.19,0.0,245.19,0.0,100.0,0.16,4.97,0.6,1.66,-2.42,2.8,-1.02,4.2,2.46,3.16,AMT,Água e Esgoto,LEP,,,,,,,,,,,,,,,,,,,,,,,,,,,,,,,,,,,,,,,,,,,,,,,,Sim
3529906,64.62,99.98,0.0,58.44,90.41,0.0,13.62,1.1,100.0,86.53,71.52,100.0,100.0,11.71,12.63,176.14,148.72,15.06,10.77,73.52,84.53,15.47,25.36,9.03,143.93,81.0,0.59,1173.0,,22.21,11.75,,79.75,20.21,9.79,51.86,80.23,0.0,42.98,66.49,0.0,42.98,66.49,0.0,8.78,1.01,87.87,87.87,86.47,86.47,100.0,0.38,0.25,20.17,0.03,2.65,0.83,35.71,64.29,0.0,0.0,49.73,29.2,100.0,0.0,0.0,23.38,212.74,124.93,118.19,22960.57,21688.3,427.77,30.75,11.52,85.83,64.64,100.0,0.0,100.0,0.0,0.0,46.81,2790.0,0.0,0.82,0.93,0.34,0.0,0.0,0.0,0.0,,,,,,,0.0,0.0,0.0,352990,5.13,4.21,706.52,3.52,3.6,3.41,68.55,-1.62,57.92,216453.16,119.77,58.43,84.51,25.7,14.52,48.78,70.55,9.32,2.08,12.12,54.54,43.06,2.4,20.63,20.97,434.23,430.94,1.6,628.0,2.97,79.98,0.71,58.62,100.0,1.01,87.72,100.0,100.0,60.82,100.0,100.0,60.82,18.78,11.42,11.42,14.08,160.93,0.45,14.24,75.03,24.97,39.18,13.84,243.69,49.87,97.0,97.0,86.93,100.0,86.93,10.01,0.6,476.52,6.76,300.0,10.0,,0.0,241.3,112.74,1.26,112.74,1.53,112.74,0.14,,,,,,,,,,SABESP,Água e Esgotos,SABESP,3.05,26847.77,2.08,67.56,,81.85,48.39,51.61,12.9,,74.83,100.0,100.0,64.29,1677.32,0.79,1.13,,149.82,75.6,25.81,16.67,,0.78,132.77,,,,,,,,,,,3.23,0.29,50.0,,,,0.79,15.14,25.81,,0.79,25.81,Sim
3530003,66.46,82.72,0.0,58.2,71.34,0.0,15.69,1.06,99.96,89.43,80.3,100.0,100.0,11.77,13.48,242.11,210.75,13.84,11.11,82.84,97.4,2.6,17.16,4.88,83.11,91.83,1.32,,,2.0,,,95.45,,0.22,62.3,77.55,0.0,49.75,60.98,0.0,49.75,60.98,0.0,12.28,1.02,89.06,89.06,101.23,101.23,100.0,0.05,0.06,3.0,0.08,1.95,1.25,100.0,0.0,1.43,4.0,7.74,5.75,100.0,0.0,0.0,4.52,171.0,127.11,80.46,39316.76,71466.88,2210.24,1553.82,78.65,0.0,100.0,100.0,100.0,100.0,87.53,100.0,0.0,290.0,0.94,0.75,0.67,0.1,28.57,21.43,10.26,0.0,,,,,,,6.9,6.9,0.0,353000,2.79,2.19,361.58,2.98,3.2,2.75,106.63,-0.04,47.57,279984.63,73.4,37.29,44.61,10.49,7.79,50.8,60.78,18.87,0.24,10.62,53.11,45.21,1.68,16.54,1.79,1274.01,1265.65,0.66,1524.33,1.32,115.84,0.72,62.73,94.07,1.01,89.33,100.0,100.0,86.59,100.0,100.0,86.59,13.19,11.41,11.41,13.78,223.3,1.16,18.26,104.58,-4.58,13.41,2.92,58.47,62.35,93.49,93.49,100.0,100.0,100.0,14.13,0.05,,,1145.0,6.0,,0.0,13.72,100.0,0.0,100.0,0.0,100.0,0.0,,,,,,,,,,SABESP,Água e Esgotos,SABESP,,,0.81,5.8,,77.59,,,,,100.0,100.0,100.0,1.69,215.21,2.43,0.46,,,,38.46,4.67,,0.3,,,1.02,1.7,,,,,,,2.82,2.13,0.47,0.0,,,,1.46,,23.08,,2.43,38.46,Sim
3530102,88.94,100.0,0.0,88.9,99.56,0.0,11.66,1.07,97.38,100.0,69.92,100.0,100.0,5.85,5.4,88.62,64.02,8.35,5.84,73.74,64.69,35.31,26.26,6.02,76.88,100.0,1.07,375.67,,5.69,7.0,,100.0,3.38,1.72,84.89,95.44,0.0,,76.14,,,73.67,,12.5,0.0,,,120.84,120.84,100.0,0.47,1.32,0.37,1.0,0.86,0.11,48.0,52.0,,7.0,0.0,0.0,,,,0.0,64.34,29.71,126.32,79413.73,,,,25.68,72.82,93.04,100.0,37.07,100.0,0.0,0.0,40.48,4200.0,0.1,1.6,1.02,0.73,0.0,0.0,0.0,59.52,,,,,,,0.0,0.0,0.0,353010,1.09,1.09,212.23,1.05,1.12,0.97,96.91,-4.48,38.43,86251.68,103.19,9.17,39.66,0.0,15.98,8.89,38.43,39.52,5.42,15.48,61.78,38.22,0.0,41.03,17.29,1057.47,1047.5,0.22,4571.37,0.44,101.25,1.0,100.0,100.0,1.01,90.03,51.56,99.08,70.0,83.97,51.56,83.36,22.65,18.89,16.0,18.89,195.01,0.53,18.91,83.36,16.64,16.64,5.91,125.57,86.25,96.08,96.08,71.37,86.21,61.53,19.07,0.15,,,,,1.6,0.03,2.17,100.0,2.45,100.0,0.99,100.0,11.59,,,,,,,,,,SAAEM,Água e Esgoto,LPU,2.32,55073.06,5.19,77.84,,127.7,24.59,75.41,16.39,,96.85,100.0,100.0,100.0,793.79,0.95,0.67,,168.21,32.33,40.98,16.26,,0.62,96.93,100.0,2.99,7.34,,58.03,17.62,10.88,12.95,0.52,9.36,3.1,0.46,25.0,,,,0.3,7.59,13.11,,0.38,16.39,Sim
3530201,70.76,100.0,26.8,70.82,100.0,22.77,7.84,1.09,100.0,89.1,72.52,100.0,100.0,11.48,13.03,158.8,138.94,14.8,10.73,73.41,88.05,11.95,26.59,15.88,141.65,86.39,0.77,,,7.98,,,100.0,,8.11,57.18,95.2,0.0,54.76,77.32,17.61,54.76,77.32,17.61,12.34,1.04,89.55,89.55,96.09,96.09,100.0,0.12,0.04,10.5,0.04,3.11,1.24,71.43,28.57,1.24,12.0,34.95,16.76,100.0,0.0,0.0,33.7,103.69,49.74,59.68,19200.0,,296.72,148.36,77.27,22.73,60.06,100.0,0.0,100.0,60.06,100.0,0.0,520.0,0.12,0.27,0.4,0.04,21.14,15.54,14.47,0.0,,,,,,,9.62,9.62,0.0,353020,3.31,2.72,452.29,3.01,3.23,2.7,90.84,0.85,51.72,195982.24,90.37,40.29,56.94,14.89,13.08,44.59,63.0,13.66,0.8,14.47,58.99,37.38,3.63,17.1,11.3,687.79,671.78,1.05,971.87,1.84,99.03,0.72,59.12,100.0,1.02,90.62,100.0,100.0,82.21,100.0,100.0,82.21,14.31,11.64,11.64,13.85,158.72,0.82,8.01,97.79,2.21,17.79,9.05,84.54,44.64,75.81,75.81,87.42,100.0,87.42,15.79,0.08,1347.83,6.0,700.0,6.0,,0.0,29.87,100.0,0.19,100.0,0.0,100.0,0.78,,,,,,,,,,SABESP,Água e Esgotos,SABESP,,,1.2,5.07,12.56,74.77,,,,9.39,58.74,99.75,99.75,0.34,,,0.67,,89.62,29.29,,120.14,,0.67,,,,,,,,,,,,1.53,0.23,,,,,,28.31,,,,,Sim
3530300,97.43,100.0,0.0,,,0.0,12.64,1.09,99.95,89.39,74.96,100.0,100.0,12.89,14.95,214.28,188.39,17.19,12.88,77.23,87.01,12.99,22.77,10.89,140.42,97.96,0.97,522.57,,0.95,3.29,,83.54,1.69,0.25,97.43,100.0,0.0,,,,,,,11.95,1.1,,,114.22,114.22,100.0,0.59,0.02,9.0,1.0,0.31,0.06,0.0,100.0,0.0,0.0,221.42,95.53,50.0,50.0,50.0,353.25,62.68,27.04,166.43,,,28.31,1.5,1.51,98.49,100.0,100.0,100.0,100.0,0.0,0.0,0.0,4222.86,0.0,0.88,0.77,0.12,0.0,0.0,0.0,0.0,,,,,,,0.0,0.0,0.0,353030,2.75,1.96,338.64,3.35,3.41,3.3,122.04,2.93,29.77,71409.24,58.32,14.53,24.39,33.69,9.99,24.92,41.83,21.19,2.48,17.13,48.58,47.57,3.84,66.76,103.22,504.16,449.63,1.33,846.18,2.69,101.25,0.52,97.5,100.0,1.13,91.36,100.0,100.0,73.05,100.0,99.15,73.05,17.25,12.48,12.48,14.52,183.27,0.88,16.33,84.97,15.03,26.95,10.03,170.6,97.47,100.0,100.0,100.0,75.0,77.84,16.69,0.61,40.0,48.0,,,,0.0,0.0,356.2,0.04,154.51,0.0,164.82,0.0,0.39,0.26,0.62,34.6,42.4,15.98,23.78,28.52,65.36,SANESSOL,Água e Esgoto,LEP,2.56,46199.93,4.69,100.0,72.63,118.05,0.0,100.0,2.01,85.74,83.58,85.74,68.6,100.0,2508.15,0.34,0.74,0.86,156.95,35.8,13.42,,0.0,0.86,,,,,,,,,,,,2.41,0.33,,,,,0.0,0.0,0.0,,0.34,13.42,Sim
3530409,80.61,92.99,1.85,66.23,75.24,4.23,8.04,1.47,0.76,66.31,0.0,0.0,10.0,0.0,3.61,10.69,10.69,3.61,0.54,15.0,100.0,0.0,85.0,17.91,148.09,0.0,2.0,,,1.25,,,100.0,,0.17,80.91,93.62,0.0,,85.01,,,85.01,,11.95,0.0,,,333.33,333.33,100.0,2.4,0.25,9.6,1.0,3.88,0.24,82.35,17.65,0.0,0.0,44.7,21.2,100.0,0.0,0.0,182.07,24.55,11.64,158.82,35384.62,17559.62,54.92,20.09,67.95,32.05,86.42,100.0,0.0,100.0,86.42,100.0,0.0,1058.25,0.0,1.22,0.92,0.49,29.11,26.56,8.65,0.0,,,14.61,10.96,50.23,15.07,5.17,5.17,0.0,353040,0.47,0.47,165.6,0.12,0.15,0.07,25.39,0.0,52.18,16666.67,393.82,164.7,205.51,0.0,0.0,41.82,52.18,43.84,3.97,0.0,78.67,21.33,0.0,0.0,18.72,192.87,148.63,5.39,240.67,10.0,25.39,,98.99,91.52,1.2,67.15,100.0,0.53,0.0,0.0,100.0,80.0,36.57,29.25,0.0,36.57,359.99,,11.57,100.0,0.0,20.0,24.11,289.32,56.46,69.44,69.44,75.76,100.0,75.76,12.82,,,24.0,,24.0,,,,107.29,6.67,98.96,0.0,81.25,4.33,,,,,,,,,,PMM,Água e Esgoto,LPU,2.53,19800.0,1.33,,32.72,50.0,100.0,0.0,10.0,16.36,80.48,98.99,98.99,0.0,1028.75,0.76,0.67,0.56,,,30.0,,20.75,0.68,,,,,,,,,,,,,,,,,,0.0,,0.0,,1.26,50.0,Sim
3530508,96.16,98.22,57.96,,,,13.75,1.11,99.99,89.03,70.72,100.0,100.0,13.61,14.8,207.93,165.58,18.0,12.73,75.96,82.23,17.77,24.04,10.72,158.36,91.96,0.6,2279.5,,21.42,7.83,,100.0,7.5,8.93,92.05,97.03,0.0,,,,,,,5.92,1.04,89.93,89.93,88.06,88.06,100.0,0.53,0.19,56.67,0.04,,,,,,,,,,,,,,,,,,,,,,,,,,,,,,,,,,,,,,,,,,,,,,,353050,3.01,2.37,409.98,3.03,3.37,2.69,100.8,0.34,51.42,161192.93,78.13,41.12,51.01,12.3,6.06,52.63,65.3,13.69,4.04,7.76,53.18,41.89,4.93,24.78,86.23,602.14,579.99,1.39,747.07,2.77,111.83,0.53,100.0,100.0,1.04,89.91,100.0,99.97,72.83,99.97,100.0,72.85,17.92,12.42,12.42,14.45,156.05,0.61,10.88,84.75,15.25,27.15,13.29,158.0,99.16,100.0,100.0,92.47,100.0,92.47,6.35,0.58,1040.28,6.0,,,,0.0,97.97,106.86,0.2,106.43,0.69,106.43,0.1,,,,,,,,,,SABESP,Água e Esgotos,SABESP,,,,,,,,,,,,,,,,,,,,,,,,,,,,,,,,,,,,,,,,,,,,,,,,Não
3530607,92.25,98.21,0.0,76.55,81.21,0.0,7.86,1.07,98.3,89.99,50.07,95.26,140.44,11.5,16.23,149.14,123.01,22.6,11.88,52.66,71.78,28.22,47.34,46.8,376.19,99.57,0.37,2222.22,2777.78,36.0,6.0,6.0,77.87,1.54,4.98,82.99,88.35,0.0,77.89,82.63,0.0,44.95,47.69,0.0,6.35,1.08,91.03,88.04,85.71,62.21,72.58,0.19,8.37,187.79,1.0,0.34,0.22,0.79,99.21,0.09,40.0,0.0,0.0,,,,0.0,520.53,213.56,268.22,155256.84,155256.84,,,0.14,91.61,100.0,100.0,100.0,100.0,100.0,100.0,0.0,12028.08,0.0,1.97,1.52,0.48,3.74,2.25,0.68,0.0,,,,,,,0.31,0.31,0.0,353060,3.35,3.18,561.2,3.22,3.06,3.42,95.93,0.0,50.65,99934.42,98.88,25.29,52.8,3.59,0.0,25.58,53.4,6.88,6.21,0.0,46.31,39.24,14.46,94.99,823.66,333.45,306.53,1.56,696.2,2.96,114.09,0.58,98.5,98.5,1.09,91.83,100.0,96.58,55.09,96.47,59.92,57.11,25.12,14.01,13.95,15.89,151.39,0.35,8.35,64.77,35.23,42.89,43.63,375.38,93.58,93.57,93.57,77.17,66.16,51.06,6.65,0.15,1530.75,8.51,,,152.88,7.32,,118.82,0.12,118.82,0.13,101.77,0.07,,,,,,,,,,SEMAE,Água e Esgoto,LPU,1.05,107056.88,3.58,100.0,,112.32,0.0,100.0,3.02,,94.0,100.0,100.0,100.0,4991.24,0.39,1.69,1.65,134.88,73.98,37.59,,0.0,1.65,,100.0,1.03,6.37,1.29,71.64,16.51,3.9,4.81,3.14,7.96,0.49,0.03,100.0,100.0,62.44,2.13,0.33,12.34,31.79,0.22,0.24,22.51,Sim
3530706,97.14,100.0,0.0,,,0.0,9.78,1.11,99.95,91.33,52.16,97.47,96.48,12.4,11.96,222.37,181.82,23.77,12.72,57.7,50.33,49.67,42.3,35.85,368.0,99.96,0.91,,,1.18,,,100.0,,7.24,97.14,100.0,0.0,,,0.0,,,0.0,8.86,1.14,88.42,90.34,106.68,85.49,80.14,0.4,0.71,1.04,1.0,1.26,0.3,52.87,47.13,0.46,71.0,151.54,63.8,75.7,24.3,24.3,65.92,229.89,96.78,123.16,85650.58,297518.92,151.71,29.2,38.09,58.88,100.0,100.0,100.0,100.0,97.14,100.0,44.05,11277.55,0.0,1.55,0.7,0.87,7.73,6.12,2.95,0.0,,,52.31,15.5,10.18,13.15,1.05,1.05,0.0,353070,2.1,2.1,335.02,2.04,1.98,2.13,97.42,7.22,48.45,54573.31,102.64,25.79,49.73,0.0,20.85,25.13,48.45,24.59,5.66,20.31,41.69,33.05,25.25,25.98,399.15,336.23,289.19,1.79,648.35,3.55,120.93,0.58,94.94,100.0,1.19,95.0,96.03,99.9,53.96,98.46,100.0,54.8,22.78,11.99,11.95,14.84,190.52,0.87,10.43,67.85,32.15,45.2,35.36,386.65,92.09,97.0,97.0,77.53,75.0,58.15,9.51,0.3,,,,,,0.51,,101.91,0.0,101.91,0.0,111.62,0.0,,,,,,,,,,SAMAE,Água e Esgoto,LPU,1.24,52369.56,2.55,14.66,36.23,65.01,75.42,24.58,1.68,23.55,94.94,100.0,100.0,4.83,1124.8,0.64,0.65,0.61,224.15,80.19,51.96,118.7,7.77,0.65,472.01,10.17,1.5,3.58,2.49,48.14,18.47,13.43,19.22,0.74,5.51,2.94,0.45,0.0,,145.09,1.46,0.12,12.05,9.5,0.05,0.1,8.38,Sim
3530805,89.4,94.56,3.61,90.59,95.48,3.66,15.35,1.06,100.0,90.59,52.54,100.0,100.0,13.06,15.08,205.2,175.32,24.85,13.06,52.6,60.7,39.3,47.4,26.52,411.18,100.0,0.7,2755.5,,2.8,7.0,,100.0,6.77,9.81,84.99,90.11,0.0,86.12,90.97,0.0,86.12,90.97,0.0,12.62,1.06,90.41,90.41,110.59,109.69,99.18,0.02,1.41,13.01,1.0,1.05,0.6,1.97,98.03,1.38,12.0,200.01,86.95,100.0,0.0,-22.62,154.3,158.95,69.1,135.18,148914.88,96600.0,79.47,1.16,2.1,97.9,100.0,100.0,100.0,100.0,9.11,9.66,0.0,1089.92,0.0,0.63,0.61,0.02,36.21,28.97,1.48,0.0,,,,,,,1.16,1.16,0.0,353080,3.44,3.43,607.25,3.6,3.56,3.65,104.85,0.0,72.95,75824.46,95.16,32.03,69.58,0.38,7.23,33.65,73.12,12.95,5.14,7.6,44.48,41.65,13.87,283.9,418.21,170.78,159.38,2.89,371.02,5.61,121.52,0.58,93.54,99.97,1.07,88.09,99.31,100.0,52.71,100.0,99.31,52.71,24.74,13.04,13.04,15.02,181.01,0.87,14.29,60.71,39.29,47.29,28.47,411.74,92.6,98.97,98.97,90.87,90.87,82.58,12.23,0.02,6600.0,8.0,,,,3.84,,100.0,0.0,100.0,0.0,100.0,0.0,,,,,,,,,,SAAE,Água e Esgoto,LPU,1.4,58285.51,2.24,95.78,77.27,81.55,3.28,96.72,6.56,63.01,96.58,99.12,99.12,100.0,2210.45,0.4,0.77,,270.26,93.25,28.69,36.68,,0.75,,33.26,1.18,3.31,,58.28,16.6,9.39,13.55,2.18,3.66,,,100.0,,,,0.07,2.53,4.92,,0.6,42.62,Sim
3530904,91.9,96.92,63.14,93.92,100.0,61.2,16.43,1.06,100.0,90.46,83.69,100.0,100.0,13.69,14.82,187.79,166.28,15.5,12.98,84.05,95.57,4.43,15.95,5.02,86.42,94.32,1.38,289.0,,13.07,8.0,,100.0,19.22,4.52,86.11,96.92,24.16,79.39,84.47,52.0,79.39,84.47,52.0,14.54,1.02,89.84,89.84,99.2,99.2,100.0,0.21,0.1,4.5,0.05,0.92,0.52,60.0,40.0,0.0,0.0,61.99,25.93,100.0,0.0,-24.61,23.35,330.77,138.38,42.28,33627.4,,533.59,0.0,15.16,65.49,100.0,100.0,100.0,100.0,0.0,0.0,0.0,537.0,0.0,1.16,0.66,0.58,0.0,0.0,0.0,0.0,,,,,,,0.0,0.0,0.0,353090,4.23,3.38,638.22,3.2,3.52,2.84,75.66,-0.64,51.91,213345.31,105.57,46.79,68.61,26.95,9.99,44.32,64.99,18.29,0.49,9.46,56.61,41.31,2.08,10.81,4.4,514.38,509.38,1.34,754.17,2.56,83.81,0.68,100.0,100.0,1.01,89.31,100.0,100.0,80.68,100.0,100.0,80.68,17.55,14.03,14.03,15.8,162.94,1.23,10.31,90.89,9.11,19.32,9.63,111.51,92.84,100.0,100.0,85.73,100.0,85.73,7.47,0.49,125.0,6.0,,,,0.0,40.7,111.67,0.0,111.67,0.0,110.0,0.0,,,,,,,,,,SABESP,Água e Esgotos,SABESP,2.09,43753.41,1.65,98.78,33.6,91.41,100.0,0.0,0.0,30.71,91.61,100.0,100.0,0.0,844.2,1.04,0.76,,181.92,54.93,50.0,,,0.68,,83.57,6.31,17.41,,,,,,,20.89,,,0.0,,100.0,0.1,0.35,1.22,16.67,0.01,0.7,33.33,Sim
3531001,99.23,100.0,91.94,98.35,99.9,83.5,16.4,1.07,100.0,90.0,87.3,100.0,100.0,12.65,14.05,210.81,191.41,13.67,11.93,87.67,102.77,-2.77,12.33,3.28,59.3,89.27,0.99,,,9.27,,,100.0,,3.77,98.31,100.0,82.26,86.78,88.13,73.79,86.78,88.13,73.79,10.85,1.07,86.1,86.1,98.69,98.69,100.0,0.21,0.0,,0.0,6.22,5.66,95.24,4.76,0.0,0.0,86.46,48.22,100.0,0.0,0.0,5.05,1711.72,954.61,954.61,128987.62,128987.62,1979.74,1513.03,76.43,9.81,90.48,100.0,0.0,96.15,0.0,0.0,0.0,182.5,0.51,1.02,0.98,0.15,0.0,0.0,0.0,0.0,,,,,,,0.0,0.0,0.0,353100,3.45,3.06,534.3,3.01,3.28,2.73,87.32,4.25,57.79,272095.79,101.48,55.15,66.18,11.98,14.09,54.35,65.22,13.47,0.5,13.88,54.38,44.19,1.43,13.65,2.4,780.86,773.36,1.08,937.0,2.13,88.98,0.71,100.0,100.0,1.01,90.47,100.0,100.0,86.46,100.0,100.0,86.46,14.51,12.53,12.53,14.54,174.91,1.0,14.84,100.32,-0.32,13.54,4.04,65.13,98.41,100.0,100.0,99.17,100.0,99.17,12.85,0.16,,,,,,0.0,64.37,100.0,0.0,100.0,0.0,100.0,0.0,,,,,,,,,,SABESP,Água e Esgotos,SABESP,6.17,43024.24,2.77,1.34,4.82,265.45,100.0,0.0,,12.79,97.39,99.69,99.69,15.13,,,1.6,,432.9,92.99,,27.7,,1.42,,97.69,11.26,65.81,,19.53,50.78,27.34,2.34,0.0,100.77,1.41,0.09,,,,,,5.68,,,,,Sim
3531100,96.36,97.47,0.0,96.13,97.25,0.0,9.65,1.26,100.0,94.9,44.69,100.0,100.0,7.52,12.03,327.18,185.43,16.3,7.29,70.54,73.76,26.24,29.46,18.52,198.56,89.97,0.0,,,14.91,,,89.92,,6.54,87.26,88.27,0.0,79.3,80.21,0.0,79.3,80.21,0.0,8.77,1.25,95.41,95.41,92.63,92.63,100.0,0.56,0.2,10.0,0.05,,,,,,,,,,,,,,,,,,,,,,,,,,,,,,,,,,,,,,,,,,,,,,,353110,4.6,2.4,352.64,3.33,3.41,3.23,72.51,5.13,33.93,194085.35,71.98,28.21,46.8,59.37,6.87,39.2,65.02,10.68,4.45,9.55,54.77,42.2,3.02,185.03,104.5,846.53,680.22,0.89,1404.13,1.6,80.17,0.93,90.66,91.05,1.23,95.98,100.0,99.99,66.6,99.99,100.0,66.6,15.3,7.45,7.45,12.41,229.64,0.01,9.74,110.98,-10.98,33.4,13.92,150.36,75.51,75.84,75.84,87.49,100.0,87.49,9.3,0.93,46932.25,20.0,34970.0,23.0,,0.0,169.08,108.78,0.0,108.63,4.25,107.74,1.24,,,,,,,,,,SABESP,Água e Esgotos,SABESP,1.61,124983.29,4.66,89.68,88.93,201.46,100.0,0.0,,179.17,99.56,100.0,100.0,99.98,,,1.96,,247.45,87.84,,,,1.96,,1.77,0.04,0.27,,,,,,,279.27,,,,,,,,10.32,,,,,Não
3531209,92.85,100.0,75.93,68.56,85.56,27.8,24.43,1.27,100.0,76.38,8.79,63.71,95.0,4.46,33.89,111.81,105.9,40.14,5.54,13.92,84.44,15.56,86.08,58.96,1446.45,0.53,0.0,375.0,600.0,1.0,6.0,9.6,100.0,11.11,7.22,,,,,,,,,,,,,,,,,,,,,2.56,0.45,55.0,45.0,0.0,0.0,0.0,0.0,,,,0.0,174.17,92.85,48.28,18826.67,26564.46,,,20.47,79.53,100.0,100.0,100.0,100.0,0.0,0.0,0.0,2619.3,0.11,0.81,0.56,0.35,0.0,0.0,0.0,0.0,,,,,,,0.0,0.0,0.0,353120,0.63,0.61,144.71,1.09,1.05,1.22,174.12,0.0,67.93,47781.05,55.98,28.39,39.01,0.0,0.0,50.72,69.69,23.62,6.68,0.0,70.7,29.3,0.0,,9.62,473.76,466.22,1.56,651.0,2.82,178.64,0.35,95.79,99.17,1.02,94.06,0.0,100.0,77.96,93.44,95.65,83.43,31.58,26.35,24.62,26.03,298.27,0.46,9.82,82.43,17.57,16.57,17.85,175.97,47.13,82.38,82.38,35.2,0.0,0.0,11.52,0.0,,,,,,,3.17,130.82,0.0,130.82,0.0,100.0,0.0,,,,,,,,,,PMMA,Água e Esgoto,LPU,,,1.57,1.77,,100.68,,,,,98.0,100.0,100.0,100.0,1396.81,0.87,1.04,,231.58,87.48,30.77,,,0.61,,,,,,,,,,,,,,0.0,,,,1.3,10.75,46.15,,0.43,15.38,Sim
3531308,100.0,100.0,100.0,,,100.0,12.44,1.11,100.0,89.77,87.06,100.0,100.0,13.28,14.45,198.4,175.82,14.36,12.5,87.06,100.62,-0.62,12.94,5.03,67.58,91.95,1.76,548.0,,12.28,8.5,,94.72,2.35,4.64,100.0,100.0,100.0,98.66,98.95,89.66,98.66,98.95,89.66,10.96,1.07,88.01,88.01,100.68,100.68,100.0,0.47,0.08,5.57,0.06,1.38,0.43,58.82,41.18,0.36,14.0,0.0,0.0,,,,0.0,334.82,148.22,146.52,20160.0,,,,15.07,84.93,96.48,100.0,0.0,82.92,80.0,82.92,0.0,5766.67,0.02,0.97,0.87,0.14,20.52,12.83,5.37,0.0,0.1,0.0,,,,,2.89,2.89,0.0,353130,3.17,2.46,434.85,3.11,3.36,2.86,98.15,-1.43,45.63,189893.62,79.09,37.55,46.49,14.5,5.48,47.47,58.79,24.88,0.39,6.92,52.38,44.04,3.58,14.73,55.1,742.86,708.38,1.14,919.88,2.27,110.25,0.51,100.0,100.0,1.05,90.44,100.0,100.0,82.5,100.0,100.0,82.5,15.56,12.83,12.83,14.75,172.26,1.86,12.89,94.82,5.18,17.5,6.6,93.84,99.34,100.0,100.0,100.0,100.0,100.0,12.23,0.51,1037.35,6.0,,,8.5,0.01,21.82,107.88,0.0,107.88,0.11,107.53,0.0,,,,,,,,,,SABESP,Água e Esgotos,SABESP,1.31,49220.35,2.19,100.0,,64.3,0.0,100.0,4.76,,95.5,100.0,100.0,4.47,3870.61,0.25,0.86,0.85,137.33,67.4,19.05,8.83,1.33,0.86,143.99,55.99,2.89,9.13,4.53,33.02,21.26,20.6,21.01,4.11,14.1,1.02,0.12,100.0,100.0,54.81,1.62,0.58,25.15,44.44,0.3,0.37,28.57,Sim
3531407,97.25,100.0,59.72,98.55,99.74,81.31,9.77,1.07,100.0,90.24,84.29,100.0,100.0,12.65,13.99,191.02,174.35,14.16,11.94,84.33,98.79,1.21,15.67,7.28,78.01,90.23,0.74,,,4.94,,,98.23,,2.59,93.7,100.0,7.94,87.65,88.71,72.38,87.65,88.71,72.38,8.0,1.04,88.4,88.4,95.13,95.13,100.0,0.22,0.0,,0.0,1.42,0.38,0.0,100.0,4.14,6.0,199.1,97.85,100.0,0.0,0.0,103.23,192.86,94.78,132.7,,,96.87,0.0,0.0,100.0,93.16,100.0,0.0,93.13,6.4,6.87,90.6,4415.0,0.0,1.07,1.07,0.08,172.53,158.73,3.04,0.0,,,,,,,2.6,2.6,0.0,353140,2.71,2.14,374.2,2.99,3.23,2.73,110.14,-0.11,50.25,178881.12,71.6,34.43,45.62,10.03,7.38,48.09,63.72,12.4,3.78,10.31,54.06,44.03,1.91,16.27,24.51,750.23,739.54,1.02,994.03,2.01,117.56,0.57,91.23,100.0,1.01,91.03,100.0,100.0,82.4,100.0,100.0,82.4,15.29,12.6,12.6,14.61,169.74,0.65,9.84,95.56,4.44,17.6,8.37,89.72,88.22,96.88,96.88,95.05,100.0,95.05,9.37,0.29,725.0,6.0,,,,0.0,29.48,102.36,0.0,102.36,0.12,102.36,0.0,,,,,,,,,,SABESP,Água e Esgotos,SABESP,1.79,71748.25,4.28,100.0,36.95,128.77,24.39,75.61,14.63,47.58,91.06,100.0,100.0,100.0,2795.53,0.35,0.85,,321.9,77.69,19.51,,,0.85,,48.15,0.91,2.85,,23.08,23.08,23.08,15.38,15.38,4.38,,,100.0,,,,0.96,22.03,53.66,,0.22,12.2,Sim
3531506,93.37,99.18,0.0,87.01,92.08,0.0,17.37,1.01,99.95,85.56,57.23,99.01,100.0,15.69,17.26,235.24,204.57,27.41,15.84,58.15,62.97,37.03,41.85,20.28,379.0,99.94,1.08,,,1.46,,,98.68,,1.87,93.09,98.88,0.0,86.06,91.07,0.0,56.69,59.99,0.0,16.8,0.0,,,80.0,56.0,70.0,0.03,0.66,1.46,0.96,0.87,0.38,31.82,68.18,0.0,0.0,223.87,98.84,98.91,1.09,0.0,90.02,251.43,111.0,98.46,95806.64,40630.15,112.31,4.48,14.98,81.26,100.0,100.0,100.0,100.0,0.0,0.0,0.0,5401.5,0.22,1.61,0.66,1.01,0.0,0.0,0.0,19.44,0.0,0.0,,,,,0.0,0.0,0.0,353150,2.05,2.05,343.92,2.13,2.13,2.11,103.88,0.0,55.39,57603.67,96.27,40.72,53.33,0.0,1.82,42.3,55.39,39.69,3.03,1.89,51.82,25.67,22.51,217.38,45.84,302.37,301.23,2.53,395.99,5.04,134.05,0.69,98.44,100.0,1.0,87.68,100.0,99.88,65.0,99.76,100.0,65.16,28.14,18.34,18.29,18.58,227.1,1.1,15.98,66.0,34.0,34.84,18.49,323.61,97.6,99.98,99.98,85.0,35.0,29.75,15.74,0.13,,,,,,0.0,1.98,175.09,5.89,174.5,0.0,38.48,1.92,,,,,,,,,,SAEMAP,Água e Esgoto,LPU,,,2.64,61.8,56.65,96.39,,,,54.6,93.57,100.0,100.0,49.55,3488.98,0.45,1.42,0.7,107.48,57.78,32.0,,101.83,1.42,,44.98,3.71,19.23,10.51,52.63,10.23,23.39,0.58,13.16,26.99,1.74,0.12,0.0,,128.75,0.89,0.28,10.51,20.0,0.08,0.56,40.0,Sim
3531605,,,,,,,,,,,,,,,,,,,,,,,,,,,,,,,,,,,,,,,,,,,,,,,,,,,,,,,,4.4,1.16,23.81,76.19,0.0,0.0,0.0,0.0,0.0,100.0,,0.0,96.06,46.5,396.9,37050.0,50000.01,,,12.86,87.14,100.0,100.0,100.0,100.0,0.0,0.0,0.0,1239.0,0.0,0.79,0.63,0.19,0.0,0.0,0.0,0.0,,,,,,,0.0,0.0,0.0,353160,,,,,,,,,,,,,,,,,,,,,,,,,,,,,,,,,,,,,,,,,,,,,,,,,,,,,,,,,,,,,,,,,,,,,,,,,,,,,,,,,,,,,,,,,,,,,,,,,,,,,,,,,,,,,,,,,,,,,,,,,,,,,,,,,,,,,,,Sim
3531704,52.84,100.0,24.66,40.79,100.0,7.46,13.25,1.09,100.0,86.3,74.18,100.0,100.0,12.41,14.04,188.56,152.71,15.45,11.46,74.42,90.89,9.11,25.58,9.6,141.9,89.6,0.4,94.0,,32.89,6.0,,87.5,8.56,15.02,45.47,100.0,12.88,27.13,66.53,4.95,27.13,66.53,4.95,13.5,1.01,85.64,85.64,88.44,88.44,100.0,0.71,0.17,12.0,0.04,5.72,0.95,100.0,0.0,0.0,0.0,16.96,11.07,100.0,0.0,0.0,9.74,174.11,113.7,101.8,17793.02,80679.38,1026.7,692.99,75.65,24.35,100.0,100.0,100.0,100.0,0.0,0.0,0.0,1427.3,0.0,0.93,0.88,0.14,0.0,0.0,0.0,0.0,,,,,,,0.0,0.0,0.0,353170,7.76,8.04,1349.33,3.01,3.2,2.78,38.78,-0.77,87.03,196372.87,267.16,153.25,224.42,26.25,20.36,57.36,84.0,4.22,1.54,7.62,58.18,39.91,1.92,8.66,10.25,173.25,171.4,3.98,253.71,7.18,44.01,0.67,49.82,100.0,1.01,87.16,100.0,100.0,82.31,100.0,100.0,82.31,13.58,11.18,11.18,14.07,156.05,0.32,13.75,103.62,-3.62,17.69,5.21,79.86,39.54,91.63,91.63,87.17,100.0,87.17,12.01,0.87,70.0,8.0,,,,0.0,50.67,111.67,0.0,110.0,0.0,110.0,0.0,,,,,,,,,,SABESP,Água e Esgotos,SABESP,7.97,3750.19,0.3,33.34,,29.88,100.0,0.0,25.0,,56.85,100.0,100.0,100.0,600.0,1.99,1.05,0.8,38.95,50.0,25.0,0.26,0.0,0.8,2.49,100.0,2.47,9.46,2.49,,,,,,9.56,,,0.0,,,,2.99,16.67,37.5,,1.0,12.5,Sim
3531803,100.0,100.0,100.0,,,100.0,7.72,1.1,100.0,93.96,70.89,100.0,100.0,12.05,13.85,174.2,152.99,16.43,11.65,73.46,84.26,15.74,26.54,19.13,157.28,93.24,0.27,5836.68,,15.86,10.32,,93.94,20.05,9.28,89.11,91.83,0.0,83.37,83.5,78.55,83.37,83.5,78.55,7.82,1.07,93.89,93.89,80.51,80.51,100.0,0.99,0.55,43.38,0.1,0.15,0.4,43.24,56.76,0.0,0.0,6.56,2.77,100.0,0.0,0.0,3.59,182.7,77.15,122.73,41819.64,69699.4,2786.76,224.45,6.33,90.55,100.0,100.0,100.0,100.0,0.0,0.0,0.0,6535.73,0.0,1.06,0.74,0.34,0.0,0.0,0.0,0.0,,,,,,,0.0,0.0,0.0,353180,4.06,3.21,559.42,3.1,3.36,2.78,76.39,2.12,44.67,232700.8,103.59,34.79,58.48,31.39,8.24,33.58,56.45,22.73,6.04,7.95,58.24,39.06,2.7,27.78,57.99,736.88,713.18,0.83,1238.64,1.51,79.71,1.11,100.0,100.0,1.03,93.66,100.0,100.0,71.76,100.0,100.0,71.76,17.04,12.22,12.22,14.56,159.58,0.37,9.98,85.52,14.48,28.24,15.01,163.1,90.01,95.82,95.82,72.63,100.0,72.63,4.58,1.25,1094.95,6.0,,,,0.0,154.49,105.71,1.5,105.79,0.53,105.63,0.15,,,,,,,,,,SABESP,Água e Esgotos,SABESP,,,1.54,100.0,2.07,68.05,,,,1.41,93.93,100.0,100.0,97.59,2641.98,0.3,0.69,,271.57,100.0,77.27,,,0.69,,100.0,0.05,0.12,,,,,,,0.18,,,,,,,0.0,0.0,0.0,,0.0,0.0,Sim
3531902,,,,,,,,,,,,,,,,,,,,,,,,,,,,,,,,,,,,,,,,,,,,,,,,,,,,,,,,2.18,1.38,26.53,73.47,1.46,20.0,0.0,0.0,,,,0.0,368.7,161.57,68.28,41913.88,65430.0,,,18.0,78.37,96.23,100.0,0.0,100.0,48.11,50.0,0.0,4142.1,0.0,0.79,0.59,0.24,24.45,18.12,5.7,0.0,,,,,,,3.01,3.01,0.0,353190,1.03,0.94,190.41,0.85,0.77,0.94,82.46,-22.35,42.47,33146.95,111.68,32.85,51.5,0.0,0.0,29.41,46.11,48.75,5.14,0.0,48.47,47.99,3.54,,54.09,377.52,370.22,1.72,591.88,3.43,113.57,,99.01,96.83,1.04,94.32,0.0,94.99,0.0,0.0,0.0,54.68,33.28,18.2,0.0,18.2,191.55,,14.64,54.68,45.32,45.32,31.79,515.3,99.01,96.83,96.83,80.32,100.0,80.32,15.19,,567.14,6.0,,6.0,1.92,0.08,,100.88,0.43,100.0,0.0,134.04,0.15,,,,,,,,,,PMMA,Água e Esgoto,LPU,0.85,47714.25,1.16,7.82,86.81,40.77,100.0,0.0,7.41,35.39,95.85,100.0,100.0,100.0,2354.63,0.35,0.73,0.55,141.76,92.18,40.74,59.45,30.95,0.73,175.01,47.47,2.05,5.44,4.22,6.98,16.86,35.47,26.16,14.53,8.54,1.87,0.26,,,,,0.0,0.0,0.0,,0.44,51.85,Sim
3532009,87.75,99.49,21.29,88.52,100.0,21.93,22.07,1.1,100.0,90.6,71.13,100.0,100.0,12.22,13.86,166.52,141.37,16.29,11.59,73.8,85.04,14.96,26.2,6.69,154.8,94.73,0.92,2434.4,,11.51,11.6,,100.0,47.5,5.85,85.33,99.49,5.16,77.52,87.57,19.22,77.52,87.57,19.22,11.65,1.04,90.88,90.88,106.91,106.91,100.0,0.32,0.34,27.16,0.13,3.34,0.57,31.25,68.75,1.07,15.0,0.0,0.0,,,,0.0,377.68,154.63,215.03,37999.16,251887.5,,,21.0,70.46,100.0,100.0,100.0,100.0,100.0,100.0,0.0,2139.0,0.0,0.83,0.82,0.01,42.61,25.57,14.16,0.0,,,,,,,8.42,8.42,0.0,353200,3.89,2.87,521.72,3.71,3.81,3.6,95.37,49.0,39.71,218996.68,77.44,25.46,41.64,13.03,14.38,32.88,53.77,14.05,4.49,18.57,49.71,48.2,2.09,43.72,10.63,780.67,752.87,0.81,1276.62,1.6,57.63,0.57,89.75,100.0,1.04,90.25,100.0,99.98,63.57,100.0,100.0,63.57,18.76,11.92,11.92,14.69,139.01,0.82,8.5,78.36,21.64,36.43,25.46,232.86,86.75,100.0,100.0,91.54,100.0,91.54,8.15,0.51,498.3,6.0,,,,0.0,102.28,106.44,1.78,106.44,1.42,106.06,0.0,,,,,,,,,,SABESP,Água e Esgotos,SABESP,,,4.33,62.85,16.61,146.25,,,,24.3,90.0,100.0,100.0,75.22,2122.68,0.43,0.86,0.62,265.89,57.38,20.0,,32.95,0.82,,90.0,7.63,24.07,12.67,19.64,13.21,8.57,36.07,22.5,30.08,1.41,0.16,100.0,,,,0.86,38.83,40.0,,0.77,36.0,Sim
3532058,,,,,,,,,,,,,,,,,,,,,,,,,,,,,,,,,,,,,,,,,,,,,,,,,,,,,,,,,,,,,,,,,,,,,,,,,,,,,,,,,,,,,,,,,,,,,,,,,,,,,,353205,0.66,0.66,158.75,0.32,0.29,0.39,48.77,-10.65,30.79,29837.2,203.47,63.14,63.14,0.0,20.08,31.03,31.03,53.56,4.76,9.87,58.78,41.22,0.0,,4.0,605.62,609.5,1.64,605.62,3.28,54.38,0.48,100.0,100.0,1.0,100.0,100.0,100.0,70.31,100.0,100.0,70.31,37.36,26.26,26.26,26.26,222.38,0.79,13.86,70.31,29.69,29.69,26.25,364.71,100.0,100.0,100.0,74.65,69.51,51.89,13.98,0.0,,,,,,0.0,2.0,100.0,0.0,100.0,0.0,100.0,0.0,,,,,,,,,,PMM,Água e Esgoto,LPU,,,2.83,95.45,14.96,153.71,,,,22.99,100.0,100.0,100.0,100.0,974.44,0.87,0.79,,268.1,46.3,23.08,0.71,,0.57,2.9,,5.86,16.83,,43.1,27.59,27.59,0.0,1.72,17.41,0.64,0.08,100.0,,,,1.16,13.91,30.77,,0.58,15.38,Não
3532108,76.16,100.0,10.48,82.59,,7.91,11.92,1.01,100.0,100.0,70.71,100.0,79.12,27.25,44.46,524.57,461.52,38.08,26.93,73.01,116.76,-16.76,26.99,27.93,341.92,0.0,1.32,42.81,,2.67,150.0,,100.0,2.88,0.81,97.21,96.2,100.0,,,,,1.13,,11.22,0.47,,,112.16,112.16,100.0,0.19,0.21,1.0,0.6,2.9,1.09,100.0,0.0,0.0,0.0,79.88,41.08,100.0,0.0,0.0,37.88,210.89,108.46,112.9,37433.45,99822.53,264.03,264.03,98.0,0.0,73.37,100.0,0.0,100.0,0.0,0.0,0.0,1320.0,0.0,1.92,1.43,1.19,0.0,0.0,0.0,0.0,,,,,,,0.0,0.0,0.0,353210,1.05,1.05,169.79,0.73,0.81,0.6,69.29,0.0,57.11,27714.66,144.32,61.74,82.43,0.0,0.0,42.78,57.11,42.26,0.63,0.0,67.4,32.6,0.0,169.13,10.68,285.79,283.35,2.64,381.56,5.22,69.29,,61.46,100.0,1.02,98.33,0.0,100.0,98.36,100.0,100.0,98.36,16.3,16.04,16.04,16.04,308.41,,10.33,98.36,1.64,1.64,0.85,8.94,57.96,94.31,94.31,65.0,100.0,65.0,10.53,,,,195.25,8.75,1.5,0.5,1.8,100.0,0.82,100.0,0.0,100.0,1.67,,,,,,,,,,PMMS,Água e Esgoto,LPU,,,1.53,,89.46,105.21,,,,94.12,61.46,100.0,100.0,0.0,,,1.43,,,,,124.87,,1.43,,100.0,0.1,0.54,,0.0,0.0,0.0,0.0,100.0,1.02,0.99,0.07,,,,,,,,,,,Sim
3532157,,,,,,,,,,,,,,,,,,,,,,,,,,,,,,,,,,,,,,,,,,,,,,,,,,,,0.07,6.0,5.33,1.0,,,,,,,,,,,,,,,,,,,,,,,,,,,,,,,,,,,,,,,,,,,,,,,353215,1.48,1.48,,0.9,1.18,0.62,60.89,38.99,50.82,39195.08,164.23,78.17,83.45,0.0,0.0,47.6,50.82,44.25,4.94,0.0,66.0,34.0,0.0,140.35,5.34,,349.76,2.68,,5.36,37.15,,100.0,100.0,1.0,93.89,100.0,100.0,93.33,100.0,100.0,93.33,13.39,12.5,12.5,12.5,122.86,,16.07,93.33,6.67,6.67,1.83,29.35,100.0,100.0,100.0,98.57,100.0,98.57,16.07,,,,,,,,,133.8,0.0,133.8,0.0,91.67,0.0,,,,,,,,,,PMN,Água e Esgoto,LPU,2.48,4971.43,0.21,31.03,,12.34,100.0,0.0,14.29,,89.81,100.0,0.0,0.0,1299.25,1.06,1.18,0.7,19.67,68.97,42.86,,69.44,1.18,,100.0,20.49,88.62,38.89,40.0,44.0,8.0,2.0,6.0,99.26,,,,,,,0.0,0.0,0.0,,0.71,28.57,Não
3532207,95.67,100.0,58.03,96.39,100.0,66.07,18.11,1.06,99.98,91.53,91.69,100.0,100.0,11.54,13.21,159.92,146.52,11.97,10.97,91.75,110.41,-10.41,8.25,1.74,34.37,90.61,1.02,,,11.27,,,100.0,,2.78,85.34,95.17,0.0,88.27,91.59,60.36,88.27,91.59,60.36,11.54,1.09,85.55,85.55,106.63,106.63,100.0,0.16,0.0,,0.0,3.78,0.56,100.0,0.0,1.63,8.0,0.0,0.0,,,,0.0,82.47,36.74,80.04,21202.62,66111.28,,,100.0,0.0,91.37,100.0,16.39,100.0,83.33,87.64,0.0,896.0,0.0,0.42,0.45,0.01,26.81,19.91,14.98,0.0,,,,,,,10.94,10.94,0.0,353220,3.13,2.71,451.52,2.94,3.19,2.68,93.79,-0.43,56.38,213508.01,92.26,48.98,60.11,7.0,9.46,53.09,65.15,16.36,0.24,10.25,50.94,42.45,6.6,17.78,4.91,725.84,718.1,1.13,890.75,2.26,107.56,0.74,100.0,100.0,1.01,92.02,100.0,99.94,89.93,99.95,100.0,89.98,13.27,11.87,11.87,13.89,147.96,1.09,17.94,105.32,-5.32,10.02,2.21,43.91,99.51,100.0,100.0,99.95,100.0,99.95,14.43,0.18,838.33,6.0,,,,0.0,30.83,100.0,0.0,100.0,0.0,100.0,0.0,,,,,,,,,,SABESP,Água e Esgotos,SABESP,,,0.14,0.0,,14.22,,,,,71.69,99.0,99.0,6.54,323.96,2.84,0.85,,46.08,100.0,20.41,13.82,,0.85,,99.0,6.45,19.9,,,,,,,20.19,,,0.0,,,,8.53,0.0,61.22,,0.57,4.08,Sim
3532306,41.69,100.0,0.0,23.35,56.49,0.0,22.07,1.0,0.0,100.0,0.0,0.0,0.0,,12.46,199.67,199.67,18.59,12.46,67.0,67.0,33.0,33.0,9.14,201.72,0.0,3.03,50.0,,2.5,6.0,,100.0,3.45,0.28,,,,,,,,,,,,,,,,,0.75,0.0,,,2.02,0.16,100.0,0.0,0.0,0.0,17.37,16.11,90.91,9.09,0.0,115.79,16.5,15.3,161.4,30000.0,95000.0,95.0,95.0,47.83,0.0,87.03,100.0,77.76,86.31,0.0,0.0,0.0,834.85,0.0,0.64,0.59,0.3,0.0,0.0,0.0,0.0,,,,,,,0.0,0.0,0.0,353230,,,220.93,,,,15.09,0.0,61.78,71600.0,662.78,397.78,409.44,0.0,0.0,60.02,61.78,30.68,7.54,0.0,0.0,100.0,0.0,0.0,5.15,524.61,505.18,1.92,540.0,3.85,15.09,1.52,42.83,100.0,1.08,92.86,8.67,0.0,0.0,0.0,8.67,10.29,89.29,8.33,0.0,0.0,134.44,0.07,21.87,0.0,100.0,89.71,95.5,2571.13,42.83,100.0,100.0,71.43,10.0,7.14,21.87,0.2,433.33,8.0,300.0,12.5,25.0,0.57,4.0,103.33,3.23,122.0,1.64,112.5,8.33,,,,,,,,,,PMNS,Água e Esgoto,LPU,,,,,,,,,,,,,,,,,,,,,,,,,,,,,,,,,,,,,,,,,,,,,,,,Sim
3532405,44.48,88.78,0.0,44.55,90.58,0.0,20.48,1.08,100.0,90.76,72.29,100.0,100.0,11.67,13.8,235.09,206.48,15.31,11.07,72.29,90.14,9.86,27.71,6.89,149.97,93.1,0.9,929.13,,14.14,13.69,,95.63,17.67,12.84,25.28,50.46,0.0,18.91,38.46,0.0,18.53,37.67,0.0,14.61,1.03,87.44,87.42,35.35,34.83,98.54,0.44,0.37,27.47,0.3,1.61,0.34,100.0,0.0,0.0,0.0,430.21,219.49,100.0,0.0,6.79,92.27,434.62,221.74,59.0,35280.0,35280.0,101.02,5.4,18.31,79.09,80.0,96.58,63.35,63.09,0.0,0.0,0.0,2178.0,0.0,0.96,0.87,0.53,0.0,0.0,0.0,0.0,,,,,,,0.0,0.0,0.0,353240,3.92,3.28,549.91,3.35,3.54,2.73,85.46,2.58,50.59,218081.55,97.77,33.95,59.19,17.63,12.51,34.72,60.54,16.11,3.61,12.8,78.9,18.03,3.08,40.04,8.72,655.07,638.21,0.9,1142.1,1.19,90.36,0.71,39.46,46.56,1.03,90.85,100.0,99.99,74.94,100.0,100.0,74.94,15.26,11.44,11.44,14.31,223.53,0.87,19.72,93.75,6.25,25.06,6.02,129.01,12.17,14.36,14.36,23.61,99.84,23.58,11.51,0.17,,,,,29.37,2.07,17.85,105.59,0.0,101.48,0.18,101.3,0.91,,,,,,,,,,SABESP,Água e Esgotos,SABESP,1.59,15664.29,0.73,,100.0,24.94,92.0,8.0,4.0,24.94,89.2,100.0,76.44,100.0,8626.2,0.13,0.94,,,,8.0,,,0.9,,,,,,,,,,,,,,0.0,,,,1.08,,68.0,,0.32,20.0,Sim
3532504,90.05,100.0,2.08,92.94,,1.65,39.01,1.0,100.0,100.0,55.38,100.0,0.0,10.17,10.16,161.03,151.37,18.35,10.16,58.04,55.37,44.63,41.96,6.2,253.32,100.0,1.11,10500.0,,3.0,6.0,,100.0,256.88,0.24,89.84,100.0,0.0,80.57,88.66,0.0,80.57,88.66,0.0,16.64,0.99,101.24,101.24,100.0,100.0,100.0,2.01,0.86,1.33,0.6,1.8,0.6,72.73,27.27,0.0,0.0,52.43,24.61,100.0,0.0,0.0,11.63,450.94,211.67,30.85,17187.5,,860.02,13.87,13.01,86.99,100.0,100.0,100.0,100.0,0.0,0.0,0.0,2015.93,0.0,1.67,1.0,0.75,0.0,0.0,0.0,0.0,,,,,,,0.0,0.0,0.0,353250,0.86,0.86,113.49,1.02,0.98,1.07,117.71,0.0,53.66,52500.0,84.95,43.51,45.58,0.0,0.0,51.22,53.66,39.02,7.32,0.0,55.56,44.44,0.0,384.15,8.38,862.07,862.07,1.11,903.12,2.29,117.71,0.49,90.3,93.06,1.0,100.0,0.0,100.0,0.0,0.0,0.0,93.05,23.33,21.67,0.0,13.1,309.17,0.61,17.11,56.24,43.76,6.95,2.87,53.23,83.99,93.06,93.06,43.96,100.0,43.96,8.16,0.12,,,,,,0.0,20.0,100.0,0.0,100.0,0.0,100.0,0.0,,,,,,,,,,PMNP,Água e Esgoto,LPU,1.74,124357.09,6.0,81.62,8.04,216.03,50.0,50.0,14.29,17.37,90.25,100.0,100.0,77.39,1651.22,0.74,1.05,0.82,451.47,80.41,42.86,77.39,29.21,1.05,,100.0,1.93,7.45,20.83,8.33,16.67,50.0,16.67,8.33,62.04,3.4,0.32,,,,,0.0,18.38,0.0,,0.0,0.0,Sim
3532603,96.44,100.0,78.78,88.39,98.42,31.65,12.14,1.08,100.0,89.02,87.98,100.0,100.0,12.81,14.0,192.26,171.52,13.64,12.0,88.48,102.6,-2.6,11.52,4.24,55.66,91.66,1.3,,,7.18,,,100.0,,2.61,86.16,100.0,17.51,78.12,86.89,28.5,78.12,86.89,28.5,8.59,1.04,87.13,87.13,95.24,95.24,100.0,0.06,0.0,,0.0,1.21,0.6,100.0,0.0,,3.0,189.3,100.48,100.0,0.0,0.0,80.05,236.48,125.52,48.55,40182.77,97222.58,124.93,58.38,59.71,40.29,100.0,100.0,100.0,100.0,0.0,0.0,95.24,1260.0,0.0,0.69,0.66,0.04,0.0,0.0,0.0,0.0,,,,,,,0.0,0.0,0.0,353260,4.03,2.6,440.69,3.24,3.29,3.18,80.19,2.89,42.65,194115.5,80.24,42.6,53.18,34.88,7.28,53.09,66.28,14.0,1.67,9.07,48.98,46.62,4.39,13.15,12.49,664.59,654.74,1.22,829.75,2.43,92.51,0.62,86.71,100.0,1.01,89.3,100.0,99.99,85.38,100.0,100.0,85.38,14.11,12.02,12.03,14.15,166.91,1.12,11.33,100.5,-0.5,14.62,5.56,68.7,85.44,100.0,100.0,97.19,100.0,97.19,10.09,0.07,60.0,6.0,,,,0.0,41.46,103.67,0.0,103.67,0.0,103.67,0.0,,,,,,,,,,SABESP,Água e Esgotos,SABESP,2.69,57095.29,3.72,0.57,55.49,153.51,100.0,0.0,0.0,85.19,80.89,78.78,78.78,0.0,856.23,0.97,0.71,0.71,396.49,67.0,36.0,39.8,0.5,0.71,,80.45,0.12,0.32,0.5,16.67,16.67,33.33,0.0,33.33,1.29,0.56,0.08,0.0,,,,0.75,32.43,28.0,,0.65,24.0,Sim
3532702,98.33,100.0,81.29,97.09,99.72,69.04,8.63,1.05,100.0,93.1,90.63,100.0,100.0,12.08,13.86,172.23,162.04,12.8,11.6,90.71,108.31,-8.31,9.29,4.32,40.86,90.47,0.99,,,2.88,,,100.0,,2.25,95.1,100.0,45.03,87.68,90.04,62.44,87.68,90.04,62.44,8.95,1.03,91.38,91.38,96.13,96.13,100.0,0.44,0.24,8.4,0.12,2.71,0.45,21.43,78.57,0.0,0.0,7.4,3.52,100.0,0.0,95.65,0.19,166.97,79.55,95.85,56400.0,28200.0,2257.36,361.54,14.53,85.47,91.09,100.0,0.0,100.0,0.0,0.0,0.0,1122.0,0.0,0.63,0.59,0.1,0.0,0.0,0.0,0.0,0.0,0.0,,,,,0.0,0.0,0.0,353270,3.22,2.85,469.22,2.81,3.06,2.55,87.35,-0.53,55.3,295714.83,101.26,43.89,63.32,7.99,12.11,43.35,62.53,14.66,3.37,11.96,50.69,40.1,9.21,26.43,3.61,1007.88,1001.78,0.69,1453.8,1.35,102.4,0.88,86.8,97.71,1.01,94.01,100.0,100.0,85.67,100.0,100.0,85.67,13.39,11.47,11.47,13.74,154.84,0.9,9.76,102.64,-2.64,14.33,6.04,63.49,83.22,93.67,93.67,97.91,100.0,97.91,11.01,0.07,260.0,6.0,,,,0.0,18.6,100.42,0.0,100.42,0.0,100.42,0.0,,,,,,,,,,SABESP,Água e Esgotos,SABESP,2.81,34029.33,2.23,39.79,6.49,95.53,53.85,46.15,15.38,6.2,88.84,100.0,100.0,0.0,2066.03,0.65,1.15,0.85,119.75,52.52,23.08,30.93,34.72,1.15,,,,,,,,,,,,,,83.33,,,,1.3,45.95,46.15,,0.22,7.69,Sim
3532801,89.63,100.0,0.0,88.69,98.58,0.0,10.56,1.0,100.0,99.86,84.13,100.0,0.0,10.68,10.71,175.08,175.08,12.7,10.68,84.13,84.31,15.69,15.87,5.43,66.49,100.0,1.43,,,1.0,,,100.0,,3.42,89.63,100.0,0.0,,,0.0,,,0.0,10.8,1.0,100.0,100.0,58.6,58.25,99.4,0.0,0.0,,,0.33,0.33,100.0,0.0,0.0,0.0,85.42,41.22,100.0,0.0,0.0,66.63,128.21,61.86,32.86,100984.71,68326.03,150.09,53.94,58.16,41.84,89.63,100.0,0.0,100.0,89.63,100.0,0.0,925.7,0.0,1.11,0.72,0.52,14.35,7.17,5.45,0.0,,,12.02,22.68,29.25,26.76,1.59,1.59,0.0,353280,0.7,0.7,,1.21,1.71,0.7,173.7,0.0,56.22,64522.45,57.57,32.36,32.36,0.0,0.0,56.22,56.22,39.21,4.57,0.0,70.87,29.13,0.0,0.0,4.0,,1263.25,0.79,,1.53,173.7,0.37,100.0,100.0,1.01,,100.0,100.0,37.54,59.95,74.0,62.62,27.78,17.4,10.43,10.43,217.63,0.56,8.6,37.54,62.46,37.38,31.07,344.19,100.0,100.0,100.0,79.85,75.08,59.95,10.86,0.0,,,,,,0.0,10.0,100.0,10.42,100.0,8.33,100.0,6.25,,,,,,,,,,PMNA,Água e Esgoto,LPU,2.6,21873.56,1.38,3.73,51.94,56.79,100.0,0.0,0.0,29.5,82.85,100.0,100.0,0.0,760.92,1.04,0.68,,126.58,55.13,40.0,81.18,,0.68,,100.0,2.73,6.75,,11.03,23.08,27.95,30.0,7.95,9.66,0.81,0.12,0.0,,,,1.21,41.14,46.67,,0.35,13.33,Sim
3532827,85.51,100.0,49.96,81.44,100.0,37.02,8.58,1.06,99.98,93.3,81.87,100.0,100.0,9.37,12.05,117.08,106.0,10.98,8.99,82.01,109.76,-9.76,17.99,7.24,68.58,89.4,1.55,,,19.65,,,98.77,,5.56,57.76,81.31,0.0,53.46,65.64,24.32,53.46,65.64,24.32,7.64,1.02,93.08,93.08,73.16,73.16,100.0,0.35,0.35,22.33,0.04,2.12,0.35,100.0,0.0,0.65,4.0,27.11,11.74,100.0,0.0,0.0,10.22,265.3,114.93,145.26,68505.96,296859.16,978.56,878.56,94.62,5.38,100.0,100.0,100.0,100.0,71.03,100.0,12.3,1625.4,0.23,0.52,0.45,0.1,103.87,73.71,45.1,0.0,,,57.14,42.86,,,27.8,27.8,0.0,353282,3.67,3.57,515.24,2.26,2.27,2.24,61.42,-18.57,58.9,181818.54,158.19,61.78,95.89,18.59,20.45,39.05,60.62,19.1,2.65,12.93,48.8,47.55,3.65,12.63,6.21,582.14,566.19,1.14,903.62,2.26,79.52,0.66,54.66,80.78,1.03,92.36,100.0,100.0,73.03,100.0,100.0,73.03,12.54,9.16,9.16,12.02,103.76,1.76,7.74,95.89,4.11,26.97,12.6,114.31,53.98,79.78,79.78,100.0,100.0,100.0,6.87,0.28,126.67,6.0,,,,0.0,39.01,114.17,0.0,110.0,0.76,110.0,0.0,,,,,,,,,,SABESP,Água e Esgotos,SABESP,1.97,21226.4,0.98,5.12,16.82,41.8,100.0,0.0,15.38,7.03,100.0,100.0,100.0,3.64,986.16,0.45,0.4,0.27,178.0,61.99,23.08,15.61,0.1,0.27,,100.0,0.31,0.45,3.65,33.33,33.33,33.33,0.0,0.0,5.3,1.45,0.36,0.0,,,,0.61,26.04,30.77,,0.61,30.77,Sim
3532843,78.09,100.0,34.54,68.89,98.34,11.66,11.4,1.08,100.0,88.71,86.69,100.0,100.0,12.0,13.42,176.93,157.49,12.85,11.14,87.08,104.42,-4.42,12.92,4.46,59.07,85.75,0.41,,,6.0,,,100.0,,1.56,69.24,100.0,8.13,59.95,85.31,10.67,59.95,85.31,10.67,11.48,1.17,78.91,78.91,100.95,100.95,100.0,0.13,0.0,,0.0,5.11,1.46,100.0,0.0,0.0,0.0,47.22,27.21,100.0,0.0,0.0,53.29,88.6,51.06,97.51,19069.55,35028.41,187.66,187.66,100.0,0.0,100.0,100.0,100.0,100.0,100.0,100.0,0.0,854.0,0.0,1.14,0.67,0.7,2.43,1.94,0.99,0.0,,,,,,,0.47,0.47,0.0,353284,3.17,2.37,398.23,2.95,3.27,2.63,93.28,0.3,54.62,354087.25,80.12,51.32,58.55,18.69,8.51,64.06,73.09,6.98,0.35,10.62,54.93,43.3,1.77,19.5,1.14,1216.6,1209.59,0.72,1388.0,1.43,103.49,0.75,88.04,100.0,1.01,89.89,100.0,100.0,89.37,100.0,100.0,89.37,13.08,11.69,11.69,14.01,163.69,0.36,12.28,107.09,-7.09,10.63,3.33,45.96,86.6,100.0,100.0,100.0,100.0,100.0,14.13,0.12,,,,,,0.0,3.79,100.0,0.0,100.0,0.0,100.0,0.0,,,,,,,,,,SABESP,Água e Esgotos,SABESP,,,0.97,0.0,41.98,157.82,,,,66.26,41.63,100.0,100.0,0.0,,,0.42,,436.8,42.42,,0.83,,0.42,,100.0,5.83,8.94,,57.14,28.57,14.29,0.0,0.0,12.77,1.4,0.33,,,,,,51.34,,,,,Sim
3532868,,,,,,,,,,,,,,,,,,,,,,,,,,,,,,,,,,,,,,,,,,,,,,,,,,,,,,,,,,,,,,,,,,,,,,,,,,,,,,,,,,,,,,,,,,,,,,,,,,,,,,353286,,,,,,,,,,,,,,,,,,,,,,,,,,,,,,,,,,,,,,,,,,,,,,,,,,,,,,,,,,,,,,,,,,,,,,,,,,,,,,,,,,,,,,,,,,,,,,,,,,,,,,,,,,,,,,,,,,,,,,,,,,,,,,,,,,,,,,,Não
3532900,96.63,100.0,11.14,99.9,,5.92,5.37,1.01,99.99,97.05,21.16,51.85,100.0,8.48,17.28,229.63,219.25,39.99,16.31,40.9,43.21,56.79,59.1,139.83,785.34,92.97,0.0,54.5,54.5,1.09,18.0,18.0,100.0,1.38,4.72,96.2,100.0,0.0,94.05,97.77,0.0,94.05,97.77,0.0,7.47,1.0,97.1,97.09,74.82,74.82,100.0,0.34,0.86,0.52,1.0,0.88,0.32,100.0,0.0,0.0,0.0,32.68,13.83,100.0,0.0,0.0,7.3,447.45,189.31,69.09,47967.17,127912.44,1369.3,293.44,31.72,22.21,100.0,100.0,100.0,100.0,0.0,0.0,67.79,879.6,0.0,0.76,0.52,0.26,0.0,0.0,0.0,0.0,,,,,,,0.0,0.0,0.0,353290,1.41,1.41,176.09,1.65,2.22,0.94,116.84,0.0,45.78,20257.19,85.59,16.26,39.18,0.0,5.73,19.0,45.78,47.46,0.0,6.7,74.66,25.34,0.0,110.35,26.51,251.28,244.08,1.7,605.59,3.37,116.84,,91.31,98.46,1.02,89.88,98.96,96.52,61.92,99.9,0.0,61.98,18.59,11.52,11.93,11.52,123.66,,7.96,61.98,38.02,38.02,27.67,237.54,91.31,98.46,98.46,79.92,100.0,79.92,7.88,,,6.0,,6.67,,,,115.0,8.7,109.09,0.0,105.56,6.32,,,,,,,,,,PMNE,Água e Esgoto,LPU,1.35,46497.48,1.79,5.08,,62.75,100.0,0.0,7.14,,91.31,98.46,98.46,0.0,5094.78,0.29,1.26,,120.35,88.44,21.43,,,1.28,,,,,,,,,,,,,,0.0,,,,0.19,6.48,14.29,,0.67,50.0,Sim
3533007,100.0,100.0,100.0,,,100.0,11.02,1.08,100.0,90.81,84.77,100.0,100.0,12.97,14.15,184.58,169.93,14.47,12.27,85.56,97.79,2.21,14.44,6.09,74.0,89.85,0.88,427.0,,14.65,17.0,,100.0,4.86,3.61,96.66,100.0,58.03,94.75,95.1,90.61,94.75,95.1,90.61,10.11,1.04,89.91,89.91,100.51,100.51,100.0,0.07,0.05,5.0,0.03,2.59,0.39,55.56,44.44,0.0,0.0,0.0,0.0,,,,0.0,373.66,167.84,234.45,62679.55,,,,27.23,62.78,92.04,100.0,0.0,100.0,0.0,0.0,0.0,4531.2,0.0,1.26,1.37,0.0,0.0,0.0,0.0,0.0,,,,,,,0.0,0.0,0.0,353300,2.6,2.11,367.98,2.89,3.1,2.68,110.97,0.0,52.52,201804.31,73.12,43.58,47.33,7.37,6.25,59.6,64.72,16.56,0.62,8.54,53.05,45.1,1.85,16.57,17.92,847.31,830.79,1.11,920.21,2.2,118.84,0.65,93.69,100.0,1.02,92.5,100.0,100.0,83.4,100.0,100.0,83.4,15.11,12.6,12.6,14.51,159.0,0.95,11.76,96.0,4.0,16.6,6.51,84.13,92.83,100.0,100.0,98.5,100.0,98.5,10.11,0.09,535.0,6.0,,,,0.0,49.07,100.62,0.31,100.62,0.0,100.62,0.0,,,,,,,,,,SABESP,Água e Esgotos,SABESP,0.9,115692.69,3.77,96.99,20.86,104.52,11.11,88.89,0.0,21.8,92.67,100.0,97.11,100.0,3663.5,0.2,0.63,0.63,329.46,72.56,22.22,,0.0,0.63,,,,,,,,,,,,,,100.0,,,,0.4,22.62,44.44,,0.3,33.33,Sim
3533106,92.18,92.54,88.78,99.16,100.0,91.43,8.03,1.06,100.0,90.32,82.04,100.0,100.0,12.13,13.58,186.57,169.11,13.96,11.45,82.05,97.32,2.68,17.95,9.53,87.68,85.7,0.53,,,27.67,,,85.71,,4.41,88.39,92.54,48.29,89.09,89.76,82.86,89.09,89.76,82.86,10.7,1.0,91.57,91.57,103.66,103.66,100.0,0.07,0.51,6.0,0.15,6.56,0.46,100.0,0.0,0.91,2.0,19.26,9.44,100.0,0.0,0.0,54.33,35.45,17.37,303.22,33395.98,38000.0,184.07,184.07,73.85,0.0,100.0,100.0,100.0,100.0,100.0,100.0,0.0,732.5,0.46,1.83,0.96,0.97,29.71,21.94,8.5,0.0,,,,,,,3.28,3.28,0.0,353310,2.51,1.98,323.06,2.91,3.19,2.63,116.21,1.58,55.68,247913.44,67.91,28.77,47.92,7.74,6.4,42.36,70.57,10.04,0.33,9.42,53.88,44.13,1.99,26.06,1.67,1087.49,1082.69,0.55,1811.5,1.1,121.59,0.71,95.47,100.0,1.0,91.64,100.0,100.0,80.87,100.0,100.0,80.87,14.34,11.58,11.58,13.6,157.59,0.48,8.56,95.05,4.95,19.13,9.27,90.41,94.91,100.0,100.0,100.0,100.0,100.0,11.85,0.06,900.0,7.0,,,,0.0,20.03,100.0,0.83,100.0,0.0,100.0,0.0,,,,,,,,,,SABESP,Água e Esgotos,SABESP,7.46,20803.36,2.42,2.32,8.74,155.17,100.0,0.0,,13.55,100.0,100.0,100.0,2.8,,,0.68,,304.8,48.84,,56.0,,0.59,,100.0,2.5,6.22,,16.0,16.0,8.0,4.0,56.0,6.96,0.68,0.1,,,,,,48.84,,,,,Sim
3533205,76.04,100.0,0.0,,,0.0,5.74,1.0,100.0,94.08,6.91,10.37,100.0,1.0,18.01,212.6,212.6,14.47,9.65,66.65,124.44,-24.44,33.35,26.1,158.71,89.53,16.02,114.29,,0.75,0.57,,100.0,4.63,0.41,76.04,100.0,0.0,,,,,,,8.8,0.0,,,82.91,82.91,100.0,0.15,0.48,0.45,1.0,4.66,1.36,45.45,54.55,0.0,0.0,0.0,0.0,,,,0.0,384.29,167.96,258.07,43518.33,65277.5,,,33.53,40.14,76.54,100.0,2.09,100.0,0.0,0.0,39.93,1498.35,0.0,1.71,0.89,1.35,0.0,0.0,0.0,39.93,,,,,,,0.0,0.0,0.0,353320,1.48,1.48,223.01,0.58,0.6,0.55,39.04,0.0,73.85,46656.18,256.18,92.3,189.19,0.0,0.0,36.03,73.85,24.43,1.72,0.0,53.75,46.25,0.0,39.39,12.3,283.3,255.16,1.91,580.67,3.82,39.04,0.63,98.26,100.0,1.0,90.76,100.0,100.0,60.2,100.0,100.0,60.2,23.91,14.39,14.39,14.39,190.8,0.41,16.76,60.2,39.8,39.8,13.83,312.84,98.26,100.0,100.0,94.0,100.0,94.0,18.07,0.46,1591.0,12.0,,,1.42,0.72,0.16,111.33,0.0,111.33,0.0,117.46,1.86,,,,,,,,,,PMNI,Água e Esgoto,LPU,,,2.02,24.52,,163.68,,,,,79.72,100.0,100.0,0.0,918.0,0.95,0.75,0.69,397.74,66.2,50.0,139.21,8.84,0.75,,,,,,,,,,,,0.78,0.1,,,,,0.0,22.82,0.0,,0.32,16.67,Sim
3533254,93.8,100.0,0.0,77.27,82.66,0.0,8.63,1.0,0.0,100.0,0.0,0.0,,,13.37,159.83,94.72,22.13,13.37,61.14,60.39,39.61,38.86,32.76,282.78,100.0,10.11,,,3.0,,,100.0,,1.99,93.8,100.0,0.0,,82.66,,,82.66,,8.63,0.0,,,80.0,0.0,0.0,0.19,1.15,1.6,1.0,0.48,0.48,100.0,0.0,0.0,0.0,0.0,0.0,,,,0.0,24.71,10.74,10.74,22508.2,22508.2,,,100.0,0.0,93.8,100.0,0.0,100.0,0.0,0.0,0.0,395.0,0.0,0.73,0.62,0.16,0.0,0.0,0.0,0.0,,,,,,,0.0,0.0,0.0,353325,0.25,0.25,127.75,0.26,0.27,0.24,103.88,0.0,31.13,31347.44,96.27,26.24,29.97,0.0,0.0,27.26,31.13,63.51,5.36,0.0,56.97,43.03,0.0,360.0,3.43,788.24,785.32,1.12,900.17,2.22,103.88,0.19,91.05,100.0,1.0,100.0,86.67,0.0,0.0,0.0,86.67,100.0,46.28,46.28,,46.28,391.05,0.73,13.28,100.0,0.0,0.0,0.0,0.0,91.05,100.0,100.0,86.67,69.23,60.0,13.28,0.92,205.0,15.0,205.0,14.0,,0.0,2.65,100.0,0.0,100.0,0.0,100.0,0.44,,,,,,,,,,PMN,Água e Esgoto,LPU,,,0.51,,60.46,18.95,,,,11.46,91.05,100.0,100.0,0.0,,,0.45,,100.41,,,125.43,,0.45,,,,,,,,,,,,,,,,,,,,,,,,Sim
3533304,95.03,100.0,59.01,98.64,99.92,89.02,38.64,1.06,100.0,91.21,90.24,100.0,100.0,11.97,13.66,192.34,170.26,12.63,11.4,91.37,108.15,-8.15,8.63,0.89,38.15,89.53,0.91,,,26.0,,,100.0,,0.22,93.41,100.0,45.64,89.44,90.58,80.92,89.44,90.58,80.92,7.09,1.02,91.11,91.11,94.52,94.52,100.0,0.38,0.0,,0.0,1.6,1.06,100.0,0.0,0.0,0.0,151.32,78.27,100.0,0.0,10.2,162.63,83.55,43.22,49.18,30664.41,40885.87,55.22,55.22,100.0,0.0,100.0,100.0,100.0,100.0,100.0,100.0,0.0,458.0,0.0,0.88,0.76,0.14,70.47,56.38,25.32,0.0,,,,,,,17.47,17.47,0.0,353330,3.18,2.89,474.22,2.92,3.23,2.61,92.0,2.41,60.16,255517.93,98.79,55.44,65.39,7.61,13.58,56.11,66.19,12.43,0.56,13.74,54.71,43.7,1.59,19.16,2.95,814.05,801.16,1.06,960.2,2.1,95.2,0.71,77.01,85.84,1.02,91.97,100.0,100.0,88.87,100.0,100.0,88.87,13.06,11.61,11.61,13.7,145.47,0.86,15.19,104.86,-4.86,11.13,2.94,48.57,76.4,85.16,85.16,96.16,100.0,96.16,8.27,0.22,300.0,6.0,,,,0.0,18.19,100.0,0.0,100.0,0.0,100.0,0.0,,,,,,,,,,SABESP,Água e Esgotos,SABESP,,,1.56,2.71,49.55,72.71,,,,36.03,100.0,100.0,100.0,11.59,704.47,0.82,0.56,0.5,267.45,74.64,33.33,107.17,0.2,0.5,,,,,11.41,,,,,,23.1,,,,,,,0.0,0.0,0.0,,1.36,55.56,Sim
3533403,100.0,100.0,100.0,,,59.8,10.87,1.06,100.0,84.22,69.14,100.0,95.29,12.16,12.84,194.1,163.46,17.41,12.04,72.03,73.75,26.25,27.97,15.38,168.91,98.95,0.91,300.0,,1.99,3.42,,99.73,1.0,1.22,98.0,98.0,97.95,,,,,,,10.7,1.07,,,94.32,84.38,89.47,0.34,1.93,3.0,1.0,0.86,0.16,46.15,53.85,1.02,12.0,222.93,93.2,100.0,0.0,22.12,98.49,176.28,73.7,108.03,46490.72,,79.08,0.0,12.0,88.0,100.0,100.0,100.0,100.0,18.32,18.46,0.0,8555.45,0.09,1.46,0.73,0.73,11.9,8.16,0.82,0.0,,,,,,,0.28,0.28,0.0,353340,4.0,3.51,544.75,3.65,3.74,3.56,91.2,-35.16,50.82,82135.42,96.29,41.19,55.73,0.0,14.88,42.77,57.88,10.41,2.5,15.45,47.62,42.48,9.91,122.06,192.81,260.52,254.14,2.91,352.49,5.82,149.37,0.47,99.0,100.0,1.05,90.37,97.11,100.0,68.92,100.0,100.0,68.92,17.7,12.2,12.2,13.03,173.44,0.84,11.5,73.59,26.41,31.08,16.51,189.94,99.0,99.62,99.62,100.0,100.0,100.0,11.13,0.4,300.0,9.56,300.0,9.56,2.0,0.66,2.0,225.64,0.0,212.83,0.0,123.14,0.0,2.27,2.15,0.13,-0.16,7.39,5.18,12.73,3.05,87.97,CODEN,Água e Esgoto,LPR,0.76,92247.09,2.36,85.82,16.73,70.13,17.78,82.22,6.67,11.74,100.0,100.0,99.95,96.97,2467.41,0.34,0.73,,230.89,88.22,44.44,75.66,,0.72,405.45,25.34,2.5,6.7,,48.45,24.22,10.09,15.39,1.84,7.01,1.7,0.23,0.0,,91.4,,0.1,5.81,13.33,0.04,0.27,35.56,Sim
3533502,97.54,100.0,45.41,97.06,99.8,39.09,10.14,1.08,100.0,90.06,93.36,100.0,100.0,14.08,15.02,213.79,195.33,14.19,13.24,93.42,105.88,-5.88,6.58,3.02,33.02,91.83,0.87,,,8.01,,,97.93,,3.33,95.06,99.54,0.0,87.89,90.36,35.43,87.89,90.36,35.43,6.4,1.03,89.21,89.21,92.64,92.64,100.0,0.02,0.06,2.0,0.03,1.96,1.27,41.13,58.87,0.27,10.0,0.0,0.0,,,,0.0,277.0,136.56,133.07,47270.91,53640.44,,,25.64,68.05,100.0,100.0,100.0,100.0,95.5,100.0,0.0,1924.56,0.0,1.07,0.64,0.44,10.4,6.93,4.22,0.0,,,86.97,8.81,,4.21,1.7,1.7,0.0,353350,2.37,1.68,315.18,3.25,3.48,3.01,136.81,-0.1,40.56,136424.99,51.67,24.9,29.65,6.15,6.47,48.19,57.37,14.45,2.11,12.52,52.79,45.32,1.89,12.94,42.86,754.47,742.58,1.13,898.25,2.26,146.29,0.58,95.96,100.0,1.02,90.53,100.0,100.0,86.35,100.0,100.0,86.35,16.37,14.02,14.02,15.67,191.47,0.79,8.56,96.53,3.47,13.65,8.04,74.05,95.32,100.0,100.0,91.19,100.0,91.19,8.2,0.02,364.27,6.0,,,,0.0,40.81,103.27,0.0,103.27,0.0,103.27,0.0,,,,,,,,,,SABESP,Água e Esgotos,SABESP,,,,,,,,,,,,,,,,,,,,,,,,,,,,,,,,,,,,,,,,,,,,,,,,Sim
3533601,93.67,100.0,0.0,92.18,98.38,0.0,12.42,1.0,100.0,82.12,94.33,100.0,100.0,17.66,18.49,280.01,277.04,18.49,17.44,94.33,100.0,0.0,5.67,2.71,34.44,68.25,3.33,,,3.6,,,100.0,,0.09,93.67,100.0,0.0,,95.78,,,95.78,,11.84,0.0,,,50.88,50.88,100.0,0.0,0.0,,,2.26,0.85,81.82,18.18,0.0,0.0,54.73,25.31,100.0,0.0,20.82,26.43,163.95,75.81,142.68,44675.73,89351.46,299.54,299.54,69.39,30.61,93.67,100.0,0.0,100.0,0.0,0.0,0.0,599.13,0.0,0.65,0.31,0.39,0.0,0.0,0.0,0.0,,,,,,,0.0,0.0,0.0,353360,0.85,0.85,,0.95,1.39,0.49,111.26,100.0,27.5,17074.91,89.88,18.35,24.72,0.0,0.0,20.41,27.5,68.16,4.34,0.0,75.1,24.9,0.0,,12.12,,481.87,1.54,,3.05,0.0,2.24,98.96,97.97,1.0,97.81,0.0,95.18,69.97,99.78,0.0,70.12,18.25,12.8,12.93,12.77,169.77,0.12,13.97,69.97,30.03,29.88,12.24,179.4,98.91,97.89,97.89,99.12,100.0,99.12,13.2,0.34,160.0,6.0,,,,,3.32,101.97,0.0,101.97,0.0,114.29,0.0,,,,,,,,,,PMN,Água e Esgoto,LPU,4.3,5466.44,0.47,,56.32,23.51,100.0,0.0,10.34,13.24,90.73,100.0,100.0,0.0,854.58,0.89,0.65,,83.82,,20.69,,,0.65,,,,,,,,,,,,,,0.0,,,,1.78,,41.38,,0.44,10.34,Sim
3533700,85.54,100.0,0.0,76.81,90.1,0.0,7.14,1.0,80.07,85.66,9.49,28.22,43.35,3.79,13.42,241.3,190.94,39.91,13.42,37.0,33.63,66.37,63.0,114.85,826.74,0.0,0.0,60.0,,2.39,6.5,,100.0,3.32,1.66,85.54,100.0,0.0,75.92,89.05,0.0,75.32,88.35,0.0,11.21,1.0,90.14,90.14,120.3,120.3,100.0,2.86,0.26,4.6,1.0,1.59,0.23,85.71,14.29,0.45,2.0,0.0,0.0,0.0,100.0,,0.0,140.09,63.95,138.27,60000.0,60331.57,,,44.82,27.59,100.0,100.0,100.0,100.0,100.0,100.0,70.59,510.0,0.23,0.63,0.58,0.06,90.66,49.86,42.55,10.0,,,,,,,21.57,21.57,0.0,353370,1.12,1.12,,0.69,0.88,0.44,61.37,0.0,59.84,39659.51,162.93,70.84,97.5,0.0,17.39,43.48,59.84,28.13,1.35,10.68,71.36,28.63,0.02,23.29,15.14,,208.89,3.48,,6.94,61.38,,79.81,99.94,1.0,,0.0,98.49,58.47,99.8,58.59,58.59,44.59,26.13,26.07,26.13,398.59,,8.25,58.59,41.41,41.41,73.62,608.64,79.81,99.94,99.94,80.32,100.0,80.32,8.29,,,,,,,,,100.0,0.0,100.0,0.0,100.0,0.0,,,,,,,,,,PMO,Água e Esgoto,LPU,3.5,39065.42,3.29,24.72,21.15,136.87,100.0,0.0,0.0,28.95,93.26,94.16,94.16,4.0,670.93,1.17,0.7,,242.63,45.29,33.33,11.43,,0.6,,93.43,3.2,8.18,,25.0,35.71,35.71,3.57,0.0,29.2,6.4,0.91,0.0,,,,1.17,29.99,33.33,,0.58,16.67,Sim
3533809,87.17,100.0,45.48,79.93,98.81,15.12,15.57,1.06,100.0,90.67,70.16,100.0,100.0,11.07,13.26,181.52,160.26,14.95,10.49,70.16,88.7,11.3,29.84,8.93,155.58,89.54,0.3,164.0,,2.0,9.0,,100.0,14.11,4.39,72.68,95.06,0.0,62.75,77.48,12.21,62.75,77.48,12.21,15.19,1.05,87.77,87.77,98.54,98.54,100.0,0.29,0.22,1.25,0.13,2.06,2.76,63.64,36.36,0.0,0.0,0.0,0.0,,,,0.0,231.25,138.84,94.6,45925.91,61234.54,,,68.5,22.28,100.0,100.0,100.0,100.0,76.46,100.0,0.0,1185.0,0.0,1.28,0.63,0.85,61.79,60.25,20.51,0.0,,,,,,,9.87,9.87,0.0,353380,3.45,2.09,344.03,2.98,3.3,2.61,86.53,-0.89,28.21,124315.81,69.97,12.74,32.6,33.42,14.87,18.21,46.6,18.63,1.7,21.26,58.72,39.22,2.06,7.43,2.56,775.51,769.25,0.51,1984.5,0.94,102.42,0.63,90.42,100.0,1.01,91.42,100.0,100.0,66.19,100.0,100.0,66.19,16.63,11.01,11.01,13.79,173.04,0.75,16.06,82.93,17.07,33.81,10.15,186.23,77.48,100.0,100.0,96.17,100.0,96.17,13.83,0.28,82.5,6.0,1000.0,6.0,,0.0,37.02,110.56,0.75,109.72,0.0,109.72,0.25,,,,,,,,,,SABESP,Água e Esgotos,SABESP,0.61,171780.0,1.17,4.74,,104.36,100.0,0.0,,,96.15,97.21,97.21,0.0,,,1.33,,204.56,95.26,,,,0.91,,,14.37,69.87,,,,,,,109.36,,,,,,,,0.0,,,,,Sim
3533908,,,0.0,89.12,91.98,0.0,9.9,1.02,100.0,91.43,78.45,100.0,100.0,16.57,16.73,239.7,191.93,21.12,16.57,78.52,79.23,20.77,21.48,14.39,152.15,5.8,1.13,2296.54,,34.99,8.33,,93.59,8.92,1.9,,,0.0,88.83,91.68,0.0,88.83,91.68,0.0,9.66,1.07,88.88,88.88,100.0,100.0,100.0,0.17,1.15,12.69,0.76,1.09,0.55,33.33,66.67,0.0,0.0,246.86,123.54,100.0,0.0,0.0,49.07,503.11,251.77,96.76,46270.16,92540.32,203.8,13.64,9.67,90.33,96.88,100.0,0.0,100.0,0.0,0.0,0.0,34700.0,0.18,1.68,0.83,0.9,0.0,0.0,0.0,0.0,,,,,,,0.0,0.0,0.0,353390,1.84,1.84,322.78,2.3,2.04,2.65,125.17,0.0,56.79,49757.42,79.89,25.71,45.37,0.0,10.84,32.18,56.79,25.23,3.0,13.57,42.89,40.84,16.27,43.31,174.71,271.43,264.07,2.15,478.99,4.22,149.48,0.55,94.44,100.0,1.01,91.97,100.0,96.94,71.08,88.21,100.0,80.58,20.99,16.91,15.41,16.91,255.3,1.12,10.11,80.58,19.42,19.42,12.99,135.35,94.44,100.0,100.0,73.51,30.0,22.05,9.72,0.08,1583.33,6.0,,,,,,231.67,0.89,129.33,0.0,100.0,1.36,,,,,,,,,,DAEMO,Água e Esgoto,LPU,1.39,79552.7,2.67,92.47,75.25,110.73,19.44,80.56,5.56,83.32,94.44,100.0,100.0,44.44,5547.15,0.43,2.04,0.91,80.3,53.99,30.56,,125.03,2.04,,,0.55,4.12,1.82,35.4,6.71,50.42,0.0,7.46,6.03,2.11,0.1,100.0,100.0,149.37,,0.27,6.61,19.44,0.05,0.6,43.06,Sim
3534005,85.14,93.18,0.0,89.05,97.44,0.0,6.31,1.08,100.0,90.45,83.22,100.0,100.0,13.54,14.5,194.02,174.2,15.34,12.77,83.54,94.56,5.44,16.46,13.27,89.27,92.64,0.38,,,7.4,,,100.0,,1.95,81.19,88.86,0.0,81.09,88.74,0.0,81.09,88.74,0.0,5.43,1.03,90.52,90.52,90.37,90.37,100.0,0.27,0.09,16.0,0.02,0.89,0.61,85.71,14.29,0.0,0.0,0.0,0.0,0.0,100.0,,0.0,331.01,144.01,63.13,30071.59,139478.46,,,51.34,36.14,100.0,100.0,100.0,100.0,0.0,0.0,0.0,956.7,0.0,1.6,0.79,0.88,0.0,0.0,0.0,0.0,,,,,,,0.0,0.0,0.0,353400,3.29,2.6,455.58,3.21,3.26,3.17,97.77,-2.68,58.92,269637.54,81.02,47.41,60.27,14.29,8.93,58.51,74.39,5.7,0.31,11.02,50.67,47.66,1.67,14.21,3.81,795.62,785.4,1.0,1011.5,1.98,108.58,0.71,100.0,100.0,1.01,92.03,100.0,100.0,82.53,100.0,100.0,82.53,15.49,12.78,12.78,14.61,149.62,0.21,5.42,94.32,5.68,17.47,15.63,90.17,98.93,100.0,100.0,90.36,100.0,90.36,6.84,0.24,,,,,,0.0,49.97,100.83,0.0,100.83,0.0,100.83,0.0,,,,,,,,,,SABESP,Água e Esgotos,SABESP,4.95,21568.59,1.68,3.13,,106.84,100.0,0.0,5.88,,78.34,100.0,100.0,78.25,1388.88,1.46,1.83,1.44,70.53,41.81,29.41,87.01,27.8,1.83,,43.71,3.7,24.77,6.95,11.76,23.53,41.18,23.53,0.0,36.42,55.0,3.0,0.0,,100.94,0.64,2.91,55.06,58.82,0.58,0.29,5.88,Sim
3534104,97.44,97.31,100.0,,,100.0,10.87,1.06,100.0,90.67,77.85,100.0,100.0,12.33,13.7,164.13,150.24,14.97,11.66,77.85,91.49,8.51,22.15,9.58,115.44,88.65,1.61,,,14.38,,,100.0,,5.54,97.27,97.21,98.4,93.58,93.66,92.2,93.58,93.66,92.2,10.14,1.04,89.21,89.21,100.98,100.98,100.0,0.3,0.2,5.17,0.07,2.04,0.85,100.0,0.0,0.0,0.0,54.52,23.01,100.0,0.0,0.0,44.35,122.93,51.87,154.44,51666.67,45500.0,225.46,168.52,70.01,5.37,94.95,100.0,0.0,100.0,0.0,0.0,0.0,1705.0,0.0,1.51,0.78,0.81,0.0,0.0,0.0,0.0,0.0,0.0,,,,,0.0,0.0,0.0,353410,3.38,3.17,519.41,2.81,3.12,2.49,83.19,-1.84,51.76,232438.99,112.86,43.5,62.22,8.89,21.24,38.54,55.13,19.57,0.67,18.82,54.64,43.19,2.17,16.8,5.72,811.72,809.63,0.86,1161.0,1.72,90.3,0.66,95.43,100.0,1.0,91.72,100.0,100.0,76.26,100.0,100.0,76.26,15.08,11.5,11.5,13.67,142.29,1.39,13.77,90.61,9.39,23.74,7.62,118.01,94.93,100.0,100.0,100.0,100.0,100.0,10.99,0.39,843.75,6.0,600.0,6.0,,0.0,38.15,100.0,0.0,100.0,0.0,100.0,0.0,,,,,,,,,,SABESP,Água e Esgotos,SABESP,3.78,35843.48,3.66,,,135.48,100.0,0.0,0.0,,100.0,100.0,100.0,0.0,1022.36,0.82,0.72,,,,21.74,180.0,,0.67,,,,,,,,,,,,0.45,0.06,0.0,,,1.7,1.97,,52.17,1.05,0.99,26.09,Sim
3534203,100.0,100.0,100.0,98.84,100.0,82.08,7.7,1.06,100.0,91.34,85.43,100.0,100.0,13.29,14.56,176.07,158.17,14.78,12.62,87.28,98.56,1.44,12.72,7.78,65.62,90.28,0.48,,,3.88,,,96.43,,2.37,100.0,100.0,100.0,90.59,91.62,75.72,90.59,91.62,75.72,4.92,1.05,88.71,88.71,88.93,88.93,100.0,0.04,0.0,,0.0,1.4,0.65,100.0,0.0,0.98,6.0,112.28,48.73,100.0,0.0,0.0,191.02,58.78,25.51,105.16,42310.38,39190.68,52.35,52.35,65.26,8.96,100.0,100.0,100.0,100.0,100.0,100.0,0.0,907.0,0.16,0.81,0.78,0.03,65.09,46.22,22.94,0.0,,,,,,,15.66,15.66,0.0,353420,2.89,2.17,385.41,3.05,3.24,2.85,105.4,-0.54,40.04,312109.69,71.39,26.67,37.98,10.0,11.06,37.36,53.2,20.83,0.71,15.49,52.47,45.89,1.64,17.1,2.85,1522.08,1511.2,0.46,2167.75,0.93,120.45,0.78,86.16,93.62,1.01,92.68,100.0,99.98,83.85,99.95,100.0,83.89,15.55,13.04,13.04,14.78,154.51,1.08,6.56,95.1,4.9,16.11,11.68,82.9,86.03,93.48,93.48,88.43,100.0,88.43,4.36,0.03,850.0,6.0,,,,0.0,40.33,100.0,3.79,100.0,0.0,100.0,2.27,,,,,,,,,,SABESP,Água e Esgotos,SABESP,3.69,22552.85,1.52,4.16,34.37,83.23,100.0,0.0,8.33,28.61,92.97,98.31,98.31,5.63,3088.39,0.46,1.29,0.91,64.76,34.7,12.5,231.04,41.42,1.28,,,5.63,26.59,7.96,48.7,28.57,18.68,4.05,0.0,26.6,1.18,0.09,0.0,,,,0.77,17.59,20.83,,0.15,4.17,Sim
3534302,95.25,97.29,0.0,85.81,87.65,0.0,10.81,1.0,100.0,88.75,38.12,100.0,100.0,17.16,17.13,239.86,202.15,44.94,17.13,39.35,38.12,61.88,60.65,82.81,899.21,99.95,1.2,,,6.74,,,75.27,,9.8,100.0,100.0,100.0,85.69,87.53,0.0,85.69,87.53,0.0,12.68,1.0,89.47,89.47,93.98,93.98,100.0,0.12,5.59,0.92,1.0,4.04,2.27,5.79,94.21,1.22,47.0,358.75,143.34,100.0,0.0,37.84,56.54,394.41,157.59,387.51,60708.51,60708.51,109.94,7.73,4.06,42.4,97.9,100.0,0.0,100.0,97.9,100.0,0.0,1249.08,0.0,1.48,0.76,0.76,42.49,34.99,15.31,0.0,,,55.85,18.37,9.19,11.81,6.32,6.32,0.0,353430,2.02,2.02,429.35,1.47,1.44,1.52,72.92,0.0,59.77,48035.04,137.13,24.66,81.96,0.0,0.0,17.98,59.77,35.14,5.09,0.0,56.25,43.75,0.0,122.09,152.91,187.18,183.31,1.64,622.23,3.27,72.92,,99.39,100.0,1.02,91.8,100.0,99.96,30.73,85.71,61.77,35.85,56.61,20.29,17.4,20.29,220.97,,13.7,35.85,64.15,64.15,86.88,1219.1,98.41,100.0,100.0,100.0,0.0,0.0,20.54,0.0,1342.86,8.29,170.91,6.36,0.49,3.53,0.3,105.65,0.0,115.9,0.0,102.53,0.0,,,,,,,,,,PMO,Água e Esgoto,LPU,1.8,53919.06,2.72,100.0,52.0,96.79,0.0,100.0,7.79,50.33,97.42,100.0,100.0,100.0,3190.61,0.3,0.93,0.74,206.55,72.47,16.88,23.45,26.37,0.93,,32.0,8.62,29.26,13.75,49.0,17.13,11.95,20.32,1.59,36.95,3.05,0.33,100.0,100.0,34.29,1.98,0.54,11.78,29.87,0.33,0.54,29.87,Sim
3534401,100.0,100.0,,,,,6.46,1.65,100.0,93.53,60.36,100.0,100.0,11.84,13.12,190.21,147.71,18.65,11.26,69.07,70.35,29.65,30.93,44.58,313.77,91.12,0.11,10481.48,,58.59,12.7,,95.89,3.13,8.78,99.81,99.81,,90.71,90.71,,54.34,54.34,,4.9,1.63,93.92,93.92,67.55,40.45,59.87,0.01,0.35,27.47,0.08,0.85,0.03,1.52,98.48,0.08,8.33,267.64,106.04,100.0,0.0,0.0,61.47,435.42,172.52,85.33,27726.92,,162.69,3.11,1.42,82.04,100.0,100.0,,89.43,41.69,36.54,0.0,16117.25,0.02,1.17,0.82,0.35,5.83,2.51,0.81,0.0,0.01,0.0,,,,,0.25,0.25,0.0,353440,2.91,1.62,255.61,3.67,3.53,3.85,126.27,0.62,35.45,175655.41,44.03,14.99,28.07,9.91,3.34,34.05,63.76,9.43,2.83,7.59,54.17,44.74,1.09,45.57,491.49,1077.78,669.34,0.8,2018.0,1.4,158.49,1.64,100.0,100.0,1.59,94.21,100.0,99.98,63.81,99.98,100.0,63.82,19.16,11.28,11.28,13.27,159.32,0.11,5.77,75.07,24.93,36.18,50.6,335.11,98.5,98.5,98.5,60.48,55.77,33.73,5.01,0.01,1019.04,11.82,,,39.93,3.1,19.63,100.0,0.61,100.0,0.61,100.0,1.39,,,,,,,,,,SABESP,Água e Esgotos,SABESP,0.79,174675.08,5.77,97.87,46.02,138.56,0.0,100.0,21.84,63.77,100.0,100.0,100.0,89.98,5570.17,0.21,1.0,,361.14,95.0,26.35,13.15,,1.0,,28.64,0.19,0.69,,,,,,,3.44,5.26,0.53,100.0,,,,0.21,5.0,27.08,,0.0,0.0,Sim
3534500,86.66,100.0,21.6,84.49,99.81,7.69,15.69,1.08,100.0,88.78,87.56,100.0,100.0,12.6,13.64,190.75,169.01,13.34,11.68,87.56,102.2,-2.2,12.44,3.55,59.16,92.51,0.83,,,51.48,,,100.0,,5.4,84.27,100.0,7.51,73.54,86.77,7.21,73.54,86.77,7.21,12.43,1.01,89.49,89.49,104.28,104.28,100.0,0.0,0.15,180.0,0.06,1.44,1.21,100.0,0.0,0.0,0.0,27.14,11.14,100.0,0.0,0.0,8.58,316.26,129.83,74.78,35828.51,34918.42,1165.31,380.66,44.58,0.0,98.64,98.65,98.59,98.65,95.85,98.65,0.0,1018.0,0.0,1.11,0.7,0.5,28.75,22.92,10.87,7.79,,,,,,,5.4,5.4,0.0,353450,2.85,2.06,334.49,3.05,3.32,2.78,107.01,-0.26,45.8,294156.98,67.5,30.82,42.8,11.08,11.95,45.66,63.4,7.5,0.98,17.7,54.08,44.09,1.84,14.22,1.39,1387.08,1373.4,0.52,1926.0,1.04,123.4,0.63,87.59,100.0,1.01,89.31,100.0,100.0,79.52,100.0,100.0,79.52,14.06,11.18,11.18,13.55,157.2,0.47,15.95,96.31,3.69,20.48,5.55,95.63,86.36,100.0,100.0,100.0,100.0,100.0,12.77,0.0,525.0,15.0,,,,0.0,58.19,100.0,0.83,100.0,1.67,100.0,0.83,,,,,,,,,,SABESP,Água e Esgotos,SABESP,,,0.78,0.0,,58.14,,,,,90.01,100.0,92.85,0.0,,,0.8,,119.63,60.28,,141.05,,0.74,,83.57,5.39,15.78,,38.24,26.47,14.71,11.76,8.82,31.1,,,,,,,,15.56,,,,,Sim
3534609,99.78,100.0,96.98,,,100.0,12.09,1.1,100.0,87.8,83.57,100.0,100.0,12.69,13.74,180.68,159.15,14.13,11.8,84.26,97.29,2.71,15.74,6.06,80.26,90.02,1.35,,,26.89,,,96.27,,9.0,91.59,98.93,0.0,90.98,91.29,87.11,90.98,91.29,87.11,9.73,1.05,86.36,86.36,100.39,100.39,100.0,0.18,0.49,25.23,0.13,0.24,0.81,100.0,0.0,1.21,36.0,6.91,3.04,100.0,0.0,0.0,0.07,9837.3,4325.93,87.65,186047.52,54263.86,142395.97,1442.56,1.99,96.68,92.58,100.0,0.0,100.0,92.58,100.0,0.0,5313.03,0.0,1.81,0.81,1.15,30.29,26.92,10.23,0.0,,,,,,,3.76,3.76,0.0,353460,2.93,2.46,418.52,3.17,3.42,2.93,108.34,-0.37,47.48,144306.99,77.52,28.49,43.82,7.01,9.8,36.75,56.53,19.48,2.3,12.65,53.02,45.07,1.91,12.94,42.3,609.95,598.77,1.09,938.2,2.16,115.12,0.6,96.32,100.0,1.02,88.93,100.0,100.0,84.41,100.0,100.0,84.41,14.61,12.04,12.04,14.17,162.45,1.4,12.09,99.33,0.67,15.59,5.56,74.48,95.65,100.0,100.0,100.0,100.0,100.0,9.82,0.17,1638.64,6.0,,,,0.0,29.6,102.31,0.0,102.31,0.0,101.85,0.45,,,,,,,,,,SABESP,Água e Esgotos,SABESP,,,3.5,7.21,2.86,90.2,,,,2.58,89.86,100.0,100.0,15.07,1092.97,0.78,0.86,,214.78,74.66,39.66,,,0.86,,100.0,10.61,33.26,,35.62,19.33,6.11,15.26,23.68,47.24,2.41,0.28,0.0,,,,0.3,18.13,15.52,,0.85,43.1,Sim
3534708,,,0.0,,,0.0,14.58,1.11,99.99,87.58,34.65,94.49,96.98,9.23,8.74,155.3,125.7,26.63,9.76,36.67,32.84,67.16,63.33,42.1,616.17,0.0,0.39,4177.55,5000.0,0.67,9.0,6.0,97.92,5.56,5.9,,,98.02,,,0.0,,,,12.04,1.5,65.54,,77.34,77.34,100.0,0.05,0.39,1.25,0.94,1.72,0.03,27.32,72.68,0.86,90.0,279.78,119.25,100.0,0.0,12.73,285.18,85.61,36.49,189.02,290000.0,,30.6,18.05,70.8,23.6,100.0,100.0,100.0,100.0,98.16,100.0,0.0,3389.2,0.04,0.7,0.41,0.3,19.45,15.25,12.91,0.0,,,,,,,5.9,5.9,0.0,353470,2.42,2.42,310.79,3.49,3.72,3.22,144.11,3.07,59.69,37671.85,69.39,33.59,41.42,0.0,2.61,48.4,59.69,27.25,7.62,3.75,57.3,39.27,3.43,136.85,443.99,203.05,183.43,4.42,250.43,8.8,144.64,,97.42,100.0,1.11,86.99,100.0,100.0,37.42,98.34,100.0,38.05,32.3,12.09,11.89,11.86,161.26,0.0,15.67,37.33,62.67,61.95,45.72,716.67,96.49,99.05,99.05,77.89,84.25,65.62,12.88,0.0,,6.58,,,0.04,2.58,,100.0,0.51,100.0,3.63,100.0,0.64,,,,,,,,,,SAE,Água e Esgoto,LPU,0.86,101909.01,3.01,0.0,101.15,87.53,100.0,0.0,4.21,88.54,98.64,99.45,99.45,11.75,1332.23,0.68,0.77,,261.67,84.53,78.95,,,0.77,,49.63,5.54,15.67,,53.31,22.85,4.8,13.71,5.33,33.18,,,,,,,0.0,15.47,0.0,,0.0,0.0,Sim
3534757,100.0,100.0,100.0,,,,17.18,1.08,100.0,88.84,86.4,100.0,100.0,12.72,13.98,192.67,172.52,13.78,11.91,87.46,101.46,-1.46,12.54,3.28,61.1,91.18,0.03,,,6.9,,,100.0,,0.88,100.0,100.0,100.0,,,,,,,13.77,1.05,86.01,86.01,106.0,106.0,100.0,0.05,0.01,6.0,0.05,0.52,1.43,100.0,0.0,3.17,10.0,113.9,52.15,100.0,0.0,0.0,67.32,169.2,77.47,112.31,74203.19,54000.0,148.55,148.55,61.13,1.46,92.1,100.0,8.22,100.0,29.73,32.53,42.81,2860.55,0.0,1.48,0.75,0.86,75.56,74.92,8.86,0.0,,,,,,,4.13,4.13,0.0,353475,2.35,1.71,300.09,2.97,3.28,2.66,126.61,-0.14,51.02,222780.82,57.41,32.48,40.29,6.26,8.18,56.57,70.18,3.23,0.05,14.25,54.19,42.92,2.89,17.84,8.06,1057.84,1046.06,0.77,1312.23,1.53,139.95,0.76,100.0,100.0,1.01,89.74,100.0,100.0,87.67,100.0,100.0,87.67,14.7,12.81,12.81,14.69,176.66,0.12,17.96,100.56,-0.56,12.33,3.05,59.87,98.95,100.0,100.0,100.0,100.0,100.0,14.18,0.02,,,,,,0.0,19.9,103.7,0.0,103.7,0.0,103.7,0.0,,,,,,,,,,SABESP,Água e Esgotos,SABESP,,,1.41,43.95,26.01,72.16,,,,18.77,100.0,100.0,100.0,8.42,,,0.8,,229.33,92.55,,,,0.72,,48.38,8.38,24.4,,42.29,15.86,26.43,7.93,7.49,24.51,1.94,0.24,,,,,,0.0,,,,,Sim
3534807,94.6,100.0,0.0,92.82,98.1,0.0,8.29,1.0,0.74,94.62,0.0,0.0,100.0,0.0,27.1,417.43,327.98,29.57,27.6,93.33,91.67,8.33,6.67,6.02,64.81,23.12,0.79,84.0,,6.0,8.0,,100.0,2.48,3.99,94.6,100.0,0.0,100.0,,0.0,85.96,90.86,0.0,10.26,1.0,96.66,62.19,82.14,82.14,100.0,0.0,2.67,3.0,1.0,2.01,0.8,100.0,0.0,1.46,11.0,6.65,3.16,100.0,0.0,0.0,3.24,205.16,97.62,108.47,53034.39,53602.88,3084.3,1351.33,72.32,1.61,95.18,100.0,10.77,100.0,95.18,100.0,0.0,1471.5,0.63,1.02,0.64,0.44,90.43,51.86,39.01,0.0,,,,,,,13.25,13.25,0.0,353480,0.41,0.41,111.42,0.53,0.47,0.61,130.0,100.0,26.5,30745.48,76.92,10.37,20.38,0.0,0.0,13.48,26.5,67.37,6.13,0.0,51.35,48.65,0.0,0.0,5.9,1041.41,1039.13,0.49,2047.83,0.97,0.0,0.66,92.0,100.0,1.0,99.48,0.0,0.0,0.0,0.0,100.0,81.67,32.45,26.5,,26.5,342.03,0.58,13.54,81.67,18.33,18.33,13.7,195.6,92.0,100.0,100.0,71.94,100.0,71.94,13.37,0.0,,,,,,0.0,1.92,225.0,9.26,108.0,0.0,108.0,0.0,,,,,,,,,,PMOV,Água e Esgoto,LPU,2.03,19751.41,1.25,,,40.12,100.0,0.0,6.25,,92.0,100.0,100.0,5.35,918.53,1.02,0.85,,,,50.0,0.49,,0.85,,100.0,3.42,10.54,,25.3,12.05,13.25,25.3,24.1,16.5,0.7,0.08,0.0,,,,0.25,,12.5,,0.13,6.25,Sim
3534906,97.59,97.62,97.55,,,,13.03,1.33,94.72,93.22,33.75,50.0,90.0,10.64,9.43,295.55,126.66,22.51,15.19,78.74,41.88,58.12,21.26,15.23,209.94,38.37,1.69,99.0,990.0,2.5,10.0,20.0,94.29,2.73,3.04,51.86,85.0,1.99,,91.4,,,91.4,,14.74,0.5,,,72.01,72.01,100.0,0.93,1.67,2.5,1.0,0.77,0.55,100.0,0.0,1.31,12.0,0.0,0.0,,,,0.0,145.93,66.43,33.45,30049.75,71554.26,,,62.23,27.32,60.07,100.0,0.0,100.0,60.07,100.0,0.0,689.43,0.13,0.87,0.76,0.69,16.63,13.49,6.03,0.0,,,50.93,24.9,12.57,3.81,2.55,2.55,0.0,353490,,,,,,,,,,,,,,,,,,,,,,,,,,,,,,,,,,,,,,,,,,,,,,,,,,,,,,,,,,,,,,,,,,,,,,,,,,,,,,,,,,,,,,,,,,,,,,,,,,,,,,,,,,,,,,,,,,,,,,,,,,,,,,,,,,,,,,,Sim
3535002,86.73,100.0,0.0,94.81,,0.0,12.23,1.05,100.0,92.93,83.97,100.0,100.0,11.44,13.6,202.49,187.16,13.63,11.44,84.43,99.79,0.21,15.57,5.52,73.36,99.98,0.87,,,3.42,,,100.0,,8.81,86.22,99.41,0.0,84.07,95.81,0.0,83.76,95.45,0.0,15.81,1.01,94.81,93.01,105.64,105.64,100.0,0.24,1.82,4.16,1.0,5.62,0.69,62.5,37.5,0.0,0.0,135.93,67.52,100.0,0.0,0.0,37.42,363.24,180.44,138.69,20301.11,,267.23,61.83,38.18,53.01,86.73,100.0,0.0,100.0,0.0,0.0,0.0,392.65,0.0,0.74,0.7,0.15,0.0,0.0,0.0,17.51,0.0,0.0,,,,,0.0,0.0,0.0,353500,3.55,1.93,321.48,3.53,3.9,3.12,99.31,-3.13,26.24,47039.68,54.73,14.46,26.42,70.49,9.65,26.42,48.27,14.18,1.69,17.63,56.11,41.95,1.94,53.75,28.32,303.13,300.52,1.82,553.77,3.58,77.29,0.59,81.35,97.84,1.01,93.25,100.0,100.0,82.55,100.0,100.0,82.55,14.8,12.06,12.06,14.06,164.92,0.72,12.29,96.22,3.78,17.45,6.55,84.9,77.28,92.95,92.95,87.08,93.7,81.59,13.53,0.18,,,,,,0.0,0.07,295.42,0.6,146.67,0.0,146.67,0.0,0.24,0.23,0.5,36.63,45.82,16.25,25.43,17.27,93.21,ESAP,Água e Esgoto,LEP,,,2.19,90.52,,87.12,,,,,92.31,95.61,95.61,80.33,1167.49,0.74,0.74,0.54,274.71,85.57,53.33,,24.48,0.67,,,,,,,,,,,,,,,,,,0.0,9.48,0.0,,0.46,33.33,Sim
3535101,98.93,99.35,78.13,,,100.0,11.13,1.07,100.0,93.77,85.57,100.0,100.0,12.02,13.52,157.39,148.93,13.54,11.58,85.57,99.87,0.13,14.43,5.64,68.77,91.52,0.5,,,12.2,,,97.78,,0.93,98.5,99.35,56.25,97.79,97.85,93.85,97.79,97.85,93.85,8.96,1.04,93.6,93.6,99.39,99.39,100.0,0.13,0.15,3.67,0.32,0.32,0.32,100.0,0.0,0.0,0.0,38.54,12.72,100.0,0.0,49.36,53.67,36.36,12.0,11.93,37851.85,37851.85,94.34,94.34,100.0,0.0,97.49,99.45,0.0,99.45,0.0,0.0,0.0,1917.2,0.0,0.54,0.55,0.0,0.0,0.0,0.0,0.0,,,,,,,0.0,0.0,0.0,353510,2.52,1.82,304.33,2.73,2.99,2.48,108.47,-0.09,47.43,218546.46,66.69,29.87,43.73,14.63,7.96,44.79,65.57,11.62,0.38,11.94,53.77,44.37,1.86,11.47,6.59,1095.23,1041.26,0.66,1603.22,1.31,118.2,0.66,83.63,86.11,1.05,94.72,100.0,100.0,82.22,100.0,100.0,82.22,14.96,12.29,12.29,13.9,131.71,0.5,10.95,93.02,6.98,17.78,7.76,91.89,82.89,85.35,85.35,99.65,100.0,99.65,9.43,0.12,504.0,6.0,,,,0.0,15.52,100.0,0.0,100.0,0.0,100.0,0.0,,,,,,,,,,SABESP,Água e Esgotos,SABESP,,,1.88,0.0,17.11,34.26,,,,5.86,100.0,100.0,100.0,0.0,,0.0,0.46,,196.95,96.3,0.0,9.26,,0.45,,,,,,,,,,,,0.85,0.19,,,,,0.0,0.0,0.0,,0.0,0.0,Sim
3535200,95.86,100.0,76.52,91.06,100.0,46.15,12.91,1.07,100.0,89.25,89.34,100.0,100.0,12.84,14.0,191.43,174.55,13.45,12.02,89.52,104.1,-4.1,10.48,3.55,49.69,91.62,1.11,,,2.5,,,100.0,,0.68,91.64,100.0,52.53,80.55,88.45,40.81,80.55,88.45,40.81,11.96,1.08,84.2,84.2,118.22,118.22,100.0,0.08,0.02,1.0,0.2,1.35,0.67,100.0,0.0,0.0,0.0,0.0,0.0,0.0,100.0,,0.0,259.47,134.95,134.95,100000.0,200000.0,,,100.0,0.0,82.39,100.0,0.0,100.0,0.0,0.0,0.0,1300.0,0.0,0.79,0.74,0.22,0.0,0.0,0.0,0.0,,,,,,,0.0,0.0,0.0,353520,2.92,2.52,433.95,2.87,3.16,2.56,98.13,-1.77,55.89,277117.57,87.79,48.06,56.95,7.87,9.01,54.75,64.88,14.3,2.52,10.26,55.69,42.8,1.51,12.25,7.11,984.3,978.82,0.86,1166.42,1.68,107.52,0.61,92.55,100.0,1.01,89.71,100.0,100.0,85.76,100.0,100.0,85.76,14.37,12.32,12.32,14.34,170.91,1.05,13.06,99.8,0.2,14.24,4.8,67.65,87.97,100.0,100.0,99.51,100.0,99.51,12.79,0.12,1700.0,6.0,,,,0.0,13.59,103.47,0.0,103.47,0.0,103.47,0.0,,,,,,,,,,SABESP,Água e Esgotos,SABESP,,,2.39,5.39,,47.44,,,,,86.18,100.0,100.0,0.0,,,0.35,,222.22,59.88,,,,0.31,,,,,,,,,,,,,,,,,,,28.74,,,,,Sim
3535309,96.96,100.0,41.18,,,20.47,10.84,1.01,100.0,99.61,52.21,100.0,100.0,12.21,12.09,196.8,196.8,23.15,12.09,52.21,52.21,47.79,47.79,32.4,366.09,58.02,1.08,1250.0,,4.33,10.0,,100.0,13.49,4.53,96.28,100.0,27.94,,,13.41,,,13.41,10.94,1.0,99.9,99.9,70.0,70.0,100.0,0.35,0.07,5.71,1.0,0.64,0.2,75.0,25.0,0.91,18.0,196.6,87.9,100.0,0.0,0.0,143.21,137.28,61.38,259.53,164691.63,,69.83,7.86,34.76,65.24,100.0,100.0,100.0,100.0,100.0,100.0,40.99,3058.9,0.05,0.85,0.36,0.51,8.09,5.56,6.11,0.0,,,,,,,1.8,1.8,0.0,353530,2.56,2.18,321.33,2.13,2.14,2.12,83.17,0.0,57.52,68050.64,102.19,46.64,69.16,0.0,0.0,45.64,67.68,29.72,1.61,0.0,52.01,36.03,11.96,50.99,54.87,312.9,312.23,2.16,464.05,4.3,111.15,0.62,91.48,99.76,1.0,100.0,100.0,100.0,70.0,100.0,100.0,70.0,19.6,13.72,13.72,14.39,191.53,1.11,11.2,73.4,26.6,30.0,16.04,193.71,91.48,99.76,99.76,73.47,100.0,73.47,11.41,0.36,250.0,6.67,400.0,6.67,1.44,1.98,0.44,115.15,0.37,115.15,0.37,115.15,0.0,,,,,,,,,,SAAE,Água e Esgoto,LPU,3.39,37100.24,3.76,93.33,69.7,125.63,14.49,85.51,7.25,87.57,99.77,99.77,99.77,99.06,2393.34,0.29,0.65,0.59,237.88,44.66,8.7,,0.95,0.59,,,6.34,14.94,6.55,61.84,20.62,10.28,6.8,0.46,15.3,1.61,0.25,100.0,100.0,29.5,3.99,1.77,51.85,52.17,2.21,0.69,20.29,Sim
3535408,96.5,99.31,0.0,90.2,92.82,0.0,8.12,1.0,100.0,90.76,72.46,100.0,0.0,6.06,5.51,94.6,94.6,7.6,5.51,72.46,72.46,27.54,27.54,8.51,69.13,100.0,1.51,,,1.0,,,100.0,,0.78,92.77,95.47,0.0,,77.09,,,76.12,,8.54,0.0,,,158.33,0.0,0.0,1.25,0.4,4.0,1.0,0.81,0.86,100.0,0.0,1.29,18.0,0.0,0.0,,,,0.0,88.07,34.48,27.61,34015.8,40227.99,,,100.0,0.0,92.02,94.7,0.0,94.7,92.02,94.7,0.0,365.38,0.0,1.12,0.51,0.67,32.41,25.24,17.38,0.0,,,,,,,5.69,5.69,0.0,353540,1.62,1.62,218.48,1.32,1.31,1.35,81.36,0.0,51.81,42532.08,122.91,49.83,63.68,0.0,15.89,40.54,51.81,34.35,0.91,12.93,68.81,28.38,2.81,0.0,31.95,375.76,375.76,2.08,480.22,3.89,83.71,,95.75,97.94,1.0,100.0,0.0,100.0,74.75,100.0,0.0,74.75,14.96,11.18,11.18,14.96,156.43,,12.7,100.0,0.0,25.25,8.24,124.16,94.19,96.95,96.95,53.49,100.0,53.49,9.07,,,,,,,,3.9,100.0,24.85,100.0,0.0,100.0,42.86,,,,,,,,,,PMP,Água e Esgoto,LPU,1.31,35293.77,1.62,19.28,,46.06,100.0,0.0,,,95.08,97.88,84.83,8.2,,,1.94,,31.02,47.68,,,,1.98,,46.98,3.87,27.41,,35.71,17.14,12.86,28.57,5.71,58.08,1.66,0.09,,,,,,17.77,,,,,Sim
3535507,93.74,97.03,57.3,96.61,100.0,59.06,12.7,1.06,100.0,91.42,88.48,100.0,100.0,13.36,14.53,187.83,171.31,14.35,12.69,89.38,101.26,-1.26,10.62,3.87,53.16,92.11,0.78,,,61.56,,,94.7,,9.45,92.94,97.03,47.6,87.99,91.08,53.77,87.99,91.08,53.77,11.97,1.02,91.47,91.47,104.34,104.34,100.0,0.08,0.2,43.95,0.07,2.59,1.12,81.63,18.37,0.57,22.0,193.42,83.91,98.89,1.11,-10.72,72.11,300.3,130.27,106.21,23750.0,41250.0,155.25,46.72,37.05,35.82,100.0,100.0,100.0,100.0,91.72,100.0,0.0,1844.55,0.0,1.32,0.67,0.71,50.52,33.42,18.95,0.0,0.32,0.0,34.88,29.46,8.53,11.63,6.36,6.36,0.0,353550,3.21,2.55,457.55,3.01,3.26,2.75,93.81,-1.17,52.89,261293.33,84.7,46.37,56.38,10.31,12.58,54.75,66.56,9.25,1.51,14.85,53.31,44.61,2.08,14.1,37.08,857.93,848.55,0.97,1043.13,1.93,109.89,0.53,94.12,100.0,1.01,92.09,100.0,100.0,84.83,100.0,100.0,84.83,15.44,13.06,13.06,14.94,159.91,0.76,12.13,97.08,2.92,15.17,5.77,77.63,93.42,100.0,100.0,100.0,100.0,100.0,11.72,0.12,5552.44,38.44,,,,0.0,33.39,100.11,0.21,100.11,0.0,100.0,0.32,,,,,,,,,,SABESP,Água e Esgotos,SABESP,,,4.39,8.4,55.52,101.32,,,,56.26,90.62,94.16,94.16,4.29,730.99,1.09,0.71,,327.04,83.83,60.0,,,0.71,,60.36,1.86,4.83,,,,,,,11.13,0.4,0.06,0.0,,191.69,0.83,0.29,14.3,16.0,0.08,0.36,20.0,Sim
3535606,84.45,100.0,59.89,50.64,64.11,29.56,11.26,1.02,100.0,87.37,69.9,100.0,91.47,11.66,14.29,166.41,147.82,16.67,11.66,70.52,85.7,14.3,29.48,14.07,165.18,100.0,0.95,1175.0,,4.0,6.0,,100.0,22.12,16.21,51.35,79.63,6.7,27.48,42.56,3.91,,29.39,,15.87,1.06,87.49,,51.15,34.51,67.47,0.66,3.52,4.61,1.0,1.64,0.72,22.58,77.42,0.0,0.0,27.2,15.49,100.0,0.0,0.0,11.36,239.38,136.35,96.12,30833.33,21000.0,879.95,7.55,5.88,89.24,100.0,100.0,100.0,100.0,0.0,0.0,0.0,786.2,0.06,0.6,0.6,0.0,0.0,0.0,0.0,0.0,0.0,0.0,,,,,0.0,0.0,0.0,353560,3.58,2.95,508.12,2.9,3.09,2.58,81.1,0.45,42.94,61986.25,101.87,39.01,52.95,19.82,20.75,38.29,51.97,16.21,1.02,20.37,64.77,32.0,3.23,23.42,31.9,234.71,228.66,3.22,318.57,5.18,84.53,0.61,73.48,100.0,1.04,96.13,100.0,100.0,69.26,100.0,100.0,69.26,16.85,11.67,11.67,14.34,134.68,1.06,9.4,85.15,14.85,30.74,16.57,176.28,42.89,100.0,100.0,72.65,0.0,0.0,13.67,0.01,690.0,9.0,,,2.0,5.16,1.5,100.0,0.7,100.0,0.0,100.0,0.25,0.29,1.03,0.97,0.1,3.62,17.08,13.56,1996.97,26.89,CAEPA,Água e Esgoto,LEP,,,8.54,,,166.03,,,,,49.39,100.0,100.0,0.0,943.72,2.37,1.92,,,,25.49,,,1.17,,,,,,,,,,,,4.79,0.25,0.0,,,,2.55,,27.45,,3.64,39.22,Sim
3535705,87.15,100.0,0.0,82.7,94.54,0.0,10.76,1.0,98.1,98.1,0.0,0.0,100.0,0.0,19.33,293.56,278.38,22.14,19.33,92.06,87.3,12.7,7.94,5.27,57.78,98.14,0.0,,,,,,100.0,,0.08,88.76,100.0,12.53,,88.04,,,88.04,,11.49,0.0,,,96.36,18.18,18.87,0.09,0.08,8.0,1.0,0.74,0.69,75.0,25.0,0.0,0.0,0.0,0.0,,,,0.0,79.11,34.48,147.87,306668.15,50000.0,,,81.3,18.7,93.38,100.0,48.5,100.0,87.15,100.0,0.0,1074.0,0.0,0.95,0.9,0.13,53.35,51.73,15.2,0.0,,,,,,,13.04,13.04,0.0,353570,,,,,,,,,,,,,,,,,,,,,,,,,,,,,,,,,,,,,,,,,,,,,,,,,,,,,,,,,,,,,,,,,,,,,,,,,,,,,,,,,,,,,,,,,,3.65,1.38,9.75,160.6,,,,15.67,96.68,100.0,100.0,10.64,1810.86,0.53,0.92,,472.54,98.62,23.08,,,0.84,,100.0,10.27,34.42,,56.29,8.19,28.15,6.14,1.23,35.65,,,0.0,,,,0.35,0.0,15.38,,1.23,53.85,Sim
3535804,73.71,90.19,0.0,73.96,90.18,0.0,14.0,1.09,99.98,90.34,90.03,100.0,100.0,12.97,14.55,205.79,170.62,13.67,12.31,90.06,106.43,-6.43,9.94,3.39,48.88,96.67,1.15,1299.09,,11.86,10.55,,100.0,17.82,6.06,57.79,70.71,0.0,54.43,66.37,0.0,54.43,66.37,0.0,10.25,1.01,89.66,89.66,80.92,80.92,100.0,0.27,0.2,12.54,0.04,2.16,0.56,84.78,15.22,,9.0,0.0,0.0,,,,0.0,210.76,103.22,97.57,45105.54,42050.52,,,48.23,51.77,100.0,100.0,100.0,100.0,0.0,0.0,0.0,1692.0,0.0,0.94,0.84,0.12,0.0,0.0,0.0,0.0,0.0,0.0,,,,,0.0,0.0,0.0,353580,3.76,3.39,568.84,3.13,3.36,2.86,83.18,-2.09,60.46,230936.6,108.36,52.28,72.68,11.15,11.41,48.25,67.08,12.84,2.8,10.53,56.21,41.02,2.76,9.97,18.77,605.25,592.46,1.21,841.48,2.28,92.55,0.6,72.41,89.07,1.03,89.61,100.0,100.0,86.63,100.0,100.0,86.63,13.63,11.81,11.81,14.03,165.27,1.24,12.41,102.95,-2.95,13.37,4.58,61.77,62.12,76.42,76.42,86.21,100.0,86.21,8.52,0.21,505.56,6.37,,,,0.0,123.8,107.69,1.79,103.85,0.31,103.85,0.31,,,,,,,,,,SABESP,Água e Esgotos,SABESP,,,,,,,,,,,,,,,,,,,,,,,,,,,,,,,,,,,,,,,,,,,,,,,,Sim
3535903,100.0,100.0,100.0,,,100.0,15.44,1.07,100.0,91.76,85.99,100.0,100.0,13.28,14.19,188.78,174.45,14.47,12.44,86.07,98.07,1.93,13.93,4.22,71.15,90.48,0.8,,,7.1,,,100.0,,1.11,100.0,100.0,100.0,98.94,99.64,90.91,98.94,99.64,90.91,15.01,1.09,85.8,85.8,110.42,110.42,100.0,0.15,0.07,7.0,0.5,6.37,1.22,31.03,68.97,0.0,0.0,52.77,23.08,100.0,0.0,0.0,65.62,80.41,35.17,95.53,33511.83,10165.52,152.38,53.57,36.63,46.14,100.0,100.0,100.0,100.0,0.0,0.0,0.0,1757.05,0.0,2.34,2.11,0.25,0.0,0.0,0.0,0.0,,,,,,,0.0,0.0,0.0,353590,2.35,1.81,307.69,2.86,3.12,2.6,121.82,-0.82,49.81,197031.97,63.32,37.15,40.89,5.94,8.82,58.67,64.58,10.11,0.21,13.94,53.83,44.22,1.95,17.77,3.3,991.59,981.29,0.93,1091.5,1.84,132.47,0.34,100.0,100.0,1.01,92.77,100.0,100.0,86.07,100.0,100.0,86.07,14.37,12.37,12.37,14.18,164.37,1.0,14.94,98.67,1.33,13.93,4.08,66.51,99.26,100.0,100.0,100.0,100.0,100.0,14.88,0.08,1300.0,6.0,400.0,8.0,,0.0,5.14,100.0,0.0,100.0,0.0,100.0,0.0,,,,,,,,,,SABESP,Água e Esgotos,SABESP,,,1.43,3.57,21.71,61.06,,,,13.26,88.97,100.0,100.0,0.0,1078.27,1.1,1.02,0.6,110.88,67.57,40.0,92.59,68.75,1.02,,,,,,,,,,,,0.83,0.08,0.0,,,,0.55,28.86,20.0,,0.0,0.0,Sim
3536000,95.75,100.0,67.24,93.6,99.93,49.85,12.75,1.07,100.0,89.81,87.54,100.0,100.0,12.48,13.76,177.62,160.8,13.43,11.76,87.65,102.47,-2.47,12.35,4.13,58.49,89.43,1.09,,,18.83,,,94.03,,9.29,92.52,100.0,42.31,82.96,88.56,44.22,82.96,88.56,44.22,11.82,1.06,86.97,86.97,104.6,104.6,100.0,0.13,0.3,4.65,0.11,0.54,0.47,100.0,0.0,1.77,19.0,107.78,52.28,98.25,1.75,-13.86,464.29,26.9,13.05,18.74,26000.0,20000.0,24.96,17.83,73.02,0.0,100.0,100.0,100.0,57.46,100.0,57.46,0.0,336.33,0.09,0.52,0.42,0.11,30.01,23.3,19.52,0.0,,,44.0,8.0,6.0,16.0,12.39,12.39,0.0,353600,2.81,2.48,405.76,2.91,3.21,2.6,103.56,0.17,51.72,207590.68,85.08,36.8,49.94,5.21,11.45,43.26,58.7,19.17,0.46,13.46,54.63,43.47,1.9,15.43,9.5,871.58,858.63,0.86,1182.71,1.7,109.63,0.63,93.8,100.0,1.02,90.86,100.0,100.0,86.77,100.0,100.0,86.77,13.28,11.52,11.52,13.66,154.16,1.03,12.17,102.86,-2.86,13.23,4.31,58.61,92.76,100.0,100.0,100.0,100.0,100.0,12.27,0.58,1915.0,6.0,,,,0.0,37.53,100.44,0.0,100.44,0.0,100.0,0.0,,,,,,,,,,SABESP,Água e Esgotos,SABESP,1.22,66587.81,2.32,41.7,13.38,81.44,100.0,0.0,9.09,10.9,95.77,100.0,100.0,23.81,1677.32,0.44,0.64,,196.44,56.32,36.36,,,0.55,,,9.52,22.24,,10.0,15.0,25.0,25.0,25.0,38.91,2.44,0.38,0.0,,,,0.33,14.27,27.27,,0.33,27.27,Sim
3536109,74.13,85.38,0.0,64.76,74.32,0.0,24.9,1.08,99.98,89.53,75.55,100.0,100.0,11.32,13.25,181.96,159.75,14.08,10.64,75.57,94.11,5.89,24.43,4.6,122.44,93.39,1.66,993.0,,63.75,6.0,,92.86,35.37,6.34,49.67,57.22,0.0,47.21,54.18,0.0,47.21,54.18,0.0,13.29,1.02,89.51,89.51,90.08,90.08,100.0,0.7,0.06,12.0,0.06,0.78,1.56,73.33,26.67,2.84,13.0,213.36,124.97,100.0,0.0,0.0,86.26,247.34,144.88,36.44,30118.72,48233.99,115.93,36.13,37.86,53.06,86.82,100.0,0.0,71.93,62.04,71.46,0.0,687.63,0.0,1.02,1.11,0.07,100.44,78.6,17.76,0.0,0.37,0.0,,,,,13.09,13.09,0.0,353610,3.99,3.87,657.96,2.86,3.02,2.66,71.58,-7.3,60.87,296515.11,135.45,59.16,85.04,7.63,13.3,43.67,62.78,15.96,5.71,9.82,53.1,38.2,8.7,4.42,5.75,717.79,704.92,0.99,1031.87,1.81,89.25,0.67,76.27,97.0,1.02,91.11,100.0,100.0,73.88,100.0,100.0,73.88,16.12,11.91,11.91,14.36,181.34,0.94,15.11,89.06,10.94,26.12,8.69,140.83,63.61,80.89,80.89,85.14,100.0,85.14,11.2,0.88,131.5,6.0,80.0,6.0,,0.0,41.39,103.33,4.3,101.67,0.55,101.67,0.55,,,,,,,,,,SABESP,Água e Esgotos,SABESP,5.14,17364.31,1.29,45.25,,89.22,92.31,7.69,,,78.63,100.0,100.0,38.14,,,1.15,,205.87,96.99,,,,1.15,,100.0,14.39,60.47,,58.82,14.05,9.8,11.44,5.88,96.28,7.15,0.62,,,,,,0.0,,,,,Sim
3536208,74.98,94.84,17.86,80.23,100.0,19.96,10.8,1.07,100.0,89.39,77.53,100.0,100.0,12.38,14.07,172.76,143.94,15.02,11.65,77.7,93.64,6.36,22.3,9.91,117.7,88.04,0.61,2056.2,,13.36,7.6,,100.0,31.47,5.97,64.58,87.03,0.0,62.66,78.11,15.57,62.66,78.11,15.57,11.11,1.01,89.88,89.88,92.85,92.85,100.0,0.25,0.46,24.16,0.08,0.89,0.77,71.43,28.57,0.41,6.0,0.0,0.0,,,,0.0,67.86,29.74,130.56,142818.46,38808.59,,,52.29,47.71,100.0,100.0,100.0,100.0,74.21,100.0,0.0,1725.0,0.31,0.97,0.92,0.06,137.67,82.6,30.3,100.0,,,,,,,17.39,17.39,0.0,353620,4.26,3.7,637.86,3.58,3.56,3.61,84.03,-0.51,60.8,229686.78,103.39,46.69,72.35,13.17,12.49,45.16,69.98,8.85,2.18,12.08,52.11,45.64,2.25,18.08,20.92,514.58,510.88,1.26,797.37,2.35,92.7,0.7,74.2,100.0,1.01,90.33,100.0,100.0,69.35,100.0,100.0,69.35,17.19,11.92,11.92,14.34,156.24,0.57,10.93,83.38,16.62,30.65,13.99,174.53,64.17,93.49,93.49,91.79,100.0,91.79,11.17,0.25,1234.78,6.0,610.0,6.0,,0.0,271.03,105.19,0.0,105.37,0.0,105.37,0.0,,,,,,,,,,SABESP,Água e Esgotos,SABESP,2.08,33501.13,2.13,41.4,,69.56,64.29,35.71,3.57,,94.09,100.0,100.0,0.0,843.2,0.96,0.7,,129.1,47.22,46.43,0.12,,0.51,,,,,,,,,,,0.0,,,0.0,,,,0.3,11.38,14.29,,0.52,25.0,Sim
3536257,86.44,100.0,0.0,91.89,,0.0,10.48,1.01,100.0,93.12,66.84,100.0,100.0,10.58,12.71,192.1,180.91,15.61,10.43,70.92,81.43,18.57,29.08,13.94,150.27,0.0,1.29,,,2.5,,,100.0,,0.08,86.44,100.0,0.0,,97.07,,,97.07,,11.74,0.94,,,80.0,80.0,100.0,0.01,0.82,1.0,1.0,3.08,2.67,100.0,0.0,0.0,0.0,81.72,37.25,100.0,0.0,0.0,31.26,261.42,119.17,207.83,44452.4,44702.4,319.9,319.9,79.54,0.0,100.0,100.0,100.0,100.0,86.44,100.0,0.0,2845.0,0.0,2.6,0.62,2.29,9.64,7.71,3.68,0.0,0.02,0.0,,,,,0.7,0.7,0.0,353625,1.54,1.33,183.18,1.34,1.45,1.1,86.85,0.0,54.85,39482.22,99.6,40.21,63.15,0.0,0.0,40.37,63.41,36.1,0.49,0.0,72.52,27.48,0.0,,6.28,339.91,339.91,1.87,533.87,3.69,86.85,,80.84,100.0,1.0,94.28,100.0,100.0,75.55,100.0,100.0,75.55,19.64,13.38,13.38,15.07,273.34,,11.42,85.1,14.9,24.45,11.26,142.38,80.84,100.0,100.0,80.0,100.0,80.0,11.77,0.0,,,,,,0.0,,100.0,5.28,100.0,0.0,56.02,1.65,,,,,,,,,,PMP,Água e Esgoto,LPU,4.01,43062.68,2.24,,22.99,172.55,100.0,0.0,0.0,39.67,80.84,100.0,100.0,0.0,491.01,4.01,1.69,1.01,,,100.0,111.54,66.58,1.69,,,2.16,13.28,,,,,,,,,,,,,,0.0,,0.0,,0.0,0.0,Sim
3536307,86.31,100.0,4.69,85.28,99.59,2.01,36.27,1.0,100.0,100.0,56.99,100.0,100.0,14.09,18.3,201.05,198.23,24.67,14.06,57.06,74.18,25.82,42.94,9.09,348.98,0.44,8.71,1500.0,,3.96,7.0,,100.0,28.02,2.15,85.64,100.0,0.0,,90.15,,,90.15,,19.57,0.0,,,140.38,140.38,100.0,0.13,1.3,2.0,1.0,1.65,0.61,16.67,83.33,0.0,0.0,42.48,19.41,88.62,11.38,11.38,18.85,225.4,103.0,301.11,222750.0,68333.33,530.63,71.18,12.15,87.85,100.0,100.0,100.0,100.0,85.64,100.0,0.0,1601.5,0.0,0.59,0.59,0.0,28.41,19.83,11.27,0.0,,,,,,,7.87,7.87,0.0,353630,0.8,0.8,164.1,0.73,0.82,0.63,91.08,-39.24,47.94,22449.32,109.79,29.21,52.63,0.0,0.0,26.61,47.94,42.77,9.29,0.0,40.27,30.71,29.02,178.72,33.33,285.36,280.37,1.98,514.19,3.9,178.66,,100.0,100.0,1.03,98.9,100.0,99.89,44.11,100.0,74.76,44.11,26.11,11.52,11.53,16.61,127.35,,13.89,63.61,36.39,55.89,33.65,496.47,100.0,100.0,100.0,90.53,100.0,90.53,14.04,,125.0,7.0,466.67,6.17,,0.0,2.37,165.3,0.26,165.63,8.17,111.64,0.0,,,,,,,,,,PMPP,Água e Esgoto,LPU,,,4.64,92.51,,252.19,,,,,80.76,100.0,100.0,79.24,1421.33,0.68,0.82,0.81,344.38,41.02,36.36,28.24,1.89,0.82,,100.0,10.96,32.92,19.27,39.74,34.87,6.41,11.54,7.44,56.8,,,71.43,,,,0.59,57.61,31.82,,0.51,27.27,Sim
3536406,100.0,100.0,100.0,64.53,67.07,40.62,17.86,1.03,62.2,96.75,0.0,0.0,62.34,0.0,16.4,3.37,3.37,18.79,0.23,1.25,87.28,12.72,98.75,32.63,630.87,100.0,0.0,73.33,,,0.33,,100.0,2.06,0.7,50.67,55.98,0.64,31.18,34.47,0.19,31.18,34.47,0.19,12.2,1.01,78.13,78.13,500.0,500.0,83.33,0.08,0.54,1.6,0.6,1.08,0.54,66.67,33.33,,4.0,21.66,11.71,100.0,0.0,0.0,61.22,35.37,19.12,262.37,55691.23,,163.35,0.0,21.35,6.78,90.24,99.81,0.0,99.81,0.0,0.0,0.0,378.0,0.24,1.01,0.75,0.37,0.0,0.0,0.0,0.0,,,,,,,0.0,0.0,0.0,353640,2.75,2.75,246.09,1.32,1.18,,47.77,0.0,54.73,33774.32,209.32,107.27,114.56,0.0,0.0,51.25,54.73,44.91,0.36,0.0,90.03,9.97,0.0,,17.09,250.77,244.56,3.83,267.81,5.22,47.77,,98.75,98.74,1.0,,0.0,94.62,70.24,70.37,0.0,99.82,14.8,14.77,10.99,10.39,204.9,,15.5,70.24,29.76,0.18,0.05,0.89,49.25,59.23,59.23,41.36,52.59,21.75,31.39,,,,,,,0.0,0.12,508.93,8.07,50.0,0.0,50.0,0.0,,,,,,,,,,DAEP,Água e Esgoto,LPU,,,1.32,28.47,18.39,77.51,,,,14.26,92.95,98.74,96.34,0.0,676.62,0.98,0.57,0.51,349.95,93.68,37.5,,0.0,0.51,,,,,,,,,,,,1.25,0.22,0.0,,,,0.33,0.0,12.5,,0.33,12.5,Sim
3536505,100.0,100.0,100.0,,,100.0,11.9,1.27,99.95,91.54,77.31,100.0,100.0,15.28,16.17,217.23,177.4,18.81,14.54,77.55,86.0,14.0,22.43,14.38,176.82,96.19,2.8,5894.76,,17.88,9.94,,82.75,11.45,5.93,100.0,100.0,100.0,,,89.81,,,89.81,5.85,1.22,92.19,92.19,82.61,82.61,100.0,0.67,0.47,24.72,0.07,1.78,1.76,1.96,98.04,0.0,0.0,239.53,91.99,100.0,0.0,0.0,26.89,890.65,342.03,319.57,171473.72,171473.72,371.82,6.45,1.8,89.99,100.0,100.0,100.0,100.0,100.0,100.0,0.0,2113.54,0.79,2.05,0.82,1.24,13.74,11.54,4.57,0.0,,,,,,,1.54,1.45,0.09,353650,2.9,2.26,448.56,3.71,4.21,3.16,127.99,-2.66,44.21,219261.99,60.89,23.59,34.54,9.47,5.57,38.75,56.73,18.08,4.58,9.15,58.62,39.56,1.82,40.43,92.97,861.71,758.79,0.9,1261.57,1.75,129.89,0.22,100.0,100.0,1.13,91.94,100.0,99.94,74.61,99.95,100.0,74.65,20.39,15.22,15.22,16.96,190.42,2.58,12.85,83.17,16.83,25.35,14.18,192.66,99.91,100.0,100.0,81.37,100.0,81.37,6.47,0.63,1613.77,6.0,592.0,6.0,,0.0,140.86,102.53,1.44,102.53,0.31,102.32,0.0,,,,,,,,,,SABESP,Água e Esgotos,SABESP,4.59,97802.63,3.93,99.5,35.85,449.1,0.4,99.6,4.98,160.99,100.0,100.0,100.0,100.0,957.06,0.97,0.8,,194.55,12.58,21.12,178.19,,0.8,,100.0,3.47,10.07,,56.25,26.43,4.03,13.29,0.0,14.42,3.92,0.49,100.0,100.0,93.13,1.98,0.88,11.3,19.12,0.55,1.01,21.91,Sim
3536570,71.58,94.99,0.0,68.4,90.82,0.0,11.55,1.07,100.0,89.81,82.74,100.0,100.0,12.92,14.48,188.9,161.43,14.75,12.21,82.81,98.13,1.87,17.19,7.26,88.86,93.99,1.08,,,15.05,,,73.33,,6.32,68.87,91.4,0.0,58.89,78.19,0.0,58.89,78.19,0.0,12.17,1.01,90.68,90.68,95.67,95.67,100.0,0.39,0.1,24.0,0.02,10.51,1.4,65.0,35.0,0.0,0.0,0.0,0.0,,,,0.0,126.72,61.47,343.78,32234.25,41571.88,,,65.0,20.89,100.0,100.0,100.0,100.0,100.0,100.0,0.0,348.67,0.47,1.34,0.67,0.88,181.73,54.52,74.29,0.0,,,,,,,11.19,11.19,0.0,353657,3.9,2.15,375.1,2.73,2.92,2.54,70.02,-5.57,26.17,71148.08,78.87,14.57,37.38,31.02,15.84,18.47,47.39,23.97,0.09,20.09,51.82,44.35,3.83,26.03,2.57,400.26,393.64,0.99,1027.0,1.96,113.38,0.61,82.05,100.0,1.02,87.49,100.0,100.0,79.02,100.0,100.0,79.02,15.77,12.46,12.46,14.48,155.57,1.15,13.72,91.83,8.17,20.98,7.21,110.55,81.56,100.0,100.0,98.42,100.0,98.42,13.4,0.49,259.32,7.45,,,,0.0,29.8,110.83,0.0,110.0,0.0,110.0,0.0,,,,,,,,,,SABESP,Água e Esgotos,SABESP,11.21,2694.86,0.24,14.43,,30.21,100.0,0.0,,,100.0,100.0,100.0,0.0,,,1.49,0.7,47.55,85.57,,38.29,44.78,1.01,,100.0,5.45,29.62,26.18,,,,,,98.32,1.75,0.12,,,,,,0.0,,,,,Sim
3536604,100.0,100.0,100.0,,,100.0,9.58,1.07,100.0,90.66,89.46,100.0,100.0,15.97,17.33,234.49,167.32,16.85,15.08,89.52,102.82,-2.82,10.48,5.57,61.9,85.05,0.66,,,7.35,,,91.67,,1.65,100.0,100.0,100.0,94.99,95.57,90.35,94.99,95.57,90.35,7.81,1.07,86.92,86.92,92.59,92.59,100.0,0.0,0.0,,0.0,2.59,2.59,100.0,0.0,0.0,0.0,70.39,34.9,100.0,0.0,25.9,24.66,211.48,104.85,110.24,40418.31,40418.31,300.45,300.45,97.5,2.5,88.2,100.0,0.0,100.0,0.0,0.0,0.0,341.48,0.0,0.63,0.63,0.08,0.0,0.0,0.0,0.0,,,,,,,0.0,0.0,0.0,353660,3.56,3.07,545.87,3.23,3.81,2.61,90.84,9.32,61.09,257381.97,94.87,59.31,67.25,13.87,9.96,62.51,70.89,9.26,2.09,10.49,60.43,38.05,1.52,32.19,9.64,665.12,659.52,1.34,754.24,2.65,86.54,0.83,88.68,98.28,1.01,91.24,100.0,100.0,83.82,100.0,100.0,83.82,15.73,13.18,13.18,15.3,177.39,0.64,9.04,97.35,2.65,16.18,8.09,84.3,87.48,96.95,96.95,90.34,100.0,90.34,8.08,0.0,45.25,6.0,,,,0.0,6.52,102.98,0.0,102.38,0.0,102.38,0.0,,,,,,,,,,SABESP,Água e Esgotos,SABESP,2.48,42530.11,2.07,2.3,,105.39,100.0,0.0,5.0,,90.23,100.0,100.0,0.0,1328.27,0.5,0.56,,210.46,41.15,20.0,4.09,,0.56,,100.0,0.9,1.86,,,,,,,3.72,,,0.0,,,,1.49,56.55,60.0,,0.25,10.0,Sim
3536703,93.01,93.54,85.16,99.35,99.92,91.0,10.25,1.08,100.0,89.3,71.95,100.0,100.0,14.23,15.0,202.63,180.64,18.58,13.37,72.05,80.73,19.27,27.95,16.98,184.65,93.56,1.01,2428.25,,20.91,6.75,,98.3,12.46,15.21,90.13,93.54,40.16,86.11,86.6,78.86,86.11,86.6,78.86,11.31,1.02,89.46,89.46,100.3,100.3,100.0,0.24,0.14,18.37,0.06,3.31,0.65,85.55,14.45,0.0,0.0,0.0,0.0,,,,0.0,94.86,37.36,260.91,84250.25,57565.21,,,89.65,10.35,100.0,100.0,100.0,100.0,0.0,0.0,0.0,7800.0,0.0,2.77,1.71,1.14,0.0,0.0,0.0,0.0,,,,,,,0.0,0.0,0.0,353670,3.03,2.45,446.86,3.19,3.42,2.96,105.28,-1.15,46.15,199621.0,76.71,38.05,43.83,9.69,9.98,49.6,57.14,19.91,0.63,13.01,52.69,44.12,3.19,15.45,42.05,781.77,767.12,1.13,900.63,2.23,115.53,0.6,99.7,100.0,1.02,90.24,100.0,100.0,68.8,100.0,100.0,68.8,19.65,13.52,13.52,15.25,160.62,1.06,11.42,77.6,22.4,31.2,16.2,205.34,96.73,100.0,100.0,94.75,100.0,94.75,9.67,0.28,602.02,6.0,,,,0.0,88.12,100.56,0.09,100.37,0.28,100.37,0.18,,,,,,,,,,SABESP,Água e Esgotos,SABESP,2.74,24661.34,2.4,1.47,,67.59,100.0,0.0,2.52,,97.86,100.0,100.0,2.33,821.54,0.64,0.47,0.23,117.81,29.59,23.53,,95.44,0.44,,,2.18,3.7,8.81,32.9,27.79,25.36,1.99,11.96,7.66,,,0.0,,,,1.4,68.93,51.26,,0.28,10.08,Sim
3536802,24.77,91.58,0.0,24.37,90.06,0.0,21.81,1.12,100.0,83.14,77.58,100.0,100.0,11.56,13.01,248.18,158.27,13.52,10.49,96.72,96.25,3.75,3.28,0.72,16.36,94.96,1.79,871.0,,14.2,15.25,,100.0,92.07,6.98,21.45,79.31,0.0,15.83,58.52,0.0,15.4,56.9,0.0,14.62,1.02,81.86,81.89,62.17,61.59,99.07,0.76,0.18,49.0,0.22,4.95,1.04,100.0,0.0,0.0,0.0,0.0,0.0,,,,0.0,95.76,51.94,98.79,19944.27,16962.03,,,56.43,43.57,100.0,100.0,100.0,100.0,27.05,100.0,0.0,1216.0,0.3,0.5,0.4,0.36,8.81,6.6,1.64,0.0,0.03,0.0,,,,,0.99,0.99,0.0,353680,5.43,4.28,696.26,3.32,3.65,2.9,61.04,-0.15,55.35,114884.39,128.95,23.31,90.67,17.65,10.27,18.08,70.31,15.16,0.0,7.97,60.08,37.52,2.39,9.63,5.83,234.67,227.13,1.13,912.67,2.05,83.04,0.64,26.82,100.0,1.03,83.44,100.0,100.0,84.73,100.0,100.0,84.73,13.06,11.06,11.06,13.77,170.74,1.92,18.64,105.46,-5.46,15.27,3.37,67.5,21.42,85.97,85.97,62.93,0.0,0.0,12.05,0.0,281.0,11.0,,,25.25,0.51,18.23,101.39,0.0,101.39,0.68,101.39,0.0,,,,,,,,,,SABESP,Água e Esgotos,SABESP,3.29,84541.39,2.0,,,278.46,100.0,0.0,,,49.24,100.0,79.05,0.0,,,1.79,,,,,25.34,,0.91,,79.05,13.88,90.91,,,,,,,148.68,2.17,0.12,,,,,,,,,,,Sim
3536901,72.75,100.0,27.68,69.97,99.57,17.14,22.43,1.07,100.0,88.95,90.32,100.0,100.0,12.61,14.06,189.06,171.31,13.11,11.84,90.91,107.27,-7.27,9.09,1.69,41.9,89.77,0.55,,,3.86,,,100.0,,3.29,72.51,100.0,27.03,62.59,89.11,15.24,62.59,89.11,15.24,15.48,1.1,82.4,82.4,109.97,109.97,100.0,0.01,0.06,6.0,0.05,7.89,1.69,100.0,0.0,0.0,0.0,65.44,34.55,100.0,0.0,-38.84,103.33,87.94,46.42,436.3,34101.13,27465.11,134.37,134.37,65.34,34.66,62.32,100.0,0.0,99.72,42.13,67.61,0.0,442.4,0.0,0.43,0.58,0.1,11.58,11.5,3.69,0.0,,,51.45,32.61,0.72,4.35,3.12,3.12,0.0,353690,3.81,3.29,559.42,2.9,3.16,2.6,76.15,0.95,66.6,315052.42,113.5,80.89,87.46,15.65,8.84,71.27,77.06,8.5,0.19,7.79,57.33,40.99,1.68,8.47,2.16,730.87,726.93,1.27,790.25,2.38,84.96,0.82,78.51,100.0,1.01,88.96,100.0,100.0,80.97,100.0,100.0,80.97,14.96,12.1,12.1,14.14,173.02,0.59,25.35,94.56,5.44,19.03,3.4,94.1,68.24,100.0,100.0,94.85,100.0,94.85,15.07,0.01,,,,,,0.0,16.68,100.0,0.0,100.0,0.0,100.0,0.0,,,,,,,,,,SABESP,Água e Esgotos,SABESP,,,2.55,0.0,10.61,267.57,,,,28.4,84.2,100.0,100.0,0.0,,,0.42,,,,,208.33,,0.31,,96.71,8.33,12.89,,35.0,30.0,20.0,15.0,0.0,14.83,,,,,,,,,,,,,Sim
3537008,86.38,100.0,33.37,,,,10.0,1.08,99.99,88.98,86.16,100.0,100.0,12.34,13.76,166.3,146.15,13.43,11.57,86.19,102.43,-2.43,13.81,5.97,65.72,89.62,0.87,167.0,,43.56,7.0,,82.91,2.84,5.01,80.9,100.0,6.59,,,,,,,7.67,1.03,87.79,87.79,92.46,92.46,100.0,0.15,0.13,17.0,0.04,0.88,0.7,9.09,90.91,0.0,0.0,200.16,92.72,100.0,0.0,0.0,86.21,232.19,107.55,121.67,64200.0,64200.0,116.0,4.4,3.99,85.48,100.0,100.0,100.0,100.0,79.56,100.0,99.37,3693.33,0.13,1.93,1.75,0.22,7.19,4.79,0.89,0.0,,,,,,,0.54,0.54,0.0,353700,3.92,3.4,563.98,3.0,3.32,2.65,76.44,3.36,55.2,167547.0,113.61,62.79,72.21,8.93,12.81,55.26,63.56,15.76,3.2,11.27,55.96,42.02,2.02,39.5,21.28,467.42,458.91,1.89,537.57,3.69,88.22,0.69,78.63,100.0,1.02,88.83,100.0,99.95,76.93,99.94,100.0,76.98,14.87,11.44,11.44,13.87,146.56,1.31,11.34,93.29,6.71,23.02,8.92,114.56,76.05,100.0,100.0,93.49,100.0,93.49,8.92,0.13,2716.22,6.0,,,,0.0,58.0,121.57,0.27,115.85,1.69,116.18,0.0,,,,,,,,,,SABESP,Água e Esgotos,SABESP,,,,,,,,,,,,,,,,,,,,,,,,,,,,,,,,,,,,,,,,,,,,,,,,Sim
3537107,98.33,100.0,0.0,85.26,86.7,0.0,13.67,1.05,100.0,87.27,41.39,100.0,0.0,12.27,17.85,159.5,139.05,29.38,12.16,41.64,60.78,39.22,58.36,41.6,589.82,100.0,0.98,60.0,,0.56,6.0,,100.0,0.35,52.05,97.35,99.0,0.0,78.7,80.03,0.0,78.7,80.03,0.0,7.96,1.0,86.61,86.63,91.66,64.18,70.02,0.56,27.01,2.0,1.0,4.34,0.57,7.48,92.52,0.28,12.0,267.18,109.15,100.0,0.0,0.0,86.05,310.49,126.84,134.84,48000.0,35000.0,116.21,5.88,5.82,94.18,98.33,100.0,0.0,100.0,98.33,100.0,0.0,2217.22,0.0,0.82,0.56,0.27,0.08,0.06,0.04,0.0,0.0,0.0,,,,,0.02,0.02,0.0,353710,2.02,1.99,393.75,2.21,2.2,2.23,109.41,0.0,69.45,40570.28,89.73,22.84,63.47,10.03,0.0,25.45,70.74,25.76,3.5,0.0,48.05,38.94,13.01,24.96,216.77,145.66,142.72,2.52,404.81,4.96,115.24,0.56,98.17,99.0,1.04,87.47,0.0,100.0,47.78,100.0,100.0,47.78,26.04,12.41,12.41,17.72,143.12,0.85,19.78,68.23,31.77,52.22,22.53,463.86,97.67,98.5,98.5,61.01,78.18,47.7,17.26,0.89,63.02,9.28,,,,5.35,0.25,100.0,0.0,100.0,0.87,100.0,3.06,,,,,,,,,,SAAE,Água e Esgoto,LPU,2.55,21562.03,2.43,79.24,99.14,54.91,23.97,76.03,4.96,54.43,99.79,100.0,100.0,87.14,1436.83,0.46,0.62,0.59,112.63,46.34,18.18,37.26,4.01,0.61,162.47,85.0,5.33,12.04,8.14,37.06,29.72,18.36,8.74,6.12,17.68,,,55.56,55.6,47.81,2.0,0.95,51.59,37.19,0.59,0.84,33.06,Sim
3537156,94.05,94.27,91.88,,,100.0,12.68,1.09,100.0,86.75,85.2,100.0,100.0,14.73,15.27,215.81,188.41,15.98,13.61,85.2,95.6,4.4,14.8,6.18,84.97,91.18,0.53,,,18.5,,,100.0,,1.41,85.48,94.27,2.21,88.01,88.16,86.55,88.01,88.16,86.55,11.07,1.07,82.32,82.32,100.47,100.47,100.0,0.07,0.0,,0.0,5.45,5.45,57.14,42.86,,4.0,118.26,52.15,100.0,0.0,0.0,5.87,2014.32,888.28,949.84,251726.87,251726.87,1703.29,1504.3,85.36,11.29,90.45,100.0,0.0,100.0,0.0,0.0,0.0,921.3,0.0,0.89,0.49,0.5,0.0,0.0,0.0,0.0,,,,,,,0.0,0.0,0.0,353715,3.08,2.68,514.0,3.16,3.5,2.83,102.88,-0.57,59.0,294335.55,84.65,46.53,57.35,5.49,14.58,54.97,67.75,7.05,0.27,17.23,54.82,43.6,1.58,8.14,2.46,845.25,838.35,0.97,1041.75,1.92,110.7,0.61,90.56,100.0,1.01,87.7,100.0,100.0,83.85,100.0,100.0,83.85,17.04,14.29,14.29,16.0,178.35,0.53,14.27,93.9,6.1,16.15,5.76,91.25,89.49,100.0,100.0,100.0,100.0,100.0,11.68,0.07,1055.0,11.5,,,,0.0,4.63,100.0,0.0,100.0,0.0,100.0,0.0,,,,,,,,,,SABESP,Água e Esgotos,SABESP,,,1.89,19.06,19.58,137.69,,,,26.96,84.35,100.0,100.0,18.57,607.03,1.15,0.74,,157.65,30.72,13.04,28.57,,0.74,,100.0,14.29,38.33,,48.0,20.0,2.0,26.0,4.0,49.83,2.63,0.36,0.0,,100.22,0.58,3.83,50.22,43.48,0.69,0.77,8.7,Sim
3537206,61.33,93.28,0.0,64.13,97.55,0.0,11.91,1.07,100.0,89.95,68.15,100.0,100.0,11.53,13.86,207.22,185.04,15.89,10.83,68.84,87.24,12.76,31.16,12.73,174.02,82.0,0.8,,,18.71,,,100.0,,8.01,39.14,59.52,0.0,38.4,58.41,0.0,38.4,58.41,0.0,13.16,1.01,88.73,88.73,69.22,69.22,100.0,0.2,0.25,22.92,0.08,,,,,,,,,,,,,,,,,,,,,,,,,,,,,,,,,,,,,,,,,,,,,,,353720,4.31,3.85,645.36,3.45,3.51,3.34,79.91,2.65,60.56,233917.63,111.61,59.1,75.79,14.31,13.18,52.95,67.9,11.41,2.43,11.81,62.24,34.79,2.98,21.6,10.9,533.81,531.6,1.47,684.53,2.38,84.85,0.7,60.51,87.78,1.0,90.96,100.0,100.0,67.63,100.0,100.0,67.63,16.51,11.16,11.16,14.27,193.56,0.76,11.81,86.48,13.52,32.37,12.49,176.27,36.37,52.77,52.77,63.29,100.0,63.29,14.95,0.23,423.65,6.0,,,,0.0,225.26,103.85,0.0,103.85,0.0,103.85,0.0,,,,,,,,,,SABESP,Água e Esgotos,SABESP,,,,,,,,,,,,,,,,,,,,,,,,,,,,,,,,,,,,,,,,,,,,,,,,Não
3537305,96.05,100.0,0.0,,,0.0,10.38,1.05,100.0,94.99,77.06,100.0,100.0,13.04,14.17,221.37,206.08,16.88,13.01,77.06,83.93,16.07,22.94,12.85,133.31,100.0,0.66,,,,,,100.0,,0.03,96.05,100.0,0.0,,97.22,,,97.22,,10.1,0.0,,,81.61,81.61,100.0,0.05,0.0,,,0.41,0.41,100.0,0.0,0.33,20.0,292.66,131.74,100.0,0.0,0.0,1601.95,18.27,8.22,133.96,221970.85,20004.69,6.24,6.24,69.96,30.04,96.05,100.0,0.0,100.0,96.05,100.0,0.0,10280.63,0.14,1.78,0.78,1.07,32.44,22.5,11.43,0.0,,,,,,,3.33,3.33,0.0,353730,2.94,2.37,382.74,2.18,2.19,2.17,74.26,0.0,69.92,118250.01,108.91,63.01,94.15,0.0,0.0,57.85,86.45,10.32,1.77,0.0,59.9,37.93,2.17,0.0,165.87,357.37,323.05,2.07,534.03,4.14,83.68,0.57,95.51,100.0,1.11,85.49,100.0,100.0,67.98,100.0,100.0,67.98,19.2,13.06,13.06,16.38,210.99,0.57,10.63,85.3,14.7,32.02,21.04,223.61,95.51,100.0,100.0,80.0,100.0,80.0,10.35,0.05,,,,,,0.0,,124.62,0.03,635.18,0.0,109.93,0.11,,,,,,,,,,DAEP,Água e Esgoto,LPU,1.78,38161.42,2.2,0.0,123.11,68.06,100.0,0.0,2.78,83.78,95.51,100.0,100.0,10.25,466.07,0.96,0.43,,437.19,100.0,53.7,,,0.43,,100.0,5.3,8.26,,28.4,20.4,8.0,8.8,34.4,15.95,1.49,0.35,0.0,,,,0.66,0.0,37.04,,0.0,0.0,Sim
3537404,94.06,100.0,5.91,91.87,97.61,11.46,15.25,1.05,100.0,99.58,77.22,100.0,100.0,18.84,18.45,291.77,291.77,23.89,18.45,77.22,77.22,22.78,22.78,10.06,188.15,83.78,0.0,,,,,,100.0,,0.24,100.0,100.0,100.0,,95.67,,,95.67,,26.48,1.05,,,89.99,89.99,100.0,0.39,0.09,0.7,1.0,1.31,0.3,0.0,100.0,0.13,3.0,37.66,18.37,100.0,0.0,-36.96,9.56,539.77,263.24,303.41,,,1433.16,19.76,4.91,93.44,97.21,100.0,55.75,100.0,93.69,100.0,0.0,3271.1,0.0,1.47,0.8,0.74,27.31,7.78,8.99,0.0,,,,,,,1.36,1.36,0.0,353740,1.09,1.09,244.94,1.12,1.15,1.09,102.83,0.0,69.54,48521.47,97.25,36.42,67.63,0.0,0.0,37.45,69.54,27.32,1.95,0.0,43.96,42.81,13.23,157.75,69.63,284.85,275.66,1.95,528.89,3.89,118.51,0.68,93.08,100.0,1.03,100.0,77.55,100.0,77.55,99.32,100.0,78.08,23.68,18.49,18.36,18.49,253.52,0.39,16.28,78.08,21.92,21.92,9.15,176.53,93.08,100.0,100.0,100.0,97.88,99.99,19.16,0.38,,,,,,0.0,0.61,100.0,0.0,100.0,0.0,100.0,0.0,,,,,,,,,,SAAE,Água e Esgoto,LPU,0.67,20750.0,0.31,100.0,97.89,13.9,12.5,87.5,12.5,13.6,100.0,100.0,100.0,100.0,985.85,0.59,0.5,0.46,25.35,33.13,87.5,,0.0,0.46,,100.0,0.44,0.8,0.46,42.11,26.32,10.53,10.53,10.53,0.84,0.06,0.01,,,,,0.0,29.52,0.0,,0.0,0.0,Sim
3537503,80.48,100.0,31.81,74.09,100.0,11.79,24.12,1.07,100.0,90.22,73.73,100.0,100.0,11.3,13.19,170.16,152.67,14.49,10.69,73.98,90.99,9.01,26.02,5.23,132.85,94.25,1.64,181.5,,16.95,8.5,,100.0,5.3,7.45,64.09,89.8,0.0,58.01,78.3,9.22,58.01,78.3,9.22,14.84,1.02,89.86,89.86,99.48,99.48,100.0,0.72,0.15,11.0,0.05,2.03,1.67,52.17,47.83,0.0,0.0,142.13,71.06,100.0,0.0,0.0,60.69,234.17,117.09,109.75,32039.36,,164.76,7.46,29.63,70.37,66.9,93.74,0.0,93.74,0.0,0.0,0.0,971.55,0.0,0.59,0.85,0.03,0.0,0.0,0.0,0.0,,,,,,,0.0,0.0,0.0,353750,3.81,4.09,659.13,2.66,2.97,2.31,69.81,0.16,65.43,755130.07,153.5,48.53,93.72,3.16,31.83,31.61,61.06,13.5,0.01,20.73,57.61,39.83,2.56,19.46,2.9,1876.37,1843.92,0.28,3624.0,0.54,72.65,0.7,78.96,100.0,1.02,90.07,100.0,100.0,80.03,100.0,100.0,80.03,13.99,11.2,11.2,13.58,154.97,1.31,30.2,97.04,2.96,19.97,2.9,93.49,71.89,100.0,100.0,100.0,100.0,100.0,19.4,0.16,300.46,6.0,212.39,6.0,,0.0,60.12,107.53,3.75,107.26,1.25,106.72,0.76,,,,,,,,,,SABESP,Água e Esgotos,SABESP,3.28,47118.33,3.15,22.14,20.51,154.65,100.0,0.0,,31.71,98.06,100.0,100.0,0.0,,,1.89,0.97,124.35,55.56,,,33.33,1.29,,,,,,,,,,,,,,,,,,,39.66,,,,,Sim
3537602,100.0,100.0,100.0,,,100.0,10.63,1.12,100.0,91.22,53.45,100.0,100.0,9.25,12.81,279.93,200.37,16.53,8.83,67.33,77.54,22.46,32.67,16.91,198.53,89.3,0.19,,,14.4,,,87.16,,8.9,75.85,77.68,0.0,75.76,75.82,73.61,75.76,75.82,73.61,12.41,1.09,91.85,91.85,91.62,91.62,100.0,0.68,0.15,9.23,0.05,1.55,0.07,0.89,99.11,0.22,15.0,565.73,436.43,100.0,0.0,8.05,200.05,260.01,200.58,231.07,127710.03,,45.96,0.42,0.86,78.3,97.88,99.12,46.37,99.12,97.88,99.12,0.0,4804.26,0.0,1.31,1.22,0.11,2.8,2.66,0.63,100.0,,,,,,,0.55,0.55,0.0,353760,4.87,2.63,425.55,3.44,3.44,3.44,70.54,6.53,36.19,207017.41,76.53,28.73,51.3,62.19,5.82,37.54,67.04,14.08,2.02,7.6,54.77,42.87,2.36,46.95,116.95,725.7,672.88,0.83,1295.79,1.48,74.9,0.89,97.66,98.77,1.07,93.28,100.0,100.0,61.96,100.0,100.0,61.96,15.95,9.49,9.49,13.55,224.09,0.18,11.23,88.43,11.57,38.04,16.8,205.28,76.96,77.82,77.82,89.73,100.0,89.73,12.81,0.85,15148.86,9.07,6307.6,33.97,48.1,0.02,172.34,106.57,0.77,106.69,3.85,106.22,2.76,,,,,,,,,,SABESP,Água e Esgotos,SABESP,,,,,,,,,,,,,,,,,,,,,,,,,,,,,,,,,,,,,,,,,,,,,,,,Sim
3537701,97.53,100.0,67.29,99.76,100.0,96.86,10.44,1.08,100.0,88.98,82.34,100.0,100.0,12.59,13.64,176.77,156.82,14.3,11.78,82.51,95.32,4.68,17.49,7.79,89.13,90.04,1.34,,,11.8,,,100.0,,2.91,96.0,100.0,47.06,87.56,87.74,85.34,87.56,87.74,85.34,8.95,1.05,87.0,87.0,97.14,97.14,100.0,0.1,0.22,1.8,0.1,2.89,0.53,100.0,0.0,0.0,0.0,111.06,49.85,100.0,0.0,28.47,35.5,223.79,100.45,102.68,35583.0,177914.98,201.49,190.4,97.17,0.0,100.0,100.0,100.0,94.23,87.11,94.23,0.0,819.8,0.0,0.8,0.49,0.33,2.94,1.96,1.43,0.0,,,,,,,0.59,0.59,0.0,353770,3.12,2.81,458.81,2.88,3.19,2.57,92.19,-0.14,54.49,280354.79,97.74,40.52,59.11,5.83,14.72,41.45,60.47,16.95,0.33,15.06,54.81,42.97,2.22,12.37,4.38,1010.45,993.32,0.69,1474.17,1.37,100.86,0.64,95.4,100.0,1.02,89.92,100.0,100.0,78.64,100.0,100.0,78.64,14.94,11.67,11.67,13.64,150.34,1.34,11.78,91.91,8.09,21.36,8.15,105.99,94.31,100.0,100.0,98.69,100.0,98.69,9.69,0.0,1756.54,6.0,,,,0.0,11.62,100.0,0.0,100.0,0.0,100.0,0.0,,,,,,,,,,SABESP,Água e Esgotos,SABESP,2.28,39967.76,2.32,0.0,30.63,90.94,100.0,0.0,8.33,27.85,88.19,100.0,100.0,0.0,1256.66,0.57,0.61,,,,25.0,271.19,,0.61,,79.64,3.22,7.21,,,,,,,9.86,0.78,0.13,0.0,,,,0.76,,33.33,,0.76,33.33,Sim
3537800,62.68,100.0,13.07,56.19,95.62,4.64,21.3,1.14,99.99,88.16,82.91,100.0,100.0,12.49,12.15,167.14,143.79,13.76,11.41,83.57,89.82,10.18,14.25,3.58,84.97,88.86,1.13,595.5,,8.35,20.75,,83.1,4.03,11.74,33.77,59.18,0.0,28.81,48.86,2.6,28.81,48.86,2.6,13.98,1.07,85.41,85.41,71.48,71.48,100.0,0.66,0.23,4.77,0.09,1.49,0.5,39.44,60.56,0.0,0.0,78.95,30.0,100.0,0.0,8.89,21.55,333.77,126.83,152.9,213089.04,81414.81,422.78,81.41,36.04,57.01,92.19,93.69,90.19,77.54,0.0,0.0,50.59,4088.65,0.0,1.24,0.68,1.07,0.0,0.0,0.0,0.0,,,,,,,0.0,0.0,0.0,353780,3.83,3.33,567.7,3.31,3.48,3.05,86.43,-1.49,44.02,200281.87,100.38,38.95,50.93,14.51,9.47,38.8,50.74,26.36,6.42,9.43,62.87,34.8,2.33,18.18,27.46,695.32,669.75,1.14,909.24,1.85,93.86,0.69,56.13,100.0,1.03,88.03,100.0,100.0,63.46,100.0,100.0,63.46,18.45,11.71,11.71,14.21,146.64,1.07,13.75,76.99,23.01,36.54,14.6,228.98,34.53,75.77,75.77,62.53,98.79,61.77,7.94,1.29,581.96,6.0,2132.5,6.75,,0.0,138.4,103.17,1.03,102.91,0.26,102.91,1.29,,,,,,,,,,SABESP,Água e Esgotos,SABESP,2.5,99619.05,4.66,71.32,16.57,248.85,42.86,57.14,3.17,41.25,45.57,100.0,100.0,57.87,1687.78,1.15,1.69,1.39,305.91,75.84,46.03,,21.94,1.69,,43.62,0.84,5.15,1.88,20.0,23.85,33.85,12.31,10.0,9.52,3.26,0.19,100.0,100.0,230.0,0.5,0.75,10.99,30.16,0.12,0.48,19.05,Sim
3537909,95.5,100.0,78.16,87.21,100.0,36.15,18.48,1.06,100.0,91.46,79.04,100.0,100.0,11.64,13.66,159.91,143.39,14.03,11.09,79.42,97.36,2.64,20.58,5.2,100.46,95.24,0.64,3127.29,,10.38,6.29,,92.45,26.94,8.57,56.19,70.76,0.0,54.01,61.94,22.38,54.01,61.94,22.38,9.02,1.01,89.1,89.1,69.39,69.39,100.0,0.26,0.3,13.96,0.06,0.84,0.67,100.0,0.0,0.22,5.0,113.86,53.43,99.82,0.18,-7.99,36.57,336.82,158.07,233.41,146586.91,141945.02,295.83,177.62,56.18,36.78,100.0,100.0,100.0,100.0,79.41,100.0,0.0,1309.16,0.0,0.63,0.63,0.01,7.93,5.27,2.75,0.0,0.05,0.0,,,,,1.82,1.82,0.0,353790,3.3,2.96,488.62,3.02,3.21,2.77,91.72,-1.82,57.44,265705.56,97.98,44.81,62.63,6.81,11.51,45.73,63.92,13.99,3.05,11.75,59.69,36.8,3.51,15.86,20.27,850.68,841.13,0.85,1189.03,1.46,102.29,0.83,90.14,100.0,1.01,91.46,100.0,100.0,71.29,100.0,100.0,71.29,15.59,11.1,11.1,13.76,140.87,0.58,17.49,88.35,11.65,28.71,7.83,148.49,62.84,79.97,79.97,72.26,100.0,72.26,9.28,0.34,560.5,6.2,,,,0.0,115.82,106.14,0.0,105.26,0.97,105.26,0.0,,,,,,,,,,SABESP,Água e Esgotos,SABESP,1.31,31211.27,1.24,0.0,84.58,40.83,100.0,0.0,10.0,34.53,90.0,100.0,100.0,12.28,425.99,0.78,0.33,,253.64,74.12,60.0,,,0.29,,100.0,7.89,9.42,,,,,,,18.84,,,0.0,,,,0.17,19.22,13.33,,0.09,6.67,Sim
3538006,100.0,100.0,100.0,,,100.0,9.29,1.16,99.99,92.36,65.52,100.0,100.0,12.35,13.98,165.18,144.43,18.02,11.81,65.85,77.57,22.43,34.15,22.97,233.89,89.93,0.64,3984.84,,10.42,8.34,,92.49,5.57,9.18,98.87,100.0,69.08,94.49,94.69,89.35,94.49,94.69,89.35,6.91,1.11,92.59,92.59,92.09,92.09,100.0,0.18,0.75,23.78,0.13,1.57,0.56,22.73,77.27,0.05,7.0,0.0,0.0,,,,0.0,246.12,101.06,200.5,41480.78,41480.78,,,6.64,81.61,96.33,100.0,0.0,93.67,90.24,93.67,0.0,6846.42,0.06,1.31,0.71,0.64,5.74,3.47,2.06,0.0,0.02,0.0,39.08,12.77,12.21,8.88,0.65,0.65,0.0,353800,2.92,2.3,399.74,3.12,3.46,2.76,106.86,-0.33,46.04,166724.9,73.69,24.77,43.09,10.38,9.94,33.61,58.47,13.9,4.64,13.49,55.05,42.92,2.03,40.18,169.64,713.34,657.79,0.87,1241.12,1.71,116.05,0.64,100.0,100.0,1.08,92.88,100.0,99.99,68.93,99.99,100.0,68.94,17.8,12.27,12.27,14.4,148.58,0.66,9.56,80.94,19.06,31.06,18.57,196.92,98.96,100.0,100.0,93.3,100.0,93.3,7.41,0.22,3745.63,9.25,1974.0,6.0,,0.0,105.39,104.2,0.0,104.28,1.6,104.28,0.42,,,,,,,,,,SABESP,Água e Esgotos,SABESP,1.27,91696.11,4.19,100.0,,116.4,0.0,100.0,2.91,,97.43,100.0,100.0,100.0,2114.2,0.36,0.66,,166.28,34.37,28.64,,,0.65,,40.45,1.25,3.01,,57.38,17.01,4.1,21.52,0.0,3.09,1.17,0.18,100.0,,,,0.15,8.67,11.65,,0.42,33.01,Sim
3538105,94.44,99.51,0.0,88.83,93.59,0.0,6.91,1.06,100.0,93.29,64.01,100.0,100.0,13.74,14.87,197.84,184.26,20.37,13.04,64.07,73.01,26.99,35.93,24.49,254.03,99.16,0.32,145.71,,3.57,0.0,,100.0,2.27,9.36,94.44,99.51,0.0,89.0,93.77,0.0,89.0,93.77,0.0,10.32,1.0,96.77,96.77,84.95,84.95,100.0,0.17,0.08,4.0,1.0,2.36,0.54,75.61,24.39,0.0,0.0,0.0,0.0,,,,0.0,348.66,154.11,47.3,20748.0,106333.5,,,45.33,53.79,100.0,100.0,100.0,100.0,0.0,0.0,0.0,2750.0,0.0,1.02,0.74,0.29,0.0,0.0,0.0,0.0,,,,,,,0.0,0.0,0.0,353810,1.39,1.39,123.2,2.32,1.79,,167.04,86.5,41.32,38407.88,59.87,11.32,24.74,0.0,0.0,18.9,41.32,49.58,3.2,0.0,76.97,23.03,0.0,1177.05,15.3,754.51,753.79,0.61,1649.07,1.21,22.55,,94.66,100.0,1.0,97.52,100.0,99.91,53.54,92.8,100.0,57.69,23.66,13.65,12.67,14.79,161.25,0.0,9.54,62.52,37.48,42.31,31.13,329.28,94.66,100.0,100.0,96.83,100.0,96.83,9.53,0.0,,,,,,0.0,4.0,142.91,2.82,101.71,0.0,95.9,0.11,,,,,,,,,,PMP,Água e Esgoto,LPU,,,1.76,100.0,,51.84,,,,,94.66,100.0,100.0,96.88,2461.34,0.31,0.65,0.63,209.65,96.54,45.45,,3.22,0.65,,,,,,,,,,,,1.02,0.16,,,,,0.0,0.0,0.0,,0.19,27.27,Sim
3538204,58.78,97.92,0.0,48.76,80.92,0.0,16.97,1.08,100.0,88.81,76.31,100.0,100.0,10.4,12.6,164.79,148.52,12.77,9.74,76.31,98.7,1.3,23.69,6.02,107.32,94.66,0.91,1411.21,,14.64,14.89,,94.68,30.36,8.54,45.9,76.46,0.0,35.23,58.47,0.0,34.69,57.57,0.0,11.47,1.01,88.61,88.62,64.41,64.05,99.44,0.14,0.12,21.0,0.09,1.28,1.1,100.0,0.0,0.0,0.0,118.79,51.56,100.0,0.0,0.0,139.65,85.06,36.92,43.02,33583.33,33600.0,71.61,71.61,100.0,0.0,58.31,97.14,0.0,90.0,41.97,69.92,92.07,762.6,0.0,0.54,0.92,0.0,9.82,6.38,2.11,0.0,,,,,,,1.37,1.37,0.0,353820,4.79,5.26,806.17,3.01,3.31,2.62,62.82,-1.71,84.66,210818.8,174.88,56.64,134.77,25.61,11.09,32.39,77.06,7.04,5.64,6.34,59.16,37.27,3.57,28.05,20.23,339.33,333.23,1.26,807.47,2.28,58.47,0.6,57.05,100.0,1.02,88.27,100.0,100.0,73.75,100.0,100.0,73.75,13.44,9.91,9.91,12.91,144.15,0.96,14.45,96.1,3.9,26.25,7.51,117.97,46.42,94.25,94.25,63.57,99.62,63.32,11.01,0.22,,,,,19.64,1.05,18.61,103.33,1.08,104.07,0.36,104.07,0.71,,,,,,,,,,SABESP,Água e Esgotos,SABESP,10.81,15366.23,3.27,57.42,23.84,166.18,95.06,4.94,2.47,39.61,67.07,97.46,97.46,100.0,1018.68,1.47,1.28,,295.17,83.18,13.58,,,0.94,,97.46,0.14,0.67,,20.0,20.0,20.0,20.0,20.0,1.34,1.39,0.11,0.0,,,,1.47,14.9,13.58,,0.8,7.41,Sim
3538303,90.9,100.0,51.3,84.48,98.77,18.04,10.71,1.09,100.0,89.6,85.32,100.0,100.0,11.37,12.74,169.87,155.31,12.31,10.51,85.32,103.48,-3.48,14.68,5.64,64.8,92.87,1.09,,,17.6,,,100.0,,1.7,80.98,99.59,0.0,71.26,83.12,16.14,71.26,83.12,16.14,8.53,1.08,84.88,84.88,96.77,96.77,100.0,0.34,0.96,9.92,0.71,12.69,1.87,64.1,35.9,,6.0,13.65,7.48,100.0,0.0,0.0,3.98,343.31,188.18,355.09,35720.88,30026.72,2515.65,748.9,59.38,40.62,81.31,100.0,0.0,100.0,0.0,0.0,0.0,194.65,0.0,0.32,0.32,0.08,0.0,0.0,0.0,0.0,,,,,,,0.0,0.0,0.0,353830,3.08,2.46,396.27,2.85,3.13,2.55,92.47,-0.35,58.51,259840.86,86.49,47.48,63.27,13.19,9.13,54.89,73.15,7.67,0.3,10.55,54.74,42.76,2.49,18.25,2.67,896.43,889.3,0.84,1194.5,1.65,104.52,0.26,79.09,100.0,1.01,89.48,100.0,100.0,84.75,100.0,100.0,84.75,13.07,11.08,11.08,13.39,152.54,1.06,11.66,102.38,-2.38,15.25,5.21,66.07,76.63,100.0,100.0,100.0,100.0,100.0,11.6,0.49,566.67,6.0,,,,0.0,86.19,100.0,0.0,100.0,0.0,100.0,0.0,,,,,,,,,,SABESP,Água e Esgotos,SABESP,,,,,,,,,,,,,,,,,,,,,,,,,,,,,,,,,,,,,,,,,,,,,,,,Sim
3538501,91.77,100.0,0.0,84.33,92.57,0.0,6.78,1.06,99.87,94.71,92.02,100.0,100.0,15.21,15.92,237.7,213.19,16.48,15.17,92.04,96.57,3.43,7.96,6.35,45.68,93.14,0.16,,,8.55,,,100.0,,3.07,91.77,100.0,0.0,,69.69,,,0.0,,7.96,0.52,,,70.56,0.0,0.0,0.02,8.17,12.0,1.0,0.78,0.16,100.0,0.0,0.0,0.0,0.0,0.0,0.0,100.0,,0.0,35.75,16.51,23.58,30221.79,102500.0,,,100.0,0.0,98.81,100.0,85.51,100.0,0.0,0.0,0.0,660.0,0.0,0.43,0.44,0.0,0.0,0.0,0.0,0.05,,,,,,,0.0,0.0,0.0,353850,1.76,1.63,285.38,1.77,2.24,1.11,100.5,-0.21,56.21,56329.52,92.12,35.83,55.93,0.0,20.77,38.89,60.71,3.53,1.74,22.54,69.27,24.92,5.81,39.01,27.32,325.11,303.31,2.11,507.49,3.71,113.64,0.71,93.66,100.0,1.08,93.05,100.0,100.0,53.3,100.0,99.93,53.3,23.46,12.45,12.45,14.79,160.49,0.09,6.31,63.32,36.68,46.7,57.25,386.7,78.49,83.81,83.81,85.92,0.0,0.0,7.68,0.0,250.0,7.0,250.0,7.0,,0.0,2.01,100.0,0.0,100.08,0.0,100.0,0.0,0.18,0.18,1.05,6.2,12.33,3.83,9.93,142.86,100.0,AP,Água e Esgoto,LEP,,,4.4,2.03,,99.15,,,,,93.66,100.0,100.0,4.23,1206.96,0.7,0.76,0.44,305.94,82.02,22.5,,73.17,0.76,,,,,,,,,,,,0.45,0.06,0.0,,,,0.78,15.95,25.0,,0.78,25.0,Sim
3538600,74.13,90.1,0.0,76.75,91.58,0.0,16.85,1.11,100.0,88.11,71.0,100.0,100.0,11.59,13.32,191.54,164.34,15.24,10.82,71.0,87.4,12.6,29.0,9.14,161.8,94.66,0.77,2318.37,,16.0,13.71,,93.56,22.16,10.03,57.64,70.06,0.0,51.25,61.16,0.0,49.42,58.97,0.0,10.45,1.03,87.35,87.36,59.56,58.44,98.12,0.74,0.52,22.93,0.2,0.27,0.67,25.0,75.0,,17.0,73.05,36.66,100.0,0.0,0.0,16.45,444.16,222.89,272.0,39211.09,,607.99,23.98,3.94,95.87,100.0,100.0,100.0,100.0,0.0,0.0,0.0,1800.46,0.07,0.92,0.88,0.04,0.0,0.0,0.0,0.0,,,,,,,0.0,0.0,0.0,353860,4.11,3.83,631.83,3.24,3.52,2.85,78.75,1.37,63.23,237261.04,118.3,49.9,80.29,19.16,8.63,42.18,67.87,15.13,3.78,7.3,59.23,34.67,6.1,29.49,27.36,553.29,533.9,1.16,890.32,2.05,80.32,0.67,68.2,68.2,1.04,88.93,100.0,99.98,69.78,99.99,100.0,69.79,16.17,11.29,11.29,13.97,173.63,0.82,16.85,86.39,13.61,30.21,9.06,167.17,50.84,50.84,50.84,57.81,99.45,57.5,10.29,1.16,736.0,16.0,,,25.23,2.28,19.39,101.74,0.19,101.74,0.57,101.55,0.38,,,,,,,,,,SABESP,Água e Esgotos,SABESP,,,4.74,100.0,,128.94,,,,,100.0,100.0,100.0,100.0,,0.0,0.9,,181.83,46.48,0.0,,,0.9,,,,,,,,,,,,0.32,0.04,100.0,,,,0.44,2.81,75.0,,0.15,25.0,Sim
3538709,92.23,92.67,72.2,96.1,96.22,90.86,11.19,1.19,100.0,84.26,44.61,98.66,98.61,12.11,14.14,222.86,175.43,27.09,12.25,49.09,52.19,47.81,50.91,44.06,540.63,0.0,1.05,5860.43,561.96,3.01,6.0,45.95,95.72,0.49,8.52,99.69,100.0,85.51,96.12,95.77,,96.12,95.77,,9.27,1.12,89.69,89.69,119.55,119.55,100.0,0.45,4.41,22.44,0.98,1.8,1.8,4.54,95.46,0.14,31.0,423.63,190.47,99.93,0.07,10.85,55.52,680.78,306.09,291.22,136831.34,136831.34,160.7,5.85,3.73,72.27,97.86,100.0,0.0,100.0,97.86,100.0,0.0,3604.37,0.02,1.08,0.9,0.21,8.99,3.79,2.75,0.0,0.03,0.0,62.89,18.07,5.08,13.96,0.94,0.94,0.0,353870,3.46,3.42,593.37,3.98,3.84,4.12,115.01,3.41,72.19,80515.17,85.9,16.61,62.77,3.0,1.09,19.34,73.08,16.52,8.02,1.27,48.03,50.67,1.3,13.71,1887.46,185.69,159.62,1.66,701.65,3.26,110.08,0.4,100.0,100.0,1.16,87.03,100.0,100.0,43.24,100.0,100.0,43.24,31.82,13.76,13.76,14.37,199.85,1.0,10.17,45.17,54.83,56.76,62.04,689.86,100.0,100.0,100.0,100.0,100.0,100.0,8.9,0.59,8261.98,6.99,,,,5.36,,203.54,0.6,174.86,0.0,108.52,0.79,,,,,,,,,,SEMAE,Água e Esgoto,LPU,1.53,159309.32,7.87,97.28,28.37,243.72,3.47,96.53,8.6,69.14,100.0,100.0,100.0,75.17,3304.54,0.4,1.14,0.84,364.34,62.42,26.28,13.71,33.04,1.12,580.17,100.0,1.51,6.29,2.44,,,,,,7.67,7.7,0.67,100.0,100.0,168.42,,0.49,30.4,32.23,0.44,0.28,18.18,Sim
3538808,96.02,98.78,55.41,97.58,100.0,59.64,12.97,1.07,100.0,89.78,72.64,100.0,100.0,12.65,14.1,190.09,164.61,16.44,11.94,74.09,85.8,14.2,25.91,11.07,150.15,95.11,0.91,2514.2,,12.84,7.8,,81.89,18.51,9.83,92.95,98.78,7.08,86.18,88.32,52.61,86.18,88.32,52.61,11.06,1.01,90.06,90.06,100.7,100.7,100.0,0.52,0.39,17.73,0.13,3.95,1.45,78.85,21.15,0.96,14.5,0.0,0.0,,,,0.0,161.73,73.52,106.06,19753.09,19500.0,,,46.25,53.75,100.0,100.0,100.0,100.0,100.0,100.0,0.0,5750.0,0.07,1.04,1.01,0.03,145.4,132.18,39.5,0.0,1.08,0.0,,,,,34.78,34.78,0.0,353880,2.89,2.41,419.53,3.03,3.31,2.73,104.83,-0.51,49.26,174312.96,79.71,36.27,46.99,7.43,7.69,45.5,58.95,20.5,1.98,9.65,54.15,43.38,2.47,14.16,33.68,704.84,694.64,1.11,913.13,2.2,113.82,0.53,97.77,100.0,1.02,90.14,100.0,100.0,68.05,100.0,100.0,68.05,18.13,12.34,12.34,14.54,168.49,0.93,11.26,80.17,19.83,31.95,15.73,193.48,95.99,100.0,100.0,100.0,95.86,95.86,10.16,0.8,252.5,6.0,196.13,6.0,,0.0,44.39,103.68,1.68,102.91,0.56,102.91,0.56,,,,,,,,,,SABESP,Água e Esgotos,SABESP,,,2.15,31.33,,76.42,,,,,97.3,100.0,100.0,0.0,746.46,1.04,0.67,,,,41.79,,,0.62,,100.0,10.03,24.48,,39.94,36.91,6.8,11.78,4.57,35.67,0.1,0.02,0.0,,,,0.97,,38.81,,0.22,8.96,Sim
3538907,81.51,100.0,0.0,89.37,,0.0,10.64,1.02,100.0,97.77,97.06,100.0,0.0,24.9,25.09,426.74,412.82,25.09,24.35,97.07,100.0,0.0,2.93,2.22,24.7,95.64,0.42,,,2.56,,,100.0,,0.03,81.51,100.0,0.0,,,,,0.0,,10.53,0.5,,,38.7,0.0,0.0,0.04,0.24,2.15,1.0,0.81,0.76,86.67,13.33,0.45,6.0,140.51,68.71,100.0,0.0,0.0,31.74,442.72,216.49,206.59,74612.3,89534.75,315.09,85.81,26.33,19.01,86.81,100.0,28.66,86.31,58.01,71.17,56.54,2541.1,0.0,0.92,0.53,0.56,1.11,0.86,0.38,0.0,0.0,0.0,,,,,0.15,0.15,0.0,353890,0.89,0.76,180.63,1.05,1.26,0.8,117.46,1.29,62.87,52872.94,72.79,40.93,53.52,0.0,0.14,56.24,73.53,23.43,1.49,0.19,56.96,31.96,11.08,17.73,44.46,398.09,394.79,1.94,520.51,3.76,130.4,0.6,100.0,100.0,1.01,90.8,94.98,98.32,76.07,89.45,44.87,85.04,25.44,21.61,19.56,20.33,256.59,0.45,10.51,80.02,19.98,14.96,11.53,126.4,86.6,98.54,98.54,91.56,34.1,31.22,9.94,0.0,425.0,10.0,,,1.3,2.1,0.7,105.15,23.21,105.15,0.0,120.57,0.0,,,,,,,,,,SAAE,Água e Esgoto,LPU,1.2,64693.97,2.77,15.56,,77.86,100.0,0.0,8.0,,91.88,98.45,98.2,13.61,2028.75,0.48,0.97,,110.68,50.3,40.0,,,0.86,,97.48,10.76,38.08,,22.76,21.49,11.38,22.76,21.62,48.14,3.53,0.36,0.0,,158.2,2.0,0.39,48.91,32.0,0.24,0.24,20.0,Sim
3539004,92.37,100.0,0.0,99.5,,0.0,14.03,1.08,96.21,96.08,67.0,100.0,67.0,23.47,21.31,355.1,355.1,31.8,21.31,67.0,67.0,33.0,33.0,25.43,372.23,98.34,0.0,375.0,,2.0,3.0,,100.0,6.97,0.87,92.37,100.0,0.0,,,,,,,13.92,0.0,,,47.91,0.12,0.25,0.2,1.97,1.0,1.0,0.29,0.59,66.67,33.33,0.0,0.0,168.89,76.96,100.0,0.0,0.0,64.73,260.91,118.89,115.58,49926.98,49926.98,154.49,19.02,12.49,77.1,92.37,100.0,0.0,100.0,0.0,0.0,22.41,2900.0,0.0,0.72,0.77,0.01,0.0,0.0,0.0,0.0,,,,,,,0.0,0.0,0.0,353900,1.52,1.52,236.09,1.72,1.8,1.61,113.6,0.0,48.0,40784.3,88.03,3.54,42.25,0.0,0.0,4.02,48.0,50.25,1.75,0.0,58.33,39.86,1.8,0.0,23.88,359.91,344.11,0.24,4297.75,0.48,115.69,,100.0,100.0,1.08,90.07,0.0,98.81,59.75,94.0,100.0,63.56,17.68,11.24,10.77,14.21,144.33,,15.05,80.4,19.6,36.44,14.17,228.48,100.0,100.0,100.0,96.67,100.0,96.67,13.59,,3741.0,24.0,1870.5,6.0,2.0,0.13,0.5,100.0,2.15,100.0,0.18,100.0,0.18,,,,,,,,,,PMP,Água e Esgoto,LPU,,,3.22,2.38,29.26,103.2,,,,30.2,93.18,100.0,100.0,0.0,1507.99,0.59,0.76,0.66,252.14,67.57,25.0,66.03,10.97,0.73,,97.66,44.0,121.68,48.98,36.28,40.05,12.84,6.98,3.85,122.07,1.07,0.14,0.0,,317.52,0.8,0.39,30.05,16.67,0.1,1.27,54.17,Sim
3539103,91.79,95.1,0.0,95.86,99.65,0.0,14.1,1.19,99.35,93.06,39.49,100.0,100.0,10.57,13.21,181.2,117.98,25.47,10.06,54.44,51.85,48.15,45.56,27.69,452.96,84.61,0.36,1491.93,,66.64,12.38,,93.24,22.16,23.47,79.26,82.11,0.0,60.63,63.02,0.0,18.09,18.81,0.0,10.2,1.14,93.6,93.61,54.65,16.53,30.25,2.9,0.13,53.83,0.03,,,,,,,,,,,,,,,,,,,,,,,,,,,,,,,,,,,,,,,,,,,,,,,353910,4.76,3.85,612.88,3.83,3.94,3.65,80.52,5.8,50.38,103483.38,100.61,7.32,62.57,23.89,4.37,7.28,62.19,26.41,0.14,4.35,62.58,35.49,1.93,107.82,34.18,271.5,241.68,0.48,2320.0,0.79,81.75,0.57,82.55,82.55,1.12,94.19,100.0,99.95,49.99,99.96,100.0,50.01,21.88,10.47,10.47,13.41,126.61,0.89,12.91,64.05,35.95,49.99,24.19,385.66,52.36,52.36,52.36,48.99,35.69,17.49,11.16,3.7,514.94,12.24,,,26.21,2.79,17.62,100.34,0.68,100.17,0.34,100.17,1.87,,,,,,,,,,SABESP,Água e Esgotos,SABESP,,,,,,,,,,,,,,,,,,,,,,,,,,,,,,,,,,,,,,,,,,,,,,,,Não
3539202,100.0,100.0,100.0,,,100.0,11.24,1.07,100.0,89.8,82.39,100.0,100.0,12.5,13.77,174.31,157.89,14.27,11.76,82.85,96.48,3.52,17.15,6.85,86.32,88.19,1.81,800.0,,14.26,6.0,,95.92,6.91,7.17,99.64,100.0,92.89,95.05,95.49,86.87,95.05,95.49,86.87,9.19,1.02,89.15,89.15,96.23,96.23,100.0,0.18,0.37,26.37,0.17,1.74,1.01,79.41,20.59,0.85,20.0,50.97,21.78,100.0,0.0,0.0,14.82,343.8,146.89,320.76,78009.41,37539.24,674.55,132.46,29.78,13.07,94.87,100.0,0.0,94.74,89.88,94.74,0.0,1289.55,0.15,0.54,0.48,0.09,40.55,10.67,21.89,0.0,0.24,0.0,,,,,4.85,4.85,0.0,353920,3.12,2.56,444.63,3.13,3.29,2.97,100.36,-2.58,43.98,153917.74,81.69,30.51,43.82,10.84,8.3,37.35,53.64,25.56,1.95,10.16,52.58,45.13,2.29,13.12,30.88,645.39,638.99,1.09,926.81,2.13,111.17,0.68,97.15,100.0,1.01,91.01,100.0,100.0,86.14,99.99,100.0,86.15,14.68,12.58,12.58,14.47,158.71,1.69,11.92,99.14,0.86,13.85,4.94,67.13,92.64,97.5,97.5,96.29,100.0,96.29,10.09,0.2,2171.04,9.61,,,,0.0,21.59,100.0,0.0,100.0,0.0,99.84,0.48,,,,,,,,,,SABESP,Água e Esgotos,SABESP,,,3.44,52.16,13.32,100.81,,,,13.43,98.09,99.98,99.98,4.42,1215.88,0.8,0.88,0.71,217.31,68.92,26.58,,18.91,0.85,,99.41,2.27,7.26,5.26,60.64,35.77,2.69,0.0,0.9,14.15,1.27,0.14,0.0,,,,1.38,28.24,45.57,,0.0,0.0,Sim
3539301,89.75,92.29,30.19,,,44.35,13.91,1.24,100.0,83.33,66.19,100.0,0.0,13.1,11.68,248.58,162.41,17.64,11.68,66.29,66.19,33.81,33.71,15.25,242.09,23.28,0.56,102.58,,2.34,10.0,,100.0,0.24,0.73,94.95,99.0,0.0,,,,,,,14.25,1.04,,,93.24,93.24,100.0,0.26,1.13,1.0,1.0,1.37,0.33,100.0,0.0,0.09,7.0,204.87,98.62,100.0,0.0,0.0,93.53,219.04,105.43,109.93,43799.14,173444.59,106.91,58.26,54.49,45.51,100.0,100.0,100.0,100.0,100.0,100.0,0.0,5416.43,0.16,0.79,0.79,0.0,0.17,0.17,0.06,0.0,,,37.8,20.47,27.56,10.24,0.06,0.06,0.0,353930,2.51,2.5,398.59,2.76,2.36,3.34,110.21,0.79,76.04,57079.7,90.58,52.56,69.0,0.72,0.0,58.03,76.18,15.84,6.73,0.0,43.03,43.49,13.47,23.41,344.6,187.99,180.41,4.22,246.78,8.44,125.58,0.59,91.63,100.0,1.08,91.46,98.0,100.0,59.82,100.0,98.0,59.82,21.96,12.87,12.87,14.88,204.38,0.63,16.76,69.15,30.85,40.18,18.35,308.06,91.63,100.0,100.0,82.5,97.81,80.69,14.18,0.31,,,,,,,0.9,100.0,0.0,250.0,0.0,100.0,0.0,,,,,,,,,,SAEP,Água e Esgoto,LPU,1.63,28070.18,1.48,1.88,41.85,45.71,100.0,0.0,2.63,19.13,91.63,100.0,100.0,0.72,3362.3,0.36,1.04,,65.65,54.37,21.93,,,1.04,,,0.7,2.64,,35.14,29.73,24.32,5.41,5.41,2.71,0.39,0.04,0.0,,215.38,0.52,0.57,43.75,35.09,0.09,0.6,36.84,Sim
3539400,89.5,100.0,18.19,84.68,96.39,7.14,17.13,1.08,100.0,90.6,86.2,100.0,100.0,13.95,15.13,183.13,166.65,15.2,13.1,86.53,99.5,0.5,13.47,3.92,72.77,91.42,0.69,,,5.13,,,100.0,,5.23,81.4,93.38,0.0,72.99,83.01,6.59,72.99,83.01,6.59,11.39,1.02,91.48,91.48,96.24,96.24,100.0,0.14,0.22,5.73,0.56,2.66,0.64,100.0,0.0,1.36,15.0,0.0,0.0,,,,0.0,124.43,56.38,237.41,87922.07,87699.04,,,98.69,1.31,100.0,100.0,100.0,100.0,70.72,81.13,0.0,883.12,0.06,0.78,0.68,0.11,42.21,38.71,12.04,0.0,,,52.42,19.35,12.89,15.03,9.64,9.64,0.0,353940,2.8,2.18,396.86,3.18,3.45,2.88,113.46,1.15,46.7,212554.99,68.55,32.69,41.16,7.12,10.64,47.68,60.03,13.61,0.6,15.52,55.52,42.06,2.42,13.62,10.07,892.14,874.77,0.91,1123.25,1.74,123.68,0.64,90.06,100.0,1.02,91.83,100.0,100.0,85.98,100.0,100.0,85.98,15.47,13.25,13.25,15.22,168.46,0.83,10.74,98.77,1.23,14.02,6.16,72.41,82.01,95.64,95.64,89.83,100.0,89.83,10.92,0.05,144.57,6.0,,,,0.0,40.28,101.17,0.23,101.17,0.0,101.17,0.0,,,,,,,,,,SABESP,Água e Esgotos,SABESP,1.97,71940.16,5.52,,,141.51,100.0,0.0,,,100.0,100.0,100.0,0.0,,,0.84,0.67,,,,,7.46,0.72,,,0.0,0.01,,0.0,0.0,0.0,0.0,100.0,,,,,,,,,,,,,,Sim
3539509,96.23,100.0,0.0,99.92,,0.0,8.09,1.06,100.0,94.24,82.61,100.0,100.0,24.95,28.46,316.35,316.35,28.46,23.51,82.61,100.0,0.0,17.39,18.89,172.69,94.42,0.0,,,,,,98.22,,0.02,96.23,100.0,0.0,,85.36,,,85.36,,10.72,0.5,,,135.04,87.76,64.99,0.0,0.08,0.08,1.0,1.3,0.42,28.07,71.93,0.0,0.0,216.42,90.58,100.0,0.0,0.0,56.55,382.71,160.18,160.18,198530.77,198530.77,176.84,52.94,29.94,70.06,96.23,100.0,0.0,100.0,0.0,0.0,0.0,3170.0,0.0,0.76,0.74,0.04,0.0,0.0,0.0,0.0,,,,,,,0.0,0.0,0.0,353950,1.05,1.05,335.52,0.34,0.45,0.23,32.41,4.91,30.33,46966.16,308.58,70.5,93.59,0.0,100.69,22.85,30.33,28.92,8.12,32.63,66.68,33.32,0.0,0.0,53.1,461.55,461.55,1.63,612.72,3.26,30.82,,97.91,96.2,1.0,100.0,53.94,100.0,70.0,100.0,100.0,70.0,38.79,27.15,27.15,27.15,281.3,0.0,6.26,70.0,30.0,30.0,54.43,382.58,97.91,96.2,96.2,95.97,0.0,0.0,6.26,,,,,,,0.0,8.0,147.3,0.42,128.61,0.09,78.03,1.58,,,,,,,,,,PMP,Água e Esgoto,LPU,,,2.56,100.0,59.37,71.35,,,,42.36,96.15,100.0,100.0,54.82,6010.38,0.21,1.08,0.56,112.39,62.07,22.86,,92.95,1.08,,,,,,,,,,,,1.65,0.15,,,,,0.0,29.8,0.0,,0.39,42.86,Sim
3539608,99.91,100.0,99.22,,,100.0,11.32,1.07,100.0,91.16,91.63,100.0,100.0,12.43,13.96,179.47,164.65,12.87,11.79,91.96,108.46,-8.46,8.04,2.83,36.31,87.82,0.85,,,1.56,,,100.0,,2.01,99.37,100.0,94.56,93.67,94.09,90.09,93.67,94.09,90.09,8.39,1.08,85.96,85.96,96.87,96.87,100.0,0.29,0.05,10.0,0.04,3.05,0.76,100.0,0.0,0.0,0.0,10.32,4.92,100.0,0.0,0.0,23.92,43.15,20.57,104.78,33396.0,27014.56,418.11,418.11,97.57,2.43,88.44,100.0,0.0,100.0,0.0,0.0,0.0,621.0,0.0,0.76,0.75,0.11,0.0,0.0,0.0,0.0,,,,,,,0.0,0.0,0.0,353960,2.92,2.49,442.23,3.09,3.37,2.81,105.67,6.25,53.4,231517.57,80.54,41.04,50.53,5.02,10.04,50.95,62.74,15.85,0.17,12.47,53.75,44.58,1.67,8.32,4.31,834.45,820.29,0.99,1027.43,1.98,107.44,0.71,83.04,98.42,1.02,92.42,100.0,100.0,89.72,100.0,100.0,89.72,14.51,13.02,13.02,14.83,176.4,0.81,9.3,102.24,-2.24,10.28,4.71,49.86,82.68,97.99,97.99,97.86,100.0,97.86,9.84,0.38,1343.33,6.0,,,,0.0,16.16,100.0,0.0,100.0,0.0,100.0,0.0,,,,,,,,,,SABESP,Água e Esgotos,SABESP,1.58,35084.58,1.03,7.06,4.82,55.58,100.0,0.0,28.57,2.68,84.38,100.0,100.0,0.0,1012.78,0.68,0.59,,65.73,25.45,42.86,233.44,,0.59,,,,,,,,,,,,1.24,0.21,,,,,0.0,0.0,0.0,,0.0,0.0,Sim
3539707,95.23,100.0,70.86,88.34,99.75,32.37,10.24,1.06,100.0,91.61,78.42,100.0,100.0,13.08,14.26,165.02,150.89,15.81,12.4,78.42,90.18,9.82,21.58,10.18,118.94,86.12,0.45,,,32.06,,,100.0,,5.7,81.25,97.15,0.0,82.51,93.15,30.29,82.51,93.15,30.29,11.08,1.06,88.55,88.55,104.72,104.72,100.0,0.19,0.07,7.0,0.04,3.13,1.17,100.0,0.0,16.6,4.0,6.17,2.85,100.0,0.0,0.0,1.96,314.43,145.3,131.62,42118.21,42118.21,5096.9,1731.38,65.35,34.65,83.63,100.0,0.0,100.0,7.87,9.41,0.0,1859.0,0.0,1.66,0.98,1.01,348.55,327.8,9.14,0.0,,,,,,,4.25,4.25,0.0,353970,2.84,1.79,312.41,2.8,3.09,2.51,98.54,0.41,37.04,238585.99,63.9,23.71,37.58,24.43,11.27,37.1,58.82,12.14,0.41,17.64,54.07,43.65,2.28,10.73,1.59,1298.46,1292.15,0.49,2058.5,0.97,112.57,0.6,73.92,93.88,1.0,92.0,100.0,100.0,84.19,100.0,99.99,84.19,15.2,12.8,12.8,14.56,165.49,0.55,11.36,95.8,4.2,15.81,6.09,79.39,73.75,93.67,93.67,100.0,100.0,100.0,12.54,0.17,,,,,,0.0,16.75,100.0,0.0,100.0,0.0,100.0,0.0,,,,,,,,,,SABESP,Água e Esgotos,SABESP,5.37,19602.79,1.72,3.76,10.5,105.2,100.0,0.0,13.33,11.05,90.14,93.02,93.02,9.59,702.88,1.07,0.72,0.57,193.83,48.12,20.0,3.29,8.96,0.62,,100.0,8.77,22.9,10.45,23.44,18.75,26.56,15.62,15.62,25.04,0.2,0.03,0.0,,,,1.43,48.12,26.67,,1.43,26.67,Sim
3539806,100.0,100.0,100.0,,,100.0,8.51,1.29,100.0,91.76,68.15,100.0,100.0,11.15,12.71,160.61,137.64,15.57,10.61,71.38,81.65,18.35,28.62,20.58,189.65,91.49,1.24,8948.68,,17.34,11.32,,92.02,19.28,5.27,100.0,100.0,100.0,,,89.33,,,88.0,7.06,1.25,90.08,90.08,85.41,84.79,99.27,0.07,0.31,39.76,0.05,0.44,0.54,30.48,69.52,2.0,20.0,379.6,146.29,98.87,1.13,1.13,78.85,481.44,185.54,59.83,225000.0,23146.18,126.83,2.97,12.12,83.26,100.0,100.0,100.0,97.09,9.4,9.41,0.0,10306.22,0.15,1.33,1.15,0.18,23.0,21.65,0.52,0.0,,,,,,,0.42,0.42,0.0,353980,3.32,2.0,335.59,4.01,3.69,4.31,121.01,-1.01,39.31,248388.87,49.86,19.45,32.49,13.06,3.31,39.01,65.15,11.53,2.32,6.64,43.17,55.28,1.56,47.08,70.98,1135.99,934.81,0.64,1897.34,1.25,143.63,0.33,100.0,100.0,1.21,92.11,100.0,99.96,71.36,99.96,100.0,71.39,15.86,10.94,10.94,13.02,126.87,1.14,7.77,85.01,14.99,28.61,19.9,175.0,99.95,99.95,99.95,87.62,86.18,75.51,6.96,0.1,1177.33,10.78,,,25.19,5.18,17.56,126.92,0.0,126.92,0.25,126.92,0.25,,,,,,,,,,SABESP,Água e Esgotos,SABESP,,,9.8,96.42,,104.99,,,,,98.68,99.4,99.4,100.0,2352.6,0.38,0.77,,292.28,78.29,37.61,,,0.77,,10.38,1.12,3.14,,30.85,53.72,7.99,2.48,4.96,4.5,2.37,0.31,75.0,86.57,69.99,2.68,0.35,19.32,34.19,0.29,0.2,19.66,Sim
3539905,94.14,96.25,70.89,98.36,99.8,80.86,11.16,1.1,100.0,88.04,81.8,100.0,100.0,12.18,13.53,188.98,170.43,13.85,11.32,81.8,97.75,2.25,18.2,7.47,90.85,90.62,1.14,,,3.67,,,100.0,,0.82,93.68,96.25,65.4,88.01,89.31,72.25,88.01,89.31,72.25,8.1,1.05,86.69,86.69,98.39,98.39,100.0,0.05,0.0,,0.0,0.57,0.6,100.0,0.0,0.99,5.0,57.79,26.52,100.0,0.0,0.0,94.96,60.86,27.93,26.89,46804.37,46804.37,105.31,105.31,100.0,0.0,88.25,96.27,0.0,96.27,88.25,48.54,0.0,1338.0,0.0,0.64,0.61,0.11,29.84,23.87,13.3,0.0,,,,,,,8.97,8.97,0.0,353990,3.11,2.7,455.42,3.16,3.36,2.95,101.69,3.97,56.44,287414.63,85.4,45.94,55.5,5.4,10.71,53.79,64.99,13.84,0.33,12.54,51.79,45.39,2.82,11.21,4.83,971.1,947.1,0.87,1173.25,1.75,106.22,0.65,94.01,100.0,1.03,89.83,100.0,100.0,82.56,100.0,100.0,82.56,14.69,12.13,12.13,14.09,165.91,1.06,11.15,95.91,4.09,17.44,7.16,86.38,94.06,100.0,100.0,99.55,100.0,99.55,9.07,0.05,1177.5,6.0,,,,0.0,14.25,100.0,0.0,100.0,0.0,100.0,0.0,,,,,,,,,,SABESP,Água e Esgotos,SABESP,,,,,,,,,,,,,,,,,,,,,,,,,,,,,,,,,,,,,,,,,,,,,,,,Sim
3540002,,,,,,,,,,,,,,,,,,,,,,,,,,,,,,,,,,,,,,,,,,,,,,,,,,,,,,,,1.65,1.07,98.15,1.85,0.67,13.0,0.0,0.0,,,,0.0,266.86,117.33,347.96,210801.02,61194.41,,,87.74,12.26,100.0,100.0,100.0,100.0,94.51,100.0,49.16,2319.0,0.05,1.24,0.61,0.66,1.86,1.39,0.78,0.0,,,,,,,0.29,0.29,0.0,354000,3.5,3.5,435.19,3.41,4.16,2.48,97.64,0.0,59.81,54908.41,102.42,42.38,61.26,0.0,11.14,41.38,59.81,25.2,3.11,10.87,64.9,30.87,4.23,,77.33,210.95,210.95,3.28,304.9,6.51,101.95,4.96,93.04,100.0,1.0,99.42,100.0,100.0,75.0,100.0,100.0,75.0,15.26,11.45,11.45,11.45,151.45,0.21,8.86,75.0,25.0,25.0,12.72,125.44,90.13,96.88,96.88,79.96,100.0,79.96,8.07,0.06,,,,,2.0,0.01,1.67,102.42,0.0,93.95,0.0,102.42,0.0,,,,,,,,,,SAAE,Água e Esgoto,LPU,,,,,,,,,,,,,,,,,,,,,,,,,,,,,,,,,,,,,,,,,,,,,,,,Sim
3540101,96.86,100.0,79.51,93.77,99.6,60.67,13.01,1.07,100.0,90.86,87.25,100.0,100.0,13.09,14.67,201.36,172.45,14.22,12.41,87.47,103.19,-3.19,12.53,4.44,62.45,91.94,0.87,,,4.71,,,100.0,,4.79,85.3,100.0,3.98,85.18,90.49,55.06,85.18,90.49,55.06,12.61,1.06,87.74,87.74,100.57,100.57,100.0,0.12,0.04,24.0,0.03,2.06,1.34,100.0,0.0,0.0,0.0,0.0,0.0,,,,0.0,281.91,146.27,64.58,20848.33,25180.0,,,36.05,36.93,86.99,100.0,14.99,100.0,86.99,100.0,53.94,353.43,0.0,1.12,0.83,0.48,53.42,51.32,17.7,0.0,0.26,0.0,29.93,23.42,29.93,9.3,10.87,10.87,0.0,354010,2.6,2.02,342.81,2.89,3.13,2.64,110.96,-0.89,45.21,198399.46,69.86,34.93,40.74,11.19,11.16,50.0,58.32,13.43,2.22,15.97,53.37,44.66,1.98,17.91,2.92,992.31,977.56,0.88,1157.4,1.75,118.82,0.55,98.45,100.0,1.02,91.25,100.0,100.0,85.46,100.0,100.0,85.46,14.16,12.02,12.02,14.17,171.94,0.76,9.74,100.72,-0.72,14.54,6.56,68.26,98.68,100.0,100.0,100.0,100.0,100.0,12.84,0.27,168.88,6.0,,,,0.0,37.01,100.83,0.0,100.83,0.0,100.83,0.0,,,,,,,,,,SABESP,Água e Esgotos,SABESP,2.44,59918.39,2.42,33.33,,146.14,100.0,0.0,14.29,,87.82,100.0,100.0,18.12,741.21,1.05,0.81,0.78,301.93,59.03,42.86,50.59,0.0,0.78,,100.0,16.95,50.21,18.12,30.53,29.15,34.0,4.09,2.22,53.66,0.48,0.06,0.0,,,,0.35,26.4,14.29,,0.35,14.29,Sim
3540200,97.66,100.0,0.0,,,0.0,8.97,1.06,100.0,100.0,63.17,100.0,100.0,23.98,21.13,293.58,293.58,35.79,22.61,63.17,59.03,40.97,36.83,49.67,459.61,94.79,0.7,,,8.0,,,100.0,,0.34,100.0,100.0,100.0,,97.06,,,5.95,,8.29,1.1,,,91.02,91.02,100.0,0.06,3.33,4.95,1.0,0.99,0.59,35.59,64.41,0.4,15.0,0.0,0.0,,,,0.0,137.4,57.05,57.05,17058.82,72500.0,,,13.56,86.44,97.66,100.0,0.0,100.0,97.66,100.0,0.0,1800.79,0.05,0.9,0.6,0.32,2.27,2.0,1.03,0.0,0.04,0.0,,,,,0.59,0.59,0.0,354020,1.7,1.7,235.6,1.16,0.73,,68.02,25.0,35.53,54005.15,147.02,40.27,52.24,0.0,4.03,27.39,35.53,56.45,5.27,2.74,63.24,36.76,0.0,270.0,37.63,645.08,612.59,1.26,836.97,2.52,51.01,1.13,100.0,100.0,1.04,99.08,0.0,85.89,93.07,99.99,100.0,93.07,28.44,26.22,30.61,23.43,208.36,0.7,7.42,83.18,16.82,6.93,8.26,66.7,100.0,100.0,100.0,86.76,100.0,86.76,8.06,0.0,,,,,,0.0,0.58,90.62,21.36,87.59,0.1,41.1,5.6,,,,,,,,,,DAE,Água e Esgoto,LPU,,,2.31,89.38,,52.82,,,,,98.13,100.0,100.0,55.07,18730.83,0.08,1.32,1.15,98.19,89.38,30.77,,14.58,1.32,,61.19,0.4,1.9,0.6,29.94,22.53,12.12,31.12,4.29,2.51,0.56,0.04,0.0,,,,0.16,4.44,61.54,,0.0,0.0,Sim
3540259,88.3,100.0,28.22,86.33,99.94,14.77,9.28,1.06,100.0,92.12,84.91,100.0,100.0,12.21,13.59,166.79,150.32,13.71,11.64,85.87,99.11,0.89,14.13,6.8,67.34,93.07,0.7,,,14.0,,,100.0,,1.45,87.73,100.0,24.71,78.56,90.94,13.42,78.56,90.94,13.42,10.95,1.03,90.4,90.4,101.09,101.09,100.0,0.3,0.05,25.0,0.04,0.57,0.48,0.0,100.0,0.0,0.0,29.06,12.92,100.0,0.0,0.0,84.91,34.23,15.22,22.65,,,117.77,28.93,21.88,67.19,100.0,100.0,100.0,100.0,0.0,0.0,0.0,666.9,0.0,0.44,0.43,0.01,0.0,0.0,0.0,0.0,,,,,,,0.0,0.0,0.0,354025,2.93,2.45,390.65,2.78,3.08,2.47,94.68,1.87,55.62,217723.01,88.14,51.24,58.74,11.6,11.1,58.14,66.65,12.45,0.29,12.59,54.11,42.84,3.04,14.79,3.44,836.28,827.55,1.05,958.67,2.1,101.58,0.72,83.19,100.0,1.01,92.56,100.0,100.0,91.33,100.0,100.0,91.33,12.4,11.32,11.32,13.32,141.41,0.76,9.38,107.42,-7.42,8.67,3.5,35.72,82.45,99.35,99.35,100.0,100.0,100.0,12.12,0.16,,,,,,0.0,17.82,100.0,0.0,100.0,0.0,100.0,0.0,,,,,,,,,,SABESP,Água e Esgotos,SABESP,1.56,18700.0,1.36,0.0,,29.21,100.0,0.0,,,92.91,100.0,100.0,2.59,,,0.28,,207.45,69.52,,62.18,,0.25,,46.86,5.44,5.47,,38.1,33.33,14.29,4.76,9.52,10.41,,,,,,,,30.48,,,,,Sim
3540309,91.88,92.52,86.29,,,100.0,8.16,1.09,100.0,88.26,92.68,100.0,100.0,13.36,14.35,229.98,198.86,13.34,12.37,92.91,107.5,-7.5,7.09,3.73,34.03,89.12,0.36,,,12.56,,,100.0,,1.6,85.3,92.52,22.18,90.7,90.91,88.8,90.7,90.91,88.8,9.6,1.05,85.93,85.93,100.47,100.47,100.0,0.01,0.0,,0.0,7.38,1.38,100.0,0.0,0.0,0.0,0.0,0.0,0.0,100.0,,0.0,864.96,452.24,919.18,119491.69,300000.0,,,94.62,5.38,89.73,100.0,0.0,100.0,0.0,0.0,0.0,447.0,0.0,0.51,0.38,0.19,0.0,0.0,0.0,0.0,,,,,,,0.0,0.0,0.0,354030,2.34,1.79,309.2,2.91,3.19,2.62,124.59,-0.42,48.99,234228.26,61.53,31.15,39.32,5.21,8.12,50.64,63.9,10.14,1.4,13.21,54.33,43.96,1.71,13.47,1.89,1185.42,1177.5,0.67,1496.0,1.34,135.02,1.37,100.0,100.0,1.01,89.95,100.0,100.0,89.27,100.0,100.0,89.27,13.85,12.36,12.36,14.4,178.1,0.25,6.97,103.97,-3.97,10.73,6.35,49.18,99.07,100.0,100.0,95.83,100.0,95.83,8.25,0.03,,,,,,0.0,74.89,100.0,0.0,100.0,0.0,100.0,0.0,,,,,,,,,,SABESP,Água e Esgotos,SABESP,,,,,,,,,,,,,,,,,,,,,,,,,,,,,,,,,,,,,,,,,,,,,,,,Sim
3540408,97.42,100.0,84.9,,,,12.31,1.06,100.0,91.05,85.43,100.0,100.0,12.13,13.73,183.74,168.73,13.46,11.5,85.43,101.95,-1.95,14.57,4.99,68.33,89.33,0.77,1920.0,,34.0,8.0,,100.0,97.41,0.91,96.3,100.0,78.32,,,,,,,11.08,1.09,85.45,85.45,102.19,102.19,100.0,0.11,0.0,,0.0,2.88,0.72,100.0,0.0,0.0,0.0,18.26,9.37,100.0,0.0,-13.91,38.11,54.6,28.01,65.83,22843.18,39075.17,298.95,298.95,100.0,0.0,100.0,100.0,100.0,100.0,0.0,0.0,0.0,887.0,0.0,0.58,0.49,0.11,0.0,0.0,0.0,0.0,,,,,,,0.0,0.0,0.0,354040,3.02,2.76,463.03,2.88,3.18,2.57,95.45,-0.71,69.19,276339.17,95.69,64.04,72.49,4.58,7.53,66.93,75.75,8.8,0.19,7.87,54.41,43.09,2.5,11.89,4.53,787.83,779.66,1.13,891.75,2.24,103.56,0.63,100.0,100.0,1.01,91.21,100.0,100.0,87.98,100.0,100.0,87.98,13.42,11.81,11.81,13.98,168.1,0.69,12.48,104.16,-4.16,12.02,3.93,53.58,98.49,100.0,100.0,100.0,100.0,100.0,11.63,0.12,,,1000.0,6.0,,0.0,7.53,100.0,0.0,100.0,0.0,100.0,0.0,,,,,,,,,,SABESP,Água e Esgotos,SABESP,,,,,,,,,,,,,,,,,,,,,,,,,,,,,,,,,,,,,,,,,,,,,,,,Sim
3540507,91.88,100.0,80.82,87.56,100.0,70.01,27.81,1.07,99.98,92.07,83.22,100.0,100.0,12.28,14.84,231.87,215.41,14.0,11.66,83.22,105.99,-5.99,16.78,2.68,82.42,90.01,1.6,4717.0,,9.62,13.75,,99.48,80.44,10.39,33.58,58.26,0.0,32.4,36.99,25.92,32.4,36.99,25.92,10.24,1.01,88.87,88.87,37.87,37.87,100.0,0.44,0.37,10.1,0.08,1.61,0.93,100.0,0.0,0.46,5.0,0.0,0.0,,,,0.0,84.41,55.23,123.67,76800.0,25000.0,,,74.69,25.31,100.0,100.0,100.0,100.0,100.0,100.0,0.0,1564.67,0.0,1.19,0.69,0.88,139.24,4.64,55.68,0.0,0.06,0.0,,,,,1.07,1.07,0.0,354050,5.46,5.87,1016.99,3.08,3.3,2.56,56.5,-4.87,75.27,272963.4,190.34,112.4,133.22,7.42,14.61,59.05,69.99,14.37,4.13,7.68,72.8,23.85,3.34,9.92,16.59,383.5,377.89,2.23,454.54,3.32,64.15,0.64,77.0,100.0,1.02,93.54,100.0,100.0,78.22,100.0,100.0,78.22,15.13,11.84,11.84,15.06,222.11,1.71,21.46,99.5,0.5,21.78,4.55,110.1,35.23,72.98,72.98,42.73,100.0,42.73,8.02,0.45,322.86,6.0,200.0,6.0,,0.0,119.59,102.56,5.62,101.28,0.0,101.28,1.27,,,,,,,,,,SABESP,Água e Esgotos,SABESP,5.01,37577.68,3.33,51.57,6.14,188.2,100.0,0.0,8.33,11.56,50.38,100.0,100.0,100.0,1297.12,1.04,1.17,,153.96,34.65,20.83,1.18,,1.12,,,0.44,1.88,,,,,,,2.5,3.43,0.29,0.0,,,,1.25,13.74,25.0,,2.3,45.83,Sim
3540606,84.73,100.0,0.0,77.58,91.56,0.0,11.78,1.28,100.0,83.23,90.08,100.0,134.71,11.09,11.96,181.35,149.34,12.31,11.09,95.41,97.15,2.85,4.59,1.89,23.71,7.77,0.87,630.0,,0.08,7.0,,100.0,2.75,4.96,84.73,100.0,0.0,70.86,83.63,0.0,70.86,83.63,0.0,8.96,1.29,85.57,85.57,101.19,69.46,68.64,0.28,2.63,0.69,1.0,1.38,0.7,54.13,45.87,0.61,12.0,0.0,0.0,,,,0.0,426.65,181.44,132.17,68731.06,85887.91,,,26.19,73.81,100.0,100.0,100.0,100.0,33.94,40.05,0.0,1964.41,0.03,1.38,0.71,0.8,42.73,42.22,5.63,0.0,,,43.06,15.31,10.29,27.63,2.84,2.84,0.0,354060,2.81,2.72,426.76,3.11,3.32,2.89,110.59,0.21,49.68,63427.68,87.27,38.18,44.92,0.0,10.03,43.75,51.47,9.63,1.99,11.49,51.61,42.19,6.2,32.87,128.24,288.77,246.8,3.44,339.73,6.84,121.9,0.52,99.93,99.93,1.17,88.82,70.12,100.0,68.82,100.0,71.07,68.82,18.56,12.6,12.6,13.44,145.8,0.47,12.14,73.41,26.59,31.18,17.11,219.29,99.93,99.93,99.93,99.92,90.64,90.57,9.17,0.34,66.67,7.0,66.67,7.0,1.07,3.24,1.51,102.76,0.0,102.76,0.0,103.12,0.0,,,,,,,,,,SAAE,Água e Esgoto,LPU,2.33,84543.96,3.74,71.99,,197.01,51.92,48.08,5.77,,100.0,100.0,95.0,83.75,2047.49,0.49,0.87,0.71,242.33,38.92,21.15,,3.22,0.73,,100.0,0.11,0.36,0.15,27.67,5.03,3.77,25.16,38.36,0.47,2.63,0.3,28.57,31.91,86.64,2.4,0.78,25.91,33.65,0.59,0.52,22.12,Sim
3540705,95.86,97.27,0.0,98.07,99.51,0.0,13.54,1.09,100.0,85.23,71.06,100.0,99.87,14.54,16.05,242.45,198.64,20.47,14.54,74.35,78.43,21.57,25.65,13.19,187.29,100.0,0.77,,,1.53,,,95.69,,7.93,95.11,96.51,0.0,95.55,96.96,0.0,95.55,96.96,0.0,11.55,1.09,85.02,85.97,82.38,82.38,100.0,0.49,0.12,0.33,0.08,0.26,0.43,18.92,81.08,0.0,0.0,132.98,55.89,99.82,0.18,0.18,82.83,160.55,67.48,13.76,33569.97,58500.0,120.73,3.88,6.52,93.48,100.0,100.0,100.0,100.0,0.0,0.0,0.0,3995.5,0.02,0.81,0.78,0.03,0.0,0.0,0.0,0.0,,,,,,,0.0,0.0,0.0,354070,2.69,2.09,419.77,2.55,2.85,2.25,94.75,3.62,38.11,80205.47,81.79,25.57,40.22,13.48,13.66,31.26,49.17,16.52,3.36,16.7,52.9,42.08,5.02,75.04,116.41,388.56,362.97,1.75,611.27,3.46,103.77,0.61,98.21,100.0,1.07,85.84,99.96,100.0,72.66,96.59,100.0,75.22,20.77,15.26,14.74,16.48,209.1,0.7,14.38,81.26,18.74,24.78,11.72,176.9,94.67,96.4,96.4,70.92,82.12,58.24,14.18,0.39,,,,,5.19,0.05,,282.68,0.31,282.68,0.0,182.07,0.0,1.18,0.41,0.91,11.59,18.87,4.67,11.95,28.84,16.33,BRK,Água e Esgoto,LEP,0.71,97600.63,2.48,100.0,58.66,69.03,17.95,82.05,5.13,40.49,99.0,100.0,100.0,100.0,2834.72,0.27,0.66,0.64,121.49,42.48,38.46,,3.1,0.66,,,,,,,,,,,,1.39,0.21,100.0,,,,0.18,13.54,25.64,,0.09,12.82,Sim
3540754,85.18,100.0,0.0,83.47,97.98,0.0,7.93,1.1,99.59,95.08,55.52,81.17,100.0,12.1,14.45,156.38,146.53,21.16,14.48,68.52,68.27,31.73,31.48,29.14,240.39,0.0,0.75,433.33,,2.0,6.0,,100.0,6.9,7.64,85.18,100.0,0.0,81.79,96.02,0.0,0.0,0.0,0.0,6.56,1.05,95.18,,96.26,0.0,0.0,0.01,2.25,3.0,0.87,0.45,0.39,62.5,37.5,0.87,10.0,98.02,35.46,100.0,0.0,0.0,48.6,201.68,72.96,72.36,112417.98,99694.61,205.75,81.22,37.49,28.73,100.0,100.0,100.0,100.0,55.37,65.0,0.0,1822.15,0.1,0.48,0.48,0.0,7.31,5.04,2.31,0.0,,,,,,,1.59,1.59,0.0,354075,0.26,0.26,80.05,0.52,0.23,0.92,201.11,0.0,6.35,20000.0,49.72,3.16,3.16,0.0,0.0,6.35,6.35,89.1,2.65,0.0,25.0,75.0,0.0,0.0,3.0,3935.0,3935.0,0.25,3935.0,0.51,201.11,0.84,78.71,97.97,1.0,93.35,0.0,100.0,93.3,93.76,0.0,99.51,31.78,31.63,29.65,29.65,325.53,0.44,7.41,93.3,6.7,0.49,0.67,5.11,78.71,97.97,97.97,78.57,0.0,0.0,5.8,0.0,,10.0,,13.33,,,0.55,0.0,,0.0,,0.0,,,,,,,,,,,PMP,Água e Esgoto,LPU,,,1.17,,25.21,26.6,,,,6.7,100.0,100.0,100.0,0.0,,,0.63,,,,,,,0.47,,,,,,,,,,,,0.59,0.09,,,,,,,,,,,Sim
3540804,100.0,100.0,100.0,97.94,,62.75,33.63,1.06,97.21,97.36,63.74,100.0,0.0,9.48,8.23,119.78,116.3,13.3,8.48,63.74,61.9,38.1,36.26,4.87,167.85,0.0,1.85,63.0,126.0,1.0,2.0,4.0,100.0,1.07,5.71,83.01,90.71,0.0,,,,,,,14.04,0.5,,,80.12,80.12,100.0,0.0,1.53,1.8,1.0,2.19,1.95,8.0,92.0,0.0,0.0,197.69,84.49,100.0,0.0,0.0,85.22,231.98,99.15,108.36,,112066.29,117.35,41.9,35.7,64.3,100.0,100.0,100.0,100.0,100.0,100.0,0.0,5600.05,0.0,1.62,1.3,0.35,0.01,0.01,0.0,0.0,,,,,,,0.0,0.0,0.0,354080,1.17,1.17,184.78,1.06,1.34,0.84,90.08,5.53,41.72,38125.1,111.01,29.24,46.32,0.0,22.85,26.34,41.72,36.33,1.37,20.59,55.73,44.27,0.0,73.2,26.93,494.53,494.53,1.28,783.29,2.55,85.1,,97.94,98.19,1.0,100.0,96.95,95.11,99.98,100.0,96.95,99.98,9.74,9.74,9.74,11.53,125.64,,33.16,118.34,-18.34,0.02,0.0,0.06,97.94,98.19,98.19,100.0,89.41,100.0,33.25,0.0,,6.13,,6.13,1.4,0.42,1.5,9.64,15.89,9.67,0.0,9.67,0.0,,,,,,,,,,PMP,Água e Esgoto,LPU,,,,,,,,,,,,,,,,,,,,,,,,,,,,,,,,,,,,,,,,,,,,,,,,Sim
3540853,59.72,90.17,28.13,66.4,99.83,31.41,12.26,1.09,100.0,86.96,90.5,100.0,100.0,11.53,12.77,164.17,146.91,11.78,10.66,90.5,108.41,-8.41,9.5,2.84,40.01,85.55,0.91,,,7.83,,,100.0,,2.96,55.71,90.17,19.98,58.29,87.76,27.44,58.29,87.76,27.44,11.41,1.02,87.5,87.5,202.75,202.75,100.0,0.45,0.11,3.0,0.04,3.02,3.46,100.0,0.0,0.0,0.0,37.25,16.25,100.0,0.0,21.7,9.22,316.4,138.05,76.84,25416.0,39866.67,849.44,849.44,100.0,0.0,100.0,100.0,100.0,100.0,0.0,0.0,0.0,521.0,0.0,0.55,0.49,0.12,0.0,0.0,0.0,100.0,,,,,,,0.0,0.0,0.0,354085,4.22,3.21,962.96,5.77,3.22,6.72,136.85,-5.6,57.32,540680.54,55.64,25.54,41.88,3.22,6.73,45.89,75.27,0.0,0.12,12.1,14.97,84.14,0.89,11.25,1.64,745.92,742.26,0.82,1223.5,1.63,151.87,0.0,47.81,99.8,1.01,88.09,100.0,100.0,86.19,100.0,100.0,86.19,12.82,11.05,11.05,13.42,116.26,0.93,13.89,104.69,-4.69,13.81,3.68,58.59,93.45,99.08,99.08,100.0,100.0,100.0,13.05,0.37,187.5,6.0,,,,0.0,51.97,100.0,0.83,100.0,0.0,100.0,0.0,,,,,,,,,,SABESP,Água e Esgotos,SABESP,10.2,14500.0,2.61,,,147.88,100.0,0.0,,,73.93,100.0,100.0,0.0,,,1.09,,,,,17.07,,0.71,,,,,,,,,,,,,,,,,,,,,,,,Sim
3540903,100.0,100.0,100.0,,,,8.56,1.07,100.0,92.94,65.97,91.67,100.0,28.74,26.91,380.54,348.83,40.79,29.36,71.96,65.97,34.03,28.04,42.69,401.51,100.0,0.42,50.0,,4.0,8.0,,100.0,0.73,0.59,92.86,100.0,0.0,,0.0,,,0.0,,10.8,0.47,,,62.5,62.5,100.0,0.83,0.49,1.33,0.67,0.62,0.37,100.0,0.0,0.0,0.0,30.13,11.97,100.0,0.0,0.0,113.45,26.56,10.55,10.55,16964.33,28273.88,88.15,88.15,100.0,0.0,92.86,100.0,0.0,100.0,0.0,0.0,0.0,1268.53,0.0,0.6,0.48,0.17,0.0,0.0,0.0,73.72,,,,,,,0.0,0.0,0.0,354090,0.47,0.47,114.14,0.69,0.93,0.46,147.26,0.0,36.47,17347.87,67.9,11.89,24.77,0.0,0.0,17.51,36.47,57.78,5.75,0.0,67.03,32.97,0.0,0.0,29.16,416.72,406.62,1.18,867.89,2.33,147.26,,100.0,100.0,1.0,99.52,100.0,100.0,37.81,53.68,100.0,70.43,29.05,20.46,10.98,20.46,190.63,,9.8,70.43,29.57,29.57,28.36,283.75,93.02,99.65,99.65,100.0,100.0,100.0,9.8,,,,,,,0.0,0.83,100.0,0.0,100.0,0.0,100.0,0.0,,,,,,,,,,PMP,Água e Esgoto,LPU,0.4,31426.13,0.35,0.0,73.71,12.62,100.0,0.0,12.5,9.3,92.65,100.0,96.47,0.0,2103.15,0.35,0.63,,45.26,82.96,87.5,,,0.63,,,,,,,,,,,,0.87,0.14,,,,,0.0,0.0,0.0,,0.0,0.0,Sim
3541000,99.24,99.24,97.88,,,100.0,8.03,2.25,100.0,95.25,49.43,100.0,100.0,8.21,10.04,248.93,174.18,16.11,7.97,63.94,65.75,34.25,32.77,47.98,429.2,89.28,0.08,18389.0,,30.54,6.0,,99.56,7.08,6.32,87.21,87.48,0.0,80.22,80.22,79.26,80.22,80.22,79.26,8.14,2.66,96.47,96.47,74.62,74.62,100.0,0.44,0.3,11.3,0.03,3.76,3.26,53.43,46.57,0.16,30.0,379.88,273.87,80.17,19.83,1.47,27.89,1673.75,1206.69,723.28,101367.32,131641.46,440.6,78.36,22.27,40.28,100.0,100.0,100.0,100.0,100.0,100.0,79.82,1817.33,0.06,1.65,1.32,0.33,5.34,9.61,1.11,0.0,0.03,0.01,,,,,1.6,0.87,0.73,354100,3.46,1.67,241.54,3.26,3.23,3.29,94.05,2.49,25.32,170607.26,51.38,16.53,26.92,38.08,7.32,32.18,52.39,11.97,7.83,14.25,55.38,42.91,1.71,61.7,309.37,1348.13,562.93,1.09,2195.07,1.74,109.57,1.52,91.23,91.23,2.13,96.26,100.0,100.0,68.28,100.0,100.0,68.28,13.85,8.31,8.31,12.23,216.69,0.09,8.05,100.4,-0.4,31.72,29.64,270.9,73.01,73.01,73.01,69.12,100.0,69.12,9.06,0.27,97373.33,17.67,2623.27,7.87,7.0,0.0,153.56,105.81,0.0,105.61,5.98,105.25,3.5,,,,,,,,,,SABESP,Água e Esgotos,SABESP,,,5.06,80.55,119.81,177.31,,,,212.43,100.0,100.0,100.0,62.18,11182.67,0.15,1.45,0.9,96.48,28.73,13.26,43.4,61.09,1.45,458.65,100.0,1.57,8.3,3.37,,,,,,11.06,3.0,0.21,0.0,,31.23,,0.62,19.45,55.25,1.1,0.19,16.85,Sim
3541059,93.67,100.0,66.97,91.69,100.0,57.14,8.28,1.06,99.95,90.16,79.7,100.0,100.0,12.74,13.96,173.21,154.59,15.11,12.04,79.87,92.37,7.63,20.13,12.09,106.2,93.56,0.42,,,17.27,,,97.67,,10.84,89.84,100.0,46.97,82.34,89.85,51.12,82.34,89.85,51.12,9.3,1.05,87.27,87.27,98.24,98.24,100.0,0.21,0.09,2.5,0.03,1.89,0.68,90.91,9.09,0.0,0.0,0.0,0.0,,,,0.0,247.15,114.75,44.88,17576.05,138218.68,,,76.82,9.62,84.65,100.0,19.9,100.0,84.65,100.0,0.0,928.0,0.19,0.97,1.01,0.14,11.26,9.01,3.06,0.0,,,,,,,2.16,2.16,0.0,354105,2.43,2.03,348.39,2.58,2.53,2.63,106.16,-12.38,59.05,178437.93,78.73,46.26,55.63,6.7,7.68,58.75,70.66,10.38,0.01,9.76,47.42,48.93,3.65,0.82,4.81,724.89,720.73,1.15,871.75,2.3,129.96,0.67,93.59,100.0,1.01,89.77,100.0,100.0,73.06,100.0,100.0,73.06,17.01,12.42,12.42,14.29,147.49,0.38,10.99,84.04,15.96,26.94,12.96,151.46,93.12,100.0,100.0,95.05,100.0,95.05,7.16,0.21,616.67,10.83,,,,0.0,226.85,104.17,0.8,102.5,0.0,102.5,0.81,,,,,,,,,,SABESP,Água e Esgotos,SABESP,,,4.63,17.52,,258.12,,,,,76.87,98.9,98.9,0.0,1703.94,0.75,1.1,0.9,317.62,49.38,14.29,37.5,19.85,1.08,326.06,100.0,8.44,33.86,11.24,19.63,58.52,10.0,10.0,1.85,37.62,1.86,0.17,0.0,,169.89,2.34,0.75,36.32,14.29,0.55,2.26,42.86,Sim
3541109,99.43,100.0,95.56,95.21,99.71,63.86,12.55,1.06,100.0,90.94,80.05,100.0,100.0,10.97,12.97,158.98,146.66,12.96,10.38,80.66,100.03,-0.03,19.34,6.07,87.4,86.01,0.9,,,5.11,,,100.0,,4.2,97.68,100.0,82.06,85.17,89.22,57.03,85.17,89.22,57.03,8.64,1.07,85.85,85.85,99.44,99.44,100.0,0.15,0.06,23.0,0.03,1.49,1.2,100.0,0.0,0.6,2.0,41.06,21.28,100.0,0.0,0.0,9.4,436.64,226.35,229.04,151426.43,189283.04,1063.45,1063.45,99.41,0.0,87.09,100.0,0.0,100.0,87.09,100.0,0.0,447.0,0.52,0.64,0.67,0.06,43.05,17.94,17.65,0.0,0.14,0.0,,,,,6.71,6.71,0.0,354110,3.15,2.65,423.34,2.94,3.25,2.63,93.43,0.0,53.29,230132.17,89.94,47.73,57.04,11.28,12.87,53.07,63.43,14.27,0.16,14.31,54.37,42.99,2.65,27.62,3.59,857.06,855.67,0.98,1024.33,1.94,102.34,0.63,95.75,100.0,1.0,91.84,100.0,100.0,82.34,100.0,100.0,82.34,13.2,10.86,10.86,13.35,145.45,1.1,10.95,101.21,-1.21,17.66,6.18,76.69,93.89,100.0,100.0,100.0,100.0,100.0,10.02,0.13,255.71,6.0,,,,0.0,25.33,100.0,0.0,100.0,0.0,100.0,0.0,,,,,,,,,,SABESP,Água e Esgotos,SABESP,5.58,24717.21,3.32,,10.31,137.84,100.0,0.0,,14.21,83.22,100.0,100.0,3.52,,,0.48,,,,,24.12,,0.48,,,2.35,4.11,,,,,,,6.16,0.72,0.15,,,,,,,,,,,Sim
3541208,78.72,100.0,33.15,69.76,96.01,13.56,10.19,1.07,100.0,89.56,89.14,100.0,100.0,12.78,14.07,175.65,159.82,13.51,12.04,89.14,104.14,-4.14,10.86,4.74,51.78,92.61,1.43,,,5.46,,,96.36,,6.61,76.01,100.0,24.64,60.24,82.68,12.2,60.24,82.68,12.2,8.97,1.01,89.84,89.84,95.25,95.25,100.0,0.85,0.35,13.69,0.28,3.08,0.34,100.0,0.0,1.15,17.0,11.29,5.65,69.53,30.47,30.47,5.11,220.83,110.43,162.01,39150.84,242735.21,1955.42,1454.86,74.4,12.94,100.0,100.0,100.0,100.0,100.0,40.41,48.34,1241.33,0.0,0.69,0.36,0.49,12.19,10.83,9.36,0.0,0.11,0.0,,,,,4.3,4.3,0.0,354120,3.13,2.71,480.37,3.11,3.38,2.82,99.39,-2.15,47.65,233475.56,87.14,33.31,47.94,5.09,10.35,38.23,55.02,24.19,0.79,11.88,55.21,42.86,1.94,111.42,10.07,883.34,877.33,0.79,1271.36,1.52,111.83,0.63,87.38,100.0,1.01,90.69,100.0,100.0,79.04,100.0,100.0,79.04,16.11,12.73,12.73,14.64,170.58,1.27,9.82,90.91,9.09,20.96,10.43,111.73,80.05,100.0,100.0,92.03,100.0,92.03,9.12,0.76,1684.21,6.0,,,,0.0,38.98,100.0,0.85,100.0,0.0,100.0,0.43,,,,,,,,,,SABESP,Água e Esgotos,SABESP,,,3.01,1.77,9.12,122.12,,,,11.14,87.23,100.0,100.0,21.28,,,0.76,0.6,,,,,11.9,0.68,,100.0,17.73,49.3,23.81,,,,,,59.17,,,,,,,,,,,,,Sim
3541307,95.77,96.3,89.2,,,100.0,12.45,1.09,100.0,89.64,84.96,100.0,100.0,12.35,13.82,194.07,173.03,13.63,11.58,85.76,101.42,-1.42,14.24,5.01,69.74,88.49,0.6,6478.0,,11.73,9.33,,99.74,33.63,8.85,87.45,94.47,0.0,83.8,83.94,81.94,83.8,83.94,81.94,12.67,1.03,90.41,90.41,97.13,97.13,100.0,0.2,0.11,15.4,0.04,3.34,1.2,47.06,52.94,1.94,35.0,51.25,24.68,88.4,11.6,0.0,25.24,229.7,110.6,192.18,54458.18,119808.0,448.19,324.68,52.92,43.64,92.57,100.0,0.0,100.0,89.15,96.3,0.0,2874.14,0.07,1.36,0.97,0.5,44.08,37.03,11.94,0.0,,,27.34,19.82,15.3,24.31,6.63,6.63,0.0,354130,3.2,2.65,454.17,3.1,3.4,2.76,96.86,-0.67,52.65,192988.61,85.51,39.76,54.35,10.36,12.2,46.5,63.57,10.69,3.12,14.26,57.11,40.2,2.69,25.61,46.48,668.48,663.1,1.1,913.81,2.08,107.24,0.69,95.47,100.0,1.01,90.46,100.0,100.0,85.39,100.0,100.0,85.39,14.29,12.18,12.18,14.43,158.38,0.62,11.23,101.16,-1.16,14.61,5.32,69.03,84.63,90.72,90.72,96.18,100.0,96.18,13.12,0.2,2225.71,6.0,,,,0.0,42.17,100.0,0.0,100.0,0.0,100.0,0.6,,,,,,,,,,SABESP,Água e Esgotos,SABESP,,,5.13,,8.68,87.13,,,,7.57,93.29,93.21,93.21,6.56,3964.86,0.24,0.88,,251.45,,27.03,8.24,,0.88,115.07,93.21,6.25,20.13,,,,,,,21.15,2.17,0.25,0.0,,,,0.29,,32.43,0.22,0.19,21.62,Sim
3541406,100.0,100.0,100.0,,,100.0,12.72,1.26,100.0,88.87,74.92,100.0,100.0,13.18,13.42,208.49,178.13,16.39,12.28,76.58,82.72,17.28,22.38,11.24,159.19,88.79,1.24,,,11.55,,,95.56,,8.58,100.0,100.0,100.0,97.0,97.2,88.81,97.0,97.2,88.81,9.68,1.15,90.95,90.95,99.82,99.82,100.0,0.43,0.11,19.41,0.04,1.51,0.45,7.4,92.6,0.61,70.0,586.51,271.82,100.0,0.0,0.0,187.05,313.55,145.32,93.65,101819.44,,53.46,5.41,12.31,85.66,97.62,100.0,0.0,100.0,48.81,50.0,90.61,4052.86,0.01,0.85,0.79,0.08,0.01,0.01,0.0,0.0,0.0,0.0,,,,,0.0,0.0,0.0,354140,2.99,2.22,401.44,3.33,3.52,3.15,111.47,0.14,39.17,143940.23,66.53,23.58,35.14,12.83,7.99,35.44,52.81,22.16,2.45,12.01,50.7,46.79,2.51,18.1,292.82,678.92,592.79,1.13,1011.72,2.26,119.88,0.51,100.0,100.0,1.15,90.11,100.0,100.0,71.1,100.0,100.0,71.1,18.46,12.89,12.89,14.82,185.23,1.22,11.52,81.74,18.26,28.9,15.36,197.29,99.61,100.0,100.0,100.0,100.0,100.0,9.65,0.51,1548.44,7.24,4928.0,6.0,,0.0,78.41,101.87,0.33,101.92,0.19,101.87,0.42,,,,,,,,,,SABESP,Água e Esgotos,SABESP,1.71,70772.25,4.66,100.0,134.31,121.28,0.0,100.0,,162.9,100.0,100.0,100.0,4.47,,,1.19,,102.05,36.48,,,,1.16,,10.21,4.01,17.4,,,,,,,19.4,,,,,,,,28.25,,,,,Sim
3541505,94.46,100.0,0.0,88.83,93.67,0.0,13.31,1.0,100.0,96.14,76.38,100.0,100.0,12.0,12.0,184.15,170.17,15.71,12.0,76.38,76.38,23.62,23.62,8.56,121.97,0.0,1.0,583.33,,2.0,8.0,,100.0,3.68,2.38,92.57,98.0,0.0,,99.45,,,99.45,,13.33,0.0,,,104.74,104.74,100.0,0.13,1.66,2.0,1.0,0.59,0.94,90.38,9.62,0.49,17.0,48.54,22.44,100.0,0.0,0.0,22.9,211.99,98.0,44.77,65918.25,45124.63,436.73,160.1,52.39,34.48,94.46,100.0,0.0,100.0,97.25,100.0,91.44,1489.0,1.39,0.68,0.69,0.03,13.75,10.45,5.62,0.0,0.19,0.0,,,,,4.09,4.09,0.0,354150,2.18,1.62,202.62,2.29,2.31,2.26,104.75,0.0,41.15,38877.19,70.75,29.96,39.29,0.0,3.71,42.34,55.53,34.61,4.61,5.25,56.3,35.83,7.87,8.78,85.25,345.51,345.51,2.21,453.15,4.37,153.42,,100.0,100.0,1.0,91.89,0.0,100.0,89.98,100.0,100.0,89.98,13.93,12.53,12.53,12.53,155.16,,13.55,89.98,10.02,10.02,3.16,45.88,97.79,98.12,98.12,64.98,39.99,25.98,13.15,,,12.0,,6.04,2.0,0.03,,100.0,0.0,100.0,0.0,100.0,0.0,,,,,,,,,,PMPV,Água e Esgoto,LPU,,,5.8,0.47,13.4,115.78,,,,15.52,95.68,100.0,100.0,0.75,,,1.26,,171.93,68.38,,,,1.26,,66.97,0.52,2.38,,22.22,38.89,22.22,5.56,11.11,3.44,0.17,0.01,,,171.67,,,11.77,,0.08,,,Sim
3541604,85.58,99.83,0.0,98.87,,0.0,5.91,1.0,98.77,100.0,79.04,93.27,0.0,15.0,18.17,272.63,195.86,18.98,16.09,86.19,95.72,4.28,13.81,9.68,86.38,98.39,0.48,495.0,,1.75,4.5,,100.0,3.22,4.87,84.05,98.05,0.0,,,,,,,11.95,0.0,,,73.4,57.24,77.98,0.0,2.37,1.75,1.0,3.66,0.94,40.82,59.18,0.25,9.0,0.0,0.0,0.0,100.0,,0.0,332.19,144.46,110.84,26257.86,44040.7,,,21.17,65.05,100.0,100.0,100.0,100.0,100.0,100.0,88.49,7352.1,0.42,0.56,0.55,0.01,18.3,9.64,9.05,0.0,0.13,0.0,24.99,8.5,46.01,19.0,4.72,4.72,0.0,354160,2.53,2.53,246.66,4.2,4.2,,166.18,0.0,68.36,49545.8,60.18,28.54,41.14,0.0,4.99,47.42,68.36,15.71,6.57,8.29,100.0,0.0,0.0,,86.49,293.83,293.05,2.37,423.54,4.5,166.18,0.57,88.96,99.47,1.0,99.82,99.21,98.61,91.34,99.2,100.0,92.08,16.68,15.36,15.24,15.48,187.51,0.65,9.7,92.81,7.19,7.92,4.23,43.5,84.02,99.47,99.47,96.54,98.23,96.42,13.31,0.0,,6.0,,6.0,4.0,0.02,,385.42,0.27,182.93,0.53,100.0,0.0,,,,,,,,,,SAAE,Água e Esgoto,LPU,,,2.4,56.79,,66.59,,,,,89.0,100.0,100.0,96.75,616.2,1.06,0.58,0.53,263.21,83.44,33.96,100.07,3.36,0.55,264.37,100.0,2.78,5.87,3.61,63.6,11.6,0.75,23.3,0.75,7.38,3.42,0.59,0.0,,121.71,0.24,0.23,3.22,7.55,0.02,1.73,55.66,Sim
3541653,42.66,95.92,0.0,,,,32.8,1.07,100.0,89.49,75.59,100.0,100.0,13.02,14.71,281.68,245.03,16.11,12.18,75.59,91.31,8.69,24.41,4.03,138.44,95.37,1.48,326.0,,87.6,6.5,,100.0,31.88,10.46,20.48,46.05,0.0,,,,,,,12.4,1.01,83.32,83.32,57.04,57.04,100.0,0.16,0.44,37.0,0.43,3.89,1.73,100.0,0.0,0.0,0.0,0.0,0.0,0.0,100.0,,0.0,109.65,72.0,161.92,41666.67,41666.67,,,100.0,0.0,100.0,100.0,100.0,100.0,74.88,100.0,0.0,1074.0,0.0,1.69,1.54,0.35,107.69,84.62,14.37,0.0,,,,,,,10.24,10.24,0.0,354165,2.69,1.95,336.57,3.15,3.33,2.82,117.2,-1.01,25.0,59564.58,62.11,8.61,21.33,9.99,6.63,13.86,34.35,43.72,0.02,10.67,65.64,31.64,2.71,7.41,2.48,515.25,512.83,0.79,1277.0,1.25,130.11,0.67,33.86,100.0,1.0,87.84,100.0,100.0,74.41,100.0,100.0,74.41,15.98,11.89,11.89,14.55,250.53,1.72,32.22,91.07,8.93,25.59,3.9,134.93,18.64,72.87,72.87,62.77,100.0,62.77,12.92,0.21,801.43,6.57,,,,0.0,140.5,100.83,0.0,100.0,0.0,100.0,0.0,,,,,,,,,,SABESP,Água e Esgotos,SABESP,12.33,24186.03,1.43,,109.75,298.29,100.0,0.0,16.67,327.35,47.34,100.0,85.1,25.15,532.48,3.08,1.88,,,,25.0,,,1.02,,49.33,15.09,103.6,,19.84,14.88,29.76,9.92,25.6,172.66,2.82,0.15,0.0,,,,3.08,,25.0,,4.11,33.33,Sim
3541703,100.0,100.0,100.0,,,,11.21,1.07,100.0,89.34,88.82,100.0,100.0,12.57,13.71,171.93,157.86,13.28,11.8,88.82,103.23,-3.23,11.18,4.29,52.37,90.4,1.07,,,15.52,,,93.55,,5.57,95.36,100.0,6.75,,,,,,,11.3,1.02,89.72,89.72,102.6,102.6,100.0,0.16,0.65,6.23,0.31,1.57,0.71,100.0,0.0,1.26,16.0,101.87,43.89,97.84,2.16,2.16,80.62,126.35,54.43,76.52,43710.0,20800.0,124.03,33.5,63.66,17.56,95.02,100.0,0.0,100.0,95.02,100.0,0.0,586.57,0.45,0.84,0.55,0.33,17.28,12.25,8.61,0.0,,,,,,,3.8,3.8,0.0,354170,3.06,2.27,388.61,2.93,3.22,2.64,95.79,-0.01,47.44,239396.98,77.31,34.36,49.53,18.19,8.28,44.45,64.06,15.81,0.37,10.71,53.99,43.83,2.18,14.82,10.81,961.62,954.03,0.73,1385.93,1.45,106.48,0.61,93.05,99.16,1.01,90.03,100.0,100.0,79.71,100.0,100.0,79.71,15.46,12.32,12.32,14.29,161.73,0.97,11.07,92.41,7.59,20.29,8.56,103.91,92.58,98.66,98.66,100.0,100.0,100.0,12.61,0.13,1778.75,7.25,,,,0.0,28.11,100.0,0.0,100.0,0.0,100.0,0.0,,,,,,,,,,SABESP,Água e Esgotos,SABESP,1.96,26538.46,9.86,,,52.11,100.0,0.0,,,93.84,100.0,100.0,4.17,,,2.48,0.41,,,,58.33,500.0,2.48,,100.0,2.67,24.17,25.0,,,,,,37.76,,,,0.0,,,,,,0.08,,,Sim
3541802,98.93,100.0,87.37,,,,17.97,1.06,100.0,90.77,88.19,100.0,100.0,11.42,13.34,172.04,154.35,12.25,10.81,88.19,108.87,-8.87,11.81,2.57,50.42,90.07,1.08,,,5.61,,,100.0,,6.56,98.72,100.0,84.91,,,,,,,14.48,1.01,91.72,91.72,115.1,115.1,100.0,0.29,0.04,3.0,0.04,,,,,,,,,,,,,,,,,,,,,,,,,,,,,,,,,,,,,,,,,,,,,,,354180,3.25,2.97,480.07,2.94,3.19,2.68,90.54,1.74,58.14,183783.0,100.87,37.1,64.22,5.7,15.01,36.78,63.67,13.37,1.02,14.88,52.28,43.66,4.06,22.87,4.33,601.31,598.3,0.97,1040.8,1.93,97.98,0.65,98.56,100.0,1.01,91.1,100.0,100.0,92.05,100.0,100.0,92.05,12.3,11.32,11.32,13.5,144.65,1.04,10.25,109.8,-9.8,7.95,2.85,32.32,98.24,100.0,100.0,100.0,100.0,100.0,10.97,0.32,143.33,6.0,,,,0.0,12.22,100.83,0.83,100.83,0.0,100.0,0.0,,,,,,,,,,SABESP,Água e Esgotos,SABESP,,,,,,,,,,,,,,,,,,,,,,,,,,,,,,,,,,,,,,,,,,,,,,,,Não
3541901,87.19,90.68,54.52,96.49,100.0,62.43,8.59,1.07,100.0,90.87,78.68,100.0,100.0,12.19,13.85,167.52,147.28,14.66,11.54,78.83,94.44,5.56,21.17,11.21,109.11,86.77,0.17,3459.0,,17.65,6.0,,96.08,98.52,5.7,83.48,90.68,16.18,76.7,79.49,49.72,69.11,71.62,44.75,5.5,1.01,92.41,92.43,79.54,71.67,90.1,0.72,3.34,20.34,0.44,5.81,1.32,51.72,48.28,0.0,0.0,175.34,75.63,100.0,0.0,33.23,43.04,272.05,117.34,281.08,38704.52,,155.15,84.82,51.29,48.71,82.94,91.82,0.0,91.82,0.0,0.0,0.0,2983.5,0.0,0.89,0.64,0.4,0.0,0.0,0.0,0.0,0.0,0.0,,,,,0.0,0.0,0.0,354190,5.75,4.16,732.36,3.21,3.63,2.64,55.88,-3.77,59.63,230586.37,129.29,62.34,106.71,65.07,5.85,48.22,82.54,5.61,1.87,4.52,64.36,33.25,2.39,246.64,14.55,381.47,375.42,1.56,653.0,2.7,62.94,0.79,75.39,91.92,1.01,91.98,100.0,100.0,81.9,100.0,100.0,81.9,15.31,12.54,12.54,14.9,131.15,0.15,9.13,97.34,2.66,18.1,8.93,92.39,57.91,70.61,70.61,66.28,68.95,45.7,5.59,0.62,1222.22,7.44,,,,0.0,43.5,106.14,0.0,105.26,0.0,105.26,0.42,,,,,,,,,,SABESP,Água e Esgotos,SABESP,,,2.31,24.24,,72.69,,,,,98.03,98.03,98.03,27.9,,,0.44,,237.3,37.65,,14.77,,0.37,,,,,,,,,,,,0.62,0.14,,,,,,43.43,,,,,Sim
3542008,99.31,100.0,90.6,,,100.0,9.38,1.07,100.0,89.24,90.56,100.0,100.0,12.48,13.86,169.88,152.96,12.95,11.72,90.56,107.08,-7.08,9.44,4.2,43.0,89.85,1.49,,,18.43,,,100.0,,5.32,98.08,100.0,73.87,96.72,97.38,87.98,96.72,97.38,87.98,9.68,1.0,91.12,91.12,95.99,95.99,100.0,0.59,0.21,6.14,0.29,1.79,2.05,100.0,0.0,1.47,10.0,0.0,0.0,,,,0.0,185.68,76.39,65.81,36702.82,37202.82,,,100.0,0.0,94.37,100.0,23.5,100.0,94.37,100.0,0.0,1242.33,0.0,1.41,0.7,0.81,56.03,44.73,21.87,0.0,,,,,,,8.18,8.18,0.0,354200,3.34,2.85,485.11,3.21,3.35,3.07,96.18,0.11,48.94,231673.65,88.82,32.38,50.88,11.99,13.59,36.45,57.28,19.11,0.89,15.3,51.85,45.59,2.56,16.51,6.29,833.68,828.59,0.77,1310.12,1.51,101.3,0.64,100.0,100.0,1.01,89.61,100.0,100.0,90.51,100.0,100.0,90.51,13.44,12.16,12.16,14.22,161.18,1.39,9.77,105.82,-5.82,9.49,3.87,42.2,98.49,100.0,100.0,98.63,100.0,98.63,9.61,0.4,1315.57,6.0,,,5.0,0.04,113.95,99.31,0.0,99.31,0.0,99.31,0.0,,,,,,,,,,SABESP,Água e Esgotos,SABESP,3.29,39647.24,3.53,1.99,,130.55,100.0,0.0,,,96.97,96.97,96.97,0.0,,,1.52,,60.28,25.54,,47.62,,1.43,,,5.99,33.16,,,,,,,,,,,,,,,16.17,,,,,Sim
3542107,96.85,100.0,70.61,,,47.94,12.21,1.0,97.35,92.9,62.73,93.65,99.88,14.46,15.96,197.54,183.91,22.44,15.03,67.04,71.14,28.86,32.96,18.02,243.2,96.96,2.16,577.0,,24.0,6.6,,100.0,16.55,0.06,96.85,100.0,70.61,,95.55,,,95.55,,12.37,0.0,,,70.0,35.3,50.43,0.16,0.29,12.0,1.0,1.47,0.55,23.53,76.47,,5.0,109.3,43.05,100.0,0.0,23.44,15.45,541.77,213.37,142.78,96091.39,96091.39,495.66,48.88,12.35,62.45,100.0,100.0,100.0,100.0,0.0,0.0,0.0,1950.5,0.0,0.59,0.58,0.0,0.0,0.0,0.0,0.0,,,,,,,0.0,0.0,0.0,354210,3.09,3.05,407.6,1.69,1.89,1.47,54.66,1.58,59.8,21148.81,180.38,19.21,109.4,3.77,0.0,10.65,60.65,36.13,3.22,0.0,57.9,40.52,1.58,89.81,74.02,85.55,82.66,2.12,487.08,4.27,53.55,0.52,100.0,100.0,1.05,100.0,100.0,100.0,90.0,100.0,100.0,90.0,12.87,11.58,11.58,11.58,134.29,3.63,22.37,90.0,10.0,10.0,1.89,44.4,99.71,100.0,100.0,90.49,100.0,90.49,21.28,0.0,1050.0,7.5,1050.0,7.5,0.5,0.03,0.75,100.0,5.49,135.71,0.0,100.0,0.0,,,,,,,,,,PMR,Água e Esgoto,LPU,1.37,136363.64,3.75,,10.0,187.5,72.73,27.27,,18.75,99.16,100.0,100.0,75.0,,,1.1,,,,,,,0.97,,,6.25,25.0,,,,,,,100.0,,,,,,,,,,,,,Sim
3542206,90.8,100.0,5.27,88.99,97.72,4.51,15.69,1.01,99.99,93.78,6.33,10.54,100.0,1.7,15.66,240.09,219.03,26.59,15.96,60.03,58.9,41.1,39.97,20.81,353.69,93.33,0.61,20.0,133.33,4.4,0.27,1.0,100.0,0.33,0.34,86.85,95.62,5.27,88.8,97.43,5.28,88.73,97.43,4.51,11.14,0.01,,,72.99,72.99,100.0,0.04,4.3,1.98,1.0,2.12,1.77,51.85,48.15,0.87,23.0,0.0,0.0,,,,0.0,204.56,95.92,106.24,59853.35,59853.35,,,59.62,40.38,100.0,100.0,100.0,100.0,90.29,100.0,89.91,1603.78,0.07,0.6,0.57,0.03,21.44,13.13,9.28,0.0,0.18,0.0,,,,,5.42,5.42,0.0,354220,0.78,0.78,139.48,1.01,1.36,0.66,129.11,-30.71,47.21,24541.03,77.45,26.95,36.57,0.0,0.0,34.79,47.21,52.01,0.78,0.0,64.15,30.96,4.88,89.76,59.03,372.67,371.9,1.98,505.72,3.93,177.43,0.35,100.0,100.0,1.0,99.98,65.33,99.98,65.3,99.95,65.33,65.33,22.49,14.69,14.69,14.69,186.92,1.48,15.91,65.33,34.67,34.67,15.4,257.34,100.0,100.0,100.0,100.0,100.0,100.0,14.47,0.09,,,575.0,7.25,,0.0,0.0,100.0,0.0,100.0,0.0,140.45,0.0,,,,,,,,,,PMR,Água e Esgoto,LPU,1.24,40834.3,1.55,83.67,,50.59,100.0,0.0,12.12,,89.61,99.94,99.94,51.01,3553.3,0.41,1.29,,93.95,87.38,33.33,16.75,,1.29,,99.94,2.39,11.26,,10.0,33.33,48.33,3.33,5.0,30.41,,,0.0,,,,0.38,5.19,30.3,,0.19,15.15,Sim
3542305,34.37,63.96,0.0,27.79,53.45,0.0,16.47,1.06,100.0,90.68,73.98,100.0,100.0,11.28,13.46,223.94,190.9,14.44,10.68,74.35,93.22,6.78,25.65,7.36,129.53,93.0,1.03,961.33,,14.88,8.0,,93.75,96.86,5.44,26.44,49.19,0.0,20.36,39.16,0.0,20.36,39.16,0.0,10.92,1.01,91.16,91.16,86.68,86.68,100.0,0.77,0.45,24.75,0.22,5.65,1.1,100.0,0.0,0.0,0.0,223.08,97.39,100.0,0.0,91.16,14.83,132.98,58.05,243.31,43065.9,32157.0,59.61,36.37,88.14,11.86,98.46,100.0,96.67,52.46,0.0,0.0,0.0,442.3,0.0,0.53,0.43,0.19,0.0,0.0,0.0,0.0,,,,,,,0.0,0.0,0.0,354230,4.78,4.35,689.25,2.88,3.19,2.51,60.38,-0.74,63.39,197065.08,150.89,78.66,104.99,18.2,11.42,52.13,69.58,17.6,0.59,7.57,59.14,38.1,2.76,37.32,4.0,410.94,407.81,1.84,548.5,3.37,71.18,0.78,46.79,81.91,1.01,91.15,100.0,100.0,67.76,100.0,100.0,67.76,15.11,10.22,10.22,13.3,168.17,1.2,17.18,88.18,11.82,32.24,8.57,161.15,38.64,67.64,67.64,89.29,100.0,89.29,10.74,0.61,126.25,6.75,,,,0.0,23.64,111.67,0.0,110.0,0.0,110.0,0.76,,,,,,,,,,SABESP,Água e Esgotos,SABESP,11.82,21482.06,3.42,0.92,2.96,253.88,100.0,0.0,3.85,7.51,94.78,100.0,100.0,0.0,981.9,1.36,1.15,0.5,117.86,19.46,11.54,162.69,37.2,0.69,,,,,,,,,,,,1.37,0.12,0.0,,,,1.82,27.76,15.38,,7.27,61.54,Sim
3542404,98.28,100.0,76.89,,,100.0,16.18,1.07,99.99,90.91,79.83,100.0,100.0,12.05,13.6,170.79,156.59,14.3,11.42,79.94,95.06,4.94,20.06,5.76,100.95,91.55,1.49,,,11.51,,,100.0,,8.85,96.9,100.0,58.42,92.11,92.31,89.6,92.11,92.31,89.6,15.44,1.02,90.86,90.86,111.94,111.94,100.0,0.17,0.17,7.4,0.11,1.58,1.74,82.81,17.19,0.47,9.0,121.5,53.36,100.0,0.0,8.16,44.4,251.3,110.37,74.83,30447.7,35912.77,206.84,89.77,49.1,28.61,94.78,100.0,29.96,100.0,92.55,100.0,0.0,2761.75,0.0,1.47,0.64,0.94,13.66,9.46,5.72,0.0,0.07,0.0,13.89,41.67,2.78,8.33,1.63,1.63,0.0,354240,3.01,2.53,418.86,2.93,3.21,2.64,97.26,0.02,50.8,172924.59,86.23,29.94,52.23,9.37,9.53,34.72,60.56,19.93,0.25,11.05,53.97,43.84,2.19,19.94,22.67,681.67,667.29,0.86,1188.96,1.7,106.39,0.61,100.0,100.0,1.02,91.44,100.0,100.0,82.97,100.0,100.0,82.97,14.19,11.76,11.76,13.78,149.34,1.45,15.67,97.2,2.8,17.03,4.71,81.11,99.1,100.0,100.0,100.0,100.0,100.0,12.7,0.19,1451.3,6.0,4500.0,6.0,,0.0,31.69,102.33,0.19,102.33,0.0,102.33,0.57,,,,,,,,,,SABESP,Água e Esgotos,SABESP,2.52,26360.09,1.96,10.59,42.87,66.33,100.0,0.0,0.0,28.44,91.31,99.05,0.0,3.92,2444.09,0.86,1.87,,68.6,70.54,34.04,27.47,,1.89,428.31,98.78,1.0,6.85,,35.94,32.03,14.06,17.97,0.0,26.77,0.75,0.04,0.0,,12.74,,0.8,18.87,31.91,0.98,0.86,34.04,Sim
3542503,59.04,86.61,0.0,59.13,86.42,0.0,39.26,1.01,92.78,79.06,30.89,47.01,100.0,16.19,0.34,596.23,375.6,51.13,33.59,65.79,0.66,99.34,34.21,14.74,578.5,46.54,0.0,83.33,25.5,5.0,10.0,7.5,100.0,2.77,0.24,60.84,89.24,0.0,,45.75,,,45.75,,21.49,0.0,,,49.1,49.1,100.0,0.19,0.02,4.5,1.0,2.63,1.74,100.0,0.0,0.0,0.0,0.0,0.0,,,,0.0,156.53,76.16,143.39,54517.2,43886.34,,,100.0,0.0,59.04,86.61,0.0,86.61,0.0,0.0,0.0,628.0,0.0,0.66,0.6,0.45,0.0,0.0,0.0,0.0,0.0,0.0,,,,,0.0,0.0,0.0,354250,0.89,0.89,167.65,1.09,1.29,0.81,121.73,0.0,64.78,34940.95,82.15,47.77,53.22,0.0,0.0,58.15,64.78,31.62,3.26,0.0,67.51,32.49,0.0,0.0,13.37,321.72,321.72,2.79,358.42,5.54,121.73,0.7,91.92,93.98,1.0,85.36,0.0,100.0,69.72,100.0,100.0,69.72,21.55,15.03,15.03,17.62,120.96,0.45,20.93,81.75,18.25,30.28,7.74,214.51,39.67,66.6,66.6,94.76,94.59,89.64,17.11,0.2,20.0,7.0,,,,0.0,20.33,127.33,5.5,127.33,0.0,127.33,0.13,,,,,,,,,,PMR,Água e Esgoto,LPU,7.33,15113.82,2.22,4.28,,110.76,100.0,0.0,,,59.57,100.0,100.0,0.0,,,0.7,,271.58,63.06,,108.01,,0.7,,,,,,,,,,,0.0,,,,,,,,24.52,,,,,Sim
3542602,87.05,91.1,59.29,,,,10.3,1.1,100.0,88.77,75.31,100.0,100.0,12.67,14.2,186.07,145.6,15.71,11.83,79.53,90.37,9.63,20.47,10.33,116.38,85.17,0.56,3553.86,,14.92,8.5,,94.49,14.84,6.93,77.88,89.24,0.0,,,,,,,9.58,1.03,89.62,89.62,91.01,91.01,100.0,0.24,0.25,14.32,0.07,0.76,1.13,7.41,92.59,0.28,7.5,232.18,100.53,100.0,0.0,12.87,71.74,281.98,122.09,57.36,37694.16,93750.26,121.45,1.57,3.46,96.54,96.18,100.0,69.99,100.0,87.27,100.0,0.0,2300.0,0.0,0.71,0.73,0.02,11.99,7.29,4.1,99.68,0.09,0.0,,,,,2.44,2.44,0.0,354260,3.33,2.32,401.2,3.59,3.58,3.61,108.05,0.03,46.87,167119.5,64.59,30.85,43.38,16.41,4.71,47.77,67.16,12.6,1.95,7.29,51.15,46.23,2.62,21.69,63.97,620.24,607.24,1.17,872.01,2.23,119.0,0.66,97.92,100.0,1.02,89.46,100.0,100.0,70.51,100.0,100.0,70.51,17.2,12.13,12.13,14.48,151.7,0.54,9.47,84.2,15.8,29.49,15.39,170.23,88.83,100.0,100.0,91.64,100.0,91.64,10.57,0.27,808.31,6.0,,,,0.0,162.23,104.05,0.11,104.17,0.32,104.05,0.0,,,,,,,,,,SABESP,Água e Esgotos,SABESP,,,3.75,95.34,,115.86,,,,,100.0,100.0,100.0,90.62,3374.23,0.4,1.17,0.75,162.64,59.85,19.42,1.88,39.17,1.04,,100.0,1.86,7.91,18.12,45.59,21.04,15.42,17.95,0.0,55.5,,,58.33,100.0,43.11,1.66,0.96,18.6,46.6,0.5,0.32,15.53,Sim
3542701,96.27,100.0,78.58,93.48,100.0,61.21,11.11,1.05,99.98,91.93,78.99,100.0,100.0,13.44,14.85,172.26,145.61,16.25,12.84,81.69,91.35,8.65,18.31,8.39,102.72,90.33,20.11,1278.5,,40.53,8.0,,100.0,52.48,8.87,94.38,100.0,67.7,84.2,90.07,55.17,84.2,90.07,55.17,9.03,1.07,86.87,86.87,92.6,92.6,100.0,0.21,0.08,16.0,0.02,2.98,2.68,62.5,37.5,1.38,7.0,37.85,14.65,100.0,0.0,0.0,3.39,1116.48,432.03,617.12,135741.31,135741.31,2949.44,1549.67,46.07,41.62,92.11,94.83,79.2,94.83,78.33,94.83,0.0,984.0,0.15,0.83,0.86,0.04,75.71,40.71,20.46,0.0,,,,,,,10.52,10.52,0.0,354270,4.37,3.64,612.43,2.98,3.26,2.68,68.15,3.91,24.93,245666.3,122.34,23.22,36.58,24.18,15.23,18.98,29.9,51.01,0.92,12.45,54.67,43.07,2.26,20.64,3.15,1341.68,1337.24,0.47,2113.75,0.93,75.21,0.57,92.56,100.0,1.0,92.87,100.0,99.95,78.29,99.95,100.0,78.33,15.31,11.97,11.97,14.05,121.89,5.8,12.63,91.95,8.05,21.67,7.72,109.21,89.73,100.0,100.0,97.41,100.0,97.41,10.5,0.12,2168.0,11.5,,,,0.0,107.52,130.56,0.0,122.22,0.57,121.53,0.0,,,,,,,,,,SABESP,Água e Esgotos,SABESP,1.51,30000.0,1.01,,,45.23,77.78,22.22,,,98.37,98.74,98.74,6.98,,,0.39,,,,,6.98,,0.32,,100.0,5.81,8.38,,,,,,,10.05,,,,,,,,,,,,,Sim
3542800,76.37,100.0,49.53,77.29,100.0,52.69,28.08,1.09,100.0,87.24,69.76,100.0,100.0,10.57,12.71,164.34,137.35,14.1,9.84,69.89,90.14,9.86,30.11,4.79,151.85,82.34,0.94,479.4,,9.82,9.47,,95.83,39.46,5.93,34.68,65.2,0.0,30.73,39.8,20.91,30.73,39.8,20.91,9.03,1.03,83.97,83.97,51.87,51.87,100.0,1.22,0.32,1.5,0.04,3.56,1.9,100.0,0.0,0.0,0.0,9.47,5.21,100.0,0.0,0.0,14.32,66.12,36.42,68.48,17740.8,17740.8,698.49,644.76,92.31,0.0,100.0,100.0,100.0,100.0,0.0,0.0,0.0,197.5,0.95,0.34,0.32,0.03,0.0,0.0,0.0,0.0,,,,,,,0.0,0.0,0.0,354280,7.42,6.13,999.33,3.31,3.38,3.12,44.61,-1.99,60.93,354209.65,185.29,98.31,136.59,57.53,22.29,53.06,73.72,10.08,0.05,12.03,71.31,25.15,3.54,51.14,2.78,480.83,472.55,1.52,668.0,2.06,53.04,0.73,69.85,100.0,1.01,86.4,100.0,100.0,75.63,100.0,100.0,75.63,13.38,10.12,10.12,13.34,140.78,0.82,29.7,99.68,0.32,24.37,3.0,108.8,23.98,65.17,65.17,40.86,100.0,40.86,12.69,1.12,239.67,7.11,,,,0.0,357.43,104.58,3.98,104.17,7.6,104.17,1.2,,,,,,,,,,SABESP,Água e Esgotos,SABESP,13.02,10461.38,1.15,,8.24,136.19,62.5,37.5,12.5,11.22,59.88,100.0,100.0,0.0,309.66,3.25,0.86,,,,25.0,128.97,,0.53,,,,,,,,,,,,1.56,0.18,16.67,,,,4.88,,37.5,,3.25,25.0,Sim
3542909,92.73,100.0,0.0,92.81,,0.0,10.36,1.0,100.0,100.0,4.34,8.19,0.0,1.28,1.28,231.22,231.22,29.49,15.63,53.02,4.36,95.64,46.98,28.13,455.47,86.38,0.0,,,,,,100.0,,0.02,92.73,100.0,0.0,,,,,0.0,,10.92,0.47,,,78.9,0.0,0.0,0.0,0.0,,,2.24,0.97,18.18,81.82,0.0,0.0,243.21,114.05,100.0,0.0,0.0,105.74,230.02,107.87,175.74,124377.17,21645.75,94.58,9.24,7.98,92.02,92.73,100.0,0.0,100.0,0.0,0.0,0.0,740.0,0.0,0.73,0.53,0.26,0.0,0.0,0.0,0.0,,,,,,,0.0,0.0,0.0,354290,1.56,1.56,,3.41,2.24,,218.65,-4.64,54.63,26241.48,45.74,16.5,24.99,0.0,0.0,36.07,54.63,41.86,3.51,0.0,32.75,16.96,50.29,0.0,15.15,,510.54,1.29,,2.56,460.21,,99.38,99.38,1.06,,98.97,100.0,96.18,100.0,91.03,96.18,9.82,9.44,9.44,9.44,97.39,,20.82,96.18,3.82,3.82,0.59,13.01,99.38,99.38,99.38,98.65,0.0,0.0,20.23,,,6.75,,6.0,1.0,0.08,0.05,100.0,0.0,100.0,0.0,100.0,0.0,,,,,,,,,,PMRB,Água e Esgoto,LPU,2.29,34998.83,2.69,0.0,75.91,80.18,10.71,89.29,,60.86,100.0,100.0,100.0,0.0,,,0.65,,77.72,22.84,,25.0,,0.6,,,0.01,0.02,,,,,,,,0.78,0.12,,100.0,10.64,,,75.97,,5.73,,,Sim
3543006,72.92,93.64,49.04,78.43,100.0,53.18,12.89,1.07,99.99,90.59,65.36,100.0,100.0,9.56,12.0,130.93,118.39,13.78,9.01,65.48,87.12,12.88,34.52,10.84,167.42,81.98,0.64,955.0,,22.1,6.0,,99.48,15.92,8.5,51.1,93.64,2.08,45.08,57.47,30.59,40.58,51.73,27.54,15.32,1.01,90.67,90.67,83.93,75.54,90.0,0.1,0.39,11.77,0.06,0.89,0.43,100.0,0.0,0.0,0.0,31.4,9.34,83.97,16.03,16.03,24.08,130.4,38.77,96.09,100276.62,85409.82,415.29,395.64,93.77,4.45,97.73,98.67,96.65,98.67,0.0,0.0,0.0,5250.0,0.0,1.52,1.24,0.57,0.0,0.0,0.0,0.0,,,,,,,0.0,0.0,0.0,354300,4.23,3.75,556.54,2.69,2.89,2.41,63.65,-10.46,62.37,227377.36,139.19,64.61,97.98,23.59,15.67,46.42,70.39,11.84,1.25,11.26,60.9,35.24,3.86,61.56,14.41,580.44,572.04,1.15,880.16,1.95,80.07,0.66,77.96,100.0,1.01,91.57,100.0,100.0,67.05,100.0,100.0,67.05,14.04,9.41,9.41,12.37,122.05,0.66,13.58,88.14,11.86,32.95,9.17,154.07,52.78,100.0,100.0,91.1,93.89,85.53,10.25,0.57,386.3,8.11,,,,0.0,45.93,110.61,0.91,109.09,0.23,109.09,0.0,,,,,,,,,,SABESP,Água e Esgotos,SABESP,3.83,28316.96,2.58,,,108.33,100.0,0.0,6.25,,72.97,95.64,71.73,3.5,706.43,0.96,0.6,0.24,,,25.0,3.83,71.89,0.42,,83.68,0.25,0.54,5.64,22.22,33.33,33.33,11.11,0.0,7.17,1.31,0.22,0.0,,,,1.2,,31.25,,0.48,12.5,Sim
3543105,85.15,100.0,14.65,79.0,94.05,6.18,10.05,1.07,100.0,89.53,77.14,100.0,100.0,13.34,14.19,164.02,145.56,16.13,12.45,77.37,87.96,12.04,22.63,12.11,128.77,92.97,1.36,,,17.73,,,100.0,,2.85,84.81,100.0,12.7,70.29,83.6,5.88,70.29,83.6,5.88,8.79,1.02,89.02,89.02,95.49,95.49,100.0,0.42,0.0,,0.0,2.83,0.85,80.0,20.0,0.0,0.0,0.0,0.0,0.0,100.0,,0.0,57.73,24.36,162.65,21784.33,28665.27,,,38.69,61.31,100.0,100.0,100.0,100.0,0.0,0.0,0.0,159.93,0.0,0.56,0.54,0.03,0.0,0.0,0.0,0.0,,,,,,,0.0,0.0,0.0,354310,3.23,2.84,471.88,2.99,3.32,2.65,92.54,5.22,52.27,215936.12,95.02,48.91,56.49,6.93,12.32,51.47,59.45,19.41,0.67,12.97,54.39,42.85,2.76,34.91,3.46,769.75,739.45,1.17,889.0,2.33,97.09,0.66,79.23,99.65,1.04,90.5,100.0,100.0,79.78,100.0,100.0,79.78,15.1,12.05,12.05,13.84,144.21,1.25,11.39,91.66,8.34,20.22,8.52,104.51,78.76,99.07,99.07,99.08,100.0,99.08,10.19,0.33,,,,,,0.0,84.25,121.67,0.0,120.0,0.0,120.0,1.39,,,,,,,,,,SABESP,Água e Esgotos,SABESP,2.93,23551.86,1.16,15.38,1.93,69.07,63.64,36.36,9.09,1.33,100.0,100.0,100.0,0.0,694.89,1.07,0.64,,251.98,84.62,36.36,82.76,,0.51,,,,,,,,,,,,,,100.0,,,,1.07,7.51,36.36,,0.0,0.0,Sim
3543204,74.77,94.01,0.0,,,,12.46,1.08,100.0,89.67,76.08,100.0,100.0,12.54,13.73,173.22,156.72,15.54,11.82,76.08,88.35,11.65,23.92,9.81,131.81,92.13,0.87,,,6.86,,,100.0,,1.46,69.06,86.84,0.0,,,,,,,9.76,1.02,90.14,90.14,98.92,98.92,100.0,0.0,0.07,8.0,0.2,2.11,0.79,100.0,0.0,0.0,0.0,0.0,0.0,,,,0.0,71.14,32.96,52.74,25000.0,41666.67,,,100.0,0.0,79.53,100.0,0.0,100.0,0.0,0.0,0.0,1200.0,0.42,0.69,0.72,0.14,0.0,0.0,0.0,0.0,,,,,,,0.0,0.0,0.0,354320,2.94,2.55,428.33,2.74,2.89,2.58,92.92,-6.29,55.62,196258.47,93.14,46.64,59.86,5.88,14.35,50.08,64.27,12.46,0.23,15.41,52.55,45.69,1.76,14.29,3.85,712.95,698.14,1.12,915.0,2.21,111.36,0.63,78.13,100.0,1.02,90.05,100.0,100.0,74.93,100.0,100.0,74.93,16.17,12.11,12.11,14.04,157.05,0.86,12.88,86.84,13.16,25.07,9.45,136.05,76.52,100.0,100.0,100.0,100.0,100.0,8.69,0.0,,,,,,0.0,85.39,111.67,0.0,110.0,0.0,110.0,0.0,,,,,,,,,,SABESP,Água e Esgotos,SABESP,,,,,,,,,,,,,,,,,,,,,,,,,,,,,,,,,,,,,,,,,,,,,,,,Sim
3543238,93.06,100.0,47.99,87.27,97.56,19.12,9.67,1.07,100.0,90.25,92.46,100.0,100.0,11.51,12.88,167.96,153.25,11.76,10.87,92.47,109.51,-9.51,7.53,2.96,31.08,90.79,1.0,,,10.25,,,100.0,,1.46,88.61,100.0,14.65,77.53,86.46,18.38,77.53,86.46,18.38,11.21,1.03,90.06,90.06,103.03,103.03,100.0,0.29,0.29,8.0,0.38,2.82,2.44,100.0,0.0,,7.0,0.0,0.0,,,,0.0,104.84,53.17,61.36,21744.8,21744.8,,,100.0,0.0,100.0,100.0,100.0,100.0,0.0,0.0,0.0,125.16,0.98,0.84,0.64,0.23,0.0,0.0,0.0,0.0,,,,,,,0.0,0.0,0.0,354323,3.06,2.71,422.28,2.74,3.04,2.44,89.64,-0.26,57.17,253465.97,98.86,36.55,63.78,9.28,15.62,36.97,64.52,12.17,0.27,15.8,55.1,43.02,1.88,3.85,1.75,930.33,924.03,0.62,1623.5,1.22,97.31,0.56,90.61,100.0,1.01,91.48,100.0,100.0,77.02,100.0,100.0,77.02,14.06,10.83,10.83,12.99,145.17,0.93,10.79,92.36,7.64,22.98,9.11,106.91,89.3,100.0,100.0,100.0,100.0,100.0,10.82,0.18,385.71,6.0,,,,0.0,62.01,100.0,0.0,100.0,0.83,100.0,0.0,,,,,,,,,,SABESP,Água e Esgotos,SABESP,,,,,,,,,,,,,,,,,,,,,,,,,,,,,,,,,,,,,,,,,,,,,,,,Sim
3543253,96.53,100.0,94.18,87.42,100.0,78.76,30.11,1.04,100.0,93.56,68.8,100.0,100.0,8.92,9.96,121.9,114.48,12.47,8.58,68.8,82.56,17.44,27.03,4.19,133.56,94.16,0.53,477.52,,18.97,8.87,,86.96,15.37,18.41,39.91,98.98,0.0,33.2,37.96,29.92,33.2,37.96,29.92,10.95,1.07,85.34,85.34,47.8,47.8,100.0,1.17,0.06,22.0,0.01,1.97,1.97,100.0,0.0,0.0,0.0,0.0,0.0,,,,0.0,509.73,249.02,106.16,53333.33,53333.33,,,59.04,0.0,40.32,100.0,0.0,39.32,15.85,39.32,0.0,1440.0,0.0,0.52,1.28,0.01,458.33,441.67,38.46,0.0,,,,,,,36.81,5.56,31.25,354325,4.28,2.47,362.5,2.89,3.03,2.59,67.42,-2.52,34.81,206954.51,85.7,26.83,51.64,49.17,9.67,31.31,60.26,19.62,0.47,11.29,68.24,27.51,4.26,20.91,3.85,947.46,944.86,0.55,1823.5,0.81,88.37,0.72,93.03,100.0,1.0,93.88,100.0,99.96,69.25,99.96,100.0,69.28,13.07,9.05,9.05,12.23,104.21,0.5,26.73,93.55,6.45,30.72,4.32,132.33,42.38,100.0,100.0,53.63,100.0,53.63,10.68,1.15,128.22,6.0,,,,0.0,89.6,113.06,0.49,110.28,1.01,110.28,0.25,,,,,,,,,,SABESP,Água e Esgotos,SABESP,,,0.91,3.15,,93.75,,,,,39.1,100.0,100.0,20.0,460.06,2.06,1.02,,244.44,96.85,100.0,,,0.82,,82.54,20.0,74.29,,27.78,22.22,22.22,11.11,16.67,260.01,,,,,,,0.0,0.0,0.0,,0.0,0.0,Sim
3543303,90.69,92.21,0.0,91.37,92.91,0.0,17.16,1.25,100.0,92.04,70.35,100.0,100.0,11.43,13.12,146.8,124.49,15.49,10.89,72.62,84.74,15.26,27.38,9.66,173.85,94.91,0.48,2418.82,,11.4,13.15,,98.17,5.75,12.65,82.75,84.14,0.0,68.69,69.84,0.0,54.87,55.79,0.0,13.01,1.19,92.13,92.13,65.16,52.18,80.07,0.46,0.29,37.12,0.09,0.23,0.29,32.79,67.21,0.2,23.0,154.79,59.74,100.0,0.0,0.0,62.41,248.02,95.72,11.19,33139.4,,160.22,0.9,5.73,81.95,100.0,100.0,100.0,100.0,98.35,100.0,0.0,7145.65,0.01,0.99,0.82,0.17,3.4,3.06,1.11,0.0,,,,,,,0.84,0.84,0.0,354330,4.64,2.52,402.52,4.13,4.2,4.04,88.97,3.54,31.41,143921.82,61.12,16.4,35.3,35.0,3.9,26.83,57.75,20.06,3.53,6.37,55.15,43.33,1.53,41.54,113.0,619.1,508.15,0.91,1332.53,1.66,103.69,0.98,90.34,90.34,1.22,92.47,100.0,99.99,63.23,99.99,100.0,63.23,17.49,10.96,10.96,13.3,124.79,0.46,16.56,76.69,23.31,36.77,14.36,255.46,73.85,73.85,73.85,65.47,70.0,45.83,12.98,0.61,1665.45,12.11,,,27.4,1.95,15.44,102.38,0.0,102.38,0.0,100.94,0.23,,,,,,,,,,SABESP,Água e Esgotos,SABESP,1.75,41197.84,2.9,95.39,,72.12,25.93,74.07,1.85,,100.0,100.0,100.0,79.4,7601.28,0.16,1.06,0.84,164.14,88.36,9.26,,25.95,1.06,,12.16,0.35,1.37,0.84,,,,,,2.59,3.22,0.3,0.0,,219.46,,0.18,4.61,10.19,0.02,0.57,32.41,Sim
3543402,99.65,100.0,4.6,95.94,96.29,2.91,8.95,1.67,100.0,88.9,47.03,82.12,100.0,14.64,15.85,321.17,253.59,31.12,17.82,63.18,50.95,49.05,36.82,69.79,630.5,15.51,1.13,31.65,492.16,0.5,1.93,40.65,100.0,0.02,10.3,98.97,99.34,0.0,95.6,95.96,0.0,94.96,95.31,0.0,10.05,1.68,88.9,88.86,88.01,88.01,100.0,0.01,7.9,63.83,1.0,0.54,0.54,13.36,86.64,0.06,47.0,0.0,0.0,,,,0.0,228.98,105.12,50.3,109633.03,107564.49,,,10.08,89.92,100.0,100.0,100.0,100.0,100.0,100.0,94.92,9131.29,0.02,0.96,0.72,0.24,1.98,1.49,0.75,95.32,,,25.0,25.0,25.0,25.0,0.42,0.42,0.0,354340,2.02,2.0,375.21,3.17,2.72,3.58,157.41,19.69,58.39,96596.07,63.2,21.28,37.09,0.33,4.25,33.68,58.7,31.91,1.67,6.73,37.79,54.99,7.23,115.49,1436.93,438.61,279.78,2.05,764.4,4.09,136.26,0.52,99.74,100.0,1.57,88.74,100.0,100.0,45.04,95.62,100.0,47.1,33.8,15.47,14.79,14.79,230.69,1.14,11.56,45.04,54.96,52.9,77.35,894.17,99.59,99.87,99.87,100.0,100.0,100.0,9.79,0.01,229.01,12.0,28.85,6.0,20.0,9.15,20.0,242.05,9.22,219.89,0.0,76.61,2.39,,,,,,,,,,DAERP,Água e Esgoto,LPU,0.85,113725.54,3.95,82.61,,97.14,19.53,80.47,14.52,,100.0,100.0,100.0,99.97,3983.65,0.27,0.93,,73.78,25.68,31.72,18.94,,0.92,834.02,64.17,0.33,1.1,,60.58,14.7,9.23,13.33,2.15,1.1,5.19,0.56,100.0,100.0,42.19,,0.26,14.23,30.72,0.33,0.0,0.5,Sim
3543501,86.21,100.0,44.87,76.44,98.5,15.81,16.14,1.06,99.93,90.73,73.67,100.0,100.0,9.68,12.25,133.8,120.34,12.41,9.14,74.5,98.72,1.28,25.5,6.16,110.61,89.24,0.76,1389.0,,2.56,6.0,,100.0,65.04,1.73,68.04,90.74,0.0,61.93,79.65,13.24,61.93,79.65,13.24,14.61,1.01,91.83,91.83,105.87,105.87,100.0,0.26,0.25,11.5,0.22,3.07,0.53,37.5,62.5,1.65,7.0,70.87,36.6,100.0,0.0,32.12,87.56,54.94,28.37,190.14,126458.1,45034.85,77.53,21.79,70.17,29.83,100.0,100.0,100.0,100.0,74.98,100.0,0.0,282.0,0.18,0.41,0.38,0.04,49.6,39.21,26.72,0.0,0.39,0.0,39.16,33.73,15.06,6.02,19.62,19.62,0.0,354350,4.15,4.14,608.48,2.7,2.96,2.4,65.01,-0.61,69.13,229057.08,153.64,72.25,106.34,6.92,21.86,47.03,69.21,6.94,4.95,14.23,56.41,40.7,2.88,17.24,6.62,543.88,539.35,1.26,800.44,2.38,73.53,0.67,83.54,100.0,1.01,92.23,100.0,100.0,71.94,100.0,100.0,71.94,12.62,9.08,9.08,12.26,123.57,0.69,16.37,97.21,2.79,28.06,5.72,117.3,74.6,100.0,100.0,100.0,100.0,100.0,14.49,0.13,489.38,6.0,,,,0.0,19.09,112.5,1.11,110.83,0.0,110.83,0.0,,,,,,,,,,SABESP,Água e Esgotos,SABESP,1.99,22927.56,0.86,7.66,29.69,45.56,100.0,0.0,12.5,13.53,98.19,100.0,100.0,21.57,425.99,0.75,0.35,,155.35,43.2,37.5,39.22,,0.26,,100.0,19.22,24.34,,35.71,36.73,8.16,4.08,15.31,27.32,1.09,0.31,,,,,0.0,49.15,0.0,,0.75,37.5,Sim
3543600,86.89,98.21,0.0,82.79,93.61,0.0,10.48,1.13,100.0,86.92,79.15,100.0,100.0,14.48,16.01,298.6,236.16,16.92,13.39,82.66,94.64,5.36,17.34,9.42,109.1,89.3,0.42,,,9.98,,,89.33,,4.48,78.35,88.56,0.0,69.65,78.75,0.0,69.65,78.75,0.0,8.6,1.05,88.43,88.43,104.92,104.92,100.0,1.48,0.0,,0.0,,,,,,,,,,,,,,,,,,,,,,,,,,,,,,,,,,,,,,,,,,,,,,,354360,5.4,5.16,990.92,3.66,3.57,3.76,67.73,3.94,62.4,386175.98,140.89,63.88,92.13,11.28,20.12,45.34,65.39,10.65,3.79,14.28,41.79,41.85,16.36,16.11,5.77,595.97,572.74,1.21,859.5,2.35,80.96,0.8,88.01,100.0,1.04,88.27,100.0,100.0,82.57,100.0,100.0,82.57,16.69,13.66,13.66,15.95,252.06,0.97,13.32,96.42,3.58,17.43,6.72,98.56,84.05,96.0,96.0,94.71,100.0,94.71,10.59,0.39,540.5,6.0,,,,0.0,109.1,121.67,0.0,120.0,0.0,120.0,0.69,,,,,,,,,,SABESP,Água e Esgotos,SABESP,5.98,70473.68,4.22,59.82,,421.47,36.84,63.16,0.0,,100.0,100.0,100.0,0.99,1613.42,0.94,1.31,,355.12,40.18,15.79,45.94,,1.14,,100.0,1.25,5.98,,26.32,15.79,42.11,5.26,10.53,25.18,1.47,0.11,80.0,,,,3.15,53.17,52.63,,1.26,21.05,Não
3543709,83.07,100.0,0.0,74.02,88.77,0.0,3.24,1.0,1.27,2.45,84.69,95.47,0.0,17.38,0.4,302.18,254.67,0.5,0.45,93.79,79.04,20.96,6.21,0.32,1.03,100.0,0.55,31.5,,5.23,7.5,,100.0,0.02,0.07,83.07,100.0,0.0,,93.73,,,88.77,,12.83,0.0,,,74.54,0.0,0.0,0.0,0.49,4.0,1.0,6.58,0.44,53.7,46.3,1.97,18.0,116.67,60.79,99.8,0.2,75.32,85.18,33.88,17.65,181.99,20309.18,33077.96,29.04,23.8,41.45,40.46,100.0,100.0,100.0,100.0,100.0,100.0,0.0,1290.0,0.0,0.39,0.37,0.03,4.37,2.19,3.28,100.0,,,,,,,1.55,1.55,0.0,354370,0.65,0.65,,0.52,0.71,0.34,79.89,-90.25,81.83,66900.48,125.18,102.17,102.43,0.0,0.0,81.62,81.83,17.68,0.49,0.0,62.36,31.18,6.46,,10.03,,680.78,1.47,,2.82,162.48,,83.54,98.37,1.19,,0.0,11.91,90.0,90.0,0.0,100.0,12.27,12.27,13.16,12.18,188.83,,12.02,99.27,0.73,0.0,0.0,0.0,83.02,94.67,94.67,100.0,0.0,0.0,14.31,1.5,400.0,6.0,,,,0.0,0.44,100.0,100.0,100.0,100.0,100.0,100.0,,,,,,,,,,PMR,Água e Esgoto,LPU,,,,,,,,,,,,,,,,,,,,,,,,,,,,,,,,,,,,,,,,,,,,,,,,Sim
3543808,83.65,100.0,0.71,76.39,90.82,1.56,17.26,1.0,100.0,100.0,13.28,66.03,100.0,15.57,91.71,354.87,295.85,117.1,23.55,24.12,78.32,21.68,75.88,162.52,2921.19,100.0,2.33,,,0.48,,,100.0,,3.05,83.53,100.0,0.0,,95.93,,,95.93,,15.2,0.0,,,52.79,52.79,100.0,2.04,0.0,,0.0,0.38,0.32,100.0,0.0,0.64,5.0,131.88,61.54,100.0,0.0,0.0,149.01,88.51,41.3,9.6,25000.0,104476.98,67.11,54.43,84.18,15.82,100.0,100.0,100.0,100.0,83.53,100.0,0.0,665.67,0.0,0.58,0.58,0.01,9.21,7.93,3.65,0.0,,,,,,,3.1,3.1,0.0,354380,1.85,1.82,,3.01,2.27,,162.72,9.96,54.89,37742.03,60.3,17.0,33.73,1.15,0.0,28.18,55.93,41.57,2.5,0.0,75.42,24.57,0.01,,17.86,,368.15,1.37,,2.74,146.54,,79.17,89.74,1.0,100.0,0.0,0.0,89.96,94.43,100.0,95.27,17.66,16.83,15.89,16.83,203.2,,22.7,95.27,4.73,4.73,1.14,27.49,78.01,89.74,89.74,54.97,100.0,54.97,21.56,,,,,,,,1.8,133.33,0.0,133.33,0.0,133.33,0.0,,,,,,,,,,PMR,Água e Esgoto,LPU,,,,,,,,,,,,,,,,,,,,,,,,,,,,,,,,,,,,,,,,,,,,,,,,Sim
3543907,96.44,96.39,100.0,98.69,97.67,,9.5,1.1,90.17,92.14,49.01,79.43,53.37,11.37,10.93,220.06,195.35,22.78,14.06,61.7,47.97,52.03,38.3,30.81,316.28,83.72,0.78,4687.5,1500.0,78.58,0.38,6.0,98.25,3.21,0.92,96.27,96.22,100.0,,96.25,,,96.25,,9.41,0.0,,,113.42,95.44,84.15,0.37,0.2,0.02,1.0,0.9,0.92,25.13,74.87,0.33,34.0,0.0,0.0,0.0,100.0,,0.0,393.25,171.46,50.29,37277.42,91136.93,,,8.84,77.82,100.0,100.0,100.0,100.0,100.0,100.0,0.0,3839.13,0.04,0.91,0.71,0.2,23.7,16.95,9.09,0.0,,,,,,,5.12,5.12,0.0,354390,2.75,2.75,533.5,2.94,4.02,1.78,106.83,0.0,84.2,114919.23,93.6,22.82,78.81,0.0,0.0,24.38,84.2,7.45,6.36,0.0,70.9,29.1,0.0,0.0,690.84,255.83,213.74,1.35,883.68,2.67,106.83,0.27,100.0,100.0,1.19,92.14,100.0,99.61,62.04,91.72,100.0,67.64,20.35,13.76,12.67,16.59,196.58,0.88,11.26,81.55,18.45,32.36,20.89,258.5,98.0,99.23,99.23,100.0,92.0,100.0,9.21,0.37,2692.31,6.0,,,0.0,0.02,,177.93,0.0,177.93,4.23,103.02,0.0,,,,,,,,,,DAAE,Água e Esgoto,LPU,,,,,,,,,,,,,,,,,,,,,,,,,,,,,,,,,,,,,,,,,,,,,,,,Sim
3544004,96.24,100.0,0.0,94.56,98.25,0.0,14.97,1.04,99.81,91.63,32.17,85.94,100.0,8.7,12.18,151.2,124.12,26.84,10.05,43.03,45.37,54.63,56.97,33.02,523.78,0.0,1.29,258.44,,4.0,6.0,,100.0,2.07,0.6,100.0,100.0,100.0,94.37,98.06,0.0,86.79,90.18,0.0,15.87,0.0,,,151.49,151.49,100.0,2.27,0.43,5.0,0.84,0.48,0.25,65.22,34.78,0.0,0.0,0.0,0.0,,,,0.0,166.88,69.04,13.04,26666.67,,,,15.64,84.36,98.07,98.65,83.02,98.65,0.0,0.0,0.0,3188.0,0.0,0.54,0.55,0.0,0.0,0.0,0.0,0.0,,,,,,,0.0,0.0,0.0,354400,3.03,2.02,356.05,2.4,2.72,2.05,79.37,10.03,59.49,54628.56,84.17,50.64,74.95,0.0,0.0,60.16,89.05,0.5,9.09,0.0,52.74,36.49,10.77,0.0,130.25,172.29,162.66,4.15,255.02,8.22,119.8,,94.02,97.11,1.06,91.34,0.0,99.82,46.15,99.93,0.0,46.18,27.64,12.76,13.24,15.08,144.31,,5.99,54.56,45.44,53.82,79.56,520.52,94.02,97.11,97.11,100.0,0.0,0.0,5.48,,67.5,7.5,,,,,,98.29,1.84,98.06,0.0,100.0,0.0,,,,,,,,,,SAAE,Água e Esgoto,LPU,0.53,99611.11,1.79,100.0,,52.57,27.78,72.22,11.11,,100.0,100.0,100.0,93.51,2875.4,0.23,0.62,,222.22,89.24,44.44,77.92,,0.6,,,,,,,,,,,,,,,,,,0.0,0.0,0.0,,0.15,27.78,Sim
3544103,93.94,100.0,3.92,89.78,95.71,1.72,11.79,1.17,100.0,94.15,74.57,100.0,100.0,10.8,2.38,138.61,120.66,13.97,10.42,80.16,52.27,47.73,11.41,8.29,106.35,91.63,0.25,2094.33,,12.02,11.69,,87.88,13.28,11.71,74.14,79.13,0.0,59.08,62.98,1.21,50.68,54.03,1.03,10.92,1.13,93.58,93.58,129.99,111.74,85.96,0.45,0.11,39.58,0.03,0.05,0.24,25.0,75.0,0.0,0.0,280.14,113.55,94.94,5.06,25.47,74.47,295.28,119.69,70.67,35340.94,66345.24,105.41,1.38,1.7,95.9,93.69,100.0,0.0,80.0,0.0,0.0,0.0,9448.75,0.0,1.14,0.55,0.67,0.0,0.0,0.0,0.0,,,,,,,0.0,0.0,0.0,354410,2.85,1.66,383.39,3.88,3.46,4.16,136.16,-0.04,32.88,125721.16,42.8,8.78,24.15,21.89,2.55,20.52,56.43,14.83,5.17,5.96,35.39,63.42,1.18,16.5,39.88,581.07,506.65,0.72,1597.97,1.16,130.84,1.21,84.44,84.44,1.15,94.46,100.0,99.98,69.14,99.97,100.0,69.16,15.17,10.05,10.05,12.52,110.44,0.05,11.89,86.15,13.85,30.84,12.76,168.86,51.73,51.73,51.73,55.87,85.0,47.49,9.48,0.98,903.0,11.0,,,22.82,3.01,16.48,101.39,0.0,101.23,0.0,101.23,1.07,,,,,,,,,,SABESP,Água e Esgotos,SABESP,0.28,160128.93,2.51,100.0,85.18,44.09,28.57,71.43,14.29,37.55,100.0,100.0,100.0,100.0,3330.67,0.16,0.45,,245.47,91.32,57.14,,,0.45,,,,,,,,,,,,1.29,0.29,,,,,0.0,2.89,0.0,,0.06,21.43,Sim
3544202,98.34,100.0,94.18,89.61,99.94,63.33,14.88,1.07,100.0,89.78,86.45,100.0,100.0,21.9,23.18,267.0,134.18,23.85,20.62,87.32,97.2,2.8,12.68,6.34,106.24,88.1,0.72,,,21.34,,,100.0,,3.13,90.43,100.0,66.39,80.5,89.76,56.93,80.5,89.76,56.93,11.31,1.06,86.25,86.25,94.57,94.57,100.0,0.03,0.0,,0.0,1.74,2.2,94.44,5.56,0.0,0.0,19.34,8.71,100.0,0.0,0.0,10.09,191.63,86.31,138.25,69134.9,37086.77,990.99,855.46,86.65,13.35,100.0,100.0,100.0,100.0,0.0,0.0,0.0,422.33,0.1,0.66,0.41,0.36,0.0,0.0,0.0,0.0,,,,,,,0.0,0.0,0.0,354420,3.98,3.22,877.08,4.43,4.57,4.29,111.5,-15.49,52.94,346044.32,72.7,37.55,47.48,7.02,8.13,51.65,65.32,11.96,1.71,11.18,51.13,47.53,1.34,18.09,11.38,604.05,598.34,1.32,763.89,2.63,137.89,0.33,73.69,93.14,1.01,90.04,100.0,100.0,83.64,100.0,100.0,83.64,24.88,20.69,20.69,22.64,256.37,2.07,12.61,91.54,8.46,16.36,9.17,134.27,73.09,92.4,92.4,92.57,100.0,92.57,12.26,0.03,1034.0,6.83,,,,0.0,55.56,98.68,2.22,98.68,0.0,98.25,0.0,,,,,,,,,,SABESP,Água e Esgotos,SABESP,,,2.74,26.22,4.08,119.49,,,,4.87,79.11,100.0,100.0,18.05,1522.52,0.4,0.53,,111.44,17.95,8.33,,,0.53,,96.97,9.02,17.37,,,,,,,34.74,0.64,0.12,0.0,,145.6,0.9,1.11,38.23,22.92,0.31,0.0,0.0,Sim
3544251,83.01,99.79,18.78,84.8,100.0,20.74,16.21,1.08,99.98,89.31,77.86,100.0,100.0,12.62,14.26,199.18,173.56,15.15,11.8,78.32,94.09,5.91,21.68,6.4,116.4,87.65,0.77,,,13.3,,,97.09,,3.04,77.82,98.14,0.0,75.75,89.33,18.49,75.75,89.33,18.49,15.26,1.01,90.61,90.61,113.16,113.16,100.0,0.08,0.09,13.55,0.09,3.02,0.51,25.49,74.51,0.0,0.0,0.0,0.0,,,,0.0,32.65,16.86,228.1,77693.18,32842.18,,,17.49,82.51,100.0,100.0,100.0,100.0,79.29,100.0,0.0,1320.31,0.0,2.06,2.04,0.04,57.55,53.95,6.14,0.0,,,46.67,26.67,13.33,,5.68,5.68,0.0,354425,3.02,2.43,419.01,3.17,3.45,2.9,105.2,-0.02,49.45,181071.07,76.56,28.29,47.0,9.67,12.26,36.95,61.39,12.91,0.54,16.01,53.59,44.13,2.28,110.39,18.28,703.88,697.97,0.86,1169.41,1.71,113.92,0.73,91.54,100.0,1.01,90.18,100.0,99.94,80.21,99.94,100.0,80.26,15.32,12.15,12.15,14.43,170.31,0.73,16.86,95.36,4.64,19.74,5.03,99.09,90.45,100.0,100.0,99.94,100.0,99.94,16.4,0.09,425.26,6.0,,,,0.0,32.46,100.0,0.0,100.0,0.0,100.0,0.48,,,,,,,,,,SABESP,Água e Esgotos,SABESP,,,0.52,0.0,,36.41,,,,,80.53,100.0,100.0,0.0,356.76,0.9,0.27,,276.87,76.02,44.44,,,0.27,,,,,,,,,,,,,,0.0,,,,0.45,23.98,22.22,,0.3,14.81,Sim
3544301,92.06,98.66,0.0,,,,10.22,1.05,100.0,92.67,73.91,100.0,100.0,12.23,13.77,149.08,136.35,15.84,11.7,74.27,86.94,13.06,25.73,12.46,140.91,89.52,1.44,,,9.3,,,100.0,,8.99,86.83,93.06,0.0,,,,,,,7.5,1.01,93.81,93.81,93.86,93.86,100.0,0.4,0.43,19.0,0.05,2.61,0.9,81.08,18.92,0.0,0.0,0.0,0.0,,,,0.0,98.76,39.56,58.29,16944.0,33888.0,,,65.02,22.29,100.0,100.0,100.0,100.0,0.0,0.0,0.0,947.25,0.09,0.94,0.71,0.24,0.0,0.0,0.0,0.0,,,,,,,0.0,0.0,0.0,354430,3.1,2.67,440.62,2.94,3.31,2.55,94.83,2.14,46.42,147972.12,90.86,17.19,48.96,8.46,7.84,18.92,53.88,28.07,1.72,8.63,56.37,41.42,2.21,28.29,11.39,623.26,617.29,0.57,1774.75,1.12,101.4,0.68,94.07,99.06,1.01,93.46,100.0,99.99,69.17,99.97,100.0,69.19,16.96,11.74,11.73,13.87,139.1,1.54,10.72,81.79,18.21,30.81,14.63,173.48,91.78,96.64,96.64,93.95,100.0,93.95,7.67,0.36,1988.5,6.37,,,,0.0,88.02,105.56,0.0,105.56,0.0,105.56,0.0,,,,,,,,,,SABESP,Água e Esgotos,SABESP,,,1.21,,,40.33,,,,,94.97,100.0,100.0,0.0,,,0.71,,,,,11.43,,0.71,,,,,,,,,,,,,,,,,,,,,,,,Sim
3544400,96.46,100.0,68.61,98.67,99.91,88.57,16.3,1.07,100.0,90.39,81.94,100.0,100.0,11.46,13.18,157.11,144.3,13.15,10.77,82.07,100.27,-0.27,17.93,4.34,82.79,86.0,0.9,,,6.15,,,100.0,,2.83,96.13,100.0,65.7,90.48,91.67,80.71,90.48,91.67,80.71,15.42,1.09,86.03,86.03,116.82,116.82,100.0,0.27,0.05,1.0,0.13,4.11,2.19,100.0,0.0,0.0,0.0,0.0,0.0,,,,0.0,93.83,43.85,123.36,30001.0,20033.33,,,100.0,0.0,100.0,100.0,100.0,100.0,0.0,0.0,0.0,742.0,0.0,1.48,0.89,0.67,0.0,0.0,0.0,0.0,,,,,,,0.0,0.0,0.0,354440,2.92,2.29,363.76,2.77,3.07,2.46,94.75,-1.65,38.33,256676.73,82.81,26.81,40.45,13.63,13.59,32.38,48.85,26.28,0.0,16.41,54.81,43.41,1.78,20.41,1.51,1444.49,1428.58,0.46,2179.0,0.92,107.81,0.94,91.56,100.0,1.01,92.31,100.0,100.0,83.1,100.0,100.0,83.1,13.31,11.04,11.04,13.22,139.24,1.0,15.57,99.54,0.46,16.9,4.25,74.59,90.22,100.0,100.0,100.0,100.0,100.0,17.26,0.32,750.0,6.0,,,,0.0,15.4,100.42,0.0,100.42,0.0,100.42,0.0,,,,,,,,,,SABESP,Água e Esgotos,SABESP,6.14,11379.4,0.77,8.05,,69.85,63.64,36.36,9.09,,92.71,100.0,100.0,0.0,363.15,1.67,0.52,,174.9,47.65,27.27,28.15,,0.32,,,42.52,80.92,,,,,,,,0.15,0.03,66.67,100.0,34.29,0.19,3.35,9.59,54.55,0.2,0.0,0.0,Sim
3544509,100.0,100.0,100.0,,,100.0,19.03,1.04,99.94,94.09,81.04,100.0,100.0,11.67,14.33,249.77,234.66,13.84,11.21,81.04,103.56,-3.56,18.96,4.24,89.76,89.12,0.42,,,12.0,,,100.0,,1.73,79.65,89.13,0.0,78.62,79.7,69.6,78.62,79.7,69.6,13.66,1.0,94.36,94.36,81.7,81.7,100.0,0.14,0.0,,0.0,5.08,0.76,85.71,14.29,0.0,0.0,143.35,92.34,100.0,0.0,0.0,26.33,544.5,350.73,392.51,58007.87,,379.83,285.19,75.08,24.92,100.0,100.0,100.0,100.0,0.0,0.0,0.0,943.0,0.0,1.3,0.54,0.86,0.0,0.0,0.0,0.0,,,,,,,0.0,0.0,0.0,354450,2.35,1.65,292.29,2.89,3.13,2.57,122.77,0.72,43.58,181461.37,57.24,25.91,35.5,8.25,7.67,45.28,62.02,11.98,0.33,13.4,60.77,36.65,2.58,20.97,3.42,1001.07,1000.2,0.73,1371.2,1.27,136.74,0.78,100.0,100.0,1.0,94.3,100.0,100.0,87.13,100.0,100.0,87.13,13.73,11.96,11.96,14.83,246.32,0.44,23.06,107.97,-7.97,12.87,2.27,58.17,84.34,100.0,100.0,84.59,100.0,84.59,16.54,0.05,,,,,,0.0,16.53,100.0,0.0,100.0,0.0,100.0,0.0,,,,,,,,,,SABESP,Água e Esgotos,SABESP,,,1.53,2.13,54.07,119.92,,,,64.84,82.27,100.0,100.0,0.0,213.79,2.32,0.42,,184.27,23.82,26.09,,,0.42,,,1.99,3.09,,0.0,100.0,0.0,0.0,0.0,,0.53,0.12,0.0,,,,3.09,74.05,34.78,,1.93,21.74,Sim
3544608,84.53,93.8,1.54,84.27,93.23,0.69,11.85,1.06,100.0,94.55,87.19,96.71,1.0,19.42,11.22,361.76,236.8,21.06,18.99,90.47,53.28,46.72,9.53,5.57,69.84,100.0,0.56,30.0,30.0,0.67,6.0,60.0,100.0,1.18,2.21,84.38,93.8,0.0,,88.5,,,83.62,,11.86,1.06,,,86.66,86.66,100.0,0.17,0.03,6.0,0.25,0.86,2.36,100.0,0.0,0.0,0.0,164.83,95.6,100.0,0.0,32.62,46.71,237.79,137.91,56.82,66254.59,24092.58,144.26,59.44,58.36,41.64,89.95,100.0,0.0,93.8,89.95,93.8,0.0,252.5,0.0,1.33,0.78,0.7,9.22,5.36,3.25,0.0,,,,,,,0.99,0.99,0.0,354460,0.66,0.66,126.17,0.93,1.07,0.75,141.93,-17.89,34.86,26232.73,70.46,15.03,24.56,0.0,0.0,21.33,34.86,62.95,2.19,0.0,63.16,35.02,1.82,138.71,7.35,596.38,574.22,1.07,974.67,1.97,170.42,0.68,100.0,100.0,1.06,91.39,98.98,99.96,74.48,83.15,98.98,89.57,16.44,14.72,12.94,16.27,209.64,0.9,12.41,98.98,1.02,10.43,4.54,59.55,100.0,100.0,100.0,87.4,100.0,87.4,14.09,0.21,50.0,12.0,,,,0.0,1.07,100.0,0.0,100.0,0.0,100.0,0.0,,,,,,,,,,PMS,Água e Esgoto,LPU,,,1.25,3.05,,57.7,,,,,87.69,100.0,100.0,0.0,1378.37,1.43,1.69,0.8,46.49,49.63,30.43,0.73,111.19,1.69,,49.65,0.83,5.12,3.15,19.12,8.76,45.42,21.91,4.78,9.18,0.84,0.05,80.0,79.88,11.5,1.3,2.04,16.56,43.48,0.83,0.82,17.39,Sim
3544707,92.66,100.0,64.35,88.2,100.0,45.56,11.58,1.06,100.0,89.52,77.98,100.0,100.0,12.32,13.81,160.81,144.35,14.9,11.62,77.98,92.66,7.34,22.02,8.98,114.66,90.09,0.87,,,61.57,,,98.28,,7.76,90.67,100.0,54.72,78.76,89.29,40.73,78.76,89.29,40.73,14.18,1.05,87.17,87.17,108.25,108.25,100.0,0.2,0.07,8.0,0.03,6.0,1.59,100.0,0.0,1.0,2.0,0.0,0.0,0.0,100.0,,0.0,143.36,65.11,185.0,23333.33,26000.0,,,71.91,0.0,100.0,100.0,100.0,100.0,79.4,100.0,0.0,393.67,0.0,1.28,1.06,0.28,90.0,85.0,18.39,0.0,0.56,0.0,,,,,14.39,14.39,0.0,354470,2.97,2.69,443.43,2.85,3.16,2.53,96.16,0.75,60.2,279751.52,94.29,36.25,62.61,4.88,15.07,38.45,66.4,9.77,0.34,15.98,55.58,41.77,2.65,25.4,1.73,950.14,946.09,0.61,1641.0,1.18,102.94,0.6,88.82,100.0,1.0,89.15,100.0,100.0,81.79,100.0,100.0,81.79,14.18,11.6,11.6,13.72,150.73,0.8,12.65,96.75,3.25,18.21,6.12,85.26,84.58,100.0,100.0,100.0,100.0,100.0,16.74,0.02,526.25,6.0,,,,0.0,90.22,100.0,0.42,100.0,0.0,100.0,0.0,,,,,,,,,,SABESP,Água e Esgotos,SABESP,,,2.74,,,174.01,,,,,75.95,100.0,100.0,2.8,444.09,1.62,0.64,,,,21.43,,,0.64,,100.0,0.23,0.54,,0.0,0.0,0.0,0.0,100.0,7.04,2.97,0.47,0.0,,,,2.71,,35.71,,1.62,21.43,Sim
3544806,92.76,100.0,0.0,82.52,88.62,0.0,11.16,1.0,100.0,100.0,36.64,63.42,100.0,10.43,21.07,355.49,355.49,28.46,16.44,57.77,74.04,25.96,42.23,35.39,395.14,0.0,0.0,20.0,,1.0,2.0,,100.0,0.51,1.07,92.76,100.0,0.0,,86.88,,,86.88,,6.98,0.0,,,51.44,0.51,1.0,0.33,1.55,3.0,1.0,0.98,1.03,100.0,0.0,0.0,0.0,0.0,0.0,,,,0.0,191.88,142.61,185.81,139112.65,139112.65,,,84.56,15.44,88.52,95.43,0.0,95.43,0.0,0.0,0.0,937.4,0.0,0.78,0.85,0.03,0.0,0.0,0.0,0.0,,,,,,,0.0,0.0,0.0,354480,1.25,1.25,137.44,1.79,1.74,1.91,142.99,0.0,57.29,31334.49,69.94,29.38,40.06,0.0,0.0,42.01,57.29,37.62,5.09,0.0,69.05,30.95,0.0,0.0,17.73,397.97,397.52,1.84,542.65,3.57,142.99,,90.02,100.0,1.0,96.08,37.6,100.0,37.6,100.0,37.6,37.6,22.87,8.6,8.6,12.6,181.9,,11.13,55.1,44.9,62.39,39.1,469.11,100.0,100.0,100.0,99.99,100.0,99.99,11.06,0.0,,,,,,0.0,2.67,101.72,0.67,100.0,0.0,100.0,0.45,,,,,,,,,,PMS,Água e Esgoto,LPU,4.39,24055.82,2.17,,,105.53,100.0,0.0,,,90.02,100.0,100.0,0.0,,,0.73,,328.95,,,,,0.73,,,,,,,,,,,,0.96,0.13,,,,,,,,,,,Sim
3544905,96.1,100.0,24.79,,,15.64,18.01,1.0,98.61,98.97,69.32,98.43,0.0,17.66,19.32,278.83,274.44,25.12,17.69,70.43,76.92,23.08,29.57,12.98,244.47,97.41,0.0,,,30.0,,,100.0,,0.28,94.81,100.0,0.0,,,,,,,15.76,0.0,,,98.43,98.43,100.0,0.0,0.0,,,0.91,0.45,66.67,33.33,4.25,47.0,78.38,33.94,100.0,0.0,15.67,21.73,304.22,131.72,65.84,72745.71,,388.12,193.99,66.65,33.35,94.81,100.0,0.0,100.0,94.81,100.0,0.0,3631.92,0.0,4.27,2.59,1.92,16.29,10.86,1.73,0.0,,,,,,,0.66,0.66,0.0,354490,0.94,0.94,189.56,0.72,0.78,0.65,77.47,0.0,31.72,23248.58,129.08,21.82,40.94,0.0,0.0,16.91,31.72,65.42,2.87,0.0,60.0,40.0,0.0,1085.54,24.39,386.69,386.69,1.38,725.46,2.75,77.47,0.55,99.24,98.92,1.0,100.0,0.0,100.0,50.81,100.0,100.0,50.81,32.96,16.75,16.75,18.68,222.53,1.13,15.52,56.69,43.31,49.19,32.9,532.93,89.57,98.92,98.92,89.47,100.0,89.47,12.94,0.02,266.67,8.0,,,,0.0,9.54,100.0,0.0,100.0,0.0,100.0,0.0,,,,,,,,,,PMSO,Água e Esgoto,LPU,1.11,129371.16,3.49,,13.36,144.2,58.33,41.67,0.0,19.26,89.71,99.07,99.07,91.54,1180.35,0.74,0.75,,,,66.67,67.67,,0.76,,,,,,,,,,,,,,,,,,0.0,,0.0,,0.37,33.33,Sim
3545001,69.19,100.0,14.09,56.82,85.96,4.69,17.59,1.12,100.0,90.31,77.74,100.0,100.0,9.95,11.91,136.79,122.75,11.89,9.24,78.28,100.14,-0.14,21.72,5.15,94.91,95.28,0.39,1886.27,,17.91,10.46,,89.39,39.85,6.34,56.0,87.3,0.0,43.27,65.38,3.73,42.77,64.61,3.7,14.59,1.04,90.06,90.07,69.95,69.51,99.37,0.28,0.12,47.86,0.14,1.32,0.32,0.0,100.0,2.33,23.0,67.31,36.62,100.0,0.0,0.0,37.56,179.24,97.51,127.73,,,266.27,14.64,5.59,94.41,100.0,100.0,100.0,100.0,64.14,100.0,0.0,3424.6,1.17,0.61,0.57,0.07,63.94,41.56,19.83,0.0,0.5,0.0,,,,,11.98,11.98,0.0,354500,6.85,6.6,971.88,3.18,3.2,3.16,46.44,-4.47,38.88,192814.25,207.35,45.61,83.71,31.79,105.35,21.99,40.37,4.08,1.37,50.81,53.29,44.86,1.85,39.35,15.6,491.43,467.87,1.16,902.0,2.18,54.17,0.87,62.55,98.25,1.06,91.76,100.0,100.0,71.98,100.0,100.0,71.98,13.15,9.46,9.46,12.31,120.2,0.36,14.7,93.63,6.37,28.02,8.05,128.14,53.82,84.53,84.53,68.35,97.3,66.51,13.67,0.36,1082.17,11.33,,,9.02,2.43,8.44,187.5,0.16,187.5,0.0,187.5,0.0,,,,,,,,,,SABESP,Água e Esgotos,SABESP,2.84,32014.51,1.93,100.0,31.32,90.95,41.94,58.06,16.13,28.49,100.0,100.0,100.0,100.0,877.0,0.82,0.93,,80.23,29.99,29.03,10.68,,0.59,,100.0,33.32,113.28,,47.95,13.19,12.25,13.74,12.87,113.54,3.92,0.42,100.0,100.0,227.2,1.92,0.46,68.68,16.13,0.27,0.18,6.45,Sim
3545100,99.49,100.0,93.72,98.64,100.0,82.74,9.14,1.05,100.0,92.2,84.79,100.0,100.0,12.35,13.73,163.51,151.64,13.92,11.8,85.1,98.64,1.36,14.9,7.16,71.85,90.21,1.21,,,14.44,,,100.0,,3.66,98.57,100.0,82.41,89.53,90.72,75.6,89.53,90.72,75.6,10.58,1.04,89.82,89.82,102.37,102.37,100.0,0.2,0.22,2.6,0.08,3.34,1.11,100.0,0.0,0.0,0.0,106.36,46.74,83.38,16.62,16.62,75.96,140.03,61.54,132.66,28800.0,28800.0,131.65,68.69,66.13,0.0,91.85,100.0,0.0,100.0,0.0,0.0,0.0,1643.0,0.0,1.84,0.95,1.06,0.0,0.0,0.0,0.0,,,,,,,0.0,0.0,0.0,354510,2.99,2.76,460.5,2.96,3.25,2.66,98.86,-5.72,54.65,201987.18,93.29,35.04,55.28,5.73,12.2,37.56,59.25,15.57,4.52,13.08,54.29,43.83,1.88,48.41,4.73,740.26,734.13,0.86,1167.83,1.72,108.0,0.62,87.28,97.33,1.01,92.31,100.0,100.0,83.7,100.0,100.0,83.7,14.47,12.08,12.08,13.91,152.16,1.22,9.71,96.4,3.6,16.3,7.38,77.94,86.75,96.74,96.74,100.0,100.0,100.0,11.38,0.13,1678.78,6.0,,,,0.0,30.65,100.0,0.0,100.0,0.0,100.0,0.0,,,,,,,,,,SABESP,Água e Esgotos,SABESP,3.58,38235.29,3.51,,,136.76,100.0,0.0,,,100.0,100.0,100.0,0.0,,,0.57,,,,,208.84,,0.51,,,3.01,6.31,,,,,,,,,,,,,,,,,0.0,,,Sim
3545159,88.07,93.6,40.41,94.09,100.0,43.21,16.13,1.08,99.97,89.2,74.99,100.0,100.0,12.8,14.05,186.86,162.42,16.05,12.04,75.49,87.55,12.45,24.51,8.33,139.16,95.95,0.88,458.33,,17.78,8.0,,100.0,13.5,7.63,84.78,93.6,8.84,82.48,87.64,38.04,82.48,87.64,38.04,14.34,1.01,89.64,89.64,105.83,105.83,100.0,0.82,0.04,1.0,0.03,1.47,0.72,5.88,94.12,0.0,0.0,395.59,167.24,100.0,0.0,0.0,69.17,571.88,241.77,269.85,100000.0,,144.56,7.14,4.94,95.06,100.0,100.0,100.0,100.0,100.0,100.0,0.0,1637.0,0.0,1.07,1.03,0.04,8.95,7.97,2.38,0.0,,,,,,,2.04,2.04,0.0,354515,2.37,2.58,468.89,2.11,2.34,1.88,88.93,1.88,59.7,132496.23,122.17,15.7,67.13,0.0,24.63,12.85,54.94,15.82,3.63,20.16,54.42,43.33,2.25,254.67,10.69,514.29,512.98,0.46,2199.2,0.91,84.96,0.94,90.41,100.0,1.0,89.83,100.0,100.0,80.51,100.0,100.0,80.51,16.69,13.39,13.39,15.16,164.18,0.55,17.74,91.13,8.87,19.49,5.76,106.89,89.46,100.0,100.0,100.0,100.0,100.0,16.17,0.28,212.5,6.0,,,,0.0,88.68,121.15,0.53,121.15,0.0,121.15,0.0,,,,,,,,,,SABESP,Água e Esgotos,SABESP,2.17,68921.98,3.53,100.0,95.06,149.51,33.33,66.67,0.0,142.12,99.76,100.0,100.0,100.0,2064.7,0.58,1.02,,310.88,77.73,26.67,,,0.86,,,,,,,,,,,,1.62,0.16,100.0,100.0,71.9,1.91,0.72,20.8,33.33,0.43,0.72,33.33,Sim
3545209,96.86,98.0,0.0,,,0.0,11.48,1.07,99.99,92.3,58.68,98.7,100.0,11.63,15.6,165.66,154.96,19.47,11.57,61.17,80.13,19.87,38.83,22.36,265.32,98.01,0.68,128.04,,169.08,6.0,,100.0,0.22,8.1,95.88,97.0,0.0,,,0.0,94.61,95.39,0.0,7.69,1.05,96.54,,208.4,205.8,98.75,0.53,4.74,158.3,1.0,1.69,0.61,10.63,89.38,0.25,35.0,7.67,3.08,100.0,0.0,0.0,0.69,1112.53,446.4,630.91,62763.94,,14510.42,495.02,2.85,80.59,100.0,100.0,100.0,50.0,100.0,50.0,0.0,1000.47,2.53,1.04,0.7,0.34,8.62,14.34,3.36,0.0,,,13.88,11.09,7.96,6.52,3.79,3.79,0.0,354520,2.38,2.38,464.23,2.77,2.77,3.03,116.19,-0.34,69.3,54790.66,86.07,38.08,59.64,0.0,0.0,44.24,69.3,20.13,9.45,0.0,100.0,97.71,0.0,36.91,275.68,170.31,166.44,3.84,266.77,3.84,116.59,0.84,100.0,100.0,1.02,91.64,0.0,99.97,57.61,99.32,100.0,58.0,24.11,13.78,13.69,16.25,180.13,0.38,12.6,68.39,31.61,42.0,25.67,335.71,98.6,99.3,99.3,,93.03,,10.3,0.46,,,,,,0.0,1.67,100.0,2.35,100.0,32.92,100.0,0.07,0.52,0.29,1.0,35.65,49.12,3.52,17.0,-106.11,14.06,SAAE | SANESALTO,Esgoto | Água,LEP | LPU,2.05,133774.03,8.91,100.0,,273.61,12.45,87.55,6.22,,100.0,100.0,0.0,100.0,3595.97,0.24,0.75,,,,11.62,8.49,,0.74,501.23,63.41,4.35,11.89,,45.41,20.95,18.91,14.37,0.36,15.2,2.02,0.27,100.0,100.0,,,0.14,,7.05,0.09,0.72,35.27,Sim
3545308,98.58,100.0,80.35,,,100.0,15.54,1.07,99.99,93.65,62.28,100.0,100.0,11.88,13.9,184.93,167.58,18.37,11.44,62.69,75.79,24.21,37.16,14.18,241.4,90.95,0.61,2331.32,,9.98,6.39,,98.75,11.06,12.83,77.13,83.15,0.0,65.95,65.99,65.42,65.95,65.99,65.42,9.87,1.04,93.23,93.23,71.23,71.23,100.0,0.68,0.08,5.85,0.02,0.98,0.11,73.91,26.09,0.4,7.0,0.0,0.0,,,,0.0,122.51,60.17,57.59,42462.65,37470.08,,,27.67,72.33,100.0,100.0,100.0,100.0,38.33,41.32,0.0,648.13,0.0,0.39,0.38,0.02,18.5,11.1,5.16,0.0,,,,,,,2.96,2.96,0.0,354530,3.42,2.98,519.84,3.16,3.37,2.86,92.6,-2.21,50.43,200685.73,94.15,39.65,54.46,9.82,11.78,42.12,57.85,18.51,3.56,12.52,61.36,35.52,3.12,18.89,43.26,667.38,647.46,1.12,916.59,1.9,102.61,0.73,100.0,100.0,1.03,93.62,100.0,99.99,57.52,99.99,100.0,57.52,21.19,12.19,12.19,14.67,150.82,0.73,13.42,69.21,30.79,42.48,20.17,303.94,77.47,98.82,98.82,64.04,100.0,64.04,6.17,0.41,1409.94,6.0,7000.0,7.5,,0.0,80.64,105.5,1.11,105.33,1.27,105.33,0.63,,,,,,,,,,SABESP,Água e Esgotos,SABESP,1.35,22020.59,0.84,7.17,,29.68,100.0,0.0,0.0,,100.0,100.0,100.0,2.26,1150.16,0.7,0.71,,88.43,77.04,52.08,,,0.56,,38.74,1.96,5.07,,48.95,21.76,15.67,12.35,1.27,5.83,1.12,0.16,0.0,,,,0.22,15.79,16.67,,0.31,22.92,Sim
3545407,93.83,100.0,0.0,88.46,94.28,0.0,9.47,1.02,100.0,100.0,67.89,100.0,67.89,11.45,14.74,176.68,159.41,16.87,11.45,69.16,87.36,12.64,30.84,16.92,174.97,0.0,1.03,78.75,,5.0,6.0,,100.0,2.02,3.26,68.45,72.95,0.0,,62.19,,,62.19,,7.99,1.03,,,74.19,74.19,100.0,0.37,0.85,2.48,1.0,1.16,0.11,100.0,0.0,0.0,0.0,79.36,38.39,100.0,0.0,0.0,59.18,134.11,64.87,106.29,50984.36,87608.52,168.98,24.77,39.4,60.6,100.0,100.0,100.0,100.0,0.0,0.0,90.9,366.32,0.22,0.65,0.59,0.06,0.0,0.0,0.0,0.0,,,,,,,0.0,0.0,0.0,354540,2.37,2.37,330.92,1.59,1.72,1.28,67.44,3.54,65.62,53046.95,148.28,57.81,97.3,0.0,15.0,38.99,65.62,18.46,5.81,10.12,74.59,21.87,3.54,,23.56,244.3,244.3,2.43,411.18,4.07,67.44,,100.0,100.0,1.0,95.24,0.0,100.0,43.27,100.0,49.82,43.27,25.54,11.05,11.05,13.97,134.28,,10.51,54.71,45.29,56.73,41.39,476.41,68.25,72.0,72.0,50.0,100.0,50.0,3.0,,,10.0,,6.63,,,,100.0,0.0,100.0,0.0,120.0,0.0,,,,,,,,,,PMSG,Água e Esgoto,LPU,,,0.93,,,33.43,,,,,90.28,100.0,100.0,0.0,998.4,0.95,0.81,,,,14.55,0.76,,0.81,,,28.8,85.47,,20.83,23.61,27.78,13.89,13.89,118.71,,,0.0,,,,2.97,,45.45,,0.71,10.91,Sim
3545506,90.97,100.0,70.52,88.99,100.0,64.87,11.49,1.07,100.0,89.29,80.59,100.0,100.0,12.61,14.01,158.63,143.28,14.68,11.83,80.75,95.42,4.58,19.25,7.71,99.65,87.31,0.79,,,9.0,,,84.21,,8.34,86.94,100.0,57.37,78.92,88.71,57.49,78.92,88.71,57.49,13.63,1.09,83.16,83.16,109.75,109.75,100.0,0.05,0.1,5.5,0.05,5.85,1.07,100.0,0.0,,7.0,56.83,26.3,80.8,19.2,-57.73,35.94,308.69,142.88,622.92,106560.17,72473.56,543.18,295.2,90.86,0.0,75.7,100.0,20.65,100.0,0.0,0.0,0.0,450.5,0.54,0.67,0.62,0.29,0.0,0.0,23.77,0.0,0.51,0.0,,,,,12.21,12.21,0.0,354550,3.56,2.71,473.99,2.95,3.2,2.71,83.01,-1.32,44.57,387555.28,91.82,32.94,53.69,13.78,18.52,35.88,58.48,13.69,0.31,20.17,52.25,43.78,3.97,19.67,1.63,1398.26,1382.31,0.44,2279.0,0.88,105.33,0.75,70.66,100.0,1.01,89.92,100.0,100.0,83.62,100.0,100.0,83.62,15.28,12.6,12.6,14.56,155.63,0.84,12.82,96.62,3.38,16.38,5.37,82.07,70.11,100.0,100.0,100.0,100.0,100.0,15.75,0.11,270.0,6.0,,,,0.0,7.65,100.0,0.0,100.0,0.0,100.0,0.83,,,,,,,,,,SABESP,Água e Esgotos,SABESP,,,,,,,,,,,,,,,,,,,,,,,,,,,,,,,,,,,,,,,,,,,,,,,,Sim
3545605,95.56,100.0,0.0,100.0,,0.0,6.91,1.03,99.14,99.46,52.55,99.39,0.0,15.91,16.32,234.96,233.15,30.09,15.91,53.07,54.25,45.75,46.93,67.04,479.64,0.0,0.35,,,4.0,,,100.0,,0.02,95.56,100.0,0.0,96.62,,0.0,84.7,88.64,0.0,8.82,0.94,106.38,49.62,88.8,11.82,13.31,0.31,0.02,1.0,1.0,0.37,1.06,40.0,60.0,0.0,0.0,26.55,11.99,100.0,0.0,0.0,7.06,376.26,169.89,90.43,46324.03,39595.89,1417.14,69.76,9.63,90.37,100.0,100.0,100.0,100.0,92.94,97.26,0.0,1946.98,0.0,1.5,0.83,0.71,0.08,0.04,0.02,0.0,,,,,,,0.01,0.01,0.0,354560,0.97,0.97,206.96,0.79,0.92,0.62,82.13,29.95,38.73,31064.01,121.75,17.07,47.16,0.0,21.29,14.02,38.73,38.97,4.82,17.49,49.94,23.19,26.87,102.04,26.24,387.53,386.62,0.94,1070.58,1.88,78.67,0.39,98.22,98.0,1.0,99.24,100.0,99.94,86.37,99.3,100.0,86.98,24.38,21.2,21.06,21.2,232.64,1.08,7.76,86.98,13.02,13.02,12.36,104.42,98.22,97.6,97.6,75.64,91.09,68.9,7.78,0.5,,8.0,,8.0,3.2,0.23,1.61,100.0,0.0,100.0,0.0,100.0,0.0,,,,,,,,,,PMSA,Água e Esgoto,LPU,2.19,27072.2,1.94,44.55,,59.15,75.0,25.0,6.25,,100.0,100.0,100.0,0.0,2076.68,0.41,0.73,0.64,30.79,13.86,18.75,,8.33,0.69,,54.63,3.87,10.31,6.11,33.11,26.49,26.49,13.25,0.66,15.02,0.94,0.13,0.0,,66.72,0.96,0.55,18.48,25.0,0.16,0.0,0.0,Sim
3545704,97.2,100.0,77.44,90.82,98.87,29.97,12.6,1.09,100.0,91.43,88.71,100.0,100.0,12.93,14.21,194.99,174.04,13.78,12.22,88.71,103.1,-3.1,11.29,4.15,55.65,93.64,1.04,,,2.29,,,100.0,,1.97,96.07,100.0,68.31,81.44,88.64,26.95,81.44,88.64,26.95,11.99,1.08,87.8,87.8,101.85,101.85,100.0,0.03,0.05,3.5,0.13,1.22,1.07,92.86,7.14,1.74,10.0,50.55,26.27,100.0,0.0,0.0,49.35,102.44,53.23,60.76,46726.82,40051.56,202.63,163.11,80.5,19.5,100.0,100.0,100.0,100.0,87.61,100.0,0.0,1392.4,0.0,1.17,0.73,0.5,4.19,3.49,1.37,0.0,,,20.0,20.0,20.0,20.0,0.72,0.72,0.0,354570,2.58,2.12,352.02,2.78,3.07,2.48,107.61,0.0,52.27,241381.7,76.2,39.3,48.57,6.52,6.72,51.58,63.74,17.94,0.25,8.82,55.24,43.21,1.55,9.41,4.94,1075.77,1048.36,0.77,1329.37,1.53,117.22,0.71,100.0,100.0,1.03,92.43,100.0,100.0,84.28,100.0,100.0,84.28,14.07,11.85,11.85,13.92,174.51,1.02,14.62,99.04,0.96,15.72,4.8,74.61,98.88,100.0,100.0,100.0,100.0,100.0,13.54,0.03,376.33,6.0,,,,0.0,12.3,100.8,0.0,100.0,0.0,100.0,0.0,,,,,,,,,,SABESP,Água e Esgotos,SABESP,2.14,24182.25,1.06,6.68,,51.8,100.0,0.0,9.09,,100.0,100.0,100.0,0.02,5857.29,0.58,2.94,,13.73,28.39,27.27,72.71,,2.51,,100.0,39.99,428.43,,36.36,22.73,18.18,9.09,13.64,779.16,,,0.0,,,,0.39,11.5,18.18,,0.58,27.27,Sim
3545803,99.43,99.98,0.0,98.15,98.69,0.0,8.47,1.15,100.0,87.04,52.73,100.0,100.0,12.01,14.18,183.24,157.09,22.78,12.01,52.79,62.24,37.76,47.21,47.26,405.29,34.16,0.76,986.15,,2.0,6.0,,100.0,1.14,2.42,99.05,99.59,0.0,,98.26,,,98.26,,9.66,0.0,,,117.02,117.02,100.0,0.66,4.06,3.0,1.0,0.11,0.53,16.67,83.33,0.74,35.0,0.0,0.0,,,,0.0,207.7,84.61,44.38,44234.4,44234.4,,,3.63,96.37,100.0,100.0,100.0,100.0,49.72,50.0,0.0,6405.03,0.0,0.74,0.74,0.0,18.51,13.72,3.4,0.0,0.07,0.0,9.6,14.86,47.68,22.44,2.52,2.52,0.0,354580,2.71,2.47,443.62,2.48,2.45,2.54,91.51,19.33,59.05,86808.41,99.44,46.41,64.53,4.92,6.9,46.67,64.89,21.39,5.75,6.94,44.16,48.89,6.95,146.68,511.65,301.57,258.28,2.78,419.28,5.54,83.07,0.54,100.0,100.0,1.17,86.81,100.0,100.0,42.31,100.0,100.0,42.31,29.8,12.16,12.16,14.34,160.59,0.79,12.11,49.92,50.08,57.69,52.28,636.76,100.0,100.0,100.0,89.3,78.58,69.12,10.54,0.54,,7.14,,6.5,1.0,0.56,,180.57,0.03,180.61,5.3,100.0,0.65,,,,,,,,,,DAE,Água e Esgoto,LPU,0.75,80700.09,2.17,89.5,,60.54,33.33,66.67,9.72,,99.47,100.0,100.0,99.81,2500.87,0.28,0.6,,245.45,88.26,36.81,,,0.59,,49.99,0.43,0.94,,,,,,,1.57,2.28,0.38,0.0,,284.65,,0.04,2.32,5.56,0.0,0.19,25.0,Sim
3546009,64.78,76.31,0.0,55.63,65.76,0.0,12.84,1.06,100.0,92.66,57.19,100.0,100.0,11.6,13.75,179.73,160.56,19.45,11.13,58.53,70.67,29.33,41.47,20.44,280.55,92.72,2.05,4419.0,,60.63,102.0,,61.02,100.71,16.16,53.2,62.67,0.0,45.36,53.62,0.0,1.96,2.32,0.0,12.25,1.01,93.57,93.38,95.03,4.09,4.3,0.02,1.01,32.69,0.28,1.41,0.42,8.7,91.3,0.0,0.0,141.13,81.13,100.0,0.0,0.0,32.77,430.71,247.6,152.9,29167.37,,305.2,34.69,8.55,45.18,100.0,100.0,100.0,100.0,0.0,0.0,0.0,2069.1,0.0,0.8,0.76,0.04,0.0,0.0,0.0,0.0,0.0,0.0,,,,,0.0,0.0,0.0,354600,3.93,4.37,738.08,2.48,2.79,2.13,63.21,1.71,68.21,298707.37,176.01,51.36,107.9,1.85,12.9,29.18,61.3,25.48,1.95,7.33,59.08,39.07,1.85,22.7,11.56,660.16,652.12,0.73,1387.0,1.37,64.35,0.62,64.44,73.06,1.01,92.54,100.0,100.0,53.82,100.0,100.0,53.82,21.62,11.64,11.64,14.2,163.49,2.21,13.53,65.68,34.32,46.18,23.31,332.59,57.01,64.64,64.64,95.84,4.8,4.6,13.24,0.0,511.76,9.53,,,,0.0,70.15,103.27,0.0,103.27,1.15,103.27,0.58,,,,,,,,,,SABESP,Água e Esgotos,SABESP,1.92,52108.07,2.67,48.78,29.66,99.87,44.0,56.0,8.0,29.62,100.0,100.0,100.0,91.65,1835.78,0.38,0.6,0.49,200.46,44.21,20.0,,9.12,0.53,,,,,,,,,,,,0.92,0.15,0.0,,,,0.38,38.9,20.0,,1.0,52.0,Sim
3546108,100.0,100.0,100.0,88.88,99.81,47.29,22.15,1.08,100.0,90.33,86.76,100.0,100.0,13.69,14.99,195.55,167.19,14.88,12.91,90.95,100.75,-0.75,9.05,2.01,47.75,92.58,1.17,,,26.25,,,100.0,,0.89,93.5,100.0,70.0,74.83,83.97,40.07,74.83,83.97,40.07,15.35,1.08,85.8,85.8,102.47,102.47,100.0,0.23,0.0,,,10.97,2.61,20.0,80.0,0.0,0.0,7.51,3.74,100.0,0.0,0.0,4.42,169.8,84.42,520.98,75000.0,25000.0,2260.0,1000.0,18.96,81.04,100.0,100.0,100.0,100.0,0.0,0.0,0.0,317.5,1.49,1.3,0.61,0.88,0.0,0.0,0.0,100.0,,,,,,,0.0,0.0,0.0,354610,2.7,2.17,378.59,2.93,3.2,2.66,108.47,0.81,52.45,353573.22,73.85,39.67,48.36,7.5,8.08,53.72,65.48,13.29,0.3,10.95,53.82,43.97,2.21,22.41,1.22,1426.3,1389.38,0.59,1738.5,1.17,118.06,0.61,100.0,100.0,1.03,90.41,100.0,100.0,85.47,100.0,100.0,85.47,15.21,12.71,12.71,14.58,172.78,0.77,21.36,98.05,1.95,14.53,3.24,72.91,99.39,100.0,100.0,100.0,100.0,100.0,15.92,0.16,,,,,,0.0,2.72,100.0,0.0,100.0,0.0,100.0,0.0,,,,,,,,,,SABESP,Água e Esgotos,SABESP,11.92,24289.47,2.86,9.1,4.14,289.52,100.0,0.0,,11.98,100.0,100.0,100.0,0.0,,,1.03,,,,,120.0,,0.78,,,2.5,9.41,,,,,,,,1.72,0.17,,,,,,,,,,,Sim
3546207,84.47,100.0,17.11,82.25,96.06,16.95,13.71,1.0,100.0,91.21,72.46,100.0,0.0,10.66,13.17,200.91,184.09,14.62,10.59,72.46,90.07,9.93,27.54,9.38,132.71,96.94,1.1,467.5,,3.09,9.0,,88.57,21.98,4.04,74.98,92.05,0.98,73.16,88.43,0.97,73.16,88.43,0.97,11.66,0.0,,,99.43,99.43,100.0,1.49,0.26,3.5,1.0,4.79,1.47,100.0,0.0,,4.0,0.0,0.0,,,,0.0,142.03,78.62,146.6,30588.24,53333.33,,,100.0,0.0,93.24,100.0,63.94,80.35,0.0,0.0,0.0,1800.0,0.0,1.13,1.08,0.15,0.0,0.0,0.0,0.0,,,,,,,0.0,0.0,0.0,354620,2.13,2.13,308.91,2.24,2.79,1.61,105.35,2.56,53.95,57505.22,94.92,36.73,51.2,0.0,0.0,38.7,53.95,39.53,6.52,0.0,64.48,32.24,3.28,20.57,11.15,345.08,344.58,2.08,481.06,4.16,106.14,0.6,69.95,98.46,1.0,88.13,100.0,99.84,67.43,100.0,100.0,67.43,26.53,17.89,17.97,12.92,360.08,0.67,21.78,48.7,51.3,32.57,13.05,284.94,61.07,90.25,90.25,57.97,100.0,57.97,21.78,1.54,1500.0,6.0,,,,0.0,2.0,134.17,0.07,134.17,0.2,100.0,0.0,,,,,,,,,,PMSCC,Água e Esgoto,LPU,5.58,20766.51,1.67,4.15,,115.86,100.0,0.0,5.88,,88.83,100.0,100.0,18.18,718.85,1.97,1.48,,125.59,53.36,35.29,,,1.13,,,4.85,26.26,,,,,,,49.56,0.9,0.06,0.0,,,,2.63,42.49,47.06,,0.66,11.76,Sim
3546256,80.34,100.0,17.95,68.43,89.7,5.48,6.68,1.09,100.0,89.61,82.97,100.0,100.0,14.03,15.06,191.07,169.06,15.73,13.05,82.97,95.78,4.22,17.03,13.31,96.13,90.37,0.84,758.0,,21.92,6.0,,100.0,99.08,7.71,75.95,99.88,0.0,58.48,76.5,5.14,58.48,76.5,5.14,8.98,1.06,86.11,86.11,92.84,92.84,100.0,0.36,0.0,,0.0,6.08,1.67,100.0,0.0,,2.0,15.56,8.35,100.0,0.0,5.56,23.61,62.24,33.41,121.65,20000.0,20000.0,400.0,400.0,100.0,0.0,83.07,100.0,29.34,100.0,0.0,0.0,6.52,460.0,0.0,0.58,0.66,0.05,0.0,0.0,0.0,0.0,,,,,,,0.0,0.0,0.0,354625,3.16,2.43,443.33,2.91,3.24,2.57,92.01,-1.46,47.12,252662.01,83.61,36.17,51.21,15.89,13.81,43.26,61.25,13.39,0.25,16.52,54.91,42.5,2.59,13.92,1.42,930.43,912.07,0.77,1317.5,1.53,105.95,0.63,86.63,100.0,1.02,90.22,100.0,100.0,83.96,100.0,100.0,83.96,15.82,13.28,13.28,15.23,160.49,0.72,9.53,96.3,3.7,16.04,8.2,85.11,84.81,100.0,100.0,95.72,100.0,95.72,10.91,0.32,,,,,,0.0,84.08,120.0,0.0,120.0,0.0,120.0,0.0,,,,,,,,,,SABESP,Água e Esgotos,SABESP,,,0.16,,,16.31,,,,,67.74,100.0,100.0,3.31,,,0.86,,,,,7.28,,0.86,,,1.1,3.45,,,,,,,10.35,1.89,0.22,,,,,,,,,,,Sim
3546306,97.71,100.0,0.0,94.26,96.11,0.0,61.74,1.03,100.0,92.87,52.33,100.0,85.36,8.37,9.88,118.47,108.9,15.99,8.37,52.56,61.78,38.22,47.44,4.06,257.83,0.0,0.74,1677.56,,99.57,9.5,,89.63,9.2,1.57,97.73,100.0,0.89,92.59,94.41,0.42,92.59,94.41,0.42,9.45,1.03,92.77,93.98,81.96,18.1,22.08,0.01,2.22,100.61,1.0,0.49,0.45,55.56,44.44,0.28,8.0,125.7,52.82,100.0,0.0,0.0,50.95,246.71,103.66,32.35,66658.09,152443.83,196.27,10.0,27.67,72.33,97.71,100.0,0.0,100.0,97.71,100.0,0.0,2748.27,0.03,0.77,0.58,0.2,2.89,2.36,1.36,25.92,,,,,,,0.83,0.83,0.0,354630,1.08,1.08,188.62,1.27,1.71,0.82,116.89,-30.58,42.96,50965.52,85.55,29.97,36.75,0.0,0.0,35.04,42.96,44.47,12.58,0.0,67.44,32.56,0.0,126.71,35.56,629.0,609.71,1.34,771.19,2.67,152.64,,96.89,100.0,1.04,91.67,99.95,99.63,99.95,99.95,100.0,100.0,14.37,14.37,14.41,14.36,161.22,,14.82,99.95,0.05,0.0,0.0,0.0,96.89,100.0,100.0,100.0,0.0,0.0,7.59,,,,,,,0.0,,114.55,4.91,116.12,0.14,64.23,1.31,,,,,,,,,,PMSCP,Água e Esgoto,LPU,0.99,40385.94,1.54,4.51,39.39,40.03,100.0,0.0,6.06,15.77,96.89,100.0,100.0,0.93,1775.05,0.6,0.92,0.79,71.76,60.39,60.61,,16.3,0.92,,100.0,0.78,2.62,1.08,48.34,26.06,16.19,6.54,2.87,3.13,1.37,0.15,0.0,,25.71,,0.27,19.9,27.27,0.31,0.0,0.0,Sim
3546405,100.0,100.0,100.0,,,100.0,10.5,1.08,100.0,89.46,67.53,100.0,100.0,13.89,14.98,197.83,174.4,19.35,13.07,67.68,77.4,22.6,32.32,19.67,221.24,92.63,0.63,,,12.36,,,85.31,,9.65,97.43,100.0,61.48,92.34,92.67,87.81,92.34,92.67,87.81,7.71,1.01,89.95,89.95,92.66,92.66,100.0,0.21,0.1,9.39,0.04,2.25,0.36,9.4,90.6,0.0,0.0,0.0,0.0,,,,0.0,194.93,84.94,155.78,105046.98,,,,21.05,59.81,100.0,100.0,100.0,99.78,89.95,94.28,0.0,5751.65,0.0,1.32,0.83,0.53,1.04,0.15,0.31,0.0,0.0,0.0,,,,,0.03,0.03,0.0,354640,2.78,2.1,390.2,3.18,3.42,2.93,114.36,0.16,38.62,158865.69,66.13,28.65,33.77,10.79,13.47,43.32,51.06,16.35,1.57,20.36,52.96,44.44,2.6,27.01,45.38,797.33,784.46,1.08,939.84,2.13,122.35,0.56,100.0,100.0,1.02,89.43,100.0,100.0,60.95,100.0,100.0,60.95,22.16,13.51,13.51,15.37,171.92,0.69,10.21,69.37,30.63,39.05,25.5,289.16,98.72,100.0,100.0,91.25,100.0,91.25,7.87,0.26,847.65,6.0,900.0,11.0,,0.0,89.64,105.05,0.34,104.34,0.11,104.34,0.34,,,,,,,,,,SABESP,Água e Esgotos,SABESP,1.63,63121.7,2.68,,,102.83,23.94,76.06,7.04,,97.32,100.0,100.0,100.0,2957.55,0.32,0.81,,,,19.72,0.25,,0.77,,100.0,1.08,3.21,,36.43,32.14,11.43,20.0,0.0,3.79,,,100.0,,,,0.69,,42.25,,0.3,18.31,Sim
3546504,100.0,100.0,100.0,,,100.0,19.29,1.07,100.0,92.01,88.74,100.0,100.0,12.9,14.18,180.07,167.49,13.84,12.28,88.74,102.48,-2.48,11.26,2.63,54.97,90.97,1.17,,,7.4,,,97.14,,0.43,100.0,100.0,100.0,,,91.92,,,91.92,10.96,1.06,89.77,89.77,101.31,101.31,100.0,0.0,0.0,,0.0,3.32,3.32,100.0,0.0,0.0,0.0,67.31,28.72,100.0,0.0,74.7,9.97,170.9,72.91,72.91,21952.32,21952.32,253.89,253.89,100.0,0.0,96.26,100.0,0.0,100.0,0.0,0.0,0.0,1500.2,0.0,0.66,0.58,0.1,0.0,0.0,0.0,0.0,,,,,,,0.0,0.0,0.0,354650,2.55,1.89,321.06,2.88,3.19,2.57,112.79,-0.3,46.95,216711.63,65.68,28.26,41.63,11.67,8.22,43.03,63.38,12.92,0.49,12.51,54.33,43.44,2.24,16.98,4.42,1065.07,1027.5,0.66,1568.67,1.31,122.64,0.5,100.0,100.0,1.04,92.43,100.0,100.0,86.52,100.0,100.0,86.52,14.24,12.31,12.31,14.13,170.85,0.96,16.57,99.3,0.7,13.48,3.66,65.36,99.2,100.0,100.0,99.67,100.0,99.67,11.56,0.01,,,,,,0.0,20.01,109.09,0.0,109.09,0.0,109.09,0.0,,,,,,,,,,SABESP,Água e Esgotos,SABESP,2.32,61952.26,4.44,2.66,100.0,143.69,100.0,0.0,,143.69,99.98,99.98,99.98,0.0,,,0.78,0.6,39.95,7.94,,15.84,20.08,0.72,,,,,,,,,,,,1.59,0.2,,,,,,0.0,,,,,Sim
3546603,96.87,100.0,0.0,91.31,93.89,0.0,10.97,1.0,100.0,87.88,54.23,100.0,100.0,12.53,14.35,208.68,189.41,23.1,12.53,54.29,62.12,37.88,45.71,27.72,347.09,100.0,0.77,,,2.0,,,100.0,,0.17,96.87,100.0,0.0,91.31,93.89,0.0,91.31,93.89,0.0,12.26,1.0,89.18,89.18,145.74,145.74,100.0,1.75,0.18,3.0,1.0,1.63,0.56,84.42,15.58,0.6,21.0,0.0,0.0,,,,0.0,252.39,118.65,132.98,46871.47,50347.73,,,34.71,39.0,98.25,100.0,44.25,100.0,97.09,100.0,0.0,902.31,0.08,0.89,0.74,0.16,11.41,7.99,4.15,0.0,,,,,,,2.39,2.39,0.0,354660,2.13,1.82,304.17,1.91,2.03,1.77,89.76,8.22,63.96,41470.59,95.32,37.75,71.25,0.0,0.0,39.6,74.74,20.69,3.34,0.0,51.7,40.12,8.18,35.07,168.91,182.41,180.87,2.93,344.26,5.79,104.86,0.56,99.47,99.59,1.02,100.0,89.52,100.0,62.93,81.21,86.29,77.49,19.72,14.95,12.14,14.47,240.59,0.75,11.45,75.02,24.98,22.51,11.16,145.16,99.31,99.59,99.59,99.65,86.12,85.82,13.03,0.24,,,,,,0.0,0.42,100.69,0.0,100.69,0.0,100.69,0.0,,,,,,,,,,SAAE,Água e Esgoto,LPU,2.0,50000.0,2.65,,,99.84,95.16,4.84,3.23,,96.06,100.0,100.0,0.0,1533.55,0.81,1.06,,,,40.32,,,1.06,,,7.96,30.76,,49.21,34.55,5.76,4.19,6.28,,,,0.0,,,,0.71,,35.48,,0.16,8.06,Sim
3546702,97.94,99.06,0.0,,,,9.61,1.13,100.0,89.27,81.62,100.0,100.0,12.75,14.26,188.08,164.95,15.62,12.75,83.11,91.28,8.72,16.89,9.88,98.3,100.0,11.65,,,32.51,,,100.0,,1.9,97.94,99.06,0.0,,,,,,,8.55,1.13,89.46,89.46,72.63,72.63,100.0,0.3,0.47,2.32,0.18,3.27,0.38,4.6,95.4,0.0,0.0,57.59,22.03,100.0,0.0,0.0,7.81,736.91,281.87,182.22,49539.38,50558.21,1279.61,9.63,1.8,86.37,98.87,100.0,0.0,100.0,0.0,0.0,0.0,468.31,0.04,1.12,0.89,0.24,0.0,0.0,0.0,0.0,,,,,,,0.0,0.0,0.0,354670,2.68,2.22,369.74,2.81,2.77,2.86,104.92,4.52,41.01,88731.22,79.11,25.24,39.09,7.5,16.85,31.9,49.41,22.88,2.74,21.3,47.54,48.69,3.77,66.32,39.5,485.71,431.58,1.5,752.31,2.98,114.55,0.57,100.0,100.0,1.12,91.41,99.98,99.98,75.34,97.16,99.98,77.54,16.48,12.49,12.14,13.86,150.51,1.3,7.34,86.03,13.97,22.46,17.61,133.85,100.0,100.0,100.0,75.05,100.0,75.05,7.05,0.34,,,,,48.0,1.69,5.44,144.69,0.0,144.69,0.0,117.52,0.0,1.66,0.33,0.93,7.1,12.96,-0.18,5.68,-1.57,10.22,BRK,Água e Esgoto,LEP,2.78,103935.48,7.48,97.09,,289.01,16.22,83.78,9.46,,98.94,100.0,100.0,99.81,2082.89,0.41,0.76,0.74,162.56,15.64,14.86,29.2,3.27,0.76,396.81,,2.03,5.65,3.15,16.63,30.61,19.29,14.84,18.63,8.49,1.04,0.14,88.24,100.0,208.57,0.88,1.28,25.49,45.95,0.35,0.75,27.03,Sim
3546801,69.81,87.73,0.0,62.81,79.21,0.0,8.38,1.22,100.0,93.14,44.97,100.0,100.0,10.55,12.66,140.54,128.68,22.49,10.11,45.02,56.29,43.71,54.98,53.32,495.49,89.8,23.46,4823.43,,68.78,8.86,,75.59,30.49,16.41,50.03,62.88,0.0,38.03,47.96,0.0,20.35,25.67,0.0,8.34,1.19,92.33,92.32,63.99,34.24,53.5,0.9,0.57,110.58,0.08,0.53,0.42,0.0,100.0,0.0,0.0,0.0,0.0,,,,0.0,259.99,126.41,166.23,,,,,2.27,97.73,100.0,100.0,100.0,100.0,0.0,0.0,0.0,3583.17,0.0,1.08,0.9,0.23,0.0,0.0,0.0,0.0,,,,,,,0.0,0.0,0.0,354680,3.2,2.88,475.62,3.34,3.4,3.26,104.3,4.28,72.35,279100.43,86.15,34.97,69.37,3.42,5.52,40.59,80.53,1.56,3.47,6.41,59.3,38.65,2.05,58.53,33.73,728.73,597.62,0.84,1445.76,1.42,105.89,0.05,66.03,84.15,1.21,94.1,100.0,100.0,47.53,100.0,100.0,47.53,24.18,11.49,11.49,13.94,145.91,0.91,8.91,57.64,42.36,52.47,50.63,503.59,44.8,57.09,57.09,66.74,7.74,5.17,8.55,0.12,514.6,6.99,,,,0.0,110.82,101.47,0.0,101.47,1.33,101.47,0.0,,,,,,,,,,SABESP,Água e Esgotos,SABESP,1.44,48480.27,2.05,76.33,,69.98,56.92,43.08,0.0,,95.84,96.6,96.6,100.0,2259.24,0.62,1.21,,116.12,73.43,43.08,,,0.99,,,,,,,,,,,2.82,,,0.0,,,,0.44,23.67,30.77,,0.33,23.08,Sim
3546900,97.42,100.0,0.0,84.17,86.39,0.0,13.78,1.0,100.0,99.75,0.0,0.0,0.0,0.0,13.48,162.23,156.16,16.34,13.65,85.66,82.45,17.55,14.34,5.51,77.07,100.0,2.87,250.0,833.33,1.33,6.0,33.33,100.0,15.83,13.17,97.42,100.0,0.0,84.21,86.43,0.0,84.21,86.43,0.0,16.24,1.0,98.43,98.43,122.67,122.67,100.0,0.0,0.5,1.0,1.0,3.72,0.29,14.29,85.71,,6.0,36.97,14.83,100.0,0.0,0.0,121.38,30.46,12.22,65.75,20000.0,42745.66,82.39,82.39,23.01,76.99,97.42,100.0,0.0,100.0,0.0,0.0,0.0,1460.0,0.0,0.56,0.49,0.08,0.0,0.0,0.0,0.0,0.0,0.0,,,,,0.0,0.0,0.0,354690,1.11,1.11,203.46,0.53,0.76,0.25,48.1,0.0,30.82,31437.62,207.92,33.71,64.08,0.0,6.6,16.21,30.82,66.01,0.0,3.17,53.03,13.97,33.0,944.18,9.5,501.37,500.53,1.05,953.1,2.1,71.78,,93.01,98.94,1.0,100.0,100.0,100.0,82.26,100.0,100.0,82.26,20.72,17.05,17.05,17.05,162.69,0.0,14.32,82.26,17.74,17.74,8.22,120.84,93.01,98.94,98.94,98.77,100.0,98.77,14.57,0.0,400.0,9.0,400.0,6.0,2.0,8.57,0.87,100.0,0.0,100.0,0.0,100.0,0.0,,,,,,,,,,PMSL,Água e Esgoto,LPU,2.17,33494.44,2.98,46.94,,72.73,100.0,0.0,5.56,,94.01,100.0,100.0,0.0,839.19,0.36,0.26,0.25,197.44,25.81,16.67,3.17,2.6,0.26,17.49,,,,,,,,,,,0.17,0.06,0.0,,140.5,0.96,0.48,27.96,22.22,0.14,0.36,16.67,Sim
3547007,88.45,95.39,0.0,78.25,84.1,0.0,22.34,1.11,100.0,86.97,82.77,100.0,100.0,13.32,14.35,196.92,171.26,14.92,12.35,82.8,96.19,3.81,17.2,3.93,93.38,93.39,0.84,1980.33,,24.65,6.33,,100.0,87.05,10.46,92.72,100.0,0.0,58.46,62.83,0.0,58.46,62.83,0.0,19.51,0.99,100.78,100.87,51.03,51.03,100.0,0.0,0.19,3.0,1.0,2.64,0.81,52.94,47.06,0.41,2.0,11.27,6.09,100.0,0.0,16.67,5.26,178.5,96.41,91.66,20000.0,20000.0,1583.33,266.67,19.43,73.39,92.72,100.0,0.0,100.0,92.72,100.0,0.0,1507.0,0.0,0.78,0.82,0.01,6.09,4.87,2.03,0.0,,,,,,,1.59,1.59,0.0,354700,3.32,2.68,501.11,3.41,3.41,,102.48,-0.71,43.45,168851.8,78.81,26.92,42.4,6.09,11.06,34.16,53.79,23.81,0.01,14.04,97.59,98.04,2.41,18.61,3.15,626.41,604.19,1.05,986.5,1.05,118.19,0.65,80.2,90.98,1.04,86.92,100.0,100.0,78.4,100.0,100.0,78.4,17.18,13.47,13.47,15.56,176.35,0.89,11.38,90.54,9.46,21.6,10.05,126.52,77.3,87.69,87.69,,100.0,,21.9,0.01,1056.6,6.0,,,0.33,0.07,93.05,100.0,0.83,100.0,0.0,100.0,0.83,,,,,,,,,,SABESP | PMSMS,Esgoto | Água,LPU | SABESP,1.29,11308.29,9.31,5.25,,14.55,100.0,0.0,0.0,,83.43,94.63,94.63,0.0,642.39,0.55,0.3,,41.45,31.58,42.86,,,0.32,,,2.82,3.12,,11.76,29.41,41.18,17.65,0.0,3.68,0.6,0.2,0.0,,,,0.37,63.16,28.57,,0.18,14.29,Sim
3547106,95.15,100.0,49.48,,,100.0,13.49,1.07,100.0,89.68,78.21,100.0,100.0,12.45,13.98,199.23,180.97,14.93,11.68,78.36,93.61,6.39,21.64,7.25,113.71,84.89,0.6,,,10.5,,,84.62,,3.4,77.86,86.12,0.0,76.12,76.31,74.32,76.12,76.31,74.32,15.72,1.0,91.5,91.5,94.34,94.34,100.0,0.22,0.17,7.0,0.11,8.81,2.16,96.67,3.33,1.1,3.0,0.0,0.0,,,,0.0,70.77,35.93,179.3,16832.53,16666.67,,,82.81,17.19,92.4,100.0,20.76,100.0,90.41,100.0,0.0,524.0,0.33,0.95,0.83,0.21,22.03,17.63,7.11,0.0,,,,,,,4.58,4.58,0.0,354710,2.95,2.43,408.99,2.99,3.23,2.69,101.21,0.05,54.99,182611.68,81.44,37.2,54.33,8.46,9.01,45.68,66.71,13.23,0.36,11.06,57.95,39.97,2.08,20.04,3.65,669.28,667.09,1.03,977.4,1.87,111.11,0.72,100.0,100.0,1.0,91.18,100.0,100.0,82.14,100.0,100.0,82.14,14.33,11.73,11.73,14.0,175.56,0.66,14.32,98.1,1.9,17.86,5.1,84.05,87.17,100.0,100.0,95.41,100.0,95.41,18.48,0.18,571.43,6.0,,,,0.0,16.84,100.0,0.0,100.0,0.0,100.0,0.0,,,,,,,,,,SABESP,Água e Esgotos,SABESP,,,,,,,,,,,,,,,,,,,,,,,,,,,,,,,,,,,,,,,,,,,,,,,,Sim
3547205,81.8,100.0,30.87,74.89,96.42,11.76,19.67,1.07,100.0,89.45,89.85,100.0,100.0,11.79,13.28,185.79,162.06,12.38,11.12,90.53,107.27,-7.27,9.47,1.95,41.09,92.51,1.07,,,9.5,,,100.0,,1.0,81.39,100.0,29.31,66.45,85.39,10.92,66.45,85.39,10.92,24.3,1.1,83.35,83.35,127.94,127.94,100.0,0.21,0.0,,0.0,3.2,1.77,100.0,0.0,0.0,0.0,132.86,73.24,78.04,21.96,78.61,18.92,192.44,106.08,124.72,25556.54,30509.98,144.84,73.6,57.64,42.36,100.0,100.0,100.0,100.0,0.0,0.0,58.33,288.0,1.18,0.93,0.54,0.53,0.0,0.0,0.0,0.0,,,,,,,0.0,0.0,0.0,354720,2.5,1.75,280.44,2.81,3.09,2.53,112.39,-0.95,30.24,84211.51,62.28,14.99,26.9,12.16,11.62,24.07,43.2,25.97,0.69,18.66,54.78,43.78,1.45,17.25,1.79,695.16,691.81,0.81,1247.5,1.59,127.52,0.76,91.19,100.0,1.0,88.92,100.0,100.0,85.49,100.0,100.0,85.49,12.98,11.09,11.09,13.33,170.85,1.12,17.65,102.81,-2.81,14.51,3.27,62.16,89.71,100.0,100.0,100.0,100.0,100.0,24.43,0.11,,,,,,0.0,31.43,100.0,2.5,100.0,0.0,100.0,0.0,,,,,,,,,,SABESP,Água e Esgotos,SABESP,,,1.5,3.07,24.72,194.3,,,,48.04,66.85,100.0,100.0,0.0,284.35,3.02,0.74,,404.07,55.86,33.33,96.25,,0.74,,100.0,3.75,10.06,,40.0,40.0,5.0,10.0,5.0,15.09,2.76,0.37,0.0,,79.64,0.64,5.03,41.07,55.56,1.0,1.01,11.11,Sim
3547304,100.0,100.0,100.0,,,100.0,15.85,1.31,99.33,95.59,61.34,100.0,100.0,14.5,17.51,187.78,162.65,22.63,13.88,63.8,77.35,22.65,36.2,20.62,352.55,91.54,0.22,4522.77,,60.4,11.81,,95.31,7.19,17.89,82.22,82.94,0.0,65.69,65.74,62.03,40.94,40.97,38.64,11.32,1.21,95.95,95.79,52.64,30.96,58.82,0.38,0.1,102.26,0.05,0.45,0.38,8.15,91.85,0.0,0.0,260.04,99.4,100.0,0.0,0.0,35.62,730.03,279.05,385.49,19902.84,,280.73,1.36,0.41,64.9,100.0,100.0,100.0,100.0,0.0,0.0,0.0,3198.76,0.0,1.57,0.89,0.68,0.0,0.0,0.0,100.0,,,,,,,0.0,0.0,0.0,354730,3.7,2.69,538.16,4.55,4.46,4.76,122.79,0.43,43.43,200151.18,59.16,17.07,35.37,7.18,3.5,28.86,59.79,19.49,2.59,5.91,67.64,30.47,1.89,17.37,117.07,622.05,489.97,0.99,1288.88,1.38,135.26,1.11,100.0,100.0,1.28,95.08,100.0,99.34,57.54,99.35,100.0,57.91,24.39,14.02,14.04,16.25,175.48,0.41,15.17,67.12,32.88,42.09,25.69,429.23,47.92,47.92,47.92,33.54,26.06,8.74,16.76,0.19,628.96,12.21,,,31.11,0.81,16.72,100.19,0.19,100.0,0.38,100.13,1.07,,,,,,,,,,SABESP,Água e Esgotos,SABESP,0.93,93114.04,1.43,97.44,61.55,86.81,12.31,87.69,6.15,53.43,100.0,100.0,100.0,100.0,,,0.86,,205.2,74.35,,2.17,,0.86,,100.0,6.5,20.45,,57.63,15.08,1.09,22.69,3.51,33.72,2.24,0.26,,100.0,208.54,,,17.11,,0.07,0.18,19.23,Sim
3547403,79.64,100.0,10.83,70.81,88.4,8.2,9.44,1.0,97.14,93.33,78.67,88.34,0.0,13.47,14.81,261.99,214.23,16.63,14.81,96.21,89.06,10.94,3.79,1.67,20.69,97.82,1.34,,,3.0,,,100.0,,0.1,72.97,93.87,2.35,,83.79,,,83.79,,11.51,0.99,,,80.0,80.0,100.0,0.03,0.07,8.0,1.0,6.04,1.35,56.25,43.75,0.0,0.0,0.0,0.0,,,,0.0,92.05,45.94,199.25,40357.03,32500.0,,,63.95,27.26,79.64,100.0,10.83,100.0,77.17,100.0,0.0,369.75,0.36,1.45,1.58,0.25,18.58,13.01,3.13,0.0,,,,,,,1.89,1.89,0.0,354740,1.55,1.55,,0.72,1.11,0.25,46.65,0.0,66.04,51677.31,214.36,61.36,141.56,0.0,0.0,28.62,66.04,32.84,1.12,0.0,84.82,15.18,0.0,4.49,6.92,,268.87,1.61,,3.12,46.65,0.69,72.9,100.0,1.0,100.0,0.0,100.0,89.53,100.0,100.0,89.53,16.66,14.92,14.92,16.66,259.39,1.32,11.03,100.0,0.0,10.47,4.25,57.38,70.98,100.0,100.0,90.48,100.0,90.48,11.8,0.02,,,433.33,7.67,,0.0,1.75,104.43,0.0,104.43,0.0,100.0,0.0,,,,,,,,,,PMSRD,Água e Esgoto,LPU,9.76,21601.27,2.32,2.18,,210.8,100.0,0.0,5.88,,70.98,100.0,100.0,0.0,1185.3,1.72,1.75,1.37,224.72,68.11,17.65,1.53,25.76,1.72,,100.0,3.95,25.26,5.54,25.0,27.27,15.91,18.18,13.64,28.13,1.57,0.09,0.0,,87.29,0.57,4.02,29.71,41.18,0.72,2.3,23.53,Sim
3547502,92.53,100.0,0.0,,,,14.64,1.0,100.0,89.06,81.62,100.0,100.0,14.87,16.72,259.34,221.32,18.22,14.87,82.64,91.77,8.23,17.36,6.82,104.48,0.0,1.02,571.67,,12.18,8.0,,75.0,4.78,7.95,92.53,100.0,0.0,,,,,,,11.18,1.0,89.03,89.03,91.21,91.21,100.0,0.68,1.15,7.47,1.0,0.73,0.52,34.48,65.52,0.56,13.0,234.3,119.56,99.97,0.03,27.44,98.52,172.61,88.09,34.97,32572.18,,73.67,4.14,15.44,84.56,92.53,100.0,0.0,100.0,92.53,100.0,0.0,1353.33,0.04,0.59,0.63,0.01,7.54,6.67,3.3,1.9,,,43.39,20.65,23.7,12.26,2.86,2.49,0.37,354750,1.92,1.65,360.56,2.1,2.72,1.45,109.45,2.33,34.43,60598.8,78.66,19.47,31.46,4.92,14.27,24.75,39.99,23.05,5.43,18.14,65.19,32.81,2.0,25.52,55.75,420.23,391.59,1.58,679.03,3.16,114.41,0.6,100.0,100.0,1.08,100.0,100.0,100.0,73.59,100.0,100.0,73.59,20.07,14.77,14.77,18.62,207.29,0.84,10.92,92.77,7.23,26.41,16.38,187.61,96.25,96.25,96.25,75.28,71.16,53.57,10.71,0.55,,,,,7.93,3.27,7.95,100.0,0.07,100.0,0.02,100.0,100.0,1.61,2.14,0.47,20.79,23.27,10.29,12.76,18.34,38.61,COMASA,Água e Esgoto,LEP,,,1.03,31.75,153.38,29.76,,,,45.65,100.0,100.0,100.0,22.36,5324.81,0.24,1.43,,21.74,38.14,37.5,,,1.28,,40.54,1.65,8.64,,35.68,17.84,14.55,13.15,18.78,116.76,1.78,0.12,,,,,0.0,30.11,0.0,,0.24,37.5,Sim
3547601,100.0,100.0,100.0,,,100.0,11.67,1.07,99.99,89.91,74.77,100.0,100.0,12.16,13.63,187.36,164.5,15.33,11.47,77.21,88.87,11.13,22.79,9.98,123.51,93.58,0.77,4967.4,,14.49,9.4,,99.42,44.16,7.2,98.52,100.0,55.85,94.88,95.1,88.42,94.88,95.1,88.42,8.27,1.02,90.09,90.09,95.86,95.86,100.0,0.17,0.23,17.05,0.1,1.09,0.63,85.0,15.0,0.0,0.0,58.04,25.84,100.0,0.0,0.0,19.59,296.36,131.92,20.93,19200.0,20448.8,510.58,30.02,18.4,64.89,100.0,100.0,100.0,100.0,0.0,0.0,0.0,2850.0,0.25,2.63,1.15,1.53,0.0,0.0,0.0,0.0,,,,,,,0.0,0.0,0.0,354760,3.52,3.01,512.47,2.94,3.26,2.61,83.42,0.47,61.97,235212.49,102.62,62.06,74.29,10.2,8.68,60.48,72.4,8.64,3.48,8.46,54.11,42.91,2.99,18.45,30.52,633.97,623.54,1.34,758.88,2.66,95.96,0.5,97.22,100.0,1.02,90.5,100.0,99.99,74.34,99.99,100.0,74.35,16.49,11.99,11.99,14.17,149.94,0.78,11.06,87.81,12.19,25.65,11.63,138.31,95.65,100.0,100.0,97.89,100.0,97.89,9.54,0.14,582.84,6.0,1070.0,6.0,,0.0,86.07,105.69,0.77,105.49,0.19,105.49,0.19,,,,,,,,,,SABESP,Água e Esgotos,SABESP,2.33,33062.85,3.3,85.02,,77.1,81.36,18.64,11.86,,95.33,100.0,100.0,78.7,865.96,0.99,0.74,0.58,226.17,78.93,42.37,4.41,27.06,0.74,138.81,100.0,0.46,1.25,0.59,32.59,21.2,31.65,10.44,4.11,1.26,2.38,0.32,0.0,,197.4,0.59,0.32,14.98,13.56,0.06,0.51,22.03,Sim
3547650,85.11,100.0,47.93,,,,16.79,1.09,100.0,87.3,83.48,100.0,100.0,12.33,13.4,183.51,162.39,13.68,11.42,83.72,98.0,2.0,16.28,4.45,79.68,92.31,0.0,,,5.67,,,100.0,,1.89,82.33,100.0,38.17,,,,,,,17.98,1.14,79.62,79.62,112.28,112.28,100.0,0.56,0.0,,0.0,,,,,,,,,,,,,,,,,,,,,,,,,,,,,,,,,,,,,,,,,,,,,,,354765,2.37,1.62,271.13,2.91,3.24,2.57,122.94,0.97,26.71,64049.86,55.53,11.99,21.73,10.76,4.62,21.59,39.13,39.82,0.0,8.31,55.65,41.9,2.46,17.42,1.81,603.72,598.2,0.92,1094.0,1.8,134.43,4.45,87.83,100.0,1.01,87.0,100.0,100.0,89.57,100.0,100.0,89.57,13.41,12.0,12.0,13.95,172.4,0.0,21.93,104.09,-4.09,10.43,1.97,46.38,85.44,100.0,100.0,100.0,100.0,100.0,18.96,0.33,48.67,6.0,,,,0.0,13.31,100.0,0.0,100.0,0.0,100.0,0.0,,,,,,,,,,SABESP,Água e Esgotos,SABESP,,,,,,,,,,,,,,,,,,,,,,,,,,,,,,,,,,,,,,,,,,,,,,,,Não
3547700,93.05,95.26,61.14,97.59,99.91,64.15,7.89,1.07,100.0,89.86,81.9,100.0,100.0,12.63,13.83,191.01,174.71,14.57,11.93,81.96,94.94,5.06,18.04,10.97,92.46,92.86,1.29,,,12.7,,,98.08,,3.86,92.3,95.26,49.62,87.32,89.39,57.35,87.32,89.39,57.35,8.93,1.01,90.05,90.05,99.05,99.05,100.0,0.09,0.4,12.13,0.22,0.71,0.71,87.5,12.5,1.13,19.0,0.0,0.0,,,,0.0,217.11,100.92,14.76,20412.5,35899.11,,,29.1,64.68,93.51,100.0,0.0,100.0,93.51,100.0,0.0,709.43,0.11,0.75,0.67,0.14,23.77,14.85,9.78,0.0,0.3,0.0,37.83,26.62,24.06,7.5,5.05,5.05,0.0,354770,2.59,2.08,351.98,3.0,3.28,2.7,115.64,0.26,46.49,157859.13,69.6,29.29,40.2,5.42,7.33,42.09,57.75,20.05,1.54,10.53,54.0,44.31,1.69,12.25,19.21,776.54,768.32,0.95,1065.57,1.89,124.5,0.58,93.16,99.97,1.01,90.77,100.0,100.0,79.53,100.0,100.0,79.53,15.14,12.04,12.04,14.03,153.32,1.26,9.16,92.67,7.33,20.47,10.09,102.96,92.36,99.11,99.11,100.0,100.0,100.0,9.39,0.1,1950.0,6.0,,,,0.0,25.92,100.0,0.0,100.0,0.0,100.0,0.88,,,,,,,,,,SABESP,Água e Esgotos,SABESP,,,0.83,20.99,,22.61,,,,,93.19,100.0,100.0,0.0,1380.19,0.51,0.61,0.61,53.24,52.3,66.67,,0.0,0.61,,,,,,,,,,,,,,,,,,0.0,26.71,0.0,,0.0,0.0,Sim
3547809,100.0,100.0,100.0,,,100.0,7.75,1.54,99.75,93.43,62.87,100.0,100.0,11.4,13.36,186.04,150.12,17.44,10.96,69.06,76.58,23.42,30.94,33.51,274.01,92.62,0.11,20981.2,,17.48,21.04,,99.09,5.82,9.57,100.0,100.0,100.0,,,92.66,79.78,79.79,73.37,5.33,1.5,93.7,93.7,79.15,63.01,79.6,0.01,0.35,21.0,0.07,0.43,0.8,14.41,85.59,0.08,32.0,493.69,212.24,91.47,8.53,13.54,72.24,646.02,277.72,42.98,67021.76,132312.67,130.86,5.44,5.48,87.71,100.0,100.0,100.0,100.0,100.0,100.0,0.0,7255.3,0.18,0.92,0.8,0.12,8.56,3.53,2.94,0.0,0.04,0.0,46.07,19.58,10.88,19.42,1.05,1.05,0.0,354780,4.78,2.24,119.2,4.01,4.07,3.94,83.78,26.13,30.86,239608.46,55.96,6.51,36.84,83.38,4.13,11.64,65.82,9.87,3.78,7.37,50.75,48.99,0.26,119.27,214.92,3053.86,1874.13,0.09,17272.16,0.19,53.63,1.96,100.0,100.0,1.63,91.63,100.0,98.8,45.32,98.8,100.0,45.88,7.7,3.53,3.52,4.4,53.38,0.13,0.19,57.2,42.8,54.12,1133.08,222.72,100.0,100.0,100.0,78.86,46.0,36.28,0.33,0.01,,,,,28.26,21.89,42.8,108.14,0.47,108.23,0.0,107.72,1.09,,,,,,,,,,SABESP,Água e Esgotos,SABESP,,,5.23,100.0,77.27,165.26,,,,127.7,100.0,100.0,100.0,100.0,2778.42,0.36,0.87,,356.68,68.42,32.11,39.23,,0.87,,100.0,2.39,7.58,,45.47,20.28,10.79,17.2,6.26,15.62,6.37,0.73,100.0,100.0,133.1,,0.36,10.39,32.11,0.13,0.0,0.0,Sim
3547908,100.0,100.0,100.0,,,100.0,36.67,1.12,100.0,95.99,59.4,99.0,59.0,17.54,14.98,238.93,188.75,25.22,15.13,60.0,59.4,40.6,40.0,9.66,370.99,100.0,0.65,,,2.5,,,100.0,,0.21,78.05,96.43,0.0,,,,,,,32.72,1.0,,,71.67,71.67,100.0,0.23,1.1,2.0,1.0,1.79,0.71,100.0,0.0,4.76,8.0,0.0,0.0,,,,0.0,37.88,19.74,53.58,30000.0,27625.0,,,100.0,0.0,80.95,100.0,0.0,100.0,24.29,30.01,0.0,1116.3,0.0,0.44,0.54,0.01,13.81,1.07,2.1,0.0,,,,,,,0.16,0.16,0.0,354790,0.66,0.66,104.87,1.17,1.48,0.8,177.52,0.0,45.78,29092.91,56.33,15.32,25.79,0.0,0.0,27.19,45.78,45.34,8.88,0.0,68.66,31.34,0.0,112.27,8.42,605.98,599.92,0.99,1020.2,1.96,177.52,0.35,99.29,99.3,1.0,95.18,50.0,96.08,45.56,95.35,50.0,47.78,29.4,14.05,13.95,14.37,171.23,0.67,31.95,48.89,51.11,52.22,15.15,504.97,99.29,99.3,99.3,86.05,95.68,82.33,28.2,0.23,73.33,16.33,102.0,6.05,0.8,0.33,1.3,100.0,0.0,100.0,0.0,100.0,0.0,,,,,,,,,,PMSAA,Água e Esgoto,LPU,7.01,6739.37,0.83,83.2,,47.28,100.0,0.0,5.56,,74.07,100.0,100.0,0.0,5339.72,0.58,2.68,,18.75,38.75,8.33,0.1,,2.68,,100.0,7.54,73.66,,,,,,,245.52,0.43,0.02,0.0,,,,3.12,44.51,44.44,,0.97,13.89,Sim
3548005,93.35,100.0,0.0,,,,11.14,1.01,100.0,94.26,60.99,100.0,66.03,14.23,13.28,191.5,169.34,22.96,14.0,61.03,57.84,42.16,38.97,26.14,296.96,100.0,1.57,827.73,,0.89,7.27,,94.37,9.13,0.66,93.35,100.0,0.0,,,,,,,14.88,1.0,,,85.28,85.28,100.0,0.26,2.03,0.46,1.0,2.21,0.38,67.24,32.76,0.42,10.0,35.28,14.42,100.0,0.0,0.0,8.78,401.89,164.29,93.47,35843.18,,1139.09,407.58,46.74,53.26,100.0,100.0,100.0,100.0,100.0,100.0,0.0,2132.4,0.0,0.74,0.73,0.0,10.68,6.14,3.99,0.0,0.07,0.0,,,,,2.28,2.28,0.0,354800,1.95,1.76,306.58,1.68,1.94,1.41,86.13,0.0,38.04,47328.31,104.43,29.55,44.17,9.62,0.0,28.3,42.29,44.59,13.12,0.0,52.46,35.62,11.92,0.0,38.86,365.0,364.96,1.83,545.56,3.42,99.55,0.38,91.21,100.0,1.0,87.22,42.97,100.0,42.97,100.0,42.97,42.97,30.34,13.03,13.03,14.04,147.06,1.78,11.69,46.27,53.73,57.03,46.71,568.94,91.21,100.0,100.0,100.0,80.0,80.46,12.76,0.15,6210.0,8.0,6210.0,6.0,2.27,0.33,0.87,100.0,0.0,100.0,0.0,100.0,0.0,,,,,,,,,,PMSAP,Água e Esgoto,LPU,0.28,342834.45,2.54,94.17,,96.75,100.0,0.0,16.67,,96.53,99.04,99.04,100.0,,0.0,0.83,0.78,291.94,91.14,0.0,,0.19,0.78,,49.39,8.48,25.6,12.14,49.83,9.44,15.6,15.65,9.48,36.59,1.55,0.19,0.0,,,,0.09,1.94,33.33,,0.09,33.33,Sim
3548054,77.35,96.32,0.0,52.57,64.24,0.0,13.89,1.0,100.0,100.0,0.01,1.67,9.99,0.0,37.97,3.71,3.71,46.81,0.25,0.54,81.11,18.89,99.46,109.79,1530.58,99.66,0.0,941.33,,0.16,0.0,,100.0,32.01,0.17,80.3,100.0,0.0,,64.24,,,64.02,,13.55,0.0,,,13396.44,0.0,0.0,0.83,0.08,2.67,1.0,1.16,0.3,100.0,0.0,0.0,0.0,0.0,0.0,,,,0.0,79.69,48.1,46.33,39846.56,159386.23,,,100.0,0.0,77.35,96.32,0.0,61.51,0.0,0.0,0.0,1500.0,0.35,0.96,0.99,0.24,0.0,0.0,0.0,0.0,,,,,,,0.0,0.0,0.0,354805,0.74,0.74,,0.41,0.25,,55.77,0.0,52.01,35153.18,179.31,57.34,93.26,0.0,0.0,31.98,52.01,46.33,1.66,0.0,56.35,36.3,7.35,108.16,14.64,,366.56,1.68,,3.32,60.19,,77.95,99.54,1.01,,9.63,75.04,68.46,78.1,87.65,87.65,49.24,43.16,34.12,40.43,593.68,,14.96,82.1,17.9,12.35,13.36,202.31,77.95,99.54,99.54,83.45,100.0,83.45,14.96,0.02,,8.0,,8.5,1.0,0.02,14.5,100.0,80.61,100.0,0.0,100.0,0.0,,,,,,,,,,PMSAA,Água e Esgoto,LPU,,,,,,,,,,,,,,,,,,,,,,,,,,,,,,,,,,,,,,,,,,,,,,,,Sim
3548104,60.4,93.13,0.0,63.75,96.53,0.0,12.14,1.11,100.0,85.74,75.24,100.0,100.0,12.33,13.83,207.84,159.19,15.09,11.35,84.46,91.68,8.32,15.54,6.7,85.61,93.93,0.64,,,12.8,,,100.0,,5.26,58.2,89.74,0.0,53.85,81.54,0.0,53.85,81.54,0.0,10.76,1.02,86.67,86.67,98.24,98.24,100.0,0.0,0.29,13.0,0.08,3.71,0.25,100.0,0.0,0.0,0.0,0.0,0.0,,,,0.0,136.31,62.07,129.63,34955.62,57594.84,,,75.05,24.95,64.85,100.0,0.0,100.0,64.85,100.0,0.01,647.5,0.0,0.57,0.88,0.0,24.72,19.53,7.72,0.0,,,,,,,6.1,6.1,0.0,354810,3.45,3.1,518.38,2.93,3.24,2.61,85.11,-0.33,62.59,285170.4,105.59,58.52,73.53,9.1,15.52,55.42,69.64,6.03,2.95,14.7,55.61,42.84,1.56,7.94,3.77,789.94,771.37,1.03,992.67,2.02,93.44,0.57,62.21,100.0,1.02,86.26,100.0,100.0,80.2,100.0,100.0,80.2,16.13,11.78,11.78,13.98,159.58,0.55,10.42,95.18,4.82,19.8,8.85,97.94,60.21,100.0,100.0,96.12,100.0,96.12,11.26,0.0,730.71,6.0,,,,0.0,327.33,120.0,2.08,120.0,0.0,120.0,0.0,,,,,,,,,,SABESP,Água e Esgotos,SABESP,,,,,,,,,,,,,,,,,,,,,,,,,,,,,,,,,,,,,,,,,,,,,,,,Sim
3548203,57.73,97.79,19.1,,,,14.1,1.07,100.0,86.05,70.22,100.0,100.0,12.36,14.51,223.2,187.48,16.49,11.58,70.22,88.03,11.97,29.78,11.06,172.39,89.48,0.98,2364.0,,15.19,7.0,,100.0,97.28,17.28,29.48,60.04,0.0,,,,,,,7.28,1.0,84.75,84.75,52.16,52.16,100.0,0.22,4.55,12.0,0.17,,,,,,,,,,,,,,,,,,,,,,,,,,,,,,,,,,,,,,,,,,,,,,,354820,4.23,3.92,677.74,3.38,3.57,3.04,79.89,0.78,68.04,212790.07,115.84,51.65,85.17,10.69,5.99,44.59,73.53,13.29,1.94,5.17,65.74,31.63,2.64,33.36,7.42,427.0,426.46,1.42,704.11,2.21,86.05,0.71,56.41,94.91,1.0,89.25,100.0,100.0,68.46,100.0,100.0,68.46,16.07,11.0,11.0,14.33,194.51,0.97,15.03,89.18,10.82,31.54,10.07,166.82,32.01,53.85,53.85,56.55,100.0,56.55,7.75,0.12,241.11,13.67,,,,0.0,32.44,110.83,0.0,110.0,0.0,110.0,0.0,,,,,,,,,,SABESP,Água e Esgotos,SABESP,2.22,19320.57,0.59,0.0,94.32,42.96,100.0,0.0,0.0,40.51,59.99,50.47,44.47,0.0,942.17,0.74,0.6,0.59,107.0,54.44,33.33,,0.0,0.59,,,,,,,,,,,,2.03,0.34,0.0,,,,0.49,29.9,22.22,,0.99,44.44,Não
3548302,100.0,100.0,100.0,97.0,100.0,70.93,13.59,1.08,100.0,87.82,89.62,100.0,100.0,11.44,13.51,180.08,152.36,11.82,10.59,90.04,114.24,-14.24,9.96,2.72,41.97,86.34,1.24,,,9.64,,,90.0,,3.77,86.55,96.96,0.0,79.59,82.06,58.14,79.59,82.06,58.14,10.8,1.01,89.93,89.93,97.36,97.36,100.0,0.5,0.06,3.0,0.04,3.29,1.79,100.0,0.0,1.07,3.0,0.0,0.0,,,,0.0,78.74,43.0,87.42,26555.56,24000.0,,,100.0,0.0,91.12,100.0,17.33,100.0,91.12,100.0,0.0,881.7,0.0,0.79,0.86,0.01,18.09,15.76,5.78,0.0,0.2,0.0,,,,,4.99,4.99,0.0,354830,3.68,3.2,515.28,3.03,3.29,2.74,82.2,0.26,53.85,475672.06,105.63,39.41,65.52,12.69,13.05,37.31,62.02,18.54,0.41,12.35,55.58,41.58,2.84,11.81,1.66,1488.35,1480.53,0.41,2474.5,0.77,91.78,0.65,92.45,100.0,1.01,89.71,100.0,100.0,81.07,100.0,100.0,81.07,13.76,11.12,11.12,13.48,165.53,1.31,15.68,98.32,1.68,18.93,4.81,85.8,84.38,95.45,95.45,86.77,100.0,86.77,8.39,0.55,993.57,6.0,1291.0,6.0,,0.0,48.24,100.0,0.0,100.0,0.0,100.0,0.0,,,,,,,,,,SABESP,Água e Esgotos,SABESP,6.18,23965.03,2.87,15.49,,148.15,82.35,17.65,11.76,,93.22,100.0,100.0,10.47,425.99,2.18,0.89,,183.44,40.24,35.29,55.39,,0.84,,100.0,10.07,32.73,,42.78,21.89,8.67,26.67,0.0,34.04,1.2,0.13,0.0,,94.37,0.64,1.82,23.16,29.41,0.36,0.73,11.76,Sim
3548401,100.0,100.0,100.0,,,100.0,10.0,1.08,100.0,89.0,85.29,100.0,100.0,12.52,13.56,177.24,164.86,13.72,11.7,85.29,98.83,1.17,14.71,6.28,71.42,86.6,1.18,,,8.0,,,100.0,,1.1,100.0,100.0,100.0,99.7,,88.14,99.7,,88.14,9.57,1.03,87.58,87.58,101.73,101.73,100.0,0.49,0.89,3.69,0.38,2.37,0.76,100.0,0.0,0.0,0.0,85.23,36.69,100.0,0.0,0.0,96.8,88.05,37.9,83.43,32741.89,49687.85,103.3,103.3,95.27,0.0,100.0,100.0,100.0,100.0,100.0,100.0,0.0,317.5,0.0,0.44,0.42,0.03,16.53,6.86,10.89,0.0,,,,,,,4.25,4.25,0.0,354840,3.82,3.48,567.83,2.83,3.1,2.56,74.01,-0.33,58.3,218124.38,122.97,58.07,78.77,15.29,12.51,47.22,64.05,18.3,1.68,10.18,53.83,44.25,1.92,19.11,5.43,599.71,594.73,1.24,813.5,2.47,81.02,0.65,88.74,91.83,1.01,90.9,100.0,100.0,88.37,100.0,100.0,88.37,12.98,11.47,11.47,13.61,144.72,1.28,10.32,104.87,-4.87,11.63,4.22,50.02,88.67,91.77,91.77,100.0,100.0,100.0,9.92,0.85,,,,,,0.0,16.7,100.0,0.0,100.0,1.67,100.0,0.0,,,,,,,,,,SABESP,Água e Esgotos,SABESP,1.95,24444.44,1.37,5.45,,47.66,100.0,0.0,0.0,,96.63,100.0,100.0,0.0,896.7,0.65,0.5,,175.77,67.27,33.33,23.75,,0.5,,100.0,5.23,9.53,,68.18,22.73,9.09,0.0,0.0,11.92,1.78,0.36,0.0,,,,0.43,27.27,22.22,,0.87,44.44,Sim
3548500,99.33,99.33,96.01,,,100.0,18.75,3.32,99.99,90.97,77.8,100.0,100.0,14.36,14.68,290.25,193.95,17.36,13.51,94.65,84.54,15.46,5.35,4.89,101.22,89.77,0.09,14406.2,,20.04,13.4,,99.81,6.35,5.28,98.46,98.53,0.0,89.98,89.99,86.67,89.98,89.99,86.67,7.53,3.22,91.0,91.0,81.91,81.91,100.0,0.31,0.71,224.93,0.04,1.88,0.06,0.6,99.4,0.42,25.29,346.42,172.16,100.0,0.0,0.0,305.95,113.23,56.27,405.06,125818.79,,32.69,0.85,0.64,78.74,99.93,100.0,0.0,100.0,98.35,98.42,94.66,8240.7,0.09,1.31,1.08,0.23,47.88,41.47,11.95,100.0,,,52.33,13.78,29.17,4.73,8.5,8.5,0.0,354850,2.88,1.63,315.03,4.09,4.01,4.17,142.05,0.72,30.21,163259.13,39.93,13.3,21.27,15.07,4.01,33.3,53.26,9.76,9.0,10.05,49.2,49.34,1.45,33.47,423.91,973.0,312.48,2.0,1556.46,3.89,147.08,0.94,100.0,100.0,3.06,93.02,100.0,99.99,88.05,99.99,100.0,88.06,19.7,14.96,14.95,16.22,236.52,0.08,16.93,95.49,4.51,11.94,9.91,204.13,99.93,100.0,100.0,97.63,100.0,97.63,7.27,0.26,4852.32,7.47,7390.89,6.0,,0.0,104.66,106.67,0.3,106.59,1.79,105.83,0.97,,,,,,,,,,SABESP,Água e Esgotos,SABESP,2.1,52017.75,2.14,100.0,118.41,109.44,0.0,100.0,1.54,129.6,99.92,99.92,99.92,100.0,1977.84,0.73,1.28,1.08,124.71,51.71,34.58,15.99,19.03,1.28,,99.92,5.2,24.35,7.6,53.11,17.77,11.56,11.2,6.36,29.89,11.96,0.93,100.0,100.0,200.62,,0.58,24.26,27.66,0.13,0.49,23.27,Sim
3548609,66.9,100.0,28.18,63.87,99.97,20.62,18.49,1.08,100.0,89.97,88.62,100.0,100.0,11.96,13.7,189.13,164.51,12.56,11.14,88.62,109.06,-9.06,11.38,2.53,50.96,91.81,0.42,3301.5,,21.15,10.17,,93.1,81.07,18.54,47.06,87.3,0.0,40.68,63.68,13.12,40.68,63.68,13.12,7.84,1.02,87.49,87.49,69.54,69.54,100.0,0.34,1.41,11.62,0.3,3.11,1.0,100.0,0.0,0.0,0.0,8.8,4.72,89.75,10.25,20.5,5.0,155.86,83.7,186.31,60000.0,83333.33,1771.55,1771.55,100.0,0.0,100.0,100.0,100.0,93.15,97.71,77.63,0.0,320.67,0.08,0.44,0.4,0.09,35.98,27.75,24.36,0.0,0.48,0.0,,,,,16.84,16.84,0.0,354860,4.82,3.78,623.99,3.06,3.37,2.63,63.57,-0.51,62.85,236572.75,123.4,73.87,98.86,34.32,7.0,59.86,80.11,7.42,1.08,5.67,62.73,34.82,2.45,25.39,12.71,473.23,469.3,1.59,633.32,2.74,74.35,0.75,73.19,100.0,1.01,89.65,100.0,100.0,83.05,100.0,100.0,83.05,13.07,10.85,10.85,13.84,159.57,0.38,19.77,105.88,-5.88,16.95,3.43,73.39,50.05,100.0,100.0,71.91,80.44,57.84,8.59,0.5,1355.91,8.27,,,,0.0,60.75,109.62,0.0,107.69,0.0,107.69,0.0,,,,,,,,,,SABESP,Água e Esgotos,SABESP,7.07,23118.92,17.11,59.08,,163.34,94.59,5.41,0.0,,73.54,95.47,95.47,4.23,1198.08,2.29,2.46,1.61,155.56,81.83,32.43,,0.0,1.61,,95.47,0.04,0.38,4.23,50.0,50.0,0.0,0.0,0.0,38.0,,,0.0,,,,2.67,17.54,37.84,,1.91,27.03,Sim
3548708,99.7,99.71,97.13,,,100.0,10.74,1.79,100.0,92.92,63.35,100.0,100.0,12.85,1.89,192.42,145.36,19.3,12.23,70.55,44.09,55.91,18.25,28.94,333.78,92.19,0.73,8123.14,,29.71,11.94,,91.96,2.3,8.46,96.17,96.61,0.0,87.29,87.3,85.06,59.67,59.68,58.2,7.67,1.76,93.06,93.03,74.93,49.78,66.44,0.02,0.39,33.99,0.06,0.84,0.84,1.63,98.37,0.1,40.0,512.08,210.12,97.26,2.74,2.74,121.82,420.36,172.48,134.09,118966.7,129781.86,82.09,0.81,1.11,98.67,99.98,100.0,96.12,100.0,99.98,100.0,0.0,2418.54,0.41,1.24,0.98,0.26,17.56,13.06,4.91,0.0,0.09,0.0,,,,,2.89,2.89,0.0,354870,3.51,2.24,376.63,4.22,4.23,4.22,120.19,0.17,31.23,223379.51,52.97,15.29,25.99,13.34,11.97,28.85,49.05,9.8,4.58,22.6,51.98,47.24,0.78,69.28,521.06,1209.07,698.79,0.84,2055.45,1.58,135.38,2.31,100.0,100.0,1.7,93.61,100.0,99.95,65.42,99.95,100.0,65.45,19.63,12.21,12.21,14.0,158.5,0.12,9.43,75.03,24.97,34.55,34.67,361.23,99.03,100.0,100.0,72.96,27.66,20.18,6.83,0.02,1087.94,11.79,,,36.66,5.54,22.57,101.09,0.22,101.12,0.8,100.93,0.68,,,,,,,,,,SABESP,Água e Esgotos,SABESP,1.14,168754.6,3.25,,67.92,192.91,1.8,98.2,6.47,131.02,99.01,99.01,99.01,100.0,3099.88,0.33,0.89,,,,29.27,24.35,,0.88,,99.01,3.23,10.47,,,,,,,15.0,5.75,0.65,100.0,100.0,,,0.24,,21.21,0.25,0.16,13.89,Sim
3548807,100.0,100.0,,97.32,97.32,,12.22,2.31,100.0,82.54,83.0,100.0,,15.05,13.75,241.15,184.77,16.57,13.75,86.59,83.0,17.0,13.41,13.83,168.99,100.0,0.03,5161.17,,3.59,13.56,,100.0,5.98,0.28,100.0,100.0,,97.32,97.32,,97.32,97.32,,8.8,2.31,82.54,82.54,85.0,85.0,100.0,0.0,0.0,,,1.04,0.43,3.19,96.81,0.1,17.0,1013.11,432.19,100.0,0.0,14.59,140.33,616.62,263.05,161.74,75515.48,,60.86,0.0,0.84,94.2,97.22,97.22,,97.22,97.22,97.22,0.0,2257.56,0.0,1.11,1.01,0.13,15.34,12.73,4.16,0.0,,,,,,,3.04,3.04,0.0,354880,6.19,6.16,933.47,5.14,4.9,5.44,83.13,-38.97,72.24,190493.88,119.74,25.95,86.89,0.77,0.0,21.67,72.57,0.34,0.0,0.0,51.27,48.73,0.0,128.98,599.45,281.22,124.18,2.4,941.78,4.81,115.31,1.0,100.0,100.0,2.26,82.08,100.0,100.0,85.33,100.0,100.0,85.33,16.84,13.87,13.87,13.61,239.1,0.02,12.27,83.74,16.26,14.67,14.46,177.42,100.0,100.0,100.0,85.0,100.0,85.0,8.79,0.02,3188.15,15.31,,,,0.0,0.67,100.0,0.0,100.0,0.08,100.0,0.0,,,,,,,,,,SAESA,Água e Esgoto,LPU,3.09,143081.77,6.97,99.61,66.48,442.23,1.61,98.39,3.01,294.0,100.0,100.0,100.0,100.0,3029.96,0.45,1.16,,242.16,23.21,14.46,17.57,,1.16,,100.0,1.6,6.78,,21.78,35.07,4.81,23.87,14.47,12.39,12.29,1.06,100.0,100.0,113.04,,1.02,22.84,33.13,0.89,0.78,25.3,Sim
3548906,98.08,100.0,9.32,92.47,93.93,10.24,87.04,1.03,99.99,89.47,43.84,94.29,100.0,11.23,11.21,202.83,167.77,25.56,11.89,47.78,43.84,56.16,52.22,5.13,452.78,97.4,1.29,717.65,,2.0,31.06,,100.0,0.56,9.88,97.88,100.0,0.0,91.61,93.23,0.0,91.61,93.23,0.0,8.08,1.03,87.97,87.97,109.24,82.47,75.5,0.08,2.16,0.68,0.79,0.45,0.87,1.75,98.25,0.41,33.0,0.0,0.0,,,,0.0,334.03,162.27,92.74,,67091.24,,,0.61,99.39,97.88,100.0,0.0,98.13,30.0,30.65,0.0,6977.53,0.03,1.59,0.71,0.91,13.38,9.42,1.59,0.0,,,35.0,30.0,5.0,10.0,0.49,0.49,0.0,354890,4.9,2.99,447.33,3.26,3.15,3.37,66.48,4.91,32.01,94554.85,91.62,37.03,48.16,4.22,17.71,40.42,52.56,22.5,4.57,19.32,49.43,50.28,0.29,320.0,577.4,402.16,370.92,2.07,522.98,4.13,99.49,0.46,95.99,100.0,1.08,85.01,100.0,99.99,49.02,86.69,100.0,56.55,26.06,14.73,12.77,12.84,233.1,1.35,9.58,49.27,50.73,43.45,40.81,401.02,95.99,100.0,100.0,85.96,95.0,81.66,9.03,0.13,1781.57,42.86,99.8,8.8,38.45,3.2,,166.74,0.35,166.74,0.03,103.58,0.87,,,,,,,,,,SAAE,Água e Esgoto,LPU,1.38,82380.61,3.82,92.5,,114.09,19.7,80.3,7.16,,99.96,100.0,100.0,92.66,2171.11,0.57,1.08,0.72,201.05,69.33,41.19,,43.24,1.04,,31.25,0.61,2.41,2.08,51.63,16.73,15.94,15.13,0.56,5.72,4.56,0.42,53.49,100.0,119.0,1.04,0.18,6.05,12.84,0.06,0.31,22.39,Sim
3549003,95.85,100.0,81.86,90.02,99.9,54.86,12.5,1.07,100.0,90.82,87.11,100.0,100.0,12.63,13.65,180.53,165.36,13.6,11.85,87.11,100.35,-0.35,12.89,4.58,61.83,91.74,0.74,,,8.17,,,100.0,,0.77,86.99,100.0,43.09,80.05,88.88,48.61,80.05,88.88,48.61,12.97,1.06,86.79,86.79,106.81,106.81,100.0,0.23,0.0,,0.0,6.9,5.33,92.86,7.14,,2.0,64.75,32.34,100.0,0.0,13.63,10.81,517.37,258.39,333.89,50240.04,50240.04,799.01,768.21,96.3,3.7,100.0,100.0,100.0,100.0,0.0,0.0,0.0,180.0,1.52,0.75,0.44,0.41,0.0,0.0,0.0,0.0,,,,,,,0.0,0.0,0.0,354900,2.84,2.43,408.39,2.84,3.12,2.56,100.15,-1.88,60.06,215825.94,85.4,53.24,59.96,7.28,7.82,62.34,70.22,12.18,0.2,9.16,54.54,43.82,1.63,14.97,2.82,752.66,745.2,1.19,847.8,2.36,110.23,0.78,90.89,100.0,1.01,91.53,100.0,100.0,87.75,100.0,100.0,87.75,13.83,12.14,12.14,14.04,165.95,0.71,12.72,101.51,-1.51,12.25,4.11,56.24,88.83,100.0,100.0,100.0,100.0,100.0,14.11,0.06,,,,,,0.0,6.6,100.0,2.5,100.0,0.0,100.0,0.0,,,,,,,,,,SABESP,Água e Esgotos,SABESP,0.46,42000.0,0.3,14.29,,19.19,100.0,0.0,,,77.6,100.0,100.0,0.0,,,1.25,,,,,,,1.25,,,,,,,,,,,,,,,,,,,,,,,,Sim
3549102,95.91,96.09,92.47,,,100.0,13.96,1.13,100.0,87.39,73.77,100.0,100.0,13.74,14.66,222.12,182.91,17.27,12.74,77.63,84.93,15.07,22.37,9.58,143.33,92.0,0.58,3554.34,,16.13,9.58,,100.0,7.81,10.15,95.3,96.09,80.27,89.6,89.77,86.4,89.6,89.77,86.4,9.08,1.05,88.14,88.14,95.72,95.72,100.0,0.6,0.09,18.14,0.03,1.89,1.28,24.57,75.43,0.11,10.0,0.0,0.0,0.0,100.0,,0.0,308.24,139.21,99.97,66962.02,72588.59,,,22.4,71.8,95.52,100.0,9.98,100.0,95.02,100.0,41.38,5634.07,0.02,1.77,0.76,1.1,3.98,3.43,1.42,0.0,0.02,0.0,61.12,14.49,10.8,9.97,0.5,0.5,0.0,354910,2.66,1.96,354.99,3.25,3.57,2.91,122.15,-0.38,43.36,143506.62,60.36,26.77,35.5,8.57,4.52,44.36,58.81,18.35,3.5,7.49,53.83,42.5,3.67,16.6,113.37,687.35,654.5,1.15,911.38,2.28,133.08,0.56,100.0,100.0,1.05,88.37,100.0,100.0,74.33,100.0,100.0,74.33,18.34,13.12,13.12,15.16,186.88,0.57,11.76,85.88,14.12,25.67,12.24,156.44,98.9,100.0,100.0,95.37,100.0,95.37,9.16,0.7,872.83,6.0,,,,0.0,158.02,106.25,0.44,105.56,0.55,105.56,0.33,,,,,,,,,,SABESP,Água e Esgotos,SABESP,1.63,42281.46,2.52,80.67,,69.04,18.18,81.82,4.2,,97.89,100.0,100.0,100.0,2984.7,0.32,0.84,0.76,106.24,47.19,19.58,,8.92,0.82,,100.0,22.99,70.51,26.36,,,,,,74.22,5.37,0.64,100.0,100.0,71.5,2.04,0.48,31.7,29.37,0.31,0.65,39.86,Sim
3549201,91.5,100.0,62.33,86.1,99.9,37.01,16.55,1.08,100.0,88.97,87.37,100.0,100.0,12.25,13.6,175.88,151.96,13.14,11.48,89.66,103.52,-3.52,10.34,2.66,48.27,90.86,0.42,1049.0,,9.33,7.0,,100.0,96.82,1.29,84.13,100.0,29.73,75.64,87.8,32.38,75.64,87.8,32.38,12.9,1.03,88.41,88.41,105.87,105.87,100.0,0.07,0.0,,0.0,1.48,0.76,100.0,0.0,0.0,0.0,4.68,2.29,100.0,0.0,8.33,6.88,62.45,30.51,39.41,26666.67,40000.0,1333.33,1333.33,100.0,0.0,100.0,100.0,100.0,100.0,0.0,0.0,0.0,1300.0,0.0,1.36,1.04,0.4,0.0,0.0,0.0,0.0,,,,,,,0.0,0.0,0.0,354920,2.5,1.79,300.77,2.89,3.19,2.58,115.76,-0.08,39.57,254489.12,61.88,26.38,34.19,9.85,6.7,42.63,55.25,20.85,1.8,10.83,54.97,43.43,1.6,12.01,1.3,1531.52,1516.09,0.51,1985.0,1.01,129.51,0.78,99.65,100.0,1.01,91.13,100.0,100.0,83.46,100.0,100.0,83.46,14.38,12.0,12.0,14.02,154.26,0.86,17.35,97.5,2.5,16.54,4.27,79.02,97.7,100.0,100.0,100.0,100.0,100.0,12.54,0.08,275.0,6.0,994.0,6.0,,0.0,9.39,100.0,0.0,100.0,0.0,100.0,0.0,,,,,,,,,,SABESP,Água e Esgotos,SABESP,,,,,,,,,,,,,,,,,,,,,,,,,,,,,,,,,,,,,,,,,,,,,,,,Sim
3549250,82.77,100.0,0.0,88.07,,0.0,9.94,1.48,96.34,64.95,0.0,0.0,0.0,0.0,7.77,195.0,181.35,8.38,7.77,92.76,92.76,7.24,7.24,2.93,29.6,94.76,4.24,,,,,,100.0,,0.09,,,,,,,,,,,,,,,,,,,,,4.5,3.72,100.0,0.0,0.0,0.0,0.0,0.0,,,,0.0,402.09,188.21,308.21,50548.26,50548.26,,,84.91,0.0,100.0,100.0,100.0,0.0,0.0,0.0,0.0,88.75,0.0,0.52,0.36,0.19,0.0,0.0,0.0,0.0,,,,,,,0.0,0.0,0.0,354925,,,,,,,,,,,,,,,,,,,,,,,,,,,,,,,,,,,,,,,,,,,,,,,,,,,,,,,,,,,,,,,,,,,,,,,,,,,,,,,,,,,,,,,,,,,,,,,,,,,,,,,,,,,,,,,,,,,,,,,,,,,,,,,,,,,,,,,Sim
3549300,88.68,100.0,7.17,86.44,96.25,12.95,16.79,1.0,50.82,46.58,58.05,100.0,100.0,25.91,14.38,260.32,202.9,22.68,13.17,68.46,63.42,36.58,31.54,10.73,235.19,71.99,0.42,120.0,,0.3,1.67,,87.1,10.96,0.55,87.85,100.0,0.36,,68.97,,,68.97,,15.31,0.0,,,109.25,109.25,100.0,3.06,0.07,2.0,1.0,5.48,2.97,76.47,23.53,2.17,4.0,46.41,24.04,100.0,0.0,29.37,11.11,295.01,152.84,92.85,16957.22,100522.05,635.72,414.18,78.28,21.72,88.24,100.0,3.58,91.39,80.46,91.39,0.0,120.24,0.0,0.72,0.7,0.12,24.99,19.55,8.96,0.0,,,,,,,5.99,5.99,0.0,354930,25.22,25.22,135.17,24.85,19.92,,98.52,0.0,44.86,23569.63,101.51,37.94,45.53,0.0,0.0,37.38,44.86,50.93,4.21,0.0,80.15,19.85,0.0,0.0,4.8,388.73,388.73,2.14,466.5,4.29,98.52,0.73,81.09,100.0,1.0,96.46,100.0,0.0,0.0,0.0,100.0,78.95,17.86,13.4,,0.89,240.75,0.37,17.68,5.26,94.74,21.05,6.64,117.46,81.09,100.0,100.0,100.0,75.0,100.0,17.68,0.5,,,,,,0.0,0.12,100.0,4.31,100.0,0.0,100.0,0.0,,,,,,,,,,PMSJPD,Água e Esgoto,LPU,2.93,49605.6,1.91,0.0,8.01,145.3,100.0,0.0,0.0,11.64,81.09,100.0,100.0,0.84,692.23,1.76,1.05,,228.83,60.48,60.0,45.77,,1.05,,99.59,0.66,2.52,,27.91,27.91,32.56,0.0,11.63,3.22,2.25,0.21,0.0,,,,0.59,36.43,20.0,,0.59,20.0,Sim
3549409,98.63,100.0,0.0,91.69,93.3,0.0,18.83,1.0,100.0,90.48,38.7,100.0,14.87,21.01,21.01,288.7,288.7,54.29,21.01,38.7,38.7,61.3,61.3,56.12,1094.11,0.0,1.05,2071.9,460.42,1.69,8.5,1.33,100.0,3.67,1.24,98.63,100.0,0.0,91.72,93.33,0.0,91.72,93.33,0.0,14.31,1.01,94.8,94.8,85.06,85.06,100.0,0.02,0.1,3.0,1.0,2.04,0.4,16.67,83.33,0.61,30.0,0.0,0.0,,,,0.0,89.46,36.83,229.21,31609.76,,,,9.65,90.35,100.0,100.0,100.0,100.0,98.63,100.0,0.0,735.67,0.02,0.73,0.72,0.01,14.25,11.19,5.38,0.0,,,,,,,4.15,4.15,0.0,354940,1.89,1.89,312.62,1.39,1.71,0.99,73.54,28.63,37.1,67343.93,135.98,38.78,50.45,0.0,11.83,28.52,37.1,50.64,3.06,8.7,68.19,31.51,0.3,102.09,61.8,580.66,579.42,1.33,755.44,2.65,52.64,0.67,99.15,98.71,1.0,89.93,100.0,98.73,33.1,47.29,100.0,70.0,41.67,29.17,13.91,15.28,335.5,0.95,13.78,36.67,63.33,30.0,29.83,412.79,99.15,98.71,98.71,80.0,0.0,0.0,15.26,0.0,276.0,8.0,1137.5,6.0,1.56,0.07,2.0,157.1,0.0,157.1,0.02,90.92,0.0,,,,,,,,,,PMSJB,Água e Esgoto,LPU,2.34,50886.55,4.49,67.18,,118.83,5.04,94.96,8.4,,98.21,100.0,100.0,100.0,1567.89,0.47,0.66,,219.32,44.71,20.17,,,0.66,,49.06,3.21,7.77,,,,,,,11.13,1.08,0.16,100.0,,,,1.1,34.01,47.06,,0.33,14.29,Sim
3549508,89.18,97.4,0.0,75.09,81.99,0.0,6.87,1.0,74.4,74.4,0.0,0.0,100.0,0.0,17.74,287.64,287.64,29.48,17.74,60.17,60.17,39.83,39.83,56.17,386.01,74.4,0.26,135.32,,12.5,5.0,,100.0,4.0,2.36,89.18,97.4,0.0,,,,,,,8.87,0.0,,,94.5,94.5,100.0,0.0,0.33,4.0,1.0,1.28,0.44,50.0,50.0,0.0,0.0,0.0,0.0,,,,0.0,125.92,47.24,158.5,300000.0,108000.0,,,85.0,15.0,89.18,97.4,0.0,97.4,0.0,0.0,0.0,3450.0,0.0,1.23,0.7,0.66,0.0,0.0,0.0,0.0,,,,,,,0.0,0.0,0.0,354950,0.31,0.31,69.74,0.15,0.13,0.18,49.06,0.0,45.8,29409.54,203.84,93.36,93.36,0.0,0.0,45.8,45.8,27.84,26.36,0.0,50.0,50.0,0.0,475.69,7.0,920.71,920.71,1.09,920.71,2.17,49.06,0.4,100.0,100.0,1.0,100.0,100.0,58.71,0.0,0.0,100.0,59.57,37.33,22.24,0.0,22.14,271.07,0.21,7.29,59.29,40.71,40.43,68.04,496.21,100.0,100.0,100.0,79.12,100.0,79.12,7.29,0.0,,,,,,0.0,4.0,100.0,1.0,100.0,0.78,0.88,0.0,,,,,,,,,,PMSJBV,Água e Esgoto,LPU,0.88,78802.26,2.03,,,69.39,100.0,0.0,0.0,,89.05,100.0,100.0,0.0,638.98,0.38,0.21,,,,42.86,,,0.21,,,,,,,,,,,,,,0.0,,,,0.5,,57.14,,0.0,0.0,Sim
3549607,72.27,100.0,4.42,56.56,75.61,8.03,13.21,1.02,0.0,99.79,0.0,0.0,0.0,,15.64,234.92,220.94,18.54,15.64,89.66,84.33,15.67,10.34,4.74,64.48,0.0,0.01,100.0,200.0,0.01,6.0,8.0,100.0,11.07,13.28,70.99,100.0,0.0,,64.78,,,64.78,,14.67,0.53,,,88.5,0.0,0.0,0.0,15.63,1.26,1.0,0.72,0.26,100.0,0.0,0.0,0.0,0.0,0.0,,,,0.0,123.13,69.81,18.31,25330.81,272107.89,,,100.0,0.0,100.0,100.0,100.0,100.0,0.0,0.0,0.0,600.35,0.0,0.84,0.53,0.44,0.0,0.0,0.0,0.0,0.0,0.0,,,,,0.0,0.0,0.0,354960,0.57,0.49,118.7,0.32,0.25,0.46,56.08,0.0,52.61,19937.96,152.09,35.69,93.81,0.0,0.0,23.46,61.68,0.0,13.6,0.0,52.41,47.59,0.0,0.0,7.89,272.33,271.95,1.4,715.83,2.79,56.08,0.0,91.63,100.0,1.0,95.46,92.11,0.0,0.0,0.0,0.0,92.84,29.35,27.03,,27.03,266.36,0.0,11.0,92.84,7.16,7.16,6.16,68.72,81.65,100.0,100.0,100.0,0.0,0.0,11.01,0.0,,9.0,,12.5,3.0,4.17,8.0,100.0,0.0,100.0,0.0,100.0,0.0,,,,,,,,,,PMSJB,Água e Esgoto,LPU,,,,,,,,,,,,,,,,,,,,,,,,,,,,,,,,,,,,,,,,,,,,,,,,Sim
3549706,90.79,100.0,1.32,98.85,,1.58,12.01,1.03,100.0,95.82,37.28,100.0,100.0,11.09,11.09,176.45,148.75,29.74,11.09,37.37,37.28,62.72,62.63,49.81,631.0,100.0,1.1,925.0,925.0,1.5,7.0,7.0,96.15,4.02,16.12,90.79,100.0,1.32,89.51,98.21,1.58,12.65,13.75,1.58,12.1,1.0,97.16,390.27,80.0,11.2,14.0,1.31,1.77,1.67,0.77,0.87,0.64,39.73,60.27,0.39,19.0,101.27,44.17,100.0,0.0,0.14,56.81,178.02,77.64,60.66,64540.89,70136.41,175.78,22.95,28.53,71.47,90.67,100.0,0.0,100.0,90.67,100.0,0.0,3661.23,0.39,0.75,0.83,0.0,6.26,5.33,2.07,0.0,,,,,,,1.76,1.76,0.0,354970,1.84,1.74,286.29,1.84,1.89,1.77,99.86,0.0,36.53,48929.32,94.48,27.0,36.59,7.11,5.16,28.58,38.72,44.78,9.95,5.46,53.87,39.28,6.86,0.0,94.18,441.35,439.59,1.68,598.1,3.35,105.67,0.59,94.64,100.0,1.0,93.77,0.0,100.0,84.06,98.72,100.0,85.15,18.34,15.62,15.42,15.42,205.48,1.79,12.64,84.06,15.94,14.85,7.03,89.71,91.66,100.0,100.0,76.92,14.0,10.77,11.94,0.26,1600.0,8.0,,,1.5,0.13,0.95,100.0,3.17,100.0,1.53,100.0,3.12,,,,,,,,,,SAAESRP,Água e Esgoto,LPU,1.05,70217.98,2.07,35.15,41.15,73.6,100.0,0.0,3.92,30.29,94.64,100.0,100.0,0.0,1533.55,0.66,0.86,0.7,192.11,82.4,62.75,,16.36,0.81,,,21.16,66.8,,14.77,81.54,0.74,2.95,0.0,,4.39,0.51,0.0,,,,0.25,10.31,23.53,,0.1,9.8,Sim
3549805,99.18,100.0,0.0,82.79,83.47,0.0,12.34,1.17,100.0,86.09,83.02,99.14,100.0,16.41,16.41,254.28,208.25,19.77,16.55,85.48,83.02,16.98,14.52,8.95,110.41,0.0,0.86,7333.22,,44.5,6.0,,87.09,3.36,9.98,99.18,100.0,0.0,94.76,95.54,0.0,94.76,95.54,0.0,11.16,1.27,86.41,86.41,90.44,90.44,100.0,0.31,2.14,0.5,1.0,0.44,0.84,0.0,100.0,,47.5,0.0,0.0,,,,0.0,335.5,153.51,188.69,,,,,0.05,90.08,100.0,100.0,100.0,100.0,0.0,0.0,0.0,6322.08,0.0,0.86,0.86,0.0,0.0,0.0,0.0,0.0,,,,,,,31.25,31.25,0.0,354980,2.36,1.85,376.38,2.32,2.32,2.32,98.2,2.62,29.51,96811.79,79.88,14.01,30.05,4.02,30.28,17.54,37.61,19.36,3.59,37.91,43.14,43.14,13.71,311.83,649.81,683.85,526.39,0.89,1466.56,1.77,134.51,0.55,96.03,99.52,1.3,85.04,100.0,100.0,79.66,100.0,100.0,79.66,18.86,15.03,15.03,16.94,249.6,0.93,12.02,89.78,10.22,20.34,13.63,163.9,93.48,99.52,99.52,93.99,100.0,93.99,11.54,0.31,3526.3,10.36,,,6.18,0.05,,104.01,2.33,103.93,0.04,110.84,2.55,,,,,,,,,,SEMAE,Água e Esgoto,LPU,1.37,115198.62,3.46,83.89,,157.6,3.72,96.28,7.09,,100.0,100.0,99.04,100.0,3283.79,0.34,0.98,,293.57,66.5,25.0,46.52,,0.92,,100.0,17.2,61.4,,53.52,7.33,14.79,18.97,5.39,87.72,1.7,0.17,100.0,100.0,87.67,1.14,0.44,8.7,31.93,0.16,0.2,14.7,Sim
3549904,99.39,100.0,52.39,,,100.0,13.32,1.52,100.0,92.05,67.1,100.0,100.0,13.46,14.24,176.66,155.48,18.93,12.7,67.86,75.22,24.78,32.13,20.74,303.06,90.08,0.84,4923.58,,26.1,6.71,,75.8,1.66,11.44,97.77,99.03,0.0,91.17,91.2,89.13,91.17,91.2,89.13,6.28,1.48,92.82,92.82,88.8,88.8,100.0,0.24,0.54,29.15,0.06,1.45,0.9,6.28,93.72,0.29,30.0,103.05,41.64,99.52,0.48,0.48,26.07,395.23,159.68,106.34,35305.65,35305.65,383.51,1.75,1.95,86.61,100.0,100.0,100.0,100.0,98.72,100.0,14.8,56698.6,0.02,12.43,7.04,5.46,23.25,75.77,0.89,0.0,,,4.83,3.27,0.43,1.47,1.65,1.65,0.0,354990,3.01,2.11,366.39,3.22,3.43,3.01,106.92,1.01,34.19,147745.39,65.39,17.03,31.98,16.35,8.92,26.04,48.9,17.36,9.47,13.63,52.62,45.93,1.45,44.84,631.82,824.68,576.19,0.92,1548.45,1.8,116.6,0.54,100.0,100.0,1.41,93.36,100.0,99.97,60.82,99.97,100.0,60.84,20.8,12.58,12.58,14.31,152.53,0.77,7.45,69.18,30.82,39.16,44.95,376.15,99.38,100.0,100.0,94.3,100.0,94.3,5.54,0.29,2764.97,6.0,759.2,6.4,,0.0,147.94,103.51,0.14,103.65,0.07,103.65,0.26,,,,,,,,,,SABESP,Água e Esgotos,SABESP,,,4.35,100.0,22.1,132.68,,,,29.32,97.97,100.0,100.0,100.0,1819.75,0.5,0.78,,119.82,25.82,30.06,1.97,,0.78,522.25,100.0,2.17,6.21,,42.87,32.97,8.29,15.64,0.23,21.15,5.51,0.7,100.0,100.0,164.52,,0.59,26.09,35.48,0.21,0.11,6.6,Sim
3549953,50.21,96.59,0.0,50.47,97.11,0.0,8.65,1.07,100.0,90.43,69.55,100.0,100.0,11.74,3.75,190.05,166.22,15.91,11.07,72.49,53.11,46.89,16.87,15.67,153.58,85.24,0.87,916.8,,22.17,13.09,,88.39,22.51,12.32,31.89,61.36,0.0,26.04,50.11,0.0,26.04,50.11,0.0,9.94,1.01,88.44,88.44,55.43,55.43,100.0,1.18,0.12,1.0,0.04,2.92,0.79,97.37,2.63,1.45,4.0,148.18,79.0,100.0,0.0,0.0,121.44,122.03,65.05,378.3,122608.8,50582.05,82.35,46.68,85.26,14.74,100.0,100.0,100.0,100.0,16.76,32.24,0.0,847.38,0.0,0.56,0.56,0.01,114.21,72.88,9.38,0.0,,,39.8,15.92,23.38,19.9,5.93,5.93,0.0,354995,5.87,4.84,796.04,3.47,3.44,3.53,59.14,8.33,54.74,191513.19,139.51,65.39,92.57,62.18,20.93,46.87,66.35,13.33,0.0,15.0,59.85,36.52,3.63,27.41,15.57,362.57,359.33,1.97,513.27,3.19,52.72,0.58,49.05,53.88,1.01,90.37,100.0,100.0,71.78,100.0,100.0,71.78,15.47,11.1,11.1,13.95,166.05,1.37,8.56,90.2,9.8,28.22,14.76,144.7,29.54,32.45,32.45,58.71,100.0,58.71,14.2,0.53,640.91,8.82,,,,0.0,275.01,109.06,0.0,109.06,0.0,109.06,0.0,,,,,,,,,,SABESP,Água e Esgotos,SABESP,,,6.39,36.28,21.79,205.05,,,,44.68,100.0,100.0,100.0,0.0,727.98,0.97,0.61,0.44,438.47,47.36,17.72,,25.1,0.55,,,,,,,,,,,,,,0.0,,,,0.69,8.53,12.66,,1.39,25.32,Sim
3550001,58.34,100.0,6.24,52.55,92.73,1.82,9.39,1.08,100.0,89.24,68.65,100.0,100.0,10.21,12.34,172.69,149.16,13.82,9.49,69.29,89.29,10.71,30.71,14.69,150.23,90.3,0.51,,,12.0,,,76.0,,4.4,49.2,88.55,0.0,42.95,75.71,1.61,42.95,75.71,1.61,5.5,1.0,90.39,90.39,87.86,87.86,100.0,1.2,1.8,31.06,0.24,4.97,0.19,96.77,3.23,0.0,0.0,0.0,0.0,,,,0.0,91.08,56.08,146.7,29506.14,60000.0,,,63.4,36.6,100.0,100.0,100.0,85.72,95.27,85.72,0.0,2477.75,0.0,1.29,1.14,0.27,6.0,5.5,1.37,0.0,0.04,0.0,,,,,1.11,1.11,0.0,355000,4.55,4.49,685.65,2.66,2.66,2.66,58.44,-10.81,69.25,178921.77,168.64,85.67,118.49,18.64,12.46,50.8,70.26,16.04,2.14,7.39,51.55,46.95,1.5,3.04,15.91,371.39,371.14,1.95,513.65,3.73,69.85,0.74,58.22,97.95,1.0,90.22,100.0,100.0,66.49,100.0,100.0,66.49,14.08,9.35,9.35,12.77,153.13,0.82,9.33,90.8,9.2,33.51,15.0,155.08,53.35,89.75,89.75,87.48,100.0,87.48,5.22,1.49,70.0,6.0,,,,0.0,16.12,112.08,0.74,110.83,1.13,110.83,0.0,,,,,,,,,,SABESP,Água e Esgotos,SABESP,5.35,26097.51,2.48,3.39,,139.69,100.0,0.0,11.76,,99.19,100.0,100.0,0.0,960.06,1.57,1.3,0.78,163.39,55.34,29.41,0.17,0.17,0.78,,,2.33,11.02,,42.86,14.29,28.57,7.14,7.14,,1.55,0.12,0.0,,,,2.36,41.28,44.12,,0.63,11.76,Sim
3550100,100.0,100.0,100.0,,,100.0,12.79,1.07,99.98,90.25,68.54,100.0,100.0,13.17,14.33,186.73,169.56,18.15,12.44,68.6,78.95,21.05,31.4,14.48,200.2,91.66,1.07,1636.0,,22.65,8.25,,97.14,9.47,13.15,98.77,100.0,72.07,91.7,91.83,88.76,91.7,91.83,88.76,9.04,1.01,90.59,90.59,96.65,96.65,100.0,0.28,0.16,7.54,0.05,0.99,1.51,43.01,56.99,0.66,25.0,0.0,0.0,,,,0.0,279.08,122.35,147.25,111731.41,73500.0,,,37.12,62.88,98.68,100.0,69.98,100.0,98.68,100.0,0.0,4237.25,0.0,1.22,0.65,0.6,18.24,14.58,7.68,0.0,0.15,0.0,,,,,3.24,3.24,0.0,355010,2.8,2.33,413.09,3.09,3.38,2.78,110.04,0.16,43.27,115271.01,75.59,36.23,39.32,6.42,10.0,47.93,52.02,21.77,3.58,13.24,54.0,43.0,3.0,17.59,55.9,536.4,528.97,1.74,582.24,3.43,117.83,0.6,100.0,100.0,1.01,89.78,100.0,99.98,63.41,99.98,100.0,63.42,20.22,12.82,12.82,14.8,156.95,1.08,11.13,73.19,26.81,36.58,19.72,246.5,98.47,100.0,100.0,94.35,100.0,94.35,8.67,0.23,650.75,6.0,300.0,6.0,,0.0,106.32,105.18,0.0,104.8,0.0,104.17,0.12,,,,,,,,,,SABESP,Água e Esgotos,SABESP,1.23,16247.5,0.78,,,19.92,34.69,65.31,12.24,,97.58,100.0,100.0,100.0,3539.06,0.28,0.88,,,,22.45,,,0.88,,100.0,3.76,12.01,,,,,,,14.55,,,0.0,,,,0.1,,8.16,,0.58,46.94,Sim
3550209,72.71,100.0,14.38,72.62,100.0,14.09,14.02,1.06,99.98,91.46,75.09,100.0,100.0,10.95,12.66,155.22,140.18,13.89,10.43,75.59,91.36,8.64,23.81,8.07,117.83,95.58,1.44,2363.0,,13.69,6.0,,94.9,22.53,7.46,60.93,89.44,0.0,51.77,71.29,10.05,51.77,71.29,10.05,10.28,1.01,90.56,90.56,81.53,81.53,100.0,0.17,0.27,18.24,0.06,2.32,1.58,100.0,0.0,,15.0,0.0,0.0,,,,0.0,373.98,165.08,122.24,28246.15,28246.15,,,35.95,0.0,100.0,100.0,100.0,100.0,0.0,0.0,0.0,885.71,0.06,0.52,0.42,0.15,0.0,0.0,0.0,0.0,,,,,,,0.0,0.0,0.0,355020,3.19,2.77,441.82,3.01,3.26,2.69,94.14,-0.39,55.82,243268.82,92.0,41.06,59.29,7.45,10.37,44.63,64.44,11.99,4.53,11.27,58.97,38.28,2.75,14.25,18.77,854.45,849.44,0.82,1233.69,1.47,104.62,0.52,73.05,100.0,1.01,91.48,100.0,99.99,67.15,99.99,100.0,67.15,16.16,10.85,10.85,13.39,133.91,0.86,13.47,82.86,17.14,32.85,11.67,175.52,57.35,83.88,83.88,82.76,100.0,82.76,8.99,0.14,143.91,6.01,50.0,6.0,,0.0,109.76,110.06,1.39,108.74,0.28,108.74,0.84,,,,,,,,,,SABESP,Água e Esgotos,SABESP,1.47,37358.97,1.55,35.76,,54.76,78.79,21.21,0.0,,100.0,100.0,100.0,19.28,702.88,0.8,0.54,,137.22,49.64,54.55,2.24,,0.37,164.33,100.0,13.45,26.65,,16.67,16.67,33.33,8.33,25.0,38.2,0.27,0.05,100.0,,,,0.31,33.82,21.21,,0.27,18.18,Sim
3550308,99.98,100.0,85.52,,,100.0,6.85,1.69,100.0,92.18,61.73,100.0,100.0,12.21,9.26,205.51,155.01,18.66,11.52,70.08,58.83,41.17,24.46,42.16,310.72,90.16,0.33,22871.24,,18.49,12.58,,95.88,0.41,4.99,99.26,99.4,0.0,95.04,95.05,86.15,82.1,82.11,74.43,5.73,1.66,92.44,92.44,76.06,66.32,88.89,0.21,0.28,40.57,0.04,0.51,0.0,0.0,100.0,0.08,33.0,0.0,0.0,0.0,100.0,,0.0,50.59,21.97,164.65,,,,,0.56,22.46,100.0,100.0,100.0,100.0,100.0,100.0,70.59,3009.48,0.0,0.84,0.58,0.26,8.06,3.94,3.83,0.0,0.05,0.0,,,,,1.29,1.26,0.03,355030,3.42,2.08,351.15,4.38,4.22,4.56,128.27,1.23,27.22,184866.73,47.44,12.53,21.22,15.89,12.86,26.4,44.73,9.72,2.59,27.11,49.4,49.74,0.86,125.11,8167.43,1177.08,726.35,0.81,1993.93,1.53,135.29,1.22,99.3,100.0,1.6,92.54,100.0,99.96,65.59,99.95,100.0,65.62,19.56,11.9,11.9,13.93,162.18,0.19,6.02,76.84,23.16,34.38,46.96,326.92,96.3,97.0,97.0,74.41,92.2,68.6,5.58,0.08,1889.04,10.97,,,22.05,3.63,16.23,106.38,0.04,106.35,0.35,106.07,0.67,,,,,,,,,,SABESP,Água e Esgotos,SABESP,1.44,129736.78,4.43,99.71,,186.58,1.39,98.61,3.46,,99.1,100.0,100.0,100.0,2274.01,0.44,0.87,0.85,336.7,57.12,30.92,7.09,2.21,0.87,,79.48,0.84,2.65,2.14,28.56,57.39,5.32,0.0,8.73,6.63,9.62,1.11,100.0,,,,0.54,37.62,37.22,,0.4,27.49,Sim
3550407,82.71,82.07,98.69,83.96,82.22,,12.5,1.06,100.0,92.66,42.29,100.0,83.69,9.98,11.83,148.49,114.83,22.55,9.54,42.29,52.46,47.54,57.71,34.29,452.43,99.4,0.93,121.5,,1.0,6.0,,94.24,0.75,3.11,78.99,82.15,0.0,,62.92,,,62.92,,9.86,1.03,,,95.0,64.29,67.68,3.55,13.77,2.0,1.0,0.26,0.57,100.0,0.0,0.0,0.0,297.66,148.83,99.37,0.63,24.47,115.13,196.52,98.26,13.58,51869.26,35574.97,66.02,13.6,31.95,68.05,79.64,82.83,0.0,82.83,73.0,74.4,99.66,2382.96,0.05,0.82,1.03,0.0,1.64,1.48,0.4,0.0,,,44.19,28.37,1.63,20.93,0.36,0.36,0.0,355040,2.64,1.83,358.58,1.77,2.09,1.43,66.93,0.0,43.87,56632.62,103.21,38.54,65.54,0.0,13.48,37.34,63.5,19.34,3.01,13.06,43.04,28.02,28.94,365.62,108.84,248.7,247.96,2.37,422.95,4.47,136.35,,100.0,100.0,1.01,80.97,11.45,99.83,38.37,77.97,84.37,49.21,26.75,13.16,10.33,15.78,176.65,,13.17,59.01,40.99,50.79,32.0,449.14,100.0,100.0,100.0,74.07,0.0,0.0,9.42,,,,,,2.0,3.16,2.0,100.0,0.38,100.0,0.02,100.0,2.29,,,,,,,,,,SAAESP,Água e Esgoto,LPU,,,1.54,6.2,123.97,55.51,,,,68.81,84.14,100.0,100.0,3.28,2216.56,0.73,1.4,0.96,98.28,90.2,36.67,,45.88,1.39,,60.08,0.03,0.15,4.78,,,,,,16.69,2.3,0.17,0.0,,,,0.07,3.61,3.33,,0.87,43.33,Sim
3550506,82.22,100.0,25.66,87.09,,10.88,13.13,1.02,97.13,98.59,0.0,0.0,100.0,0.0,16.45,238.63,238.63,19.0,16.45,86.57,86.57,13.43,13.43,6.49,85.22,0.0,0.57,450.0,190.0,0.48,2.5,1.0,100.0,8.99,1.87,82.22,100.0,25.66,85.06,,10.88,85.06,,10.88,11.35,1.03,95.93,95.93,115.52,115.52,100.0,0.51,1.82,0.83,0.67,1.61,0.83,78.57,21.43,0.0,0.0,0.35,0.17,100.0,0.0,-8.9,0.22,170.82,83.33,44.81,25000.0,100000.0,49500.05,49500.05,86.67,13.33,81.82,100.0,24.0,100.0,0.0,0.0,0.0,283.33,0.27,0.32,0.32,0.07,0.0,0.0,0.0,0.0,,,,,,,0.0,0.0,0.0,355050,1.94,1.57,205.62,1.92,1.34,,99.0,0.0,39.86,32586.88,81.88,21.9,40.27,0.06,5.12,26.74,49.18,41.64,1.64,6.26,70.0,30.0,0.0,18.16,14.71,322.26,320.05,1.7,592.62,3.32,120.49,0.34,96.53,98.45,1.0,99.36,0.0,95.35,96.45,98.84,100.0,97.58,21.43,20.91,20.8,21.43,223.99,0.44,13.09,100.0,0.0,2.42,1.26,17.05,70.44,98.45,98.45,84.3,90.2,76.03,11.64,1.81,540.0,8.0,,7.22,1.11,0.3,1.0,100.0,2.85,101.45,5.71,100.0,5.71,,,,,,,,,,SAAE,Água e Esgoto,LPU,,,1.64,1.89,,72.23,,,,,70.9,99.09,99.09,9.5,1064.96,1.09,1.1,,,,46.15,45.25,,1.11,,,6.43,25.89,,26.76,19.01,31.69,6.34,16.2,38.29,1.95,0.18,0.0,,,,0.36,,15.38,,0.36,15.38,Sim
3550605,83.54,92.63,0.0,79.5,87.83,0.0,13.46,1.18,99.99,91.59,56.3,100.0,100.0,12.7,14.4,171.13,150.12,21.46,12.08,56.65,67.09,32.91,43.35,23.91,360.32,88.28,1.06,15035.42,,8.75,14.42,,72.58,52.4,13.8,51.56,57.17,0.0,48.89,54.01,0.0,48.89,54.01,0.0,11.2,1.16,90.66,90.66,70.68,70.68,100.0,0.38,0.11,11.0,0.02,0.35,0.65,2.53,97.47,0.0,0.0,323.0,150.9,93.64,6.36,36.94,66.82,325.53,152.08,35.79,96333.83,96333.83,100.78,0.78,1.28,98.72,100.0,100.0,100.0,100.0,36.88,40.89,0.0,1615.98,0.01,0.76,0.76,0.0,11.83,8.28,1.57,0.0,,,,,,,1.1,1.1,0.0,355060,4.53,3.25,600.24,3.65,3.58,3.74,80.47,-1.53,36.18,200458.67,89.19,36.26,44.96,30.36,10.56,40.65,50.41,25.61,4.26,11.84,55.41,42.49,2.11,26.18,63.24,662.54,593.38,1.36,821.5,2.28,91.72,0.62,67.74,74.69,1.11,91.86,100.0,100.0,49.3,100.0,100.0,49.3,25.46,12.54,12.54,15.0,167.11,1.16,13.45,58.97,41.03,50.7,30.76,469.01,46.17,50.9,50.9,70.29,93.38,65.63,8.32,0.62,971.76,6.8,345.83,7.5,,0.0,249.72,103.08,1.74,103.08,0.37,102.95,1.25,,,,,,,,,,SABESP,Água e Esgotos,SABESP,,,3.77,100.0,50.61,112.57,,,,56.97,90.7,100.0,100.0,100.0,2819.2,0.29,1.0,,196.37,63.78,26.09,,,1.0,,20.0,19.88,72.68,,32.5,44.17,15.83,5.83,1.67,109.03,5.83,0.58,100.0,100.0,79.31,3.62,0.27,21.27,23.91,0.3,0.19,17.39,Sim
3550704,71.88,73.07,0.0,66.6,67.46,0.0,13.88,1.33,99.99,92.6,60.11,100.0,100.0,13.71,15.89,306.67,211.21,21.54,12.95,70.94,73.79,26.21,29.06,17.78,273.13,90.43,0.59,3093.06,,104.02,13.51,,75.0,8.81,12.69,56.12,57.05,0.0,51.33,51.99,0.0,51.33,51.99,0.0,11.44,1.26,91.09,91.09,81.82,81.82,100.0,1.46,0.12,58.43,0.02,8.48,2.28,40.52,59.48,1.0,10.0,621.89,404.15,100.0,0.0,0.0,25.18,2469.54,1604.9,2193.29,115235.46,,397.1,123.65,26.42,46.43,99.08,100.0,43.36,98.0,11.9,6.05,0.0,2863.02,0.0,1.68,1.66,0.03,483.04,383.04,9.56,0.0,,,39.16,39.16,8.04,11.75,7.43,7.43,0.0,355070,6.04,4.88,965.9,4.28,4.28,4.27,70.81,3.1,50.2,216138.27,114.12,50.51,70.89,25.05,12.66,44.26,62.12,15.88,4.75,11.09,56.18,41.42,2.4,36.09,145.97,360.21,299.89,2.38,505.59,4.24,79.0,0.85,73.26,74.1,1.2,91.57,100.0,100.0,61.71,100.0,100.0,61.71,25.17,13.9,13.9,16.93,207.74,0.55,12.56,75.15,24.85,38.29,23.62,340.8,57.99,58.65,58.65,75.82,100.0,75.82,12.41,1.23,1381.49,7.34,,,,0.0,141.43,100.31,0.0,100.55,2.58,100.08,0.31,,,,,,,,,,SABESP,Água e Esgotos,SABESP,,,,,,,,,,,,,,,,,,,,,,,,,,,,,,,,,,,,,,,,,,,,,,,,Sim
3550803,77.62,100.0,0.0,77.67,98.17,0.0,15.44,1.03,100.0,92.18,74.26,100.0,100.0,11.89,14.29,240.8,188.33,16.01,11.89,85.52,89.22,10.78,14.48,4.8,78.41,93.33,0.07,,,1.12,,,100.0,,6.99,77.62,100.0,0.0,70.4,88.98,0.0,70.3,88.86,0.0,16.91,1.03,92.28,92.28,99.92,99.92,100.0,0.27,0.05,1.67,1.0,,,,,,,,,,,,,,,,,,,,,,,,,,,,,,,,,,,,,,,,,,,,,,,355080,2.0,1.9,351.53,2.31,2.53,2.09,115.28,0.0,72.22,42233.61,82.46,26.14,62.65,0.0,3.28,31.7,75.98,5.39,5.27,3.98,55.65,44.35,0.0,0.0,45.53,158.13,153.39,2.72,378.95,5.44,121.27,0.57,100.0,100.0,1.03,92.74,100.0,100.0,59.23,76.11,100.0,77.83,20.12,15.66,11.91,15.66,151.96,0.07,16.81,77.83,22.17,22.17,8.45,151.17,100.0,100.0,100.0,96.51,100.0,96.51,16.68,0.28,400.0,6.0,,,2.0,0.03,0.5,200.0,0.14,200.0,0.25,100.0,0.0,0.37,1.33,0.75,13.25,17.54,7.67,11.95,29.97,55.27,ASSG,Água e Esgoto,LEP,,,3.17,0.89,,121.77,,,,,83.53,100.0,100.0,0.0,1716.57,0.87,1.28,0.86,207.49,79.85,14.0,,17.94,1.01,,,,,,,,,,,,,,0.0,,,,1.25,19.27,20.0,,1.0,16.0,Não
3550902,91.54,100.0,4.09,95.4,,3.15,7.31,1.0,98.92,98.68,50.53,100.0,100.0,13.77,17.04,199.62,195.58,27.2,13.74,50.53,62.67,37.33,49.47,39.72,443.05,100.0,0.0,700.2,920.0,2.33,9.0,13.0,100.0,14.1,0.96,91.18,100.0,0.0,,92.55,,,0.0,,11.19,0.51,,,59.37,0.0,0.0,0.0,0.92,4.0,1.0,2.5,2.28,64.52,35.48,0.81,11.0,0.0,0.0,,,,0.0,382.22,182.22,231.27,110044.31,90581.02,,,75.11,24.89,100.0,100.0,100.0,98.73,99.9,98.73,0.0,8340.0,0.0,1.68,1.17,0.56,106.07,58.93,24.74,100.0,,,,,,,9.59,9.59,0.0,355090,1.17,1.17,165.69,0.72,0.67,0.97,61.46,0.0,53.2,41165.26,162.72,56.5,86.56,0.0,0.0,34.72,53.2,40.17,6.64,0.0,77.8,22.2,0.0,0.0,22.98,467.03,466.99,1.4,715.57,2.7,61.46,,88.94,98.7,1.0,99.98,100.0,50.2,0.0,0.0,100.0,72.31,19.08,13.8,0.0,19.08,185.16,0.0,11.69,100.0,0.0,27.69,14.86,173.74,88.94,98.7,98.7,27.2,0.0,0.0,12.57,0.0,354.5,8.33,354.5,7.5,0.43,0.54,0.01,100.0,1.72,100.0,0.0,100.0,0.0,,,,,,,,,,PMSS,Água e Esgoto,LPU,1.74,57317.86,2.76,10.55,,99.63,83.33,16.67,8.33,,90.12,100.0,100.0,0.0,897.76,0.87,0.67,0.67,,,50.0,,0.36,0.67,,,,,,,,,,,,2.98,0.44,0.0,,,,0.29,,16.67,,0.29,16.67,Sim
3551009,94.07,94.15,0.0,95.44,95.52,0.0,9.15,1.62,100.0,92.97,38.85,100.0,100.0,11.59,13.3,275.11,135.46,28.42,11.04,67.61,46.79,53.21,32.39,45.7,490.63,84.48,0.03,,,14.65,,,98.31,,11.24,93.41,93.49,0.0,75.76,75.83,0.0,75.76,75.83,0.0,4.81,1.63,93.63,93.63,76.18,76.18,100.0,0.54,0.3,11.36,0.02,0.86,0.69,56.09,43.91,0.49,61.5,678.08,190.34,99.58,0.42,0.42,151.91,446.37,125.3,137.67,17977.12,,65.83,0.01,5.94,94.06,97.49,97.58,0.0,74.23,74.16,74.23,61.21,2704.76,0.02,1.07,0.75,0.34,4.93,1.28,1.37,0.0,0.01,0.0,19.88,34.79,23.56,18.72,0.24,0.24,0.0,355100,3.5,2.49,426.58,3.58,3.58,3.58,102.45,2.05,41.19,159722.01,69.52,20.79,40.21,12.37,8.44,29.9,57.83,11.93,8.01,12.15,54.56,44.31,1.13,93.49,366.49,647.42,408.84,1.26,1252.12,2.23,117.61,1.31,90.92,91.09,1.52,94.99,100.0,100.0,51.61,100.0,100.0,51.61,30.8,12.37,12.37,14.4,158.5,0.05,8.73,60.07,39.93,48.39,55.88,581.58,77.43,77.58,77.58,70.36,100.0,70.36,4.94,0.5,13455.5,6.41,8956.17,6.0,,0.0,202.47,105.71,0.32,105.56,1.87,105.63,1.26,,,,,,,,,,SABESP,Água e Esgotos,SABESP,0.88,132982.44,4.93,100.0,111.88,117.65,0.0,100.0,6.81,131.62,99.81,100.0,100.0,100.0,2816.45,0.28,0.68,,411.28,86.54,31.27,,,0.68,,41.08,1.04,2.58,,,,,,,3.69,1.8,0.27,100.0,,,,0.44,13.46,49.54,,0.11,12.38,Sim
3551108,89.6,100.0,62.03,87.09,100.0,52.85,20.79,1.06,100.0,92.27,76.9,100.0,100.0,11.04,13.57,184.73,169.0,13.72,10.55,78.01,98.91,1.09,21.99,4.71,104.91,92.91,1.46,224.0,,12.92,6.0,,85.31,4.57,10.5,57.58,79.31,0.0,46.27,53.11,28.1,46.27,53.11,28.1,18.23,1.02,90.77,90.77,69.15,69.15,100.0,0.18,0.64,3.48,0.2,4.79,1.69,63.64,36.36,1.13,12.0,49.64,26.95,100.0,0.0,87.04,2.89,223.0,121.04,206.85,38844.02,131098.57,449.19,366.08,72.74,27.26,100.0,100.0,100.0,100.0,100.0,100.0,0.0,1449.43,0.09,1.12,0.57,0.75,10.11,7.99,4.83,0.0,,,,,,,1.95,1.95,0.0,355110,3.91,3.2,515.91,2.85,2.98,2.61,72.9,-7.34,54.26,225437.77,112.56,46.46,74.44,36.06,19.01,41.27,66.13,10.62,0.0,16.88,64.81,32.16,3.04,3.46,9.61,660.79,649.45,0.96,1058.75,1.51,80.32,0.31,85.34,100.0,1.02,91.86,100.0,100.0,81.55,100.0,100.0,81.55,12.99,10.6,10.6,13.5,160.75,1.67,18.33,103.92,-3.92,18.45,3.83,80.05,47.77,64.88,64.88,61.75,86.82,53.61,12.7,0.25,228.46,6.0,,,,0.0,72.8,110.61,2.05,109.09,0.93,109.09,0.46,,,,,,,,,,SABESP,Água e Esgotos,SABESP,2.38,18600.34,1.2,2.95,44.89,44.22,100.0,0.0,16.67,19.85,85.01,100.0,100.0,0.0,1064.96,0.79,0.72,,124.24,74.22,33.33,,,0.63,,,,,,,,,,,,1.09,0.15,0.0,,63.71,0.96,0.53,22.84,22.22,0.16,0.66,27.78,Sim
3551207,88.86,100.0,1.64,84.76,95.46,0.96,9.2,1.05,100.0,92.48,85.99,100.0,100.0,11.24,13.25,166.16,149.77,12.52,10.77,86.16,105.83,-5.83,13.84,6.2,59.58,95.54,1.12,1530.0,,2.68,6.0,,100.0,98.33,3.28,82.2,92.7,0.0,74.41,83.79,0.96,74.41,83.79,0.96,11.71,1.0,92.89,92.89,100.46,100.46,100.0,0.07,0.0,,0.0,3.59,1.2,100.0,0.0,0.6,2.0,21.56,10.51,100.0,0.0,31.07,15.8,94.03,45.83,104.9,29213.31,38292.04,436.15,436.15,100.0,0.0,88.67,100.0,0.0,100.0,88.67,100.0,0.0,206.0,0.0,0.6,0.64,0.03,24.99,22.74,10.64,0.0,0.58,0.0,,,,,9.22,9.22,0.0,355120,3.75,2.93,472.5,2.75,2.88,2.61,73.25,-30.32,53.47,214198.6,106.73,55.21,73.0,4.49,11.17,51.73,68.4,12.45,2.08,10.47,53.8,44.36,1.84,272.39,3.97,662.78,661.27,1.14,876.33,2.18,135.75,0.56,96.62,100.0,1.0,92.78,100.0,100.0,77.43,100.0,100.0,77.43,14.35,11.11,11.11,13.4,149.08,1.06,9.6,93.36,6.64,22.57,10.06,106.7,87.74,100.0,100.0,91.45,100.0,91.45,7.77,0.14,,,,,,0.0,3.16,111.67,0.0,110.83,0.0,110.83,0.0,,,,,,,,,,SABESP,Água e Esgotos,SABESP,3.37,39692.86,2.35,2.01,,133.65,100.0,0.0,,,100.0,100.0,100.0,11.36,,,0.65,,,,,7.1,,0.53,,,5.18,12.29,,,,,,,26.94,1.11,0.17,,,,,,,,,,,Sim
3551306,90.52,100.0,43.45,,,,10.1,1.1,100.0,87.88,91.96,100.0,100.0,12.78,13.96,203.02,170.07,12.83,11.8,91.96,108.81,-8.81,8.04,3.51,37.12,94.93,0.72,,,5.86,,,100.0,,3.18,84.25,100.0,5.99,,,,,,,9.77,1.03,87.34,87.34,101.4,101.4,100.0,0.58,0.0,,0.0,,,,,,,,,,,,,,,,,,,,,,,,,,,,,,,,,,,,,,,,,,,,,,,355130,3.05,2.66,449.27,3.25,3.46,3.05,106.55,3.13,56.44,178841.0,81.89,45.26,52.97,4.53,8.04,55.27,64.69,15.93,1.08,9.81,52.74,46.12,1.15,13.09,4.1,615.38,605.61,1.41,720.29,2.81,109.29,0.68,83.95,100.0,1.02,87.66,100.0,100.0,89.25,100.0,100.0,89.25,13.53,12.08,12.08,14.07,171.61,0.53,10.45,103.98,-3.98,10.75,4.42,48.58,83.72,100.0,100.0,100.0,100.0,100.0,11.05,0.84,1038.5,6.0,,,,0.0,27.27,100.83,0.0,100.83,0.0,100.83,0.0,,,,,,,,,,SABESP,Água e Esgotos,SABESP,,,2.64,71.66,5.38,257.14,,,,13.84,77.43,100.0,100.0,0.0,802.98,1.1,0.76,,386.23,41.64,21.43,198.94,,0.76,,100.0,2.65,7.35,,25.0,40.0,15.0,0.0,20.0,11.03,1.01,0.13,0.0,,,,0.74,5.39,14.29,,1.47,28.57,Não
3551405,71.17,75.83,0.0,65.84,70.86,0.0,10.0,1.07,100.0,91.13,90.24,100.0,100.0,20.82,21.59,255.08,154.38,21.84,19.71,90.61,98.86,1.14,9.39,6.23,71.83,85.7,0.99,,,6.59,,,98.25,,10.36,65.39,69.67,0.0,58.99,63.49,0.0,58.99,63.49,0.0,5.84,1.01,92.13,92.13,60.73,60.73,100.0,0.0,0.3,102.71,0.1,1.63,0.61,50.0,50.0,0.0,0.0,51.41,23.34,82.17,17.83,17.83,61.0,84.28,38.26,62.28,68064.48,24353.02,163.93,63.93,47.76,52.24,100.0,100.0,100.0,100.0,0.0,0.0,0.0,2221.55,0.0,0.93,0.45,0.52,0.0,0.0,0.0,0.0,,,,,,,0.0,0.0,0.0,355140,3.45,3.12,568.1,2.93,3.24,2.61,84.97,0.71,62.93,246165.98,106.37,58.63,74.06,8.13,13.01,55.12,69.62,10.61,0.82,12.23,54.8,42.44,2.76,23.55,10.11,622.36,616.42,1.28,786.19,2.54,93.49,0.57,58.14,81.62,1.01,91.97,100.0,100.0,81.11,100.0,100.0,81.11,16.65,13.48,13.48,15.26,170.75,1.05,9.54,91.81,8.19,18.89,9.6,104.33,56.42,79.22,79.22,89.53,100.0,89.53,6.58,0.0,531.6,6.0,,,,0.0,116.62,106.67,2.08,106.67,0.0,106.67,2.08,,,,,,,,,,SABESP,Água e Esgotos,SABESP,,,2.37,0.0,,73.57,,,,,69.63,76.61,76.61,0.0,1597.44,0.57,0.79,,159.76,62.38,20.0,,,0.81,,,,,,,,,,,,,,0.0,,,,1.15,32.08,40.0,,0.19,6.67,Sim
3551504,97.87,98.55,3.11,,,8.0,7.45,1.14,99.86,96.55,26.43,87.57,0.0,10.94,14.85,174.36,164.94,40.05,12.09,30.18,37.07,62.93,69.82,131.96,1044.32,0.0,0.69,2666.67,,1.51,6.67,,97.62,13.76,2.05,97.87,98.55,3.11,,,,,,,7.8,1.15,,,79.7,71.73,90.0,0.21,7.27,0.5,1.0,0.44,0.37,0.0,100.0,0.0,0.0,130.26,50.52,100.0,0.0,0.0,42.48,306.63,118.92,18.63,,,235.4,26.16,15.38,84.62,100.0,100.0,100.0,100.0,0.0,0.0,0.0,5625.0,0.09,1.36,0.63,0.73,0.0,0.0,0.0,0.0,,,,,,,0.0,0.0,0.0,355150,1.0,1.0,230.64,0.94,1.18,0.71,94.82,0.0,61.96,49399.14,105.46,14.79,65.35,0.0,0.0,14.03,61.96,35.4,2.63,0.0,62.58,37.42,0.0,129.34,97.18,345.66,305.04,0.74,1526.93,1.48,94.82,,98.78,98.78,1.13,95.66,100.0,99.8,35.08,98.68,36.0,35.55,36.65,13.03,12.88,19.32,161.92,,7.44,52.72,47.28,64.45,110.51,879.89,98.78,98.78,98.78,99.22,0.0,0.0,7.51,0.0,5000.0,48.0,38.46,6.04,0.24,7.08,0.93,136.33,0.29,94.63,0.08,36.02,0.0,,,,,,,,,,PMS,Água e Esgoto,LPU,,,2.5,89.32,25.99,67.13,,,,17.44,98.94,100.0,100.0,99.39,2418.53,0.29,0.6,0.6,291.75,95.84,59.09,,0.61,0.6,,,,,,,,,,,,1.1,0.18,,,,,0.0,0.0,0.0,,0.13,27.27,Sim
3551603,77.63,91.1,6.87,86.0,99.42,8.28,11.65,1.46,100.0,87.38,66.93,100.0,100.0,11.6,13.32,274.01,183.9,15.95,10.68,82.12,83.47,16.53,17.88,10.97,136.89,93.18,1.24,2199.21,,11.05,8.74,,100.0,14.66,9.13,65.56,78.05,0.0,60.39,69.81,5.83,60.24,69.63,5.83,10.95,1.42,86.26,86.26,80.84,80.64,99.75,0.08,0.45,11.72,0.13,1.16,0.55,100.0,0.0,0.0,0.0,162.25,88.7,100.0,0.0,0.0,93.4,173.71,94.96,64.26,55630.03,52955.19,107.06,32.83,55.79,44.21,100.0,100.0,100.0,100.0,64.55,76.85,54.37,1888.06,0.68,1.34,0.73,0.72,3.22,2.57,0.78,0.0,0.01,0.0,,,,,0.34,0.34,0.0,355160,4.55,3.17,507.33,3.12,3.38,2.8,68.51,-2.21,38.44,183418.64,101.57,37.43,56.1,27.0,12.78,36.86,55.24,18.41,6.92,12.58,55.26,37.5,7.25,18.19,36.72,654.53,453.96,1.47,980.94,2.63,95.44,0.65,78.52,90.51,1.4,89.21,100.0,99.99,73.97,99.98,100.0,73.98,17.15,10.65,10.65,13.51,200.05,1.26,11.92,93.87,6.13,26.02,13.33,172.64,65.75,75.78,75.78,80.85,100.0,80.85,12.22,0.07,348.91,6.0,,,,0.0,38.63,104.43,0.1,104.32,0.0,104.22,0.3,,,,,,,,,,SABESP,Água e Esgotos,SABESP,,,2.19,12.69,104.96,73.83,,,,77.49,100.0,100.0,100.0,26.31,1541.23,0.63,0.83,0.72,177.32,73.1,30.77,,0.39,0.72,,,,,0.0,,,,,,0.0,1.25,0.15,0.0,,56.25,1.02,0.99,24.04,48.08,0.32,0.39,19.23,Sim
3551702,99.09,100.0,0.0,98.51,99.41,0.0,10.95,1.07,99.51,92.47,44.04,93.42,100.0,16.02,19.94,270.21,223.09,36.21,17.07,51.14,55.06,44.94,48.86,55.52,622.83,0.0,1.22,400.0,,2.0,8.0,,93.88,0.7,2.14,99.09,100.0,0.0,97.93,98.83,0.0,97.93,98.83,0.0,8.92,1.07,92.49,92.49,80.0,80.0,100.0,0.13,7.12,1.0,0.87,0.84,0.28,0.0,100.0,1.49,33.0,450.33,189.5,100.0,0.0,0.0,83.06,542.17,228.14,144.51,,,120.39,0.07,0.11,99.89,99.09,100.0,0.0,100.0,16.83,16.99,0.0,9700.2,0.12,1.41,0.68,0.75,27.53,17.02,1.89,0.0,0.02,0.0,37.93,29.18,10.88,22.02,0.56,0.56,0.0,355170,1.92,1.92,402.74,1.39,1.37,1.4,72.24,0.0,64.74,70871.99,138.43,21.21,89.62,0.0,0.0,15.32,64.74,33.84,1.42,0.0,41.44,33.8,24.76,71.95,365.45,271.83,248.85,0.95,1148.44,1.89,96.01,0.52,99.6,99.9,1.09,92.22,100.0,99.55,65.3,99.56,100.0,65.59,29.47,19.33,19.32,19.34,254.36,1.43,10.71,65.64,34.36,34.41,30.95,364.45,99.6,99.9,99.9,80.0,100.0,80.0,8.78,0.08,923.08,12.0,,,0.33,8.92,1.38,256.35,2.95,100.0,0.0,100.0,0.0,,,,,,,,,,SAEMAS,Água e Esgoto,LPU,2.32,37764.12,2.92,100.0,112.05,87.48,0.0,100.0,2.08,98.02,98.83,100.0,100.0,100.0,1526.04,0.47,0.72,0.63,103.01,27.15,20.14,12.55,14.35,0.72,310.21,100.0,2.38,6.27,3.35,38.46,27.56,8.27,18.4,7.31,7.72,1.66,0.23,100.0,100.0,55.98,2.38,0.42,19.91,18.06,0.31,1.25,54.17,Sim
3551801,72.0,100.0,35.1,65.25,100.0,20.9,18.63,1.08,100.0,88.98,79.36,100.0,100.0,12.88,14.03,174.5,145.98,15.16,12.03,83.61,92.72,7.28,16.04,4.01,87.94,82.9,0.56,1374.0,,10.15,8.0,,77.59,35.51,7.21,50.84,89.42,0.0,46.1,70.63,14.79,46.1,70.63,14.79,6.44,1.01,89.94,89.94,72.41,72.41,100.0,0.21,0.39,3.78,0.08,1.36,0.77,100.0,0.0,0.0,0.0,56.76,28.49,100.0,0.0,0.0,32.08,176.94,88.8,84.0,19430.4,19430.4,311.71,52.83,22.04,77.96,100.0,100.0,100.0,100.0,0.0,0.0,27.59,966.67,0.0,0.62,0.51,0.19,0.0,0.0,0.0,0.0,,,,,,,0.0,0.0,0.0,355180,4.35,3.66,620.02,3.51,3.53,3.48,80.58,-1.67,60.11,199302.02,104.4,51.24,74.6,16.12,11.64,49.08,71.46,8.24,2.33,11.15,55.59,41.61,2.8,29.43,13.83,449.84,447.67,1.53,654.89,2.76,92.31,0.68,70.6,100.0,1.0,90.21,100.0,100.0,74.58,100.0,100.0,74.58,16.04,11.96,11.96,14.41,151.78,0.55,18.35,89.86,10.14,25.42,6.17,134.74,56.27,100.0,100.0,73.13,100.0,73.13,6.99,0.28,425.0,6.0,,,,0.0,158.87,107.33,0.0,107.33,0.31,107.33,0.0,,,,,,,,,,SABESP,Água e Esgotos,SABESP,1.97,65709.57,1.98,63.84,,129.66,28.57,71.43,7.14,,93.52,98.66,56.38,58.68,1176.41,0.85,0.85,,335.24,80.51,42.86,,,0.5,,56.38,2.04,6.34,,11.11,44.44,44.44,0.0,0.0,7.33,2.05,0.24,100.0,,,,0.42,13.35,21.43,,0.42,21.43,Sim
3551900,95.28,100.0,0.0,96.16,,0.0,7.91,1.06,100.0,94.48,62.36,69.84,93.27,14.55,15.48,258.99,258.99,22.04,19.68,89.28,70.23,29.77,10.72,9.67,82.18,47.54,0.96,138.89,257.75,2.2,5.19,0.59,49.3,4.36,1.25,95.28,100.0,0.0,,,,,93.84,,8.38,0.47,,,116.88,116.88,100.0,0.04,1.4,2.4,1.0,0.71,0.28,57.14,42.86,0.0,0.0,55.17,22.06,100.0,0.0,0.0,134.16,41.12,16.44,17.51,22938.32,58371.24,74.54,74.54,67.88,32.12,96.44,100.0,24.6,100.0,23.77,24.95,31.37,1445.33,0.0,0.81,0.76,0.08,10.86,10.29,0.97,0.0,0.02,0.0,,,,,0.83,0.83,0.0,355190,1.17,1.09,211.22,1.15,1.66,0.64,97.78,-10.4,47.71,32492.1,94.88,24.47,48.8,0.0,4.05,25.79,51.43,38.92,3.16,4.26,72.06,27.88,0.06,0.0,33.9,299.08,286.7,1.75,596.35,3.49,115.38,0.67,100.0,100.0,1.06,94.06,100.0,100.0,51.74,51.74,100.0,100.0,28.52,28.52,14.75,15.86,277.9,0.69,11.51,55.62,44.38,0.0,0.0,0.0,100.0,100.0,100.0,95.6,97.73,93.43,11.48,0.01,152.2,7.8,104.29,6.46,2.16,0.53,0.34,107.25,23.76,107.25,0.0,107.25,1.13,,,,,,,,,,SAAE,Água e Esgoto,LPU,,,1.26,0.0,,32.86,,,,,100.0,100.0,100.0,0.0,,,1.45,,18.07,29.15,,,,1.38,,,,,,,,,,,,,,,,,,,0.0,,,,,Sim
3552007,62.62,100.0,21.83,57.11,100.0,12.32,10.85,1.09,100.0,87.48,79.3,100.0,100.0,10.6,12.72,164.77,142.73,12.42,9.85,79.87,102.38,-2.38,20.13,7.66,89.27,90.66,1.05,328.0,,15.82,8.0,,97.26,16.76,6.29,51.7,99.09,0.0,39.41,69.05,8.44,39.41,69.05,8.44,9.97,1.02,86.95,86.95,85.57,85.57,100.0,0.62,0.73,8.08,0.14,9.71,0.48,100.0,0.0,0.0,0.0,39.66,22.21,100.0,0.0,0.0,69.4,57.15,32.0,201.36,20727.26,24516.2,144.1,52.46,85.15,14.85,100.0,100.0,100.0,100.0,0.0,0.0,0.0,263.88,0.0,0.46,0.44,0.04,0.0,0.0,0.0,0.0,0.0,0.0,,,,,0.0,0.0,0.0,355200,4.64,4.68,740.2,2.91,3.2,2.56,62.61,-0.17,67.53,204008.52,161.2,75.38,107.86,11.48,12.03,46.76,66.91,19.97,1.3,7.46,58.02,39.64,2.34,22.31,7.15,411.91,406.39,1.72,589.4,3.16,68.03,0.77,64.04,100.0,1.01,88.25,100.0,100.0,79.85,100.0,100.0,79.85,12.82,10.23,10.23,13.1,133.85,1.9,14.27,102.25,-2.25,20.15,5.51,85.95,53.79,100.0,100.0,90.59,100.0,90.59,11.0,0.58,620.13,7.75,,,,0.0,43.36,109.17,1.53,108.75,0.0,108.75,1.15,,,,,,,,,,SABESP,Água e Esgotos,SABESP,,,,,,,,,,,,,,,,,,,,,,,,,,,,,,,,,,,,,,,,,,,,,,,,Sim
3552106,61.9,100.0,1.28,59.6,94.24,0.47,14.63,1.27,100.0,85.21,74.19,100.0,100.0,11.5,12.68,182.77,153.03,14.1,10.46,74.19,89.9,10.1,25.81,9.98,152.15,95.19,0.71,2448.91,,15.8,14.64,,94.3,18.3,9.35,54.81,89.27,0.0,43.75,69.17,0.36,42.92,67.85,0.34,12.2,1.18,84.18,84.21,71.46,70.96,99.3,0.78,0.13,16.25,0.08,1.38,0.18,100.0,0.0,0.69,24.0,0.0,0.0,,,,0.0,22.23,11.45,159.76,116045.25,62476.94,,,100.0,0.0,92.28,100.0,80.0,100.0,84.56,100.0,0.0,1237.5,0.22,0.66,0.7,0.02,38.04,30.85,13.7,0.0,,,44.29,30.0,2.86,21.43,10.91,8.48,2.42,355210,3.1,2.19,356.74,3.06,3.38,2.71,98.76,0.33,44.62,170448.11,71.64,30.58,45.18,37.06,4.36,42.68,63.06,16.82,4.41,6.09,57.1,40.94,1.97,14.62,28.07,757.68,642.6,1.05,1119.45,1.99,90.93,0.59,60.5,88.97,1.17,86.72,100.0,100.0,73.04,100.0,100.0,73.04,15.34,11.2,11.2,13.62,167.19,0.68,13.77,88.79,11.21,26.96,10.61,158.95,54.98,80.87,80.87,71.5,99.4,71.07,12.15,0.73,,,,,21.54,1.74,18.18,101.53,0.0,101.53,0.5,101.53,0.5,,,,,,,,,,SABESP,Água e Esgotos,SABESP,2.55,20825.55,1.3,0.0,,53.03,66.2,33.8,7.04,,92.67,100.0,100.0,19.03,1392.06,0.75,1.11,0.79,89.34,67.37,29.58,,2.73,0.81,,96.84,8.89,36.05,18.18,53.73,15.52,2.39,18.41,9.95,71.73,7.08,0.64,0.0,,189.74,0.8,0.29,25.66,11.27,0.07,0.36,14.08,Sim
3552205,98.97,99.65,5.04,98.55,99.23,4.33,8.38,1.32,100.0,92.75,63.24,96.29,100.0,12.69,14.52,193.35,170.47,20.07,13.18,65.78,72.36,27.64,34.22,33.78,297.32,15.39,0.37,2396.09,,10.5,7.0,,96.76,0.73,1.84,98.85,99.57,0.0,92.55,93.22,0.0,90.24,90.89,0.0,6.1,1.97,62.14,61.88,90.59,88.33,97.62,0.77,9.83,48.59,1.0,0.83,0.19,4.7,95.3,1.44,72.0,352.77,149.43,99.13,0.87,0.87,84.7,416.49,176.42,61.06,69056.59,117857.14,118.06,1.46,1.77,98.23,100.0,100.0,100.0,100.0,13.2,13.3,0.0,7707.73,0.01,0.92,0.83,0.09,65.0,47.0,2.84,0.0,,,,,,,1.85,1.85,0.0,355220,1.95,1.93,303.74,3.56,3.09,4.2,182.5,13.14,75.46,87486.9,54.37,30.51,41.35,8.78,0.0,56.11,76.06,17.74,4.44,0.0,44.22,44.23,11.55,34.15,1486.24,378.71,301.67,2.45,513.33,4.77,155.52,0.54,98.49,99.5,1.25,91.54,100.0,100.0,61.12,95.82,99.21,63.79,21.23,13.14,12.59,14.77,186.67,0.4,8.59,71.68,28.32,36.21,34.16,306.83,98.22,99.23,99.23,84.76,97.5,82.64,6.37,0.69,5466.0,11.02,,,2.5,8.36,3.0,164.67,0.0,164.67,0.0,115.65,0.0,,,,,,,,,,SAAE,Água e Esgoto,LPU,1.14,147316.31,6.33,100.0,57.39,167.81,0.0,100.0,2.09,96.3,100.0,100.0,100.0,100.0,2758.47,0.42,1.0,0.79,195.76,42.46,36.55,,25.33,0.99,,15.91,1.2,4.36,1.54,51.19,34.13,10.24,3.41,1.02,4.46,6.98,0.7,100.0,100.0,61.65,,0.45,6.61,39.16,0.18,0.24,20.89,Sim
3552304,97.84,100.0,82.78,92.45,99.64,38.98,12.58,1.08,100.0,90.23,85.55,100.0,100.0,12.95,14.15,169.1,153.32,14.18,12.13,85.67,99.81,0.19,14.33,5.1,71.96,88.04,0.77,295.0,,4.02,9.0,,100.0,9.59,3.9,87.02,99.48,0.0,83.92,90.45,35.35,83.92,90.45,35.35,12.27,1.04,89.44,89.44,105.4,105.4,100.0,0.07,0.02,7.0,0.02,2.91,0.8,24.0,76.0,0.0,0.0,48.47,22.61,100.0,0.0,0.0,42.64,113.66,53.01,141.49,57471.23,114942.45,234.5,136.21,34.84,37.7,100.0,100.0,100.0,100.0,0.0,0.0,79.4,152.4,0.13,0.56,0.52,0.05,0.0,0.0,0.0,0.0,,,,,,,0.0,0.0,0.0,355230,2.65,2.03,344.2,2.77,3.07,2.47,104.5,-4.45,49.06,245324.14,73.26,36.82,46.94,12.09,8.28,50.26,64.08,14.61,0.38,11.31,54.43,43.43,2.14,16.25,5.1,1112.23,1100.27,0.71,1418.12,1.42,120.14,0.7,95.24,100.0,1.01,91.74,100.0,100.0,81.94,100.0,100.0,81.94,14.78,12.11,12.11,14.12,153.73,0.76,11.85,95.5,4.5,18.06,6.73,88.74,94.58,100.0,100.0,100.0,100.0,100.0,11.85,0.04,313.33,8.0,,,,0.0,14.01,101.45,0.0,101.45,0.0,101.45,0.0,,,,,,,,,,SABESP,Água e Esgotos,SABESP,2.86,36565.53,1.81,100.0,,104.76,0.0,100.0,10.53,,85.93,100.0,100.0,100.0,1442.49,0.6,0.75,0.75,265.07,68.9,21.05,0.11,0.0,0.75,,,,,,,,,,,,1.4,0.19,100.0,100.0,72.91,0.82,1.36,24.37,47.37,0.35,0.45,15.79,Sim
3552403,99.56,100.0,0.0,,,,8.86,1.2,100.0,92.26,63.12,100.0,100.0,12.95,14.67,219.75,154.98,20.52,12.95,81.42,71.5,28.5,18.58,16.52,150.56,100.0,1.04,16186.95,,34.1,17.81,,100.0,14.33,19.4,99.56,100.0,0.0,,,,,,,7.78,1.19,,,80.12,22.71,28.35,0.2,1.19,29.42,0.19,0.05,0.56,9.14,90.86,0.0,0.0,116.44,46.71,100.0,0.0,0.0,58.72,198.29,79.54,4.57,101381.23,17333.33,170.29,0.38,5.62,94.38,100.0,100.0,100.0,100.0,0.0,0.0,0.0,5334.08,0.0,0.61,0.61,0.0,0.0,0.0,0.0,0.0,0.0,0.0,,,,,0.0,0.0,0.0,355240,2.73,1.99,343.13,2.57,2.72,2.4,93.83,3.92,35.1,83177.67,77.44,19.08,37.4,12.31,9.38,24.64,48.3,16.86,5.07,12.11,52.54,44.67,2.79,79.98,395.01,501.84,438.63,1.16,983.77,2.27,116.83,0.51,98.82,100.0,1.15,92.61,81.5,100.0,55.46,97.31,81.5,56.99,22.54,12.66,12.32,14.24,154.77,0.74,8.74,64.1,35.9,43.01,40.43,360.86,98.82,100.0,100.0,78.06,27.39,21.38,7.9,0.18,6753.38,13.88,,,18.6,4.51,,222.13,0.06,216.75,0.04,107.65,0.0,0.3,0.27,1.06,2.16,11.18,-10.95,-1.93,219.92,34.76,BRK,Água e Esgoto,LEP,,,9.05,92.09,,14.59,,,,,100.0,100.0,0.0,100.0,11182.11,0.04,0.34,0.0,33.29,28.61,27.03,14.29,,0.34,,,,,,,,,,,,1.57,0.46,0.0,,,,0.01,6.53,8.11,,0.01,8.11,Sim
3552502,99.4,100.0,53.14,,,100.0,10.31,1.45,100.0,91.81,76.93,100.0,100.0,11.13,,158.64,126.43,13.77,10.59,82.91,6.86,93.14,1.27,10.12,111.81,92.57,0.57,34331.45,,16.01,11.2,,95.45,26.22,5.29,94.37,95.6,0.0,86.76,86.81,83.06,60.44,60.48,57.86,8.09,1.4,91.99,92.0,75.38,52.87,85.62,0.64,0.25,56.83,0.04,1.04,0.55,0.8,99.2,7.14,20.0,0.0,0.0,0.0,100.0,,0.0,149.9,59.62,190.87,51889.5,51889.5,,,0.26,72.55,98.87,99.0,89.17,94.05,0.88,0.25,95.14,5563.2,0.12,0.72,0.69,0.03,128.57,85.71,0.45,0.0,,,,,,,0.29,0.29,0.0,355250,3.27,2.01,323.43,4.27,4.09,4.47,130.65,1.74,38.87,215267.11,46.96,17.44,29.75,12.31,3.19,37.13,63.36,12.05,2.6,6.78,47.85,50.77,1.37,22.83,197.1,1050.47,778.46,0.75,1792.59,1.43,142.17,0.6,100.0,100.0,1.34,92.12,100.0,99.97,72.05,99.97,100.0,72.08,15.82,10.71,10.71,13.02,128.83,0.55,9.9,87.65,12.35,27.92,16.34,182.59,98.41,100.0,100.0,77.6,70.0,54.32,7.82,0.21,2636.83,9.43,,,27.81,5.23,18.9,109.84,0.0,109.84,0.12,109.84,0.12,,,,,,,,,,SABESP,Água e Esgotos,SABESP,,,5.97,100.0,,136.87,,,,,98.44,100.0,100.0,100.0,2691.84,0.38,0.88,0.8,194.12,45.78,29.65,7.9,8.58,0.87,,,0.19,0.63,,47.61,34.2,9.07,9.12,0.0,,1.02,0.12,100.0,,,,0.16,8.59,12.13,,0.44,33.69,Sim
3552551,77.63,100.0,0.0,87.45,,0.0,10.16,1.0,100.0,97.71,70.97,100.0,95.24,13.94,13.57,284.03,258.26,19.4,13.77,76.92,69.94,30.06,23.08,14.16,147.2,0.0,0.27,52.73,44.62,2.2,1.18,1.85,77.78,3.35,1.94,77.63,100.0,0.0,87.52,,0.0,87.52,,0.0,14.18,0.0,,,62.07,62.07,100.0,0.66,0.54,2.36,1.0,2.6,2.02,100.0,0.0,0.0,0.0,5.46,2.61,100.0,0.0,0.0,7.6,71.81,34.37,44.27,17007.75,17007.75,1315.41,1315.41,100.0,0.0,100.0,100.0,100.0,100.0,0.0,0.0,0.0,1310.0,0.29,1.04,0.84,0.25,0.0,0.0,0.0,0.0,,,,,,,0.0,0.0,0.0,355255,1.84,1.84,255.21,0.81,0.79,0.84,44.02,0.0,66.94,36952.0,227.17,71.0,152.07,0.0,0.0,31.25,66.94,27.62,5.44,0.0,67.56,32.44,0.0,0.0,10.71,216.29,216.29,2.16,463.3,4.71,44.02,0.63,66.74,100.0,1.0,100.0,100.0,100.0,62.81,100.0,100.0,62.81,22.37,14.05,14.05,17.43,187.0,0.71,11.62,77.89,22.11,37.19,19.36,273.59,63.84,95.65,95.65,55.87,100.0,55.87,11.16,0.57,100.0,6.0,,,2.0,0.14,2.86,100.0,0.0,100.0,0.0,100.0,9.72,,,,,,,,,,PMS,Água e Esgoto,LPU,3.78,37738.29,1.53,2.59,5.85,142.68,100.0,0.0,,8.34,100.0,100.0,100.0,9.91,,,1.15,0.42,195.36,57.46,,6.49,81.97,0.77,,,9.01,37.81,18.03,30.0,16.0,25.0,18.0,11.0,41.59,,,,,,,,39.95,,,,,Sim
3552601,92.72,97.14,37.04,88.27,92.87,23.59,21.64,1.01,100.0,49.99,49.81,85.88,0.0,17.55,17.38,310.47,273.34,34.89,20.23,58.0,49.81,50.19,42.0,20.96,486.57,100.0,0.0,123.44,,2.81,4.4,,100.0,2.49,3.07,97.35,97.14,100.0,,94.2,,,94.2,,21.64,0.5,,,70.43,70.43,100.0,0.12,0.2,2.0,1.0,0.75,0.57,35.71,64.29,0.0,0.0,50.52,24.18,90.78,9.22,9.22,16.37,308.66,147.73,89.28,17025.67,25538.5,610.97,20.15,4.09,95.91,91.16,98.39,0.0,98.39,0.0,0.0,0.0,3150.0,0.09,0.75,0.78,0.04,0.0,0.0,0.0,0.0,,,,,,,0.0,0.0,0.0,355260,0.69,0.69,142.58,0.8,0.82,0.78,115.72,0.0,47.94,55759.37,86.41,35.56,41.42,0.0,0.0,41.15,47.94,48.2,3.87,0.0,54.62,45.38,0.0,0.0,12.23,815.85,743.41,1.15,950.29,2.31,115.72,0.57,100.0,100.0,1.11,91.37,0.0,99.56,90.69,98.17,97.46,92.39,19.59,18.1,17.88,18.1,241.91,0.82,18.56,92.39,7.61,7.61,2.72,54.18,100.0,100.0,100.0,89.29,100.0,89.29,18.6,0.24,143.59,8.0,143.59,8.0,,0.0,2.81,120.6,0.0,100.0,0.0,100.0,0.0,,,,,,,,,,PMT,Água e Esgoto,LPU,,,2.58,93.37,45.8,91.94,,,,42.1,92.57,100.0,100.0,96.45,2162.3,0.44,0.81,0.78,241.37,77.35,15.62,236.41,3.68,0.81,,,,,,,,,,,,0.14,0.02,100.0,100.0,57.6,1.0,0.7,13.64,25.0,0.22,0.87,31.25,Sim
3552700,91.05,100.0,2.4,100.0,,1.82,9.94,1.0,99.34,96.38,77.95,100.0,0.0,14.72,18.55,210.32,200.35,18.72,14.59,77.95,99.08,0.92,22.05,12.18,135.72,52.9,0.84,481.63,,3.65,6.38,,100.0,7.95,0.13,90.83,100.0,0.0,85.29,93.56,0.0,85.29,93.56,0.0,11.43,1.0,96.54,96.54,73.0,18.86,25.84,0.06,0.19,5.15,1.0,1.03,0.61,78.26,21.74,0.0,0.0,57.13,25.95,100.0,0.0,0.0,31.97,178.71,81.18,70.48,35214.02,45553.84,312.8,106.42,33.58,54.49,99.0,100.0,89.09,100.0,0.0,0.0,96.32,1464.85,0.0,0.54,0.52,0.02,0.0,0.0,0.0,0.0,0.0,0.0,,,,,0.0,0.0,0.0,355270,1.03,1.03,130.98,1.55,1.53,1.58,150.93,0.0,39.51,45473.16,66.26,16.47,26.18,0.0,0.0,24.85,39.51,60.4,0.09,0.0,62.34,30.18,7.47,92.6,12.72,878.7,878.07,0.72,1397.0,1.43,163.12,1.0,91.54,99.09,1.0,89.48,0.0,100.0,93.34,100.0,93.34,93.34,14.61,13.64,13.64,14.47,165.98,0.83,35.09,98.99,1.01,6.66,0.89,31.98,91.54,99.09,99.09,80.35,99.32,79.8,10.53,0.09,225.0,6.0,,,6.67,0.5,0.83,100.0,0.0,100.0,0.0,100.0,0.0,,,,,,,,,,PMT,Água e Esgoto,LPU,,,2.53,57.44,24.73,75.42,,,,18.65,94.27,100.0,99.7,0.0,2887.65,0.42,1.05,,50.44,25.67,37.5,,,0.96,,,,,,,,,,,,1.16,0.11,100.0,,,,0.14,14.06,12.5,,0.28,25.0,Sim
3552809,100.0,100.0,,,,,5.31,1.47,100.0,94.05,70.12,100.0,100.0,11.39,12.67,187.68,143.74,15.45,10.84,83.89,81.97,18.03,16.11,20.71,119.88,90.53,0.03,26256.08,,14.0,12.67,,96.14,21.27,7.09,100.0,100.0,,96.44,96.44,,94.15,94.15,,4.59,1.43,91.83,91.83,74.49,73.12,98.17,0.0,0.64,29.49,0.11,0.46,0.46,1.52,98.48,1.42,27.0,229.89,93.33,100.0,0.0,0.0,75.6,304.08,123.45,71.33,25200.0,47500.0,132.27,0.36,0.26,99.74,100.0,100.0,,100.0,6.68,6.68,0.0,9746.45,0.0,1.03,0.87,0.16,47.37,36.84,0.99,0.0,,,,,,,0.65,0.65,0.0,355280,2.38,1.36,208.67,3.59,3.45,3.74,150.37,-0.98,33.91,131211.86,37.92,12.53,22.55,7.93,3.33,33.05,59.46,9.49,2.92,8.79,50.6,48.16,1.24,28.15,196.99,1057.49,719.24,0.77,1902.43,1.44,169.67,5.43,100.0,100.0,1.45,94.78,100.0,99.99,75.81,99.98,100.0,75.82,17.29,10.68,10.7,12.78,135.46,0.03,4.88,90.71,9.29,24.18,29.78,162.88,95.6,95.6,95.6,70.33,54.21,38.13,4.4,0.0,502.48,12.08,,,18.44,4.98,15.61,100.0,0.54,100.0,3.49,100.0,0.81,,,,,,,,,,SABESP,Água e Esgotos,SABESP,0.83,86928.7,5.66,100.0,52.51,72.32,0.0,100.0,3.32,37.98,96.66,96.66,96.66,100.0,3291.7,0.34,0.98,,118.08,58.45,41.08,0.0,,1.01,,24.17,0.64,2.3,,45.11,37.59,12.03,5.26,0.0,5.87,3.59,0.37,100.0,100.0,66.5,1.95,0.41,23.21,49.79,0.25,0.05,5.81,Sim
3552908,98.5,100.0,91.02,88.89,98.77,38.46,10.27,1.06,100.0,91.51,77.25,100.0,100.0,11.51,13.34,148.63,134.68,14.17,10.94,77.58,94.15,5.85,22.42,9.67,110.78,90.06,1.06,106.0,,23.74,15.0,,97.78,4.14,8.47,93.64,100.0,61.93,80.99,89.88,35.63,80.99,89.88,35.63,10.59,1.05,88.9,88.9,105.55,105.55,100.0,0.24,0.14,6.75,0.05,0.56,0.63,100.0,0.0,1.56,10.0,0.0,0.0,,,,0.0,64.7,30.47,36.59,65000.0,48750.0,,,100.0,0.0,100.0,100.0,100.0,100.0,100.0,100.0,0.0,595.0,0.31,0.51,0.42,0.11,28.13,21.88,18.37,0.0,,,,,,,11.76,11.76,0.0,355290,3.77,3.43,570.57,3.21,3.36,3.06,85.11,0.52,57.49,273685.73,106.81,45.27,67.55,10.9,13.12,42.38,63.24,17.25,0.48,12.28,50.36,45.61,4.03,25.55,5.97,758.51,748.62,0.9,1131.75,1.78,91.53,0.77,97.15,100.0,1.01,91.9,100.0,99.96,75.2,100.0,100.0,75.2,15.61,11.71,11.71,13.87,144.86,1.17,11.18,89.09,10.91,24.8,10.14,128.63,96.88,100.0,100.0,100.0,100.0,100.0,11.35,0.26,299.38,6.0,500.0,6.0,,0.0,54.78,100.0,0.0,100.0,0.0,100.0,3.03,,,,,,,,,,SABESP,Água e Esgotos,SABESP,3.37,21546.58,1.01,23.94,,72.67,100.0,0.0,0.0,,84.92,100.0,100.0,6.56,182.11,1.87,0.31,,290.16,45.64,55.56,81.97,,0.31,,95.56,5.9,6.75,,38.89,27.78,0.0,13.89,19.44,7.49,1.28,0.41,0.0,,,,1.12,48.26,33.33,,0.37,11.11,Sim
3553005,99.92,100.0,99.09,,,100.0,8.76,1.05,99.99,91.78,86.54,100.0,100.0,11.66,13.42,141.68,125.8,12.87,11.14,86.72,104.28,-4.28,13.28,6.31,58.87,93.65,1.11,,,20.33,,,99.32,,3.65,95.19,100.0,48.48,91.55,91.6,91.11,91.55,91.6,91.11,8.25,1.05,88.85,88.85,96.77,96.77,100.0,0.12,0.15,5.33,0.13,0.59,0.17,100.0,0.0,,10.0,0.0,0.0,,,,0.0,129.2,49.69,16.58,23621.75,292964.56,,,96.15,0.0,90.66,100.0,0.0,100.0,0.0,0.0,0.0,6800.0,0.0,1.43,1.0,0.58,0.0,0.0,0.0,0.0,,,,,,,0.0,0.0,0.0,355300,2.92,2.6,418.51,2.75,2.9,2.59,94.26,-6.21,58.99,215915.16,94.38,48.24,62.58,5.71,8.62,51.11,66.3,14.15,2.93,9.13,52.55,45.53,1.92,5.61,10.38,778.11,777.92,0.99,1009.44,1.95,109.5,0.56,87.26,100.0,1.0,91.36,100.0,100.0,90.78,100.0,100.0,90.78,12.56,11.41,11.41,13.45,128.06,1.29,8.01,107.02,-7.02,9.22,4.47,38.11,85.09,100.0,100.0,97.73,100.0,97.73,7.45,0.1,1600.0,6.0,,,,0.0,43.99,106.67,0.39,105.0,0.4,105.0,0.0,,,,,,,,,,SABESP,Água e Esgotos,SABESP,,,,,,,,,,,,,,,,,,,,,,,,,,,,,,,,,,,,,,,,,,,,,,,,Sim
3553104,93.18,100.0,0.0,84.16,90.32,0.0,11.45,1.0,100.0,100.0,79.65,100.0,100.0,17.18,17.18,233.65,233.65,21.57,17.18,79.65,79.65,20.35,20.35,12.6,144.33,100.0,20.2,40.0,,4.67,12.0,,100.0,1.83,0.46,93.18,100.0,0.0,84.16,90.32,0.0,84.16,90.32,0.0,12.37,1.0,100.0,100.0,93.33,91.11,97.62,0.12,0.11,2.67,1.0,0.93,0.92,100.0,0.0,0.0,0.0,118.36,53.32,90.51,9.49,0.0,185.54,70.48,31.75,20.71,22192.24,22192.24,59.55,38.47,78.49,21.51,94.07,100.0,13.01,100.0,17.39,18.66,31.19,1276.0,0.0,0.61,0.59,0.06,63.0,61.0,5.43,0.0,0.11,0.0,,,,,4.78,4.78,0.0,355310,0.82,0.82,147.83,0.78,0.96,0.59,94.85,0.0,36.97,61752.95,105.43,31.13,38.98,0.0,0.0,29.52,36.97,60.25,2.78,0.0,62.26,37.74,0.0,0.0,3.76,1129.87,1129.07,0.71,1415.0,1.41,94.85,,100.0,100.0,1.0,94.32,100.0,96.91,71.41,87.34,100.0,81.77,21.13,17.28,15.57,15.09,191.91,,10.6,71.41,28.59,18.23,11.95,126.65,100.0,100.0,100.0,89.87,100.0,89.87,15.08,,,,,,5.0,0.07,1.5,100.0,0.96,100.0,0.0,100.0,0.0,,,,,,,,,,PMT,Água e Esgoto,LPU,1.23,23503.76,0.88,10.02,120.3,28.85,100.0,0.0,14.29,34.71,90.58,100.0,100.0,0.0,1143.77,0.53,0.52,0.5,137.85,89.98,42.86,39.11,4.17,0.52,,,,,,,,,,,,1.2,0.23,,,,,0.0,0.0,0.0,,0.0,0.0,Sim
3553203,79.22,100.0,0.0,91.22,,0.0,4.26,1.0,100.0,100.0,74.76,100.0,0.0,11.43,11.43,197.75,197.75,15.29,11.43,74.76,74.76,25.24,25.24,29.68,126.93,99.64,0.97,,,0.5,,,100.0,,0.07,79.22,100.0,0.0,,74.13,,,0.0,,14.29,0.0,,,52.14,52.14,100.0,5.73,0.0,,,1.31,0.37,100.0,0.0,0.0,0.0,202.22,93.07,100.0,0.0,0.0,239.35,84.49,38.89,86.18,62681.52,87971.1,41.78,35.44,92.15,7.85,79.22,100.0,0.0,100.0,0.0,0.0,0.0,120.0,0.0,0.49,0.41,0.21,0.0,0.0,0.0,0.0,,,,,,,0.0,0.0,0.0,355320,0.63,0.63,194.21,0.38,0.55,0.21,60.31,0.0,36.31,16152.0,165.82,34.83,60.21,0.0,0.0,21.01,36.31,59.68,4.01,0.0,72.92,27.08,0.0,0.0,20.74,229.02,229.02,2.53,395.92,5.05,60.31,,100.0,100.0,1.0,95.85,0.0,100.0,99.46,99.46,100.0,100.0,25.82,25.82,25.68,25.82,362.21,,13.47,100.0,0.0,0.0,0.0,0.0,100.0,100.0,100.0,99.32,100.0,99.32,13.47,,,,,,,0.0,2.0,100.0,0.0,100.0,0.0,100.0,0.0,,,,,,,,,,PMT,Água e Esgoto,LPU,1.77,23292.93,1.01,,,41.3,100.0,0.0,11.11,,91.2,100.0,100.0,2.21,2737.22,0.79,1.88,,,,44.44,86.28,,1.88,,,1.01,6.9,,57.14,28.57,14.29,0.0,0.0,9.85,14.57,0.78,0.0,,,1.92,0.39,,22.22,0.24,0.39,22.22,Sim
3553302,,,,,,,,,,,,,,,,,,,,,,,,,,,,,,,,,,,,,,,,,,,,,,,,,,,,,,,,1.51,0.32,100.0,0.0,0.0,0.0,0.0,0.0,,,,0.0,62.5,26.32,62.25,41101.7,83333.33,,,100.0,0.0,87.63,95.93,0.0,95.93,0.0,0.0,0.0,900.0,0.0,0.34,0.32,0.07,0.0,0.0,0.0,0.0,,,,,,,0.0,0.0,0.0,355330,1.63,1.56,264.1,1.95,1.13,,119.7,0.0,52.2,52360.99,79.93,27.93,43.6,2.44,5.65,34.94,54.55,32.01,6.36,7.07,57.53,42.04,0.43,,48.4,363.42,360.85,1.77,567.45,3.46,121.92,0.67,100.0,100.0,1.0,89.25,0.0,100.0,97.6,100.0,100.0,97.6,28.75,28.06,28.06,27.66,377.29,0.49,19.41,96.2,3.8,2.4,1.15,22.7,100.0,100.0,100.0,97.61,100.0,97.61,18.84,0.24,,,,,,,41.0,15.11,1.05,145.64,8.86,104.44,1.06,,,,,,,,,,DEMAET,Água e Esgoto,LPU,1.31,20616.82,0.86,11.51,,26.99,100.0,0.0,,,99.57,100.0,100.0,0.0,,,0.8,0.7,81.76,88.49,,,2.47,0.71,,,,,,,,,,,,,,,,,,,0.0,,,,,Sim
3553401,91.11,100.0,0.0,90.7,99.17,0.0,88.89,1.0,100.0,95.87,0.0,0.0,0.0,0.0,13.57,174.05,157.88,16.28,10.96,69.44,83.33,16.67,30.56,1.82,164.3,98.62,1.09,,,0.0,,,100.0,,0.3,91.11,100.0,0.0,96.14,,0.0,96.14,,0.0,8.24,0.0,,,98.99,98.99,100.0,0.04,0.2,1.0,1.0,0.84,0.34,64.29,35.71,0.0,0.0,88.53,42.81,81.59,18.41,0.0,35.34,306.99,148.46,154.49,117269.39,128711.73,346.77,101.45,30.66,69.34,91.11,100.0,0.0,100.0,91.11,100.0,0.0,2748.78,0.04,1.16,0.74,0.53,19.36,17.72,7.19,43.57,,,45.24,28.57,26.19,,3.82,3.82,0.0,355340,1.47,1.47,227.92,1.21,1.27,1.14,82.38,0.0,69.72,29392.67,121.38,58.84,84.63,0.0,0.03,48.48,69.72,29.67,0.58,0.02,47.19,34.68,18.12,97.23,107.86,184.97,180.33,3.86,266.03,7.63,100.62,,89.88,99.47,1.05,95.35,99.42,100.0,75.73,100.0,99.42,75.73,13.79,10.45,10.45,13.71,152.02,,7.24,99.42,0.58,24.27,14.71,115.65,89.88,99.47,99.47,100.0,0.0,0.0,6.96,,,,,,8.0,0.03,1.2,72.79,0.0,2.79,0.0,3.37,0.0,,,,,,,,,,SAAT,Água e Esgoto,LPU,0.98,30499.47,0.89,,105.2,29.9,100.0,0.0,4.35,31.45,90.36,100.0,100.0,0.69,4449.78,0.64,2.46,1.18,,,65.22,24.46,108.65,2.46,,100.0,0.55,4.93,1.44,48.14,41.23,10.2,0.0,0.43,6.17,1.97,0.08,0.0,,,,0.13,,13.04,,0.17,17.39,Sim
3553500,65.55,92.7,0.0,56.49,81.31,0.0,17.17,1.1,100.0,86.78,70.44,100.0,100.0,11.0,12.55,145.43,124.58,14.41,10.15,70.44,87.08,12.92,29.56,7.73,153.5,84.34,1.13,1714.5,,35.49,7.0,,85.71,74.32,9.23,56.86,80.41,0.0,44.25,63.7,0.0,44.25,63.7,0.0,9.7,1.01,88.16,88.16,91.48,91.48,100.0,0.96,0.38,9.89,0.07,0.17,0.49,100.0,0.0,0.0,0.0,67.45,35.69,100.0,0.0,0.0,90.22,74.76,39.56,9.87,31791.8,45038.4,110.84,62.14,56.06,0.0,100.0,100.0,100.0,100.0,100.0,100.0,0.0,1786.25,0.0,1.21,0.62,0.83,11.44,9.07,5.09,0.0,0.04,0.0,18.86,38.13,29.85,13.16,2.06,2.06,0.0,355350,4.82,4.67,721.08,3.26,3.27,3.25,67.58,-0.71,66.22,234072.18,143.26,78.81,98.0,13.08,15.63,55.01,68.41,13.53,1.99,10.91,52.06,45.68,2.26,14.47,8.08,474.51,468.94,1.71,590.08,3.26,74.03,0.73,68.39,95.66,1.01,88.91,100.0,100.0,69.83,100.0,100.0,69.83,14.83,10.36,10.36,12.99,129.1,1.09,17.97,87.6,12.4,30.17,7.04,148.86,61.78,86.42,86.42,93.41,100.0,93.41,10.98,0.51,313.67,6.0,,,,0.0,51.87,104.17,0.0,104.17,0.0,104.17,0.0,,,,,,,,,,SABESP,Água e Esgotos,SABESP,,,0.75,7.83,,35.02,,,,,71.49,100.0,100.0,0.0,2683.71,0.54,1.24,,43.16,55.65,30.0,,,1.24,,,,,,,,,,,,2.7,0.22,0.0,,,,0.36,21.18,20.0,,0.54,30.0,Sim
3553609,89.26,96.03,42.74,93.64,100.0,47.27,10.72,1.09,96.93,89.3,55.41,100.0,100.0,13.01,14.1,194.27,166.31,21.35,11.83,58.21,66.05,33.95,41.79,28.4,319.73,93.52,0.67,2924.0,,31.52,6.0,,100.0,58.06,15.89,83.75,95.93,0.0,80.16,85.59,40.56,80.16,85.59,40.56,9.59,1.03,89.6,89.6,95.0,95.0,100.0,0.64,0.43,21.43,0.12,1.54,0.42,66.67,33.33,0.0,0.0,85.95,38.29,99.94,0.06,14.23,33.77,218.45,97.33,75.43,22822.15,203083.29,254.16,177.72,53.42,14.96,100.0,100.0,100.0,100.0,87.3,100.0,0.0,1583.57,0.0,1.09,0.95,0.16,30.98,9.21,7.78,0.0,0.08,0.0,,,,,2.02,2.02,0.0,355360,0.65,0.65,,0.95,0.94,0.97,147.05,0.0,29.83,24441.9,68.0,14.77,20.29,0.0,0.0,21.73,29.83,48.84,21.33,0.0,57.28,42.72,0.0,,8.93,,955.7,0.76,,1.51,147.05,0.66,82.47,100.0,1.0,100.0,0.0,100.0,66.47,100.0,0.0,66.47,18.99,12.62,12.62,12.62,167.52,0.52,10.74,66.47,33.53,33.53,18.29,209.32,82.47,100.0,100.0,72.66,81.89,59.5,12.65,0.07,,,,,,,,100.0,0.0,100.0,0.0,100.0,0.0,,,,,,,,,,PMT,Água e Esgoto,LPU,2.06,9732.14,0.66,20.09,121.88,20.03,100.0,0.0,,24.42,82.47,100.0,100.0,0.0,,,0.78,0.69,51.27,73.28,,41.83,13.97,0.78,,100.0,0.53,1.53,1.07,30.67,42.94,18.4,6.13,1.84,2.69,1.0,0.13,,,,,,18.68,,,,,Sim
3553658,95.63,100.0,0.0,94.62,98.2,0.0,9.01,1.0,100.0,100.0,94.85,100.0,0.0,14.72,14.72,199.11,199.11,15.51,14.72,94.85,94.85,5.15,5.15,2.49,26.34,0.0,1.75,,,,,,100.0,,0.1,95.63,100.0,0.0,,98.2,,,98.2,,9.01,0.0,,,100.0,100.0,100.0,0.0,0.09,2.0,1.0,0.39,0.75,100.0,0.0,0.0,0.0,103.74,42.91,100.0,0.0,0.0,110.9,93.54,38.69,51.71,102618.38,51309.19,90.17,90.17,87.8,0.0,100.0,100.0,100.0,100.0,0.0,0.0,0.0,640.0,0.0,0.66,0.64,0.02,0.0,0.0,0.0,0.0,,,,,,,0.0,0.0,0.0,355365,1.22,1.22,,0.69,0.94,0.44,56.42,0.0,46.28,19907.31,177.23,31.21,82.02,0.0,14.11,17.61,46.28,44.82,0.94,7.96,68.06,31.94,0.0,,10.51,,179.97,2.11,,4.23,56.42,,99.96,100.0,1.01,,0.0,100.0,99.86,99.86,100.0,100.0,16.16,16.16,16.13,16.16,180.63,,11.52,100.0,0.0,0.0,0.0,0.0,99.96,100.0,100.0,99.32,100.0,99.32,11.52,,,,,,,,,100.0,0.0,100.0,0.0,100.0,0.0,,,,,,,,,,PMT,Água e Esgoto,LPU,,,1.0,21.27,16.63,53.05,,,,8.82,95.84,100.0,100.0,0.0,,,0.59,,234.1,94.35,,250.0,,0.59,,,,,,,,,,,,1.02,0.17,,,,,,0.0,,,,,Sim
3553708,95.66,100.0,0.0,91.53,95.32,0.0,10.64,1.05,100.0,85.72,60.62,100.0,100.0,11.92,13.78,194.46,181.24,18.72,11.35,60.62,73.65,26.35,39.38,23.58,255.3,96.95,1.03,25.91,,2.0,9.6,,100.0,0.1,6.52,95.66,100.0,0.0,,91.74,,,91.74,,11.6,1.0,,,142.7,118.91,83.33,0.12,0.07,2.95,1.0,0.37,0.56,55.1,44.9,0.0,0.0,126.43,56.05,100.0,0.0,17.8,64.43,161.31,71.51,18.68,42803.57,101658.49,127.59,27.21,34.13,65.87,100.0,100.0,100.0,100.0,0.0,0.0,0.0,2586.0,0.0,0.66,0.59,0.08,0.0,0.0,0.0,0.0,,,,,,,0.0,0.0,0.0,355370,2.09,1.79,287.86,1.58,1.57,1.62,75.94,0.0,54.51,70223.38,113.03,57.02,71.78,0.0,1.14,50.45,63.51,31.83,2.51,1.01,50.2,29.52,20.28,41.57,123.99,384.14,381.7,2.08,483.55,4.16,110.98,0.48,94.78,100.0,1.01,100.0,100.0,100.0,54.44,100.0,100.0,54.44,22.81,12.42,12.42,17.07,179.72,1.32,11.66,74.84,25.16,45.56,29.48,343.79,94.78,100.0,100.0,78.3,100.0,78.3,11.58,0.18,,,,,,0.0,1.0,258.63,0.34,165.04,0.1,104.81,0.04,,,,,,,,,,SAAET,Água e Esgoto,LPU,,,,,,,,,,,,,,,,,,,,,,,,,,,,,,,,,,,,,,,,,,,,,,,,Sim
3553807,90.18,98.63,46.3,92.1,100.0,49.15,13.19,1.08,99.99,88.67,74.82,100.0,100.0,11.85,13.3,157.27,136.7,14.82,11.09,74.87,89.77,10.23,25.13,9.45,132.17,93.41,0.77,,,6.36,,,100.0,,4.77,87.73,98.63,31.1,80.19,87.06,42.79,80.19,87.06,42.79,9.29,1.01,89.44,89.44,106.64,106.64,100.0,0.37,0.19,5.35,0.07,2.21,1.05,40.3,59.7,0.5,8.0,0.0,0.0,0.0,100.0,,0.0,415.74,166.29,95.12,206617.34,155309.74,,,84.78,14.0,80.44,95.92,0.0,95.92,64.35,76.74,0.0,1241.0,0.0,0.82,1.02,0.0,4.5,2.5,0.97,0.0,0.02,0.0,,,,,0.54,0.54,0.0,355380,2.94,2.31,401.6,3.41,3.21,3.59,115.8,-0.8,50.52,164153.7,67.8,31.85,43.62,6.57,4.18,46.97,64.34,14.63,4.32,6.16,44.39,53.67,1.93,15.1,26.03,635.27,626.6,1.17,870.21,2.3,126.77,0.57,96.69,100.0,1.01,89.09,100.0,99.99,81.36,99.99,100.0,81.37,14.11,11.48,11.48,13.76,141.53,0.91,11.46,97.54,2.46,18.63,7.06,87.61,94.91,100.0,100.0,99.99,100.0,99.99,8.07,0.37,4724.0,6.0,4724.0,6.0,,0.0,34.94,103.0,0.32,102.0,0.33,102.0,0.0,,,,,,,,,,SABESP,Água e Esgotos,SABESP,,,,,,,,,,,,,,,,,,,,,,,,,,,,,,,,,,,,,,,,,,,,,,,,Sim
3553856,79.58,100.0,58.96,78.36,100.0,56.21,12.35,1.09,99.98,91.08,69.82,100.0,100.0,10.88,12.92,139.54,117.54,14.72,10.28,69.84,87.76,12.24,30.16,11.78,159.38,91.13,0.93,,,13.69,,,100.0,,10.47,41.14,81.87,0.0,36.84,47.07,26.37,36.84,47.07,26.37,11.37,1.05,89.27,89.27,58.57,58.57,100.0,0.02,0.32,29.8,0.08,5.6,0.98,100.0,0.0,0.0,0.0,9.8,4.18,100.0,0.0,0.0,9.6,102.1,43.53,144.46,25138.43,43094.87,1042.2,1015.63,97.41,0.0,100.0,100.0,100.0,81.14,0.0,0.0,28.57,1750.0,0.0,1.35,0.96,0.77,0.0,0.0,0.0,28.57,,,,,,,0.0,0.0,0.0,355385,3.7,3.46,580.36,2.78,2.85,2.67,75.12,-9.74,61.78,185265.71,124.27,56.6,82.24,10.13,14.06,45.55,66.18,12.64,3.99,11.31,61.8,34.24,3.97,17.7,5.81,482.39,470.69,1.46,700.87,2.29,92.42,0.68,87.34,100.0,1.02,91.49,100.0,100.0,76.95,100.0,100.0,76.95,14.31,11.01,11.01,13.75,128.84,0.96,11.11,96.09,3.91,23.05,8.46,111.04,47.62,87.26,87.26,61.03,100.0,61.03,10.85,0.05,1603.5,6.0,,,,0.0,158.42,111.67,0.75,110.0,0.0,110.0,0.51,,,,,,,,,,SABESP,Água e Esgotos,SABESP,,,,,,,,,,,,,,,,,,,,,,,,,,,,,,,,,,,,,,,,,,,,,,,,Sim
3553906,95.7,96.31,88.48,99.38,100.0,92.0,12.4,1.07,100.0,91.68,89.49,100.0,100.0,11.9,13.45,165.19,151.54,12.64,11.31,89.71,106.47,-6.47,10.29,3.34,45.58,89.85,0.8,,,8.38,,,100.0,,5.56,94.51,96.31,73.05,89.9,90.47,83.11,89.9,90.47,83.11,12.15,1.02,92.05,92.05,105.24,105.24,100.0,0.06,0.24,18.11,0.24,3.1,1.21,70.37,29.63,0.6,4.0,0.0,0.0,0.0,100.0,,0.0,194.97,85.83,84.36,19500.0,63644.3,,,46.31,53.69,100.0,100.0,100.0,100.0,100.0,100.0,0.0,151.1,0.0,0.44,0.43,0.01,19.1,16.68,12.17,0.0,,,,,,,10.47,10.47,0.0,355390,3.2,2.9,476.05,2.99,3.3,2.66,93.17,4.23,57.18,245316.93,97.02,43.27,61.38,5.7,12.66,44.6,63.26,15.38,1.04,13.05,54.63,43.23,2.15,27.68,5.67,814.59,800.85,0.88,1155.5,1.75,96.78,0.79,86.94,94.03,1.02,92.35,100.0,100.0,89.65,100.0,100.0,89.65,13.18,11.8,11.8,13.73,139.68,1.06,12.27,104.34,-4.34,10.35,3.37,45.56,85.98,92.99,92.99,100.0,100.0,100.0,13.16,0.11,902.86,6.0,,,,0.0,8.84,100.0,0.0,100.0,0.0,100.0,0.69,,,,,,,,,,SABESP,Água e Esgotos,SABESP,2.03,6993.77,0.46,,,14.18,100.0,0.0,,,92.46,100.0,100.0,1.62,,,1.47,,,,,,,1.47,,,0.75,4.06,,,,,,,8.69,,,,,,,,,,,,,Sim
3553955,99.31,100.0,80.34,,,100.0,9.04,1.06,100.0,91.37,86.97,100.0,100.0,13.9,14.76,181.02,165.12,15.19,13.21,86.97,97.2,2.8,13.03,7.08,68.92,92.09,0.61,,,11.79,,,100.0,,4.48,99.21,100.0,77.34,96.03,96.18,92.31,96.03,96.18,92.31,8.23,1.03,90.48,90.48,96.46,96.46,100.0,0.08,0.08,11.0,0.02,2.04,0.54,78.95,21.05,2.04,30.0,0.0,0.0,,,,0.0,122.87,48.93,148.93,75566.3,33750.0,,,66.38,25.8,96.5,100.0,0.0,100.0,96.5,100.0,0.0,1073.33,0.0,0.58,0.58,0.02,49.61,40.78,23.55,0.0,,,,,,,18.63,18.63,0.0,355395,2.33,1.68,297.0,3.0,3.33,2.68,129.07,-0.59,41.78,204348.69,56.1,25.11,32.37,7.68,7.92,44.76,57.7,14.98,0.58,14.12,53.69,42.94,3.37,15.43,9.02,1192.41,1183.43,0.66,1537.14,1.31,139.36,0.6,100.0,100.0,1.01,92.02,100.0,100.0,84.09,100.0,100.0,84.09,15.72,13.22,13.22,14.7,157.62,0.79,11.37,93.53,6.47,15.91,6.69,82.86,99.93,100.0,100.0,98.4,100.0,98.4,9.09,0.0,4384.2,9.4,3400.0,6.0,,0.0,28.34,104.17,0.0,103.85,0.0,103.85,0.0,,,,,,,,,,SABESP,Água e Esgotos,SABESP,,,3.22,1.42,,144.68,,,,,94.11,100.0,100.0,14.57,1404.42,0.43,0.6,,286.11,43.25,22.22,3.24,,0.6,,100.0,9.72,21.25,,,,,,,31.88,1.07,0.18,0.0,,178.1,1.45,0.99,55.32,51.85,0.45,0.07,3.7,Sim
3554003,100.0,100.0,100.0,,,100.0,10.59,1.11,100.0,91.18,61.97,100.0,100.0,11.58,13.35,160.82,142.08,17.74,10.99,62.25,75.24,24.76,37.75,21.76,244.93,93.07,1.37,5503.91,,25.41,10.17,,97.77,9.84,13.36,88.38,91.22,0.0,84.53,84.56,83.85,84.53,84.56,83.85,7.9,1.06,91.12,91.12,90.33,90.33,100.0,0.18,0.67,34.02,0.23,0.64,0.16,80.0,20.0,0.0,0.0,94.58,41.02,99.89,0.11,0.11,42.91,220.43,95.6,23.33,36323.02,,233.05,0.0,19.12,80.88,100.0,100.0,100.0,100.0,0.0,0.0,0.0,6302.28,0.04,0.67,0.67,0.0,0.0,0.0,0.0,0.0,,,,,,,0.0,0.0,0.0,355400,2.82,2.06,342.01,3.14,3.38,2.88,111.2,-0.54,34.29,98701.74,65.61,21.83,30.83,12.2,8.7,33.27,47.0,24.1,4.6,13.26,53.06,41.81,5.13,35.22,146.21,614.05,592.31,1.2,867.45,2.3,124.86,0.55,100.0,100.0,1.04,91.11,100.0,100.0,58.63,100.0,100.0,58.64,19.42,11.39,11.39,13.85,143.85,1.1,9.36,71.32,28.68,41.36,26.62,273.53,94.08,98.75,98.75,85.89,92.82,79.72,5.5,0.27,1210.67,6.0,699.14,6.0,,0.0,97.25,102.05,0.54,101.16,0.14,101.02,0.95,,,,,,,,,,SABESP,Água e Esgotos,SABESP,1.04,30861.43,1.28,12.48,100.0,32.19,100.0,0.0,4.96,32.19,98.73,100.0,100.0,3.54,2905.22,0.39,1.0,0.95,44.95,51.06,37.19,4.71,1.43,0.97,551.66,46.55,2.71,9.91,3.59,52.17,17.39,8.7,13.04,8.7,12.93,1.84,0.18,0.0,,,,0.43,34.95,41.32,,0.17,16.53,Sim
3554102,95.61,95.63,94.52,,,100.0,10.78,1.33,100.0,91.93,67.08,100.0,100.0,12.94,10.04,210.62,155.94,18.37,12.32,76.44,63.27,36.73,19.08,16.39,189.08,91.57,0.24,6363.78,,9.88,8.56,,85.74,4.62,7.98,93.92,95.52,0.0,89.98,90.0,88.96,89.98,90.0,88.96,6.09,1.28,92.42,92.42,87.16,87.16,100.0,0.07,0.98,27.47,0.14,1.38,0.79,38.93,61.07,0.12,13.0,0.0,0.0,0.0,100.0,,0.0,1002.79,428.92,607.99,102464.35,126822.93,,,8.92,71.52,100.0,100.0,100.0,100.0,98.32,9.49,0.0,4025.63,0.04,1.06,0.64,0.43,4.37,3.19,1.84,0.0,0.03,0.0,,,,,0.81,0.81,0.0,355410,2.78,1.93,335.38,3.39,3.77,2.99,122.04,0.3,42.63,164519.19,56.85,18.93,34.93,13.12,4.66,33.29,61.44,10.32,7.78,8.2,56.62,41.83,1.55,135.27,298.06,798.37,657.2,0.82,1473.44,1.61,128.55,1.08,100.0,100.0,1.21,91.79,100.0,100.0,65.44,100.0,100.0,65.45,19.86,12.54,12.54,14.72,159.28,0.22,8.15,76.86,23.14,34.55,29.2,263.46,99.72,100.0,100.0,95.85,100.0,95.85,5.83,0.07,1953.24,6.35,7227.0,14.9,,0.0,81.28,101.78,0.45,101.78,0.0,101.78,0.27,,,,,,,,,,SABESP,Água e Esgotos,SABESP,,,9.12,76.28,3.39,295.44,,,,10.02,100.0,100.0,100.0,94.52,2553.16,0.44,0.98,0.62,156.35,18.91,21.71,30.08,55.28,0.96,228.8,100.0,1.73,6.19,4.6,,,,,,10.59,6.77,0.69,63.16,100.0,156.91,,0.31,7.75,15.06,0.15,0.6,29.16,Sim
3554201,69.89,98.17,0.0,63.57,88.33,0.0,9.09,1.09,100.0,89.44,65.09,100.0,100.0,10.41,12.73,154.69,136.55,15.13,9.85,65.09,84.13,15.87,34.91,20.2,189.69,95.29,1.22,,,15.92,,,83.33,,10.13,67.62,94.98,0.0,53.61,74.49,0.0,22.79,31.67,0.0,9.17,1.03,89.64,89.68,96.66,41.08,42.5,0.59,0.44,131.0,0.1,3.39,2.59,100.0,0.0,,1.0,0.0,0.0,,,,0.0,296.94,110.14,100.99,29783.06,42547.23,,,100.0,0.0,65.28,91.69,0.0,91.69,0.0,0.0,0.0,787.5,0.0,1.04,1.06,0.49,0.0,0.0,0.0,100.0,,,,,,,0.0,0.0,0.0,355420,,,,,,,,,,,,,,,,,,,,,,,,,,,,,,,,,,,,,,,,,,,,,,,,,,,,,,,,,,,,,,,,,,,,,,,,,,,,,,,,,,,,,,,,8.16,12667.33,1.6,,,103.41,100.0,0.0,,,66.2,100.0,100.0,0.0,,,0.98,,,,,,,0.96,,100.0,14.29,51.02,,,,,,,142.86,0.47,0.05,,,,,,,,,,,Sim
3554300,93.01,100.0,54.76,94.45,100.0,62.62,8.66,1.07,99.98,90.07,83.8,100.0,100.0,12.8,14.1,180.74,159.56,14.43,12.09,84.0,97.76,2.24,16.0,8.77,80.95,93.68,0.46,,,10.01,,,99.39,,7.6,87.49,100.0,19.09,84.68,89.65,56.11,84.68,89.65,56.11,7.64,1.02,89.71,89.71,96.15,96.15,100.0,0.28,0.47,8.11,0.15,1.47,0.84,100.0,0.0,0.0,0.0,0.0,0.0,,,,0.0,319.21,143.16,143.16,82835.71,144962.5,,,84.95,10.5,84.54,100.0,0.0,100.0,0.0,0.0,0.0,2613.33,0.0,0.95,0.84,0.29,0.0,0.0,0.0,0.0,,,,,,,0.0,0.0,0.0,355430,3.21,2.8,470.32,3.01,3.25,2.77,93.75,-1.04,59.49,198080.7,92.93,45.54,63.46,8.09,10.99,49.0,68.28,11.55,0.56,11.83,52.76,44.45,2.8,25.59,26.47,616.79,610.84,1.17,859.45,2.33,103.81,0.71,90.54,100.0,1.01,90.21,100.0,99.95,83.65,99.95,100.0,83.69,14.56,11.97,11.97,13.97,155.16,0.73,8.35,97.69,2.31,16.31,8.1,77.46,89.73,100.0,100.0,96.91,100.0,96.91,8.06,0.18,444.17,6.0,250.0,6.0,,0.0,50.01,100.37,0.55,100.37,0.0,100.0,0.56,,,,,,,,,,SABESP,Água e Esgotos,SABESP,,,1.52,1.18,,62.17,,,,,81.2,100.0,100.0,0.0,466.05,0.85,0.34,,262.56,52.44,32.65,,,0.34,,,,,,,,,,,,2.62,0.77,0.0,,,,0.8,31.47,30.61,,0.11,4.08,Sim
3554409,100.0,100.0,100.0,99.5,99.48,100.0,9.77,1.07,100.0,91.6,84.54,100.0,100.0,13.82,14.8,180.15,164.97,15.52,13.12,84.7,95.31,4.69,15.3,7.47,83.67,87.15,0.69,,,4.81,,,100.0,,8.05,100.0,100.0,100.0,95.96,95.94,96.4,95.96,95.94,96.4,7.7,1.06,89.12,89.12,99.2,99.2,100.0,0.11,0.14,2.5,0.11,1.3,0.75,100.0,0.0,0.0,0.0,24.23,10.89,100.0,0.0,0.0,28.0,86.51,38.87,23.81,18356.0,23400.0,357.08,161.52,65.58,0.0,100.0,100.0,100.0,100.0,0.0,0.0,0.0,1120.5,0.0,0.77,0.75,0.02,0.0,0.0,0.0,0.0,,,,,,,0.0,0.0,0.0,355440,3.14,2.78,495.55,2.91,3.22,2.61,92.5,2.02,53.43,248044.69,95.54,46.52,57.76,4.32,13.5,48.69,60.45,13.33,4.66,14.13,53.58,44.68,1.74,114.56,7.45,828.0,810.55,0.99,1028.0,2.04,102.1,0.81,83.43,87.52,1.02,92.62,100.0,100.0,76.16,100.0,100.0,76.16,17.52,13.34,13.34,15.04,169.77,0.66,10.89,85.83,14.17,23.84,11.49,140.3,87.98,92.3,92.3,100.0,100.0,100.0,8.44,0.17,1145.0,6.0,,,,0.0,45.03,114.29,0.0,113.69,0.0,113.69,0.0,,,,,,,,,,SABESP,Água e Esgotos,SABESP,,,,,,,,,,,,,,,,,,,,,,,,,,,,,,,,,,,,,,,,,,,,,,,,Sim
3554508,98.91,98.8,100.0,91.52,91.96,86.96,13.66,1.05,99.96,87.24,45.39,74.84,100.0,11.74,15.4,227.23,186.69,25.17,15.26,62.19,61.19,38.81,37.81,21.45,328.58,0.0,1.33,1532.44,,4.0,8.0,,100.0,9.55,19.02,83.99,91.5,9.99,77.92,85.5,0.0,,85.12,,11.91,1.06,86.7,,68.19,40.91,60.0,0.36,1.18,1.5,1.0,0.83,1.01,25.0,75.0,0.28,10.0,0.0,0.0,0.0,100.0,,0.0,309.13,131.91,37.74,64411.77,50478.63,,,14.0,85.62,100.0,100.0,100.0,100.0,90.79,100.0,0.0,1031.03,0.0,0.88,0.71,0.18,10.36,7.25,3.62,0.0,,,,,,,2.06,2.06,0.0,355450,2.57,2.56,438.02,2.47,2.74,2.19,96.02,0.0,47.38,43994.53,103.5,40.12,49.34,0.64,15.89,38.76,47.67,34.87,1.06,15.35,52.54,38.8,8.66,0.0,135.3,210.69,202.72,4.01,259.15,7.67,105.12,0.65,89.93,98.92,1.05,90.33,100.0,99.95,47.61,87.46,90.05,54.43,25.07,13.64,11.97,14.0,178.88,1.33,10.15,55.87,44.13,45.57,34.34,394.96,83.63,91.99,91.99,94.88,60.0,56.93,10.18,0.25,,6.0,,12.0,4.5,0.49,,89.62,9.72,80.63,6.44,59.83,2.8,,,,,,,,,,SAMAE,Água e Esgoto,LPU,,,2.35,0.0,,78.07,,,,,90.92,100.0,100.0,100.0,1236.11,0.81,0.9,,198.07,83.53,54.39,,,0.9,,100.0,2.82,9.3,,45.15,33.26,6.63,14.96,0.0,15.68,1.58,0.18,,,,,0.0,0.0,0.0,,0.44,29.82,Sim
3554607,78.84,100.0,9.91,70.98,89.64,3.07,15.69,1.07,100.0,90.71,67.9,100.0,100.0,10.22,12.59,175.37,154.01,14.22,9.66,68.03,88.49,11.51,31.97,9.73,159.31,95.5,1.36,,,8.27,,,100.0,,4.86,63.86,83.46,0.0,60.94,76.92,2.76,60.94,76.92,2.76,15.95,1.01,91.4,91.4,111.18,111.18,100.0,0.69,0.28,1.0,0.23,3.15,2.81,100.0,0.0,0.0,0.0,46.27,28.11,89.14,10.86,30.93,6.28,570.97,346.94,225.66,20307.2,103268.62,1234.11,1032.69,65.29,11.06,100.0,100.0,100.0,100.0,100.0,100.0,0.0,397.0,0.0,0.87,0.75,0.16,36.14,32.13,13.2,0.0,,,,,,,10.08,10.08,0.0,355460,4.63,3.88,616.9,2.81,2.97,2.65,60.82,-7.43,51.35,269952.86,137.75,70.17,84.42,34.74,9.1,50.94,61.29,26.09,0.83,6.6,52.73,44.74,2.53,191.76,2.41,713.99,706.93,1.18,859.0,2.3,73.2,0.67,70.5,96.95,1.01,89.13,100.0,100.0,86.61,100.0,100.0,86.61,12.36,10.7,10.7,13.3,165.81,1.84,16.78,107.59,-7.59,13.39,3.0,54.98,67.91,93.38,93.38,100.0,100.0,100.0,16.28,1.53,598.0,7.0,,,,0.0,13.63,110.83,0.75,110.0,0.76,110.0,0.0,,,,,,,,,,SABESP,Água e Esgotos,SABESP,,,1.52,2.39,,131.99,,,,,92.74,100.0,100.0,7.67,692.23,1.55,1.0,,237.7,60.56,23.08,25.57,,0.78,,,5.26,19.14,,35.14,43.24,16.22,5.41,0.0,27.94,1.42,0.14,,,,,0.0,37.05,0.0,,2.59,38.46,Sim
3554656,100.0,100.0,100.0,,,100.0,27.42,1.06,100.0,91.91,68.48,100.0,100.0,11.88,14.45,274.86,245.45,16.45,11.27,68.48,87.86,12.14,31.52,5.79,180.28,88.0,1.25,1184.0,,14.88,7.75,,97.14,77.26,14.03,71.35,86.28,0.0,68.62,70.77,58.98,68.62,70.77,58.98,17.9,1.0,91.96,91.96,72.84,72.84,100.0,0.26,0.29,9.83,0.16,5.86,5.39,100.0,0.0,1.47,3.0,0.0,0.0,0.0,100.0,,0.0,639.32,336.73,459.57,35550.82,32318.93,,,48.33,6.58,98.93,99.71,95.24,59.79,98.93,59.79,0.0,374.63,0.48,1.99,1.34,0.8,247.92,145.27,50.73,0.0,,,,,,,19.79,19.79,0.0,355465,4.92,4.6,783.87,3.07,3.33,2.65,62.44,1.16,59.54,223902.33,149.82,66.41,95.36,20.44,18.57,44.33,63.65,15.12,3.98,12.4,65.44,31.6,2.96,24.0,4.31,448.77,446.21,1.56,644.33,2.56,68.3,0.75,99.21,100.0,1.0,92.5,100.0,100.0,72.53,100.0,100.0,72.53,15.47,11.22,11.22,14.49,185.89,1.29,14.52,93.66,6.34,27.47,8.58,140.35,61.28,94.02,94.02,62.04,100.0,62.04,8.82,0.23,95.56,6.0,50.0,6.0,,0.0,204.5,113.33,4.41,104.17,0.0,104.17,0.0,,,,,,,,,,SABESP,Água e Esgotos,SABESP,6.36,21627.1,1.68,,,137.58,100.0,0.0,,,87.44,99.75,99.75,0.0,,,0.84,,,,,30.83,,0.62,,,,,,,,,,,,,,,,,,,,,0.38,,,Sim
3554706,93.34,100.0,50.97,,,,19.22,1.09,100.0,89.96,68.46,100.0,100.0,12.29,13.77,178.02,156.15,16.92,11.58,69.54,81.38,18.62,30.46,9.12,184.42,94.9,1.63,2670.2,,14.42,6.8,,98.51,66.13,7.38,90.52,100.0,30.26,,,,,,,5.58,1.05,88.2,88.2,84.51,84.51,100.0,0.05,0.44,21.6,0.1,0.98,0.43,100.0,0.0,0.0,0.0,55.36,25.69,100.0,0.0,0.0,119.9,46.17,21.42,18.3,18750.0,50000.0,83.4,83.4,100.0,0.0,98.43,100.0,88.44,96.92,83.75,96.92,15.11,3972.0,0.0,1.15,0.71,0.52,60.43,47.84,19.83,0.0,,,,,,,9.57,9.57,0.0,355470,3.11,2.73,467.69,2.97,3.39,2.54,95.28,-1.68,47.04,189463.58,91.88,33.53,49.38,8.7,8.84,36.49,53.74,27.79,1.15,9.62,56.71,41.48,1.81,316.5,9.57,753.86,724.92,0.94,1110.08,1.85,103.54,0.55,90.52,100.0,1.04,90.45,100.0,99.99,62.61,100.0,100.0,62.61,19.21,12.03,12.03,14.28,158.51,2.02,15.0,74.35,25.65,37.39,15.27,245.5,88.49,100.0,100.0,98.31,100.0,98.31,10.9,0.01,200.0,6.0,,,,0.0,163.12,100.0,0.49,100.0,0.0,100.0,0.49,,,,,,,,,,SABESP,Água e Esgotos,SABESP,3.76,26756.21,2.83,69.0,15.32,100.52,75.0,25.0,,15.4,99.53,99.53,74.7,0.0,,,0.62,,137.38,31.0,,,,0.53,,,,,,,,,,,,,,,,,,,67.65,,,,,Sim
3554755,91.62,98.24,11.45,87.5,93.91,9.84,17.03,1.03,49.21,97.54,48.79,90.08,48.79,16.65,10.07,208.76,158.23,20.64,11.18,64.37,48.79,51.21,35.63,14.54,248.77,0.0,0.73,,,,,,100.0,,0.4,92.38,100.0,0.0,,100.0,,,100.0,,17.45,0.0,,,68.98,68.98,100.0,0.43,0.72,32.0,1.0,3.15,2.97,100.0,0.0,0.0,0.0,105.84,43.42,98.65,1.35,1.35,53.64,197.3,80.94,109.57,34800.47,27228.03,186.42,186.42,100.0,0.0,97.85,98.24,93.13,96.35,0.0,0.0,0.0,336.0,0.58,0.54,0.49,0.06,0.0,0.0,0.0,0.0,,,,,,,0.0,0.0,0.0,355475,2.11,2.11,210.97,0.54,0.42,,25.55,0.0,27.2,30969.92,391.45,44.41,106.46,0.0,0.0,11.34,27.2,68.4,4.41,0.0,77.67,22.33,0.0,0.0,2.4,539.76,539.76,0.77,1294.0,1.52,25.55,3.11,100.0,100.0,1.0,100.0,0.0,19.55,84.57,99.85,0.0,84.69,20.45,17.32,17.3,16.36,218.03,0.19,19.61,80.0,20.0,15.31,5.23,102.95,100.0,100.0,100.0,80.03,100.0,80.03,18.93,0.27,,,,,,0.0,4.33,100.0,0.0,100.0,0.0,100.0,0.0,,,,,,,,,,PMT,Água e Esgoto,LPU,5.05,21519.85,1.28,11.85,,108.75,75.0,25.0,12.5,,100.0,100.0,0.0,2.45,191.05,1.26,0.21,,421.82,29.3,25.0,20.39,,0.19,,,,,,,,,,,,2.25,1.06,40.0,,,,3.16,70.7,62.5,,0.0,0.0,Sim
3554805,96.86,100.0,81.67,91.45,100.0,48.31,15.61,1.1,100.0,92.93,35.24,100.0,51.27,13.56,15.06,165.39,138.12,36.89,13.0,37.69,40.82,59.18,62.31,49.03,829.81,91.01,1.93,473.33,,14.31,7.17,,99.19,2.59,8.04,92.65,100.0,57.09,79.75,87.22,42.13,79.75,87.22,42.13,6.76,1.05,93.84,93.84,87.65,87.65,100.0,0.51,2.08,25.2,0.33,0.27,0.3,42.86,57.14,0.0,0.0,70.87,27.67,100.0,0.0,0.0,121.26,58.44,22.82,11.36,41666.67,,82.46,4.08,32.72,67.28,100.0,100.0,100.0,100.0,0.0,0.0,0.0,2887.0,0.0,0.75,0.73,0.02,0.0,0.0,0.0,0.0,,,,,,,0.0,0.0,0.0,355480,3.7,2.28,402.89,3.21,3.6,2.76,86.75,-1.79,37.73,157966.81,71.11,21.51,43.49,37.46,5.85,30.26,61.16,14.4,6.25,8.23,58.25,38.99,2.76,56.8,47.51,641.08,616.91,0.8,1295.94,1.52,98.31,0.1,100.0,100.0,1.04,93.56,100.0,100.0,81.04,100.0,100.0,81.04,18.57,12.69,12.69,14.88,142.75,4.56,9.48,95.08,4.92,18.96,9.72,101.41,90.96,100.0,100.0,83.44,100.0,83.44,7.08,0.96,389.41,6.24,6620.0,68.0,,0.0,95.4,103.49,2.34,103.23,0.0,103.23,0.65,,,,,,,,,,SABESP,Água e Esgotos,SABESP,0.56,21666.67,0.52,0.0,15.38,12.23,100.0,0.0,8.33,1.88,100.0,100.0,100.0,0.0,2822.15,0.28,0.68,,22.64,46.15,50.0,0.05,,0.62,0.35,,,,,,,,,,,0.1,0.01,0.0,,,,0.14,30.77,25.0,,0.09,16.67,Sim
3554904,100.0,100.0,100.0,,,100.0,19.64,1.05,100.0,93.24,87.44,100.0,100.0,12.83,14.47,199.45,187.72,14.04,12.27,87.97,103.06,-3.06,12.03,2.75,58.19,91.81,1.46,3344.0,,8.58,6.0,,100.0,98.04,1.35,99.2,100.0,91.58,91.66,92.13,87.35,91.66,92.13,87.35,15.3,1.07,89.26,89.26,101.51,101.51,100.0,0.17,0.06,15.0,0.5,2.52,0.63,100.0,0.0,0.0,0.0,0.65,0.31,100.0,0.0,0.0,0.65,100.13,48.13,106.94,42429.28,76375.0,15442.32,15442.32,100.0,0.0,90.52,100.0,0.0,90.8,90.52,90.8,0.0,515.6,0.29,0.4,0.41,0.03,15.75,0.16,10.48,0.0,0.0,0.0,,,,,0.1,0.1,0.0,355490,3.33,3.04,526.67,2.88,3.15,2.58,86.54,0.21,57.73,233809.78,105.54,53.5,66.7,8.11,12.14,50.69,63.2,15.21,3.45,11.51,56.62,41.25,2.12,15.62,7.48,702.42,700.14,1.15,875.83,2.19,93.58,0.72,100.0,100.0,1.0,94.09,100.0,99.98,87.46,100.0,100.0,87.46,14.61,12.69,12.69,14.61,197.5,1.19,17.82,100.71,-0.71,12.54,3.16,60.01,98.85,100.0,100.0,100.0,100.0,100.0,14.83,0.04,1399.88,6.12,2000.0,6.0,,0.0,35.84,98.48,0.0,98.48,0.0,100.0,1.54,,,,,,,,,,SABESP,Água e Esgotos,SABESP,,,1.05,,34.35,35.77,,,,12.29,94.71,100.0,100.0,2.44,935.65,1.42,1.14,,,,25.93,7.32,,1.02,,,,,,,,,,,0.0,,,0.0,,,,1.42,,25.93,,1.02,18.52,Sim
3554953,47.24,99.88,0.0,47.99,99.17,0.0,13.13,1.0,100.0,97.2,48.73,100.0,100.0,11.68,14.4,213.8,196.19,23.95,11.67,49.01,60.14,39.86,50.99,29.27,403.33,92.92,1.5,26.15,,1.45,2.05,,100.0,1.41,25.82,39.51,83.54,0.0,20.74,42.87,0.0,20.67,42.72,0.0,7.51,1.02,91.52,93.45,52.26,0.0,0.0,0.07,8.91,1.6,0.39,1.83,0.14,85.71,14.29,0.0,0.0,37.57,21.64,100.0,0.0,0.0,164.96,22.78,13.12,211.93,54443.71,,60.62,10.35,43.46,56.54,100.0,100.0,100.0,100.0,46.06,91.3,0.0,1394.7,0.0,0.55,0.54,0.01,6.5,4.69,1.51,0.0,,,,,,,1.08,1.08,0.0,355495,2.26,2.26,343.42,2.11,2.14,2.01,93.09,0.0,21.71,30000.0,107.42,14.88,23.32,0.0,28.77,13.86,21.71,50.29,1.21,26.79,71.54,28.46,0.0,0.0,6.27,402.45,402.37,1.59,630.5,2.27,93.09,,77.02,95.89,1.0,98.07,100.0,97.48,41.26,96.84,100.0,42.6,21.08,8.98,8.92,12.72,98.03,,15.54,60.31,39.69,57.4,25.05,397.94,32.94,65.79,65.79,60.0,0.0,0.0,8.83,,,,,,,,,179.94,8.58,100.0,0.0,100.0,0.0,,,,,,,,,,PMT,Água e Esgoto,LPU,3.77,32780.4,2.14,,33.96,123.45,69.23,30.77,,41.93,95.0,100.0,100.0,100.0,,,1.36,,,,,,,0.72,,,0.58,2.9,,,,,,,4.92,0.16,0.01,,,,,,,,,,,Sim
3555000,98.05,100.0,61.63,,,100.0,12.0,1.1,100.0,89.1,85.81,100.0,100.0,13.62,14.71,199.07,177.15,14.89,12.78,85.82,98.73,1.27,14.18,5.94,76.65,92.04,0.93,,,6.75,,,99.43,,9.54,94.05,99.08,0.0,91.53,91.64,89.15,91.53,91.64,89.15,10.59,1.04,89.58,89.58,101.45,101.45,100.0,0.76,0.33,9.55,0.23,3.49,0.72,96.95,3.05,,30.0,222.87,100.33,100.0,0.0,0.0,44.18,504.45,227.08,227.08,26478.7,133654.4,226.35,90.11,39.81,60.19,94.92,100.0,0.0,100.0,0.0,0.0,66.67,5400.0,0.0,1.13,0.79,0.4,0.0,0.0,0.0,29.63,,,,,,,0.0,0.0,0.0,355500,2.63,1.93,353.08,3.28,3.49,3.06,124.66,0.14,40.54,124836.26,58.75,23.11,32.52,7.64,4.93,39.33,55.35,23.8,0.56,8.4,52.41,45.71,1.88,18.63,83.04,638.74,619.42,1.15,898.95,2.28,134.64,0.52,100.0,100.0,1.03,89.36,100.0,100.0,80.5,100.0,100.0,80.5,16.72,13.45,13.45,15.26,179.8,0.83,11.95,91.34,8.66,19.5,8.43,110.46,99.53,100.0,100.0,98.21,100.0,98.21,9.67,0.97,433.3,6.0,,,,0.0,54.44,100.14,0.62,100.14,0.07,100.07,0.69,,,,,,,,,,SABESP,Água e Esgotos,SABESP,2.46,29483.93,2.95,3.23,89.33,72.66,100.0,0.0,2.58,64.9,95.99,100.0,100.0,0.0,2367.36,0.97,1.97,1.1,67.38,66.65,39.35,,79.37,1.97,,100.0,0.93,6.68,9.92,33.32,21.42,0.05,45.22,0.0,39.75,2.61,0.13,0.0,,,,0.67,30.12,27.1,,0.27,10.97,Sim
3555109,79.64,100.0,7.28,86.47,,15.23,9.99,1.03,100.0,92.91,96.7,100.0,0.0,11.45,10.52,195.71,166.61,11.41,11.03,96.7,92.24,7.76,3.3,1.16,12.79,99.36,0.93,,,1.0,,,100.0,,0.03,78.04,100.0,0.0,,,,,,,10.06,0.0,,,99.37,99.37,100.0,0.97,0.1,0.57,1.0,1.03,0.71,100.0,0.0,1.5,19.0,102.39,49.3,95.66,4.34,19.27,143.34,60.28,29.03,192.86,164736.02,41066.24,58.87,58.87,89.41,1.59,78.57,100.0,2.42,100.0,78.04,100.0,0.0,1230.13,0.06,1.25,0.81,0.79,36.53,28.45,12.32,0.0,0.16,0.0,44.08,7.2,10.48,5.0,4.87,4.87,0.0,355510,1.22,1.1,,1.61,2.0,1.2,131.74,31.51,51.06,50391.48,68.49,31.38,38.76,0.0,0.0,45.81,56.59,41.89,1.51,0.0,64.11,35.89,0.0,,23.47,,532.63,1.52,,3.04,100.0,,100.0,100.0,1.03,,0.0,97.8,89.86,99.69,0.0,90.14,14.04,12.66,13.29,12.66,173.43,,11.18,90.14,9.86,9.86,4.07,46.9,100.0,100.0,100.0,97.44,100.0,97.44,11.12,,,7.57,,,,0.0,,101.14,0.0,101.14,0.0,101.14,0.0,,,,,,,,,,PMTP,Água e Esgoto,LPU,,,3.52,2.71,21.83,139.55,,,,30.46,90.35,100.0,100.0,20.28,798.72,0.82,0.71,,280.78,50.86,31.25,,,0.61,,39.44,11.45,29.5,,27.3,18.11,21.73,25.07,7.8,47.33,0.68,0.1,0.0,,230.32,2.0,0.33,33.91,12.5,0.21,0.66,25.0,Sim
3555208,84.23,100.0,9.38,77.58,91.06,2.65,15.48,1.07,100.0,89.67,84.2,100.0,100.0,11.33,13.62,208.02,185.66,12.6,10.61,84.38,108.08,-8.08,15.62,4.02,69.47,89.74,0.58,,,6.0,,,100.0,,1.09,82.38,99.74,0.0,68.95,80.97,2.12,68.95,80.97,2.12,14.42,1.01,91.23,91.23,111.81,111.81,100.0,0.01,0.07,4.0,0.11,9.22,2.63,66.67,33.33,,4.0,0.0,0.0,0.0,100.0,,0.0,681.13,471.28,700.32,82617.71,176254.65,,,76.75,13.97,82.6,100.0,0.0,0.0,0.0,0.0,0.0,800.0,0.0,1.19,0.9,0.54,0.0,0.0,0.0,0.0,,,,,,,0.0,0.0,0.0,355520,2.65,2.15,353.53,3.03,3.37,2.69,114.56,1.0,50.52,240876.94,70.81,32.31,44.1,4.67,9.26,45.64,62.28,10.16,4.58,13.07,55.68,43.06,1.26,32.49,1.36,1094.02,1087.42,0.67,1493.0,1.32,123.18,0.78,80.51,98.36,1.01,89.36,100.0,100.0,83.93,100.0,100.0,83.93,13.22,11.1,11.1,13.68,171.56,0.56,12.6,103.46,-3.46,16.07,5.16,70.26,78.97,96.48,96.48,100.0,100.0,100.0,15.49,0.01,,,,,,0.0,76.01,100.0,1.67,100.0,0.0,100.0,0.0,,,,,,,,,,SABESP,Água e Esgotos,SABESP,10.91,20419.94,5.98,1.78,0.96,222.76,100.0,0.0,0.0,2.13,99.8,99.82,99.82,0.0,724.17,1.82,1.13,0.68,134.83,24.94,16.67,44.12,36.0,0.93,,,,,,,,,,,,1.66,0.15,0.0,,,,3.03,51.29,27.78,,2.42,22.22,Sim
3555307,96.71,100.0,86.55,87.85,99.86,48.21,17.09,1.08,100.0,88.78,90.31,100.0,100.0,12.01,13.41,192.22,171.7,12.44,11.24,90.31,107.79,-7.79,9.69,2.3,42.7,91.15,0.93,,,4.0,,,100.0,,0.59,73.62,97.47,0.0,76.22,86.6,41.96,76.22,86.6,41.96,19.85,1.1,82.43,82.43,110.99,110.99,100.0,0.02,0.0,,0.0,5.54,2.38,100.0,0.0,0.0,0.0,67.66,39.59,100.0,0.0,-13.4,54.64,140.42,82.16,189.93,34269.27,34589.21,207.54,207.54,100.0,0.0,75.54,100.0,0.0,100.0,0.0,0.0,0.0,883.2,0.0,1.45,0.8,1.12,0.0,0.0,0.0,0.0,,,,,,,0.0,0.0,0.0,355530,3.68,3.56,598.41,2.92,3.21,2.62,79.33,2.05,72.12,316907.77,121.78,86.54,90.92,6.11,10.48,71.06,74.66,10.59,0.2,8.61,54.96,43.41,1.63,16.55,2.1,709.35,700.78,1.36,745.25,2.68,83.91,0.69,95.43,100.0,1.01,89.21,100.0,100.0,87.67,100.0,100.0,87.67,13.81,12.1,12.1,14.05,183.27,1.07,15.33,101.77,-1.77,12.33,3.41,56.63,93.46,100.0,100.0,100.0,100.0,100.0,19.27,0.01,,,,,,0.0,2.98,100.0,0.0,100.0,0.0,100.0,0.0,,,,,,,,,,SABESP,Água e Esgotos,SABESP,10.59,23285.54,2.2,2.38,12.46,246.51,100.0,0.0,,30.71,71.11,100.0,100.0,0.0,,,0.95,,268.08,37.67,,76.4,,0.95,,,,,,,,,,,,1.34,0.14,,,,,,46.53,,,,,Sim
3555356,94.43,100.0,0.0,95.84,,0.0,8.77,1.0,100.0,100.0,91.12,100.0,100.0,13.15,14.73,196.89,196.89,14.43,13.15,91.12,102.1,-2.1,8.88,4.8,42.11,100.0,1.02,164.29,,1.2,6.86,,100.0,6.86,0.29,94.43,100.0,0.0,,83.78,,,83.78,,9.62,0.0,,,76.82,76.82,100.0,0.0,1.19,1.6,1.0,1.36,1.36,42.86,57.14,0.0,0.0,27.24,12.55,64.55,35.45,35.45,5.61,485.25,223.51,237.98,42405.06,42405.06,1781.29,196.79,10.7,68.13,94.43,100.0,0.0,100.0,0.0,0.0,0.0,1280.0,0.0,0.64,0.63,0.05,0.0,0.0,0.0,0.0,0.0,0.0,,,,,0.0,0.0,0.0,355535,1.05,1.05,192.74,0.62,0.62,0.62,59.46,0.0,63.15,51082.95,168.19,64.65,106.21,0.0,7.72,38.44,63.15,29.23,3.03,4.59,60.19,38.0,1.81,0.0,9.04,419.7,419.7,1.45,689.55,2.75,60.55,0.63,100.0,100.0,1.0,,92.37,100.0,69.58,100.0,100.0,69.58,23.06,16.05,16.05,17.86,171.42,0.62,10.06,77.43,22.57,30.42,21.96,230.69,100.0,100.0,100.0,70.0,100.0,70.0,11.0,0.0,150.0,6.0,,,,,15.0,150.55,0.0,150.55,43.07,100.0,1.58,,,,,,,,,,PMU,Água e Esgoto,LPU,,,3.73,58.8,3.35,163.65,,,,5.47,100.0,100.0,100.0,100.0,2390.69,1.21,2.48,2.27,122.68,67.95,33.33,,0.0,2.27,,,,,,,,,,,,,,75.0,,,,1.38,8.38,38.1,,0.35,9.52,Sim
3555406,79.62,85.05,0.0,81.08,86.3,0.0,10.87,1.76,100.0,94.06,71.99,100.0,100.0,11.21,13.98,341.21,268.49,15.01,10.81,80.09,93.12,6.88,19.91,14.98,173.39,93.92,0.36,30106.43,,14.36,10.0,,85.54,46.49,8.19,40.88,43.67,0.0,36.11,38.43,0.0,36.11,38.43,0.0,9.38,1.91,92.94,92.94,41.28,41.28,100.0,1.43,0.13,20.23,0.02,1.28,1.29,13.79,86.21,1.38,31.0,328.55,273.79,100.0,0.0,0.0,42.52,772.66,643.88,640.86,62500.0,62500.0,235.17,4.06,1.73,98.27,93.17,99.53,0.0,99.53,46.58,38.71,99.13,5379.99,0.0,1.37,1.18,0.29,11.11,9.33,1.29,0.0,,,43.8,16.77,7.57,26.08,0.87,0.87,0.0,355540,3.71,2.66,468.82,3.67,3.62,3.8,98.96,2.58,45.93,175774.05,72.44,32.74,46.41,20.86,5.81,45.2,64.07,13.27,5.0,8.02,67.95,30.19,1.87,42.26,135.37,585.21,351.47,2.01,829.51,2.84,104.25,0.65,75.12,76.97,1.62,94.79,100.0,100.0,71.07,100.0,100.0,71.07,17.43,11.58,11.58,15.01,308.01,0.3,11.34,92.11,7.89,28.93,20.23,251.1,33.42,34.24,34.24,39.52,100.0,39.52,9.51,1.37,11721.13,6.29,,,,0.0,92.95,101.4,0.0,101.4,1.66,100.37,1.59,,,,,,,,,,SABESP,Água e Esgotos,SABESP,,,,,,,,,,,,,,,,,,,,,,,,,,,,,,,,,,,,,,,,,,,,,,,,Sim
3555505,71.45,90.11,0.0,67.6,83.73,0.0,8.62,1.06,100.0,90.99,86.43,100.0,100.0,13.55,14.71,184.01,168.24,14.88,12.87,86.43,98.83,1.17,13.57,7.63,70.52,92.37,0.79,,,17.42,,,100.0,,4.65,65.24,82.28,0.0,60.0,74.31,0.0,60.0,74.31,0.0,10.41,1.01,91.54,91.54,97.35,97.35,100.0,0.27,0.0,,0.0,1.92,0.85,100.0,0.0,0.0,0.0,0.0,0.0,,,,0.0,191.0,80.93,94.45,49289.08,46605.24,,,78.45,19.58,67.24,84.79,0.0,84.79,67.24,84.79,0.0,593.35,0.19,0.62,0.92,0.0,54.29,33.45,16.24,0.0,,,,,,,9.98,9.72,0.25,355550,3.31,2.95,537.76,3.0,3.27,2.73,90.68,-0.11,61.76,291553.26,98.07,56.21,68.1,6.58,13.43,57.31,69.44,9.4,0.28,13.7,53.76,43.5,2.74,29.49,3.63,780.77,772.38,1.07,946.0,2.11,100.73,0.63,76.72,100.0,1.01,91.98,100.0,100.0,89.44,100.0,100.0,89.44,15.0,13.42,13.42,15.21,174.21,0.81,10.21,101.41,-1.41,10.56,4.84,52.7,74.46,100.0,100.0,98.78,100.0,98.78,8.6,0.09,751.25,6.0,,,,0.0,55.91,110.83,0.0,110.0,0.0,110.0,0.0,,,,,,,,,,SABESP,Água e Esgotos,SABESP,3.44,30570.68,1.89,0.0,,105.23,100.0,0.0,0.0,,100.0,100.0,100.0,0.0,1208.73,0.86,0.89,,68.97,21.34,25.0,3.96,,0.65,,,,,,,,,,,,1.41,0.16,0.0,,,,2.01,61.31,58.33,,0.29,8.33,Sim
3555604,93.24,100.0,0.0,94.9,,0.0,10.72,1.01,98.75,90.87,8.49,10.31,100.0,0.79,7.41,124.38,111.46,9.21,7.58,82.36,80.44,19.56,17.64,4.99,54.19,97.61,1.29,25.0,,1.0,6.0,,100.0,0.51,3.06,93.24,100.0,0.0,,99.96,,,99.96,,10.43,0.0,,,149.9,149.9,100.0,1.1,0.3,6.0,1.0,0.61,1.32,100.0,0.0,0.0,0.0,31.13,14.07,100.0,0.0,19.3,30.9,81.32,36.75,33.92,56026.23,27892.26,261.2,261.2,100.0,0.0,100.0,100.0,100.0,100.0,0.0,0.0,0.0,2682.85,0.0,1.38,0.61,0.83,0.0,0.0,0.0,55.91,,,,,,,0.0,0.0,0.0,355560,,,,,,,,,,,,,,,,,,,,,,,,,,,,,,,,,,,,,,,,,,,,,,,,,,,,,,,,,,,,,,,,,,,,,,,,,,,,,,,,,,,,,,,,,,,,,,,,,,,,,,,,,,,,,,,,,,,,,,,,,,,,,,,,,,,,,,,Sim
3555703,95.27,100.0,75.32,99.32,100.0,96.24,10.44,1.08,100.0,89.04,89.17,100.0,100.0,13.0,14.53,185.19,156.12,13.68,12.2,89.17,106.22,-6.22,10.83,4.6,52.55,90.44,0.85,,,3.5,,,100.0,,0.73,85.32,100.0,23.4,88.78,89.46,85.71,88.78,89.46,85.71,9.66,1.06,85.98,85.98,98.36,98.36,100.0,0.0,0.0,,0.0,4.56,2.28,11.11,88.89,0.0,0.0,0.0,0.0,,,,0.0,177.39,80.61,156.94,,54600.0,,,50.5,49.5,80.84,100.0,0.0,100.0,0.0,0.0,0.0,578.5,0.0,0.97,0.93,0.28,0.0,0.0,0.0,0.0,,,,,,,0.0,0.0,0.0,355570,3.12,2.53,422.51,2.98,3.25,2.72,95.57,-1.63,48.53,233306.37,84.68,38.34,50.78,11.45,14.67,45.28,59.97,13.99,0.37,17.32,53.83,44.12,2.05,13.38,1.32,920.82,907.99,0.83,1219.5,1.65,108.08,0.82,77.39,100.0,1.01,88.79,100.0,100.0,89.32,100.0,100.0,89.32,13.07,11.67,11.67,13.95,165.38,0.91,11.69,106.74,-6.74,10.68,3.72,46.53,76.14,99.43,99.43,100.0,100.0,100.0,11.1,0.0,,,,,,0.0,8.71,100.0,0.0,100.0,0.0,100.0,0.0,,,,,,,,,,SABESP,Água e Esgotos,SABESP,,,,,,,,,,,,,,,,,,,,,,,,,,,,,,,,,,,,,,,,,,,,,,,,Sim
3555802,96.55,100.0,72.4,96.86,99.95,74.61,14.82,1.07,99.83,90.9,86.59,100.0,100.0,12.86,14.05,185.52,169.14,13.95,12.08,87.0,100.76,-0.76,13.0,3.94,63.53,90.78,0.41,,,6.82,,,100.0,,1.15,85.91,98.2,0.0,88.2,91.0,68.02,88.2,91.0,68.02,12.65,1.06,87.59,87.59,107.79,107.79,100.0,0.13,0.04,5.5,0.03,1.02,1.02,62.5,37.5,0.0,0.0,41.74,19.8,100.0,0.0,0.0,16.59,251.66,119.36,119.36,28460.76,28460.76,602.92,91.57,15.19,84.81,87.48,100.0,0.0,100.0,0.0,0.0,0.0,1642.0,0.0,0.5,0.49,0.09,0.0,0.0,0.0,0.0,,,,,,,0.0,0.0,0.0,355580,2.5,1.93,325.56,2.98,3.16,2.8,119.36,-0.9,51.24,202614.47,64.74,37.66,42.93,6.54,5.28,58.17,66.31,14.71,0.0,8.15,52.15,45.94,1.91,19.57,7.41,938.55,932.74,0.94,1069.85,1.87,130.21,1.31,95.1,100.0,1.01,91.72,100.0,100.0,84.48,100.0,100.0,84.48,14.37,12.13,12.13,14.06,161.33,0.35,14.1,97.88,2.12,15.52,4.78,73.74,94.62,100.0,100.0,100.0,100.0,100.0,12.04,0.09,200.0,6.0,,,,0.0,16.14,98.89,0.0,98.89,0.0,98.89,0.0,,,,,,,,,,SABESP,Água e Esgotos,SABESP,2.22,25131.97,1.84,5.03,22.25,55.7,100.0,0.0,0.0,12.39,84.16,100.0,100.0,0.0,1597.44,1.17,1.61,,50.09,52.76,52.94,,,1.61,,,,,,,,,,,,,,0.0,,,,0.91,35.78,41.18,,0.13,5.88,Sim
3555901,93.09,100.0,56.83,75.94,87.6,16.08,14.7,1.09,100.0,89.59,90.58,100.0,100.0,12.26,13.74,184.73,158.21,12.51,11.33,91.09,109.9,-9.9,8.91,2.52,39.89,91.99,0.52,,,12.15,,,100.0,,3.91,92.6,100.0,53.74,65.45,75.34,14.69,65.45,75.34,14.69,9.29,1.03,87.71,87.71,99.34,99.34,100.0,1.38,0.16,24.0,0.09,10.91,2.11,93.75,6.25,0.0,0.0,24.9,15.39,100.0,0.0,0.0,1.73,1438.56,889.09,1269.6,74557.24,72784.79,5776.98,999.85,40.11,3.7,100.0,100.0,100.0,100.0,0.0,0.0,0.0,294.5,0.0,0.57,0.47,0.11,0.0,0.0,0.0,100.0,,,,,,,0.0,0.0,0.0,355590,3.67,3.11,519.93,2.97,3.19,2.74,80.88,-0.04,49.56,215552.34,104.78,40.15,61.28,13.92,13.69,38.32,58.48,20.1,1.69,13.07,53.55,45.13,1.32,14.7,1.53,708.9,703.01,0.93,1082.0,1.86,91.41,0.68,100.0,100.0,1.01,89.78,100.0,100.0,89.01,100.0,100.0,89.01,13.08,11.59,11.59,14.01,176.74,0.51,13.68,107.59,-7.59,10.99,3.25,47.47,99.91,100.0,100.0,100.0,100.0,100.0,11.05,1.64,250.0,6.0,,,,0.0,22.2,100.0,0.0,100.0,0.0,100.0,0.0,,,,,,,,,,SABESP,Água e Esgotos,SABESP,8.94,40232.93,2.54,11.44,3.59,359.58,100.0,0.0,0.0,12.92,100.0,100.0,100.0,3.47,532.48,2.98,1.41,0.98,498.45,68.83,33.33,19.31,23.92,1.22,,100.0,3.28,16.88,4.31,52.94,35.29,5.88,0.0,5.88,17.87,2.18,0.15,0.0,,34.03,1.68,3.97,19.74,44.44,2.09,0.99,11.11,Sim
3556008,93.07,100.0,0.0,88.11,95.03,0.0,5.3,1.0,100.0,94.3,0.0,0.0,100.0,0.0,29.33,459.1,459.1,34.5,29.33,85.0,85.0,15.0,15.0,31.02,170.14,100.0,0.0,166.67,,1.0,7.0,,100.0,2.75,1.98,93.07,100.0,0.0,,,,,,,9.91,0.0,,,37.89,37.89,100.0,2.48,0.92,2.0,1.0,0.46,0.46,100.0,0.0,0.0,0.0,0.0,0.0,,,,0.0,89.49,41.08,41.08,89460.0,89460.0,,,100.0,0.0,93.07,100.0,0.0,100.0,0.0,0.0,0.0,1681.53,0.0,0.98,1.06,0.0,0.0,0.0,0.0,0.0,,,,,,,0.0,0.0,0.0,355600,0.34,0.34,,0.75,1.24,0.51,219.55,-20.9,21.93,54618.3,45.55,7.69,9.99,0.0,10.84,16.89,21.93,51.97,2.3,23.8,55.7,44.3,0.0,,3.9,,2790.84,0.28,,0.55,265.44,,88.46,99.41,1.0,97.37,100.0,100.0,75.44,100.0,100.0,75.44,22.09,16.67,16.67,14.52,246.01,,6.85,65.7,34.3,24.56,24.46,178.41,88.46,99.41,99.41,100.0,97.95,100.0,2.95,,,,,6.11,,,,100.0,3.33,100.0,8.89,100.0,4.17,,,,,,,,,,PMU,Água e Esgoto,LPU,1.63,22028.7,0.89,72.63,,35.85,100.0,0.0,10.0,,88.99,100.0,100.0,0.0,1677.32,0.65,0.94,,103.18,98.37,40.0,,,0.94,,,,,,,,,,,,,,0.0,,,,0.33,0.0,20.0,,0.49,30.0,Sim
3556107,99.37,100.0,92.33,,,100.0,11.45,1.09,100.0,88.74,82.74,100.0,100.0,13.03,13.81,187.05,163.29,14.61,12.09,84.71,94.56,5.44,15.29,6.62,80.35,93.56,1.32,,,16.79,,,99.14,,3.73,95.35,100.0,43.09,91.78,91.96,89.63,91.78,91.96,89.63,8.85,1.05,86.83,86.83,99.05,99.05,100.0,0.0,0.02,6.0,0.02,1.87,0.83,45.95,54.05,0.6,8.0,75.67,32.76,89.33,10.67,10.67,31.68,238.86,103.41,105.98,46690.61,85599.46,315.65,107.89,35.21,64.79,100.0,100.0,100.0,100.0,91.84,100.0,0.0,1317.4,0.07,1.74,0.88,0.94,34.93,20.61,10.04,0.0,,,,,,,2.98,2.98,0.0,355610,2.86,2.1,351.4,2.97,3.25,2.69,103.76,0.18,41.81,236331.32,70.68,32.92,40.3,14.66,6.51,46.57,57.01,23.27,0.26,9.21,52.27,43.14,4.59,16.3,9.18,1179.7,1157.15,0.71,1444.0,1.41,116.5,0.77,100.0,100.0,1.02,90.14,100.0,100.0,85.58,100.0,100.0,85.58,14.28,12.13,12.13,13.98,163.47,1.23,13.45,98.59,1.41,14.42,4.72,68.53,99.93,100.0,100.0,100.0,100.0,100.0,9.75,0.01,1696.67,6.0,,,,0.0,18.26,96.87,0.0,96.87,0.0,96.87,0.0,,,,,,,,,,SABESP,Água e Esgotos,SABESP,,,1.99,53.84,48.83,57.6,,,,28.13,100.0,100.0,100.0,86.47,2102.08,0.49,0.89,0.8,86.66,48.83,33.33,,1.39,0.81,,100.0,6.65,21.6,8.73,52.53,26.61,11.99,7.99,0.88,27.96,1.04,0.12,0.0,,172.18,2.0,0.25,46.16,16.67,0.15,0.58,38.89,Sim
3556206,96.28,99.79,0.0,95.97,99.47,0.0,17.17,1.45,100.0,92.18,61.11,100.0,100.0,12.25,13.84,192.5,176.29,20.05,12.25,61.42,69.06,30.94,38.58,20.89,367.52,100.0,0.86,779.07,,1.5,11.2,,100.0,1.33,14.52,93.66,97.07,0.0,93.15,96.55,0.0,93.15,96.55,0.0,16.05,1.47,92.24,92.24,76.75,76.75,100.0,0.21,2.79,1.5,1.0,0.44,0.91,6.86,93.14,0.0,0.0,657.74,278.45,99.99,0.01,9.77,113.55,522.73,221.29,214.02,79636.25,79636.25,79.47,1.31,1.7,98.3,100.0,100.0,100.0,100.0,96.48,100.0,0.0,2543.95,0.0,0.8,0.77,0.02,31.88,15.99,10.9,0.0,,,,,,,5.31,5.31,0.0,355620,2.99,2.24,399.9,3.0,2.91,3.09,100.23,-3.41,52.74,86105.37,74.77,38.28,52.62,0.0,0.0,51.19,70.37,13.54,14.48,0.0,44.77,47.46,7.77,104.12,334.72,305.97,219.37,3.32,420.59,6.47,149.94,0.24,93.26,98.0,1.44,92.32,96.7,100.0,64.32,100.0,100.0,64.32,19.09,11.87,11.87,14.09,176.58,1.71,17.12,76.31,23.69,35.68,17.46,310.91,89.58,94.14,94.14,92.31,100.0,92.31,16.82,0.23,414.9,8.52,440.63,9.31,3.0,2.69,2.0,156.48,2.09,125.12,0.95,103.98,3.25,,,,,,,,,,DAEV,Água e Esgoto,LPU,,,4.65,100.0,109.19,168.09,,,,183.55,100.0,100.0,100.0,100.0,2919.95,0.32,0.83,,154.09,26.58,15.54,,,0.79,,95.04,2.89,8.82,,,,,,,14.7,,,100.0,100.0,107.3,2.68,0.17,9.15,8.37,0.14,1.14,55.78,Sim
3556305,96.86,100.0,0.0,99.29,,0.0,8.81,1.0,100.0,99.27,50.1,100.0,100.0,15.54,15.54,186.71,186.71,31.01,15.54,50.1,50.1,49.9,49.9,51.06,508.77,0.0,1.19,,2879.33,3.42,,1.67,100.0,33.36,4.39,96.86,100.0,0.0,87.87,90.39,0.0,87.87,90.39,0.0,8.43,1.0,100.0,100.0,70.0,70.0,100.0,0.09,0.1,3.0,1.0,0.54,0.08,60.0,40.0,0.0,0.0,23.11,9.19,100.0,0.0,0.0,51.79,44.61,17.75,18.32,21042.8,73649.81,193.09,64.82,33.57,66.43,100.0,100.0,100.0,100.0,100.0,100.0,0.0,2076.4,0.4,0.46,0.45,0.01,29.41,17.65,17.86,0.0,0.28,0.0,,,,,10.51,10.51,0.0,355630,2.22,1.95,340.81,2.07,2.44,1.6,93.09,0.0,55.05,44778.17,94.22,42.12,59.13,0.0,0.0,44.71,62.76,35.24,0.83,0.0,58.43,30.53,11.04,47.66,80.02,209.35,200.09,3.56,293.89,7.1,104.64,0.58,100.0,100.0,1.05,99.15,100.0,100.0,47.91,100.0,100.0,47.91,33.72,16.15,16.15,16.15,169.53,1.0,9.53,47.91,52.09,52.09,57.85,604.24,100.0,100.0,100.0,80.0,100.0,80.0,9.17,0.07,,,,,0.5,0.05,,103.13,0.48,103.13,0.0,103.14,0.0,,,,,,,,,,DAEV,Água e Esgoto,LPU,1.71,32734.21,1.8,72.24,8.5,55.9,79.07,20.93,11.63,4.75,97.24,100.0,100.0,93.82,1720.62,0.36,0.53,,265.16,91.5,20.93,,,0.52,,79.42,4.34,8.38,,71.09,18.96,9.48,0.47,0.0,11.12,0.33,0.06,0.0,,,,0.32,5.71,18.6,,0.68,39.53,Sim
3556354,56.0,87.03,0.0,49.81,79.04,0.0,25.71,1.07,100.0,89.8,72.39,100.0,100.0,11.61,13.54,162.51,145.68,15.18,10.98,72.41,89.23,10.77,27.59,5.46,147.34,94.85,0.51,942.2,,14.83,12.2,,97.5,35.33,9.11,45.59,70.85,0.0,29.57,46.93,0.0,27.72,43.99,0.0,17.41,1.02,88.25,88.26,52.06,50.59,97.17,1.47,0.16,24.8,0.09,2.3,0.83,28.0,72.0,0.0,0.0,32.2,15.93,100.0,0.0,0.0,11.32,284.35,140.69,68.35,29425.05,,883.16,119.67,20.65,79.35,100.0,100.0,100.0,100.0,0.0,0.0,0.0,1206.8,0.0,0.61,0.51,0.16,0.0,0.0,0.0,0.0,,,,,,,0.0,0.0,0.0,355635,4.07,3.65,603.7,3.25,3.4,3.02,79.86,8.62,58.71,232855.68,112.19,49.96,73.52,71.06,13.0,44.53,65.53,11.87,5.01,11.59,61.14,35.8,3.06,0.0,5.89,588.65,573.95,1.18,866.25,1.96,52.4,0.63,49.76,99.06,1.02,89.05,100.0,100.0,76.86,100.0,100.0,76.86,14.56,11.19,11.19,13.8,148.61,0.58,22.21,94.77,5.23,23.14,4.71,113.48,32.16,64.03,64.03,52.87,97.56,51.58,17.47,1.25,1072.0,11.0,,,22.04,1.02,18.58,107.02,0.0,107.02,0.82,107.02,0.41,,,,,,,,,,SABESP,Água e Esgotos,SABESP,2.65,41600.62,2.36,58.45,15.21,110.03,71.43,28.57,,16.74,100.0,100.0,100.0,67.04,,,1.33,0.67,128.8,56.93,,,0.0,0.67,,,,,,,,,,,,,,,,,,,11.47,,,,,Sim
3556404,95.57,100.0,0.0,,,,18.07,1.01,99.18,92.39,61.54,98.05,100.0,15.66,17.47,237.56,201.42,25.23,15.84,68.0,69.23,30.77,32.0,14.09,267.79,98.84,0.77,,,2.5,,,100.0,,0.7,95.57,100.0,0.0,,,,,,,16.77,1.01,92.54,92.54,90.52,86.0,95.0,0.67,2.33,1.99,1.0,0.51,1.16,83.82,16.18,,8.0,43.09,18.2,90.48,9.52,28.38,59.41,57.42,24.25,70.15,150851.96,19014.81,133.24,111.5,74.34,9.54,100.0,100.0,100.0,100.0,0.0,0.0,0.0,599.82,0.0,0.88,0.85,0.03,0.0,0.0,0.0,0.0,,,,,,,0.0,0.0,0.0,355640,1.2,1.18,200.5,1.5,1.79,1.18,124.89,-22.33,47.7,35704.75,78.56,26.74,38.19,0.0,1.53,34.04,48.62,36.55,12.87,1.94,60.11,35.39,4.5,0.0,83.55,366.28,362.99,1.93,523.1,3.85,160.37,0.55,100.0,100.0,1.01,90.64,100.0,98.83,79.82,92.9,100.0,85.92,16.89,14.32,13.5,14.93,170.24,0.93,21.31,89.56,10.44,14.08,3.43,78.06,100.0,100.0,100.0,93.01,95.0,88.36,21.07,0.5,,,,,0.89,3.17,0.94,100.0,0.62,100.0,0.3,100.0,0.0,,,,,,,,,,SAE,Água e Esgoto,LPU,,,1.94,,,43.21,,,,,98.03,100.0,100.0,25.64,,,0.79,,,,,,,0.76,,,17.09,49.18,,20.0,40.0,30.0,10.0,0.0,73.76,1.62,0.21,,,,,,,,,,,Sim
3556453,100.0,100.0,100.0,,,100.0,18.96,1.25,99.99,91.71,72.06,100.0,100.0,11.82,,168.79,147.27,15.6,11.24,73.28,3.11,96.89,0.94,8.29,171.25,91.32,0.17,2029.59,,13.88,11.54,,94.84,8.77,8.0,63.34,64.04,0.0,42.82,42.87,38.4,18.86,18.88,16.88,11.88,1.3,91.63,91.54,29.64,11.56,39.01,0.47,0.25,18.79,0.08,1.36,0.47,0.0,100.0,0.0,0.0,0.0,0.0,,,,0.0,291.9,121.36,52.27,,,,,0.88,99.12,98.91,100.0,0.0,100.0,0.0,0.0,0.0,1530.08,0.0,1.05,0.82,0.24,0.0,0.0,0.0,0.0,,,,,,,0.0,0.0,0.0,355645,4.59,2.15,353.81,4.24,4.28,4.11,92.23,4.12,25.09,164238.26,50.67,12.92,27.2,56.83,5.39,25.5,53.69,15.34,5.35,10.64,74.46,23.59,1.95,16.51,24.21,864.66,713.68,0.67,1820.13,0.92,89.49,1.74,95.15,95.15,1.22,91.89,100.0,100.0,63.02,99.99,100.0,63.03,18.43,11.54,11.54,14.11,117.37,0.09,22.79,77.1,22.9,36.97,10.78,272.38,34.77,34.77,34.77,26.41,31.96,8.44,14.59,0.61,319.5,10.27,,,23.64,2.39,14.75,100.72,0.0,100.0,0.72,100.0,0.72,,,,,,,,,,SABESP,Água e Esgotos,SABESP,,,4.82,100.0,,141.9,,,,,100.0,100.0,100.0,100.0,2115.7,0.44,0.79,,300.72,61.37,28.4,,,0.79,,,,,,,,,,,,2.31,0.29,100.0,100.0,169.57,1.39,0.27,13.88,17.28,0.12,0.61,39.51,Sim
3556503,94.42,94.69,0.0,94.9,95.51,0.0,8.4,1.26,100.0,91.65,69.1,100.0,100.0,12.17,13.73,159.17,123.66,16.75,11.58,72.79,81.98,18.02,27.21,21.5,188.65,95.22,0.86,9217.48,,13.82,13.02,,88.89,21.07,6.1,88.43,88.68,0.0,82.91,83.45,0.0,82.91,83.45,0.0,6.35,1.2,91.53,91.53,90.3,90.3,100.0,0.84,0.29,4.42,0.06,0.23,0.38,9.72,90.28,0.08,9.0,282.25,59.86,100.0,0.0,7.79,39.55,658.04,139.56,22.48,18571.43,,233.14,2.86,1.74,97.37,97.79,98.08,0.0,98.08,97.79,31.87,0.0,6035.47,0.01,1.38,0.71,0.69,1.56,1.52,0.61,0.0,,,44.63,26.84,9.12,19.41,0.29,0.29,0.0,355650,4.0,2.56,447.63,3.04,3.35,2.76,76.01,-0.06,32.75,227461.16,84.14,29.83,43.08,17.69,8.54,35.46,51.21,21.89,8.94,10.15,51.55,46.42,2.03,26.61,75.1,992.36,846.45,0.82,1433.13,1.6,111.68,0.6,95.26,95.26,1.17,93.95,100.0,100.0,64.52,99.99,100.0,64.53,18.09,11.57,11.57,13.65,126.22,0.82,8.59,76.13,23.87,35.47,26.55,244.72,91.33,91.33,91.33,99.23,100.0,99.23,6.68,1.02,1039.99,6.5,400.0,6.0,,0.0,119.45,104.73,2.65,104.84,1.18,101.85,0.81,,,,,,,,,,SABESP,Água e Esgotos,SABESP,,,3.71,99.5,23.49,91.42,,,,21.47,100.0,100.0,100.0,100.0,2200.42,0.33,0.62,,289.34,71.57,57.97,,,0.62,,,,,,,,,,,,0.97,0.16,100.0,,,,0.13,9.43,23.19,,0.05,8.7,Sim
3556602,88.36,100.0,0.17,81.15,91.83,0.2,12.43,1.0,0.03,100.0,0.0,0.0,0.0,0.0,13.46,158.18,157.57,13.46,12.84,95.37,100.0,0.0,4.63,1.65,20.51,0.03,0.66,900.0,,0.19,6.0,,100.0,26.64,3.14,88.34,100.0,0.0,,91.81,,,91.81,,12.73,0.0,,,75.18,75.18,100.0,0.34,1.98,4.66,1.0,1.54,0.41,77.78,22.22,0.0,0.0,115.76,44.76,100.0,0.0,0.0,73.48,157.54,60.91,35.74,22503.64,,136.1,6.91,37.69,61.22,94.17,100.0,50.0,100.0,0.0,0.0,0.83,341.78,0.0,0.55,0.57,0.01,0.0,0.0,0.0,0.83,,,,,,,0.0,0.0,0.0,355660,,,,,,,,,,,,,,,,,,,,,,,,,,,,,,,,,,,,,,,,,,,,,,,,,,,,,,,,,,,,,,,,,,,,,,,,,,,,,,,,,,,,,,,,2.55,40798.71,3.46,74.11,,103.87,100.0,0.0,0.0,,86.94,100.0,100.0,50.0,958.47,0.85,0.7,,353.75,86.71,33.33,,,0.7,,,,,,,,,,,,,,0.0,,,,0.53,9.96,20.83,,0.0,0.0,Sim
3556701,97.11,97.15,93.69,95.84,94.03,,20.97,1.18,100.0,90.74,64.21,100.0,99.61,13.75,15.9,199.11,178.97,21.42,13.75,65.77,74.23,25.77,34.23,13.13,284.81,12.29,1.04,74580.95,731.52,3.15,6.0,15.64,65.78,9.21,4.59,89.09,90.25,0.0,86.54,87.66,0.0,86.54,87.66,0.0,17.02,1.19,89.7,89.7,85.05,110.07,129.42,1.09,2.46,0.99,0.82,3.63,1.4,3.04,96.96,0.51,40.0,432.27,178.21,100.0,0.0,0.0,91.27,473.64,195.27,268.9,72783.82,168973.59,109.57,1.2,2.66,97.34,100.0,100.0,100.0,100.0,98.72,100.0,87.15,4992.02,0.0,1.73,0.97,0.77,66.01,54.42,18.41,0.0,,,,,,,8.53,8.53,0.0,355670,3.26,3.17,603.53,3.65,3.88,3.32,111.92,4.39,60.44,65002.7,87.01,35.55,54.0,5.23,7.32,40.85,62.06,22.23,6.15,8.41,56.41,39.02,4.57,132.43,316.0,173.54,145.14,4.54,263.64,8.29,108.61,0.6,92.02,95.0,1.18,91.07,100.0,100.0,66.28,99.86,100.0,66.37,22.47,14.91,14.89,16.32,201.97,0.97,21.53,72.66,27.34,33.63,13.16,292.74,82.33,85.0,85.0,85.0,99.71,85.0,16.38,1.01,,,,,1.08,2.56,1.55,143.31,0.26,215.85,0.11,421.04,7.47,,,,,,,,,,SANEBAVI,Água e Esgoto,LPU,3.57,47868.2,3.18,100.0,72.68,170.75,0.0,100.0,,124.11,96.86,100.0,100.0,100.0,,,1.2,1.2,237.77,61.2,,1.1,0.0,1.2,,100.0,5.08,22.32,7.09,54.41,13.81,6.52,23.74,1.53,31.15,3.54,0.29,,,,,,17.31,,,,,Sim
3556800,97.24,100.0,0.0,,,0.0,11.04,1.0,100.0,98.38,74.2,100.0,100.0,15.09,16.39,234.36,227.64,20.34,15.09,74.2,80.58,19.42,25.8,15.26,172.97,97.33,0.72,78.27,,1.5,1.5,,100.0,0.97,1.27,97.24,100.0,0.0,,,0.0,,,0.0,11.17,1.0,98.47,98.47,98.98,98.98,100.0,0.04,2.24,2.91,1.0,0.64,0.7,30.43,69.57,0.0,0.0,177.18,76.14,100.0,0.0,45.93,69.45,137.94,59.28,86.0,267364.17,44560.7,77.85,20.57,21.47,78.53,96.57,99.31,0.0,99.31,96.57,99.31,0.0,1512.0,0.79,0.7,0.73,0.0,3.03,2.05,1.14,0.0,,,,,,,0.77,0.77,0.0,355680,1.21,1.21,278.96,0.9,1.18,0.68,73.81,0.0,74.43,47585.59,135.49,40.56,100.85,0.0,0.0,29.93,74.43,16.86,5.77,0.0,31.84,24.51,43.65,,62.16,229.17,229.17,1.75,569.84,3.51,130.98,0.39,97.22,96.78,1.0,100.0,95.71,100.0,51.97,100.0,100.0,51.97,27.28,14.18,14.18,16.47,180.74,0.69,12.04,60.38,39.62,48.03,34.48,430.79,97.22,96.78,96.78,99.01,100.0,99.01,12.04,0.08,,,,,,,1.2,118.84,0.0,118.84,0.13,195.9,0.0,,,,,,,,,,SAV,Água e Esgoto,LPU,,,0.61,0.0,58.35,16.45,,,,9.6,97.07,100.0,100.0,99.85,1120.15,0.65,0.72,,60.26,84.02,100.0,,,0.72,,,,,,,,,,,,2.15,0.3,,,,,0.0,0.0,0.0,,0.0,0.0,Sim
3556909,94.5,100.0,0.0,93.32,98.39,0.0,16.51,1.02,99.78,99.79,88.57,100.0,0.0,17.15,17.06,220.24,220.24,19.26,17.06,88.57,88.57,11.43,11.43,4.43,73.55,0.0,12.36,,,3.2,,,100.0,,2.15,94.5,100.0,0.0,83.55,88.09,0.0,83.55,88.09,0.0,16.36,0.0,,,100.0,100.0,100.0,1.52,0.24,1.83,1.0,0.51,0.5,100.0,0.0,0.0,0.0,37.31,15.0,100.0,0.0,0.0,119.96,31.1,12.5,47.89,56801.48,25000.0,83.36,83.36,68.62,0.0,96.07,100.0,28.6,100.0,42.03,44.48,39.99,869.0,0.0,0.57,0.53,0.07,11.43,10.86,2.6,0.0,0.05,0.0,,,,,2.19,2.19,0.0,355690,0.9,0.9,,1.29,1.67,0.81,142.67,0.0,43.22,22365.22,70.09,5.08,30.29,0.0,7.92,7.24,43.22,41.96,3.52,11.3,71.99,28.01,0.0,78.38,17.9,,304.62,0.55,,1.12,142.67,,90.32,92.74,1.0,89.73,0.0,100.0,83.36,100.0,100.0,83.36,17.77,14.81,14.81,17.77,163.89,,17.34,100.0,0.0,16.64,5.56,97.5,85.55,92.74,92.74,95.84,100.0,95.84,16.82,,,,,7.5,2.11,3.14,,100.0,0.0,100.0,0.0,100.0,0.0,,,,,,,,,,PMVAA,Água e Esgoto,LPU,,,1.03,9.44,,36.44,,,,,92.25,100.0,100.0,0.0,3167.67,0.62,1.67,,52.79,88.37,50.0,25.21,,1.67,,,,,,,,,,,,,,0.0,,,,0.25,0.0,20.0,,0.37,30.0,Sim
3556958,94.3,100.0,63.64,92.08,99.44,51.54,10.26,1.07,100.0,90.21,91.24,100.0,100.0,13.45,14.46,185.95,167.53,13.92,12.7,91.24,103.89,-3.89,8.76,3.84,42.78,91.59,0.64,,,48.0,,,100.0,,1.45,84.83,100.0,3.15,83.1,89.8,46.15,83.1,89.8,46.15,10.04,1.06,86.36,86.36,100.03,100.03,100.0,0.02,0.0,,,5.19,2.6,100.0,0.0,0.0,0.0,131.61,61.19,88.82,11.18,0.0,49.75,297.83,138.47,273.04,47911.87,53312.36,226.3,226.3,94.13,1.31,84.34,100.0,0.0,100.0,0.0,0.0,0.0,263.33,0.0,1.19,0.57,0.84,0.0,0.0,0.0,0.0,,,,,,,0.0,0.0,0.0,355695,1.83,0.89,161.41,2.86,3.12,2.59,156.11,1.1,12.12,20225.97,31.05,2.92,7.77,11.58,9.03,9.39,25.01,21.83,0.68,29.09,52.81,43.69,3.5,21.74,2.66,501.04,494.29,0.76,1334.5,1.52,173.04,0.68,93.8,100.0,1.01,89.45,100.0,100.0,89.08,100.0,100.0,89.08,15.0,13.36,13.36,15.16,174.24,0.55,10.53,101.06,-1.06,10.92,4.76,54.59,93.97,100.0,100.0,100.0,100.0,100.0,10.17,0.02,680.0,6.0,60.0,6.0,,0.0,11.42,100.0,0.0,100.0,0.0,100.0,0.0,,,,,,,,,,SABESP,Água e Esgotos,SABESP,,,1.76,3.84,,132.92,,,,,82.61,100.0,100.0,0.0,,,0.76,0.54,319.73,66.47,,9.52,40.0,0.76,,,7.14,19.74,,,,,,,,,,,,,,,29.69,,,,,Sim
3557006,97.73,100.0,0.0,99.38,,0.0,13.45,1.35,99.89,92.65,79.12,99.97,100.0,13.23,15.12,196.58,162.08,16.71,13.22,84.03,90.49,9.51,15.97,8.41,118.42,97.67,0.95,5527.51,,1.04,8.6,,59.07,10.22,5.19,97.14,99.4,0.0,,,,,,,9.92,0.68,,,79.42,75.6,95.19,0.43,4.03,8.32,0.54,0.24,0.23,67.21,32.79,0.29,15.0,183.51,72.77,100.0,0.0,0.0,330.9,55.46,21.99,26.91,98285.71,124800.0,30.22,25.82,71.08,25.81,100.0,100.0,100.0,100.0,39.09,40.0,0.0,6794.4,0.02,1.4,1.38,0.03,118.65,37.43,9.23,0.0,,,22.96,13.52,4.44,4.63,2.86,2.86,0.0,355700,2.58,2.1,373.07,2.77,3.09,2.44,107.25,0.1,43.92,85142.71,75.66,27.57,40.95,19.33,10.51,36.44,54.12,10.73,3.46,13.9,55.22,42.4,2.37,53.21,228.74,421.7,307.39,2.19,626.36,4.32,101.68,0.34,96.19,100.0,1.36,92.5,100.0,99.93,81.56,99.54,100.0,81.94,16.79,13.08,13.03,14.96,177.64,0.8,15.28,93.71,6.29,18.06,8.08,128.67,95.51,99.3,99.3,79.63,94.6,75.33,11.44,0.58,36.0,7.25,,,10.24,1.59,53.44,100.0,0.0,100.0,0.0,100.0,0.0,1.15,0.27,0.68,22.55,26.1,11.05,14.6,26.83,22.16,CAV,Água e Esgoto,LEP,,,0.77,37.11,237.57,20.21,,,,48.02,96.19,100.0,100.0,6.04,1877.66,0.41,0.7,0.65,49.87,62.89,64.86,4.49,6.6,0.7,,,4.25,10.83,26.82,46.55,13.4,6.66,15.75,17.63,64.12,19.27,2.76,,,,,0.0,0.0,0.0,,0.17,27.03,Sim
3557105,97.15,100.0,0.0,94.72,97.5,0.0,11.78,1.02,99.99,88.1,54.49,84.64,100.0,10.49,12.39,193.01,164.9,19.24,12.39,64.39,64.39,35.61,35.61,18.37,229.05,0.0,1.16,86.25,,1.0,2.0,,100.0,0.19,1.38,97.15,100.0,0.0,99.87,,0.0,0.0,0.0,0.0,11.2,1.01,87.95,387320.0,91.99,91.99,100.0,0.01,0.97,2.0,1.0,0.39,0.52,13.33,86.67,0.33,32.0,0.0,0.0,,,,0.0,283.18,128.65,46.81,112929.83,112929.83,,,7.77,82.68,100.0,100.0,100.0,100.0,97.15,100.0,0.0,5499.17,0.07,1.05,0.81,0.25,18.65,13.05,6.15,0.0,,,,,,,3.3,3.3,0.0,355710,1.86,1.68,261.16,2.85,2.54,3.29,153.22,-10.31,57.21,57365.44,59.19,28.75,37.34,8.19,5.81,48.58,63.08,20.63,4.65,9.82,47.06,42.44,10.5,16.5,239.57,348.23,331.01,2.33,452.17,4.63,182.93,0.54,100.0,100.0,1.05,88.88,100.0,100.0,74.76,100.0,100.0,74.76,17.69,13.23,13.23,15.2,193.09,0.93,12.09,85.92,14.08,25.24,11.95,153.95,100.0,100.0,100.0,79.97,100.0,79.97,11.67,0.0,,,,,,0.0,,104.32,0.01,104.48,0.01,102.04,0.2,,,,,,,,,,SAEV,Água e Esgoto,LPU,,,3.67,90.41,,115.78,,,,,97.2,100.0,100.0,97.44,2321.93,0.44,0.89,,128.14,35.85,32.52,9.59,,0.89,,100.0,2.86,9.27,,27.06,0.0,9.94,20.28,42.72,30.07,0.94,0.11,100.0,100.0,70.66,3.73,0.33,23.27,24.39,0.38,0.24,17.89,Sim
3557154,95.98,100.0,78.45,86.62,99.12,25.98,11.39,1.1,100.0,90.8,89.58,100.0,100.0,12.14,13.38,190.34,172.17,12.43,11.13,90.0,107.64,-7.64,10.0,3.61,44.9,90.25,0.52,,,3.0,,,100.0,,1.65,86.02,100.0,25.05,67.34,76.74,21.71,67.34,76.74,21.71,9.52,1.04,88.77,88.77,91.72,91.72,100.0,0.41,0.0,,0.0,9.35,1.34,66.67,33.33,0.0,0.0,0.0,0.0,,,,0.0,98.59,59.83,543.59,45179.51,44791.4,,,53.25,46.75,81.35,100.0,0.0,66.79,0.0,0.0,0.0,775.0,0.0,1.54,1.83,0.06,0.0,0.0,0.0,0.0,,,,,,,0.0,0.0,0.0,355715,2.66,2.14,357.64,2.88,3.12,2.63,108.06,0.82,48.2,307569.98,74.42,31.55,44.61,8.25,11.15,42.4,59.93,13.56,2.11,14.98,53.63,44.64,1.73,13.15,1.41,1434.9,1417.92,0.5,2028.5,0.99,116.06,0.78,87.05,100.0,1.01,90.51,100.0,100.0,88.83,100.0,100.0,88.83,13.35,11.86,11.86,13.91,175.19,0.54,9.8,104.22,-4.22,11.17,4.65,49.56,86.35,100.0,100.0,100.0,100.0,100.0,11.15,0.27,420.0,6.0,,,,0.0,29.78,100.0,0.0,100.0,0.0,100.0,0.0,,,,,,,,,,SABESP,Água e Esgotos,SABESP,4.21,4666.67,0.19,28.57,,19.65,100.0,0.0,,,78.62,100.0,100.0,0.0,,,0.64,,,,,6.0,,0.64,,,,,,,,,,,,,,,,,,,,,,,,Sim
3557204,97.18,100.0,6.91,,,,8.06,1.02,92.86,90.66,0.0,0.0,0.0,0.0,0.46,6.81,6.81,0.77,0.46,60.0,60.0,40.0,40.0,1.19,10.29,0.0,0.0,86.68,291.67,1.22,8.8,8.33,96.39,2.82,0.41,,,,,,,,,,,,,,,,,,,,,,,,,,,,,,,,,,,,,,,,,,,,,,,,,,,,,,,,,,,,,,,,,,,355720,1.52,1.52,206.65,1.46,1.8,1.08,96.14,0.0,24.74,92060.98,104.02,9.36,25.73,0.0,0.0,9.0,24.74,69.99,4.54,0.0,65.0,35.0,0.0,0.0,5.5,1800.87,1762.47,0.21,4948.5,0.41,96.14,0.41,92.15,100.0,1.01,90.33,0.0,91.65,48.57,98.27,100.0,49.43,23.58,11.65,11.62,11.94,165.68,2.5,11.11,50.64,49.36,50.57,35.27,397.69,88.6,96.35,96.35,92.49,100.0,92.49,7.68,0.01,52.0,6.56,52.0,6.56,2.33,0.32,3.45,105.98,0.0,105.98,0.0,105.98,0.0,,,,,,,,,,SAEC,Água e Esgoto,LPU,,,4.51,,23.56,94.42,,,,22.25,91.96,100.0,100.0,0.0,345.05,0.88,0.26,,,,25.64,,,0.26,,,,,,,,,,,,,,0.0,,,,1.14,,33.33,,0.88,25.64,Não
3557303,92.57,99.9,0.0,,,0.0,12.27,1.09,100.0,91.46,63.51,100.0,100.0,11.24,13.38,182.37,155.01,17.69,11.24,68.72,75.6,24.4,31.28,14.81,198.91,91.67,1.06,166.67,,1.39,6.0,,100.0,3.69,2.9,88.96,96.0,0.0,90.5,97.69,0.0,90.31,97.48,0.0,12.5,1.17,86.63,91.86,86.37,38.29,44.33,0.13,0.71,1.66,1.0,3.64,0.52,55.56,44.44,0.0,0.0,313.82,126.52,99.71,0.29,0.29,968.86,32.39,13.06,184.49,33402.92,21627.13,10.32,8.87,35.91,28.9,100.0,100.0,100.0,100.0,0.0,0.0,0.0,1299.0,0.0,0.62,0.58,0.03,0.0,0.0,0.0,0.0,,,,,,,0.0,0.0,0.0,355730,2.41,2.41,309.92,2.02,1.87,2.24,83.55,1.11,56.0,45904.17,119.33,37.0,67.02,0.0,2.09,31.01,56.16,32.02,6.59,1.75,55.73,42.72,1.55,93.09,27.17,263.71,263.53,2.1,477.63,4.15,84.17,,100.0,100.0,1.0,89.65,50.86,100.0,34.42,100.0,74.52,34.42,25.5,8.78,8.78,12.97,103.17,,10.79,50.86,49.14,65.58,47.49,550.21,100.0,100.0,100.0,94.46,0.0,0.0,10.76,,,6.0,,6.0,0.33,1.9,,131.32,2.12,131.34,1.85,100.0,0.0,,,,,,,,,,PMEG,Água e Esgoto,LPU,4.88,26030.77,3.16,0.0,132.67,127.04,100.0,0.0,,168.54,88.91,100.0,100.0,0.0,,,1.12,,34.23,11.06,,,,1.01,,,,,,,,,,,,,,,,,,,23.91,,,,,Sim
