"Código IBGE";Cidade;País;Região;UF;Estado;"Indicador Rede";"Rede Agrupamento";"Legenda de Rede de Agrupamento";"Data da criação da Rede";"Categoria do Agrupamento Urbano";Bioma;"Região Hidrográfica";"Área Territorial - km2";População;"População Urbana - Habitantes";"População Rural - Habitantes";"Percentual de População Urbana";"Percentual de População Rural";Prefeito;"Partido Político do Prefeito";"Participa de comitê de bacia ou sub-bacia organizado";"Índice de Atendimento com Coleta e com Tratamento (%)";"Índice de Atendimento com Coleta e sem Tratamento (%)";"Índice de Atendimento por Solução Individual (%)";"Índice sem atendimento sem Coleta e sem Tratamento (%)";"Faixa Populacional";"Prestador de Serviço de Abastecimento de Água";"Sigla do Prestador de Serviço de Abastecimento de Água";"Natureza Jurídica do Prestador de Serviço de Abastecimento de Água";"Situação da Delegação do Prestador de Serviço de Abastecimento de Água";"Índice da População Total Atendida com Abastecimento de Água (%)";"População Total Atendida com Abastecimento de Água (habitantes)";"População Urbana Atendida com Abastecimento de Água (habitantes)";"Índice da População Urbana Atendida com Abastecimento de Água (%)";"População Rural Atendida com Abastecimento de Água (habitantes)";"Índice da População Rural Atendida com Abastecimento de Água (%)";"Consumo médio per capita - l/habitantes/dia";"Índice de hidrometração (%)";"Índice de perdas na distribuição de Água (%)";"Tarifa média de água";"Código do Prestador de Serviço de Abastecimento de Água";"Prestador de Serviço de Esgotamento Sanitário";"Sigla do Prestador de Serviço de Esgotamento Sanitário";"Natureza Jurídica do Prestador de Serviço de Esgotamento Sanitário";"Situação da Delegação do Prestador de Serviço de Esgotamento Sanitário";"População Total Atendida com Esgotamento Sanitário (habitantes)";"Índice da População Total Atendida com Esgotamento Sanitário (%)";"População Urbana Atendida com Esgotamento Sanitário (habitantes)";"Índice da População Urbana Atendida com Esgotamento Sanitário (%)";"População Rural Atendida com Esgotamento Sanitário (habitantes)";"Índice da População Rural Atendida com Esgotamento Sanitário (%)";"Índice de Atendimento com Coleta e com Tratamento de Esgoto (%)";"Índice de Atendimento com Coleta e sem Tratamento de Esgoto (%)";"Índice de Atendimento por Solução Individual de Esgoto (%)";"Índice sem atendimento sem Coleta e sem Tratamento de Esgoto (%)";"Parcela de Carga Lançada Sem Coleta e Sem Tratamento de Esgoto";"Código do Prestador de Serviço de Esgotamento Sanitário";"Prestador de Serviço de Manejo de Resíduos Sólidos";"Sigla do Prestador de Serviço de Manejo de Resíduos Sólidos";"Natureza Jurídica do Prestador de Serviço de Manejo de Resíduos Sólidos";"População Total Atendida por Coleta de Resíduos Domiciliares (habitantes)";"Índice de Cobertura por Coleta de Resíduos Domiciliares (%)";"População Urbana Atendida por Coleta de Resíduos Domiciliares (habitantes)";"Índice de Cobertura Urbana por Coleta de Resíduos Domiciliares (%)";"População Rural Atendida por Coleta de Resíduos Domiciliares (habitantes)";"Índice de Cobertura Rural por Coleta de Resíduos Domiciliares (%)";"Massa de resíduos domiciliares e públicos coletados per capita em relação à população total atendida  - kg/hab./dia";"Massa de resíduos domiciliares e públicos coletados per capita em relação à população urbana - kg/hab./dia";"Possui Coleta Seletiva de Resíduos Sólidos";"Parcela da população urbana com cobertura de coleta seletiva porta a porta (%)";"Taxa de recuperação de recicláveis em relação aos resíduos domiciliares e públicos (%)";"Possui Cobrança sobre os serviços de Manejo de Resíduos Sólidos Urbanos";"Forma de Cobrança sobre os serviços de Manejo de Resíduos Sólidos Urbanos"
3500105;Adamantina;1;Sudeste;SP;"São Paulo";Não;;;;;"Mata Atlântica";Paraná;411,99;35.642;34.459;1.183;96,68;3,32;"JOSÉ CARLOS MARTINS TIVERON";NOVO;Sim;99,18;0;0,17;0,64;"De 20 a 49 mil";"Companhia de Saneamento Básico do Estado de São Paulo";SABESP;"Empresa privada";;100;35.642;34.459;100;1.183;100;205,12;100;24,97;"4,91 por m³";;"Companhia de Saneamento Básico do Estado de São Paulo";SABESP;"Sociedade de economia mista";;35.642;100;34.459;100;1.183;100;;;;;;;"SECRETARIA DE OBRAS E SERVIÇOS";;"Empresa privada";35.642;100;34.459;100;1.183;1;;1,01;Sim;;;Sim;"Taxa específica no boleto do IPTU"
3500204;Adolfo;1;Sudeste;SP;"São Paulo";Não;;;;;"Mata Atlântica";Paraná;211,06;4.478;4.122;356;92,05;7,95;"RICARDO DI GIORGIO ROBLES";PODE;Sim;95,18;0;3,66;1,16;"Até 20 mil";"Companhia de Saneamento Básico do Estado de São Paulo";SABESP;"Empresa privada";;90,6;4.057;4.057;98,42;;0;195,67;100;8,34;"4,36 por m³";;"Companhia de Saneamento Básico do Estado de São Paulo";SABESP;"Sociedade de economia mista";;4.057;90,6;4.057;98,42;;0;;;;;;;"PREFEITURA MUNICIPAL LIMPEZA PÚBLICA";;"Empresa privada";4.478;100;4.122;100;356;1;;0,43;Sim;;;Sim;"Taxa específica no boleto do IPTU"
3500303;Aguaí;1;Sudeste;SP;"São Paulo";Não;;;;;"Cerrado, Mata Atlântica";Paraná;474,55;32.888;30.655;2.233;93,21;6,79;"GILBERTO LUIZ MORAES SELBER";PSDB;Não;0;98,78;0,62;0,6;"De 20 a 49 mil";"Companhia de Saneamento Básico do Estado de São Paulo";SABESP;"Empresa privada";;100;32.888;30.655;100;2.233;100;176,18;94,23;41,68;"4,40 por m³";;"Companhia de Saneamento Básico do Estado de São Paulo";SABESP;"Sociedade de economia mista";;32.888;100;30.655;100;2.233;100;;;;;;;"SECRETARIA DE PLANEJAMENTO, SERVIÇOS URBANOS, OBRAS  E MEIO AMBIENTE";;"Empresa privada";30.655;93,21;30.655;100;;0;;1,24;Não;;;Sim;"Taxa específica no boleto do IPTU"
3500402;"Águas da Prata";1;Sudeste;SP;"São Paulo";Não;;;;;"Mata Atlântica";Paraná;142,67;7.470;6.547;923;87,64;12,36;"CARLOS HENRIQUE FORTES DEZENA";PSD;Sim;82,57;4,44;3,9;9,1;"Até 20 mil";"Companhia de Saneamento Básico do Estado de São Paulo";SABESP;"Empresa privada";;100;7.470;6.547;100;923;100;250,93;100;15,82;"4,91 por m³";;"Companhia de Saneamento Básico do Estado de São Paulo";SABESP;"Sociedade de economia mista";;7.470;100;6.547;100;923;100;;;;;;;"SECRETARIA DE OBRAS E SERVIÇOS PÚBLICOS";;"Empresa privada";7.470;100;6.547;100;923;1;;0,55;Sim;;;Sim;"Taxa específica no boleto do IPTU"
3500501;"Águas de Lindóia";1;Sudeste;SP;"São Paulo";Não;;;;;"Mata Atlântica";Paraná;60,13;18.245;15.902;2.343;87,16;12,84;"GERALDO MANTOVANI FILHO";PSD;Não;28,8;67,2;4;0;"Até 20 mil";"Saneamento Ambiental de Águas de Lindóia";SAAE;Autarquia;;87,37;15.940;15.902;100;38;1,62;243,61;100;40,98;"2,95 por m³";;"Saneamento Ambiental de Águas de Lindóia";SAAE;Autarquia;;15.902;87,16;15.902;100;;0;;;;;;;"SECRETARIA MUNICIPAL DE OBRAS";;Autarquia;18.245;100;15.902;100;2.343;1;;1,23;Sim;;;Sim;"Taxa específica no boleto do IPTU"
3500550;"Águas de Santa Bárbara";1;Sudeste;SP;"São Paulo";Não;;;;;"Cerrado, Mata Atlântica";Paraná;404,46;7.407;6.517;890;87,98;12,02;"WILIAN JOSÉ DE OLIVEIRA MEANA";UNIÃO;Não;83,03;0;16,97;0;"Até 20 mil";"Companhia de Saneamento Básico do Estado de São Paulo";SABESP;"Empresa privada";;72,17;5.346;5.346;82,03;;0;242,37;100;36,76;"4,74 por m³";;"Companhia de Saneamento Básico do Estado de São Paulo";SABESP;"Sociedade de economia mista";;3.611;48,75;3.611;55,41;;0;;;;;;;"SECRETARIA MUNICIPAL DO MEIO AMBIENTE";;"Empresa privada";7.407;100;6.517;100;890;1;;0,74;Não;;;Não;
3500600;"Águas de São Pedro";1;Sudeste;SP;"São Paulo";Sim;"Aglomeração Urbana de Piracicaba-AU- Piracicaba";"Lei Complementar 1.178";26.06.2012;;"Cerrado, Mata Atlântica";;3,61;2.829;2.829;;100;0;"JOÃO VICTOR BARBOZA";PL;Não;0;97,01;0,41;2,59;"Até 20 mil";"Companhia de Saneamento Básico do Estado de São Paulo";SABESP;"Empresa privada";;100;2.829;2.829;100;;;588,09;100;4,9;"6,57 por m³";;"Companhia de Saneamento Básico do Estado de São Paulo";SABESP;"Sociedade de economia mista";;2.829;100;2.829;100;;;;;;;;;"SECRETARIA DE SERVIÇOS URBANOS E MEIO AMBIENTE";;"Empresa privada";2.829;100;2.829;100;;;;1,33;Sim;;;Sim;"Taxa específica no boleto do IPTU"
3500709;Agudos;1;Sudeste;SP;"São Paulo";Não;;;;;"Cerrado, Mata Atlântica";Paraná;966,71;38.879;37.199;1.680;95,68;4,32;"RAFAEL LIMA FERNANDES";REPUBLICANOS;Sim;0;96,87;1,32;1,81;"De 20 a 49 mil";"Companhia de Saneamento Básico do Estado de São Paulo";SABESP;"Empresa privada";;97,48;37.899;36.389;97,82;1.510;89,88;186,12;100;30,03;"4,86 por m³";;"Companhia de Saneamento Básico do Estado de São Paulo";SABESP;"Sociedade de economia mista";;36.840;94,76;36.389;97,82;451;26,85;;;;;;;"SECRETARIA DE AGRICULTURA E MEIO AMBIENTE";;"Empresa privada";38.879;100;37.199;100;1.680;1;;2,17;Sim;;;Não;
3500758;Alambari;1;Sudeste;SP;"São Paulo";Sim;"Região Metropolitana de Sorocaba";"Lei Complementar 1.241";20.06.2014;"Sub-região 1";"Cerrado, Mata Atlântica";Paraná;159,60;6.330;4.698;1.632;74,22;25,78;"JOÃO PAULO DANTAS PINTO";PSD;Sim;80,25;0;6,24;13,52;"Até 20 mil";"Companhia de Saneamento Básico do Estado de São Paulo";SABESP;"Empresa privada";;80,36;5.087;4.694;99,91;393;24,08;193,05;100;20,16;"4,59 por m³";;"Companhia de Saneamento Básico do Estado de São Paulo";SABESP;"Sociedade de economia mista";;4.140;65,4;4.140;88,12;;0;;;;;;;"DIRETORIA DE OBRAS, AGRICULTURA E MEIO AMBIENTE";;"Empresa privada";6.330;100;4.698;100;1.632;1;;0,54;Não;;;Não;
3500808;"Alfredo Marcondes";1;Sudeste;SP;"São Paulo";Não;;;;;"Mata Atlântica";Paraná;118,92;4.556;3.834;722;84,15;15,85;"CELSO PIRANI PASSOS";UNIÃO;Não;99,64;0;0,36;0;"Até 20 mil";"Companhia de Saneamento Básico do Estado de São Paulo";SABESP;"Empresa privada";;89,53;4.079;3.751;97,84;328;45,43;207,12;100;17,16;"4,55 por m³";;"Companhia de Saneamento Básico do Estado de São Paulo";SABESP;"Sociedade de economia mista";;3.832;84,11;3.751;97,84;81;11,22;;;;;;;"DEPARTAMENTO DE MEIO AMBIENTE";;"Empresa privada";3.834;84,15;3.834;100;;0;;1,12999;Sim;;;Não;
3500907;Altair;1;Sudeste;SP;"São Paulo";Não;;;;;"Cerrado, Mata Atlântica";;313,01;3.479;2.987;492;85,86;14,14;"MARCO ANTONIO FERREIRA";PL;Não;91,55;0;8,45;0;"Até 20 mil";"Companhia de Saneamento Básico do Estado de São Paulo";SABESP;"Empresa privada";;89,85;3.126;2.987;100;139;28,25;185,99;100;9,61;"5,03 por m³";;"Companhia de Saneamento Básico do Estado de São Paulo";SABESP;"Sociedade de economia mista";;3.064;88,07;2.987;100;77;15,65;;;;;;;"Secretaria Municipal de Infraestrutura";;"Empresa privada";3.479;100;2.987;100;492;1;;1,61;Não;;;Sim;"Taxa específica no boleto do IPTU"
3501004;Altinópolis;1;Sudeste;SP;"São Paulo";Sim;"Região Metropolitana de Ribeirão Preto";"Lei Complementar 1.290";06.07.2016;"Sub-região 4";"Cerrado, Mata Atlântica";Paraná;928,96;17.156;15.535;1.621;90,55;9,45;"HUELDER DONIZETE MALAGUTTI FERREIRA";MDB;Sim;99,01;0;0,05;0,94;"Até 20 mil";"Prefeitura Municipal de Altinópolis";PMA;Município;;90,58;15.540;15.535;100;5;0,31;205,38;100;45,75;"1,21 por m³";;"Prefeitura Municipal de Altinópolis";PMA;Município;;15.535;90,55;15.535;100;;0;;;;;;;"SECRETARIA DE PLANEJAMENTO, INFRAESTRUTURA, OBRAS, HABITAÇÃO E SERVIÇOS";;Município;15.142;88,26;14.842;95,54;300;0,18;;1,43;Sim;;;Sim;"Taxa específica no boleto de água ou esgoto"
3501103;"Alto Alegre";1;Sudeste;SP;"São Paulo";Não;;;;;"Mata Atlântica";Paraná;318,57;3.883;3.135;748;80,74;19,26;"CARLOS SUSSUMI IVAMA";MDB;Sim;91,25;0;3,09;5,66;"Até 20 mil";"Companhia de Saneamento Básico do Estado de São Paulo";SABESP;"Empresa privada";;89,11;3.460;3.135;100;325;43,45;189,09;100;15,25;"4,74 por m³";;"Companhia de Saneamento Básico do Estado de São Paulo";SABESP;"Sociedade de economia mista";;3.124;80,45;3.124;99,65;;0;;;;;;;"DEPARTAMANETO MUNICIPAL DE AGRICULTURA E MEIO AMBIENTE";;"Empresa privada";3.883;100;3.135;100;748;1;;0,61;Sim;;;Sim;"Taxa específica no boleto do IPTU"
3501152;Alumínio;1;Sudeste;SP;"São Paulo";Sim;"Região Metropolitana de Sorocaba";"Lei Complementar 1.241";20.06.2014;"Sub-região 2";"Mata Atlântica";Paraná;83,66;17.591;16.937;654;96,28;3,72;"ANA PAULA DE CASSIA NETTO";PP;Sim;0;92,08;1,24;6,68;"Até 20 mil";"Companhia de Saneamento Básico do Estado de São Paulo";SABESP;"Empresa privada";;91;16.008;16.008;94,51;;0;173,03;100;39,94;"6,36 por m³";;"Companhia de Saneamento Básico do Estado de São Paulo";SABESP;"Sociedade de economia mista";;10.347;58,82;10.347;61,09;;0;;;;;;;"DEPARTAMENTO DE SERVIÇOS URBANOS";;"Empresa privada";17.591;100;16.937;100;654;1;;0,75;Sim;;;Sim;"Taxa específica no boleto do IPTU"
3501202;"Álvares Florence";1;Sudeste;SP;"São Paulo";Não;;;;;"Cerrado, Mata Atlântica";Paraná;362,41;3.978;2.664;1.314;66,97;33,03;"ADILSON BATISTA LEITE";PSD;Não;99,25;0;0,38;0,37;"Até 20 mil";"Datema Ambiental Saneamento Básico LTDA";DASB;"Empresa privada";;66,97;2.664;2.664;100;;0;195,96;100;35,11;"4,19 por m³";;"Datema Ambiental Saneamento Básico LTDA";DASB;"Empresa privada";;2.657;66,79;2.656;99,7;1;0,08;;;;;;;"SETOR DE ENGENHARIA";;"Empresa privada";2.664;66,97;2.664;100;;0;;0,55;Não;;;Não;
3501301;"Álvares Machado";1;Sudeste;SP;"São Paulo";Não;;;;;"Mata Atlântica";Paraná;347,65;28.250;26.143;2.107;92,54;7,46;"LUIZ FRANCISCO BOIGUES";UNIÃO;Sim;99,59;0;0,41;0;"De 20 a 49 mil";"Companhia de Saneamento Básico do Estado de São Paulo";SABESP;"Empresa privada";;89,44;25.266;25.018;95,7;248;11,77;194,99;100;16,17;"4,48 por m³";;"Companhia de Saneamento Básico do Estado de São Paulo";SABESP;"Sociedade de economia mista";;24.740;87,58;24.740;94,63;;0;;;;;;;"DIVISÃO DE AGRICULTURA, ABASTECIMENTO E MEIO AMBIENTE";;"Empresa privada";28.250;100;26.143;100;2.107;1;;1,22;Sim;;;Sim;"Taxa específica no boleto do IPTU"
3501400;"Álvaro de Carvalho";1;Sudeste;SP;"São Paulo";Não;;;;;"Mata Atlântica";Paraná;153,66;4.896;2.957;1.939;60,4;39,6;"ADILSON DE OLIVEIRA LOPES";PL;Sim;99,41;0;0,41;0,18;"Até 20 mil";"Companhia de Saneamento Básico do Estado de São Paulo";SABESP;"Empresa privada";;82,23;4.026;2.957;100;1.069;55,13;123,17;100;11,58;"4,05 por m³";;"Companhia de Saneamento Básico do Estado de São Paulo";SABESP;"Sociedade de economia mista";;3.202;65,4;2.957;100;245;12,64;;;;;;;"SECRETARIA DE AGRICULTURA E MEIO AMBIENTE";;"Empresa privada";4.896;100;2.957;100;1.939;1;;0,54;Não;;;Sim;"Taxa específica no boleto do IPTU"
3501509;Alvinlândia;1;Sudeste;SP;"São Paulo";Não;;;;;"Cerrado, Mata Atlântica";Paraná;84,88;2.923;2.677;246;91,58;8,42;"ANTONIO FERREIRA DE MORAES JUNIOR";PP;Sim;94,26;0;3,68;2,06;"Até 20 mil";"Companhia de Saneamento Básico do Estado de São Paulo";SABESP;"Empresa privada";;99,45;2.907;2.677;100;230;93,5;157,72;100;21,41;"4,55 por m³";;"Companhia de Saneamento Básico do Estado de São Paulo";SABESP;"Sociedade de economia mista";;2.887;98,77;2.677;100;210;85,37;;;;;;;"SECRETARIA MUNICIPAL DO MEIO AMBIENTE";;"Empresa privada";2.923;100;2.677;100;246;1;;0,7;Sim;;;Sim;"Taxa específica no boleto do IPTU"
3501608;Americana;1;Sudeste;SP;"São Paulo";Sim;"Região Metropolitana de Campinas";"Lei Complementar 870";19.06.2000;;"Mata Atlântica";Paraná;133,91;246.655;246.236;419;99,83;0,17;"FRANCISCO ANTONIO SARDELLI";PL;Não;83,3;14,7;0,62;1,38;"De 100 a 249 mil";"Departamento de Água e Esgoto de Americana";DAE;Autarquia;;99,83;246.236;246.236;100;;0;192,31;100;58,79;"3,55 por m³";;"Departamento de Água e Esgoto de Americana";DAE;Autarquia;;238.849;96,84;238.849;97;;0;;;;;;;"SECRETARIA DE OBRAS DE AMERICANA";;Autarquia;246.655;100;246.236;100;419;1;;0,89;Sim;;;Sim;"Taxa específica no boleto do IPTU"
3501707;"Américo Brasiliense";1;Sudeste;SP;"São Paulo";Não;;;;;"Cerrado, Mata Atlântica";Paraná;122,79;33.757;33.487;270;99,2;0,8;"TEREZINHA APARECIDA VIVEIROS DE SOUZA";REPUBLICANOS;Sim;0;99,52;0,35;0,13;"De 20 a 49 mil";"Prefeitura Municipal de Américo Brasiliense";PMAB;Município;;99,2;33.487;33.487;100;;0;212,08;100;36,07;"2,33 por m³";;"Prefeitura Municipal de Américo Brasiliense";PMAB;Município;;33.487;99,2;33.487;100;;0;;;;;;;"DEPARTAMENTO DE ÁGUA, ESGOTO E MEIO AMBIENTE";;Município;33.487;99,2;33.487;100;;0;;1,06;Não;;;Sim;"Taxa específica no boleto de água ou esgoto"
3501806;"Américo de Campos";1;Sudeste;SP;"São Paulo";Não;;;;;"Cerrado, Mata Atlântica";Paraná;252,88;5.975;5.259;716;88,02;11,98;"RAFAEL GIMENEZ MARIOTO";PL;Sim;99,02;0;0,92;0,06;"Até 20 mil";"Prefeitura Municipal de Américo de Campos";PM;Município;;88,02;5.259;5.259;100;;0;22,78;100;59,78;"15,54 por m³";;"Prefeitura Municipal de Américo de Campos";PM;Município;;5.259;88,02;5.259;100;;0;;;;;;;"DEPARTAMENTO DE MEIO AMBIENTE, AGRICULTURA E ABASTECIMENTO";;Município;5.259;88,02;5.259;100;;0;;0,84;Sim;;;Sim;"Taxa específica no boleto do IPTU"
3501905;Amparo;1;Sudeste;SP;"São Paulo";Não;;;;;"Mata Atlântica";Paraná;445,32;69.717;64.300;5.417;92,23;7,77;"CARLOS ALBERTO MARTINS";MDB;Sim;26,7;62,3;3,49;7,51;"De 50 a 99 mil";"Serviço Autônomo de Água e Esgoto";SAAE;Autarquia;;92,23;64.300;64.300;100;;0;198,04;100;39,49;"3,63 por m³";;"Serviço Autônomo de Água e Esgoto";SAAE;Autarquia;;61.085;87,62;61.085;95;;0;;;;;;;"SECRETARIA MUNICIPAL DE ZELADORIA PÚBLICA E MANUTENÇÃO DE VIAS URBANAS E RURAIS";;Autarquia;69.717;100;64.300;100;5.417;1;;0,8;Sim;;;Não;
3502002;Analândia;1;Sudeste;SP;"São Paulo";Sim;"Aglomeração Urbana de Piracicaba-AU- Piracicaba";"Lei Complementar 1.178";26.06.2012;;"Cerrado, Mata Atlântica";Paraná;325,95;4.684;3.977;707;84,91;15,09;"SILVANA MARCIA PERIN CAMPBELL PENNA";SOLIDARIEDADE;Não;93,31;0;2,41;4,28;"Até 20 mil";"Prefeitura Municipal de Analândia";PMA;Município;;84,91;3.977;3.977;100;;0;36,72;96,95;90,09;"9,36 por m³";;"Prefeitura Municipal de Analândia";PMA;Município;;3.200;68,31;3.200;80,45;;0;;;;;;;"PREFEITURA MUNICIPAL DA ESTÂNCIA CLIMÁTICA DE ANALÂNDIA";;Município;3.977;84,91;3.977;100;;0;;1,29;Não;;;Não;
3502101;Andradina;1;Sudeste;SP;"São Paulo";Não;;;;;"Mata Atlântica";;964,23;61.473;56.279;5.194;91,55;8,45;"MARIO CELSO LOPES";PSD;Não;96;0;4;0;"De 50 a 99 mil";"Águas de Andradina";AA;"Empresa privada";;91,55;56.279;56.279;100;;0;204,05;99,98;20,8;"3,43 por m³";;"Águas de Andradina";AA;"Empresa privada";;56.279;91,55;56.279;100;;0;;;;;;;"DEPARTAMENTO DE MEIO AMBIENTE";;"Empresa privada";58.879;95,78;56.279;100;2.600;0,5;;1,38;Sim;;;Sim;"Taxa específica no boleto do IPTU"
3502200;Angatuba;1;Sudeste;SP;"São Paulo";Não;;;;;"Cerrado, Mata Atlântica";;1.027,29;24.512;17.364;7.148;70,84;29,16;"NICOLAS BASILE ROCHEL";REPUBLICANOS;Não;88,45;0;1,93;9,62;"De 20 a 49 mil";"Companhia de Saneamento Básico do Estado de São Paulo";SABESP;"Empresa privada";;88,47;21.686;17.364;100;4.322;60,46;161,83;99,99;22,15;"4,76 por m³";;"Companhia de Saneamento Básico do Estado de São Paulo";SABESP;"Sociedade de economia mista";;16.495;67,29;16.495;95;;0;;;;;;;"SECRETARIA MUNICIPAL DE MEIO AMBIENTE E AGRICULTURA";;"Empresa privada";24.512;100;17.364;100;7.148;1;;0,39;Sim;;;Não;
3502309;Anhembi;1;Sudeste;SP;"São Paulo";Não;;;;;"Cerrado, Mata Atlântica";;736,56;5.766;4.701;1.065;81,53;18,47;"JAIRO DE GÓIS";REPUBLICANOS;Não;74,05;15,17;1,08;9,71;"Até 20 mil";"Companhia de Saneamento Básico do Estado de São Paulo";SABESP;"Empresa privada";;85,14;4.909;4.701;100;208;19,53;162,97;100;22,43;"4,55 por m³";;"Companhia de Saneamento Básico do Estado de São Paulo";SABESP;"Sociedade de economia mista";;4.481;77,7;4.481;95,32;;0;;;;;;;"DEPARTAMENTO DO MEIO AMBIENTE";;"Empresa privada";5.760;99,9;4.701;100;1.059;0,99;;0,98;Não;;;Não;
3502408;Anhumas;1;Sudeste;SP;"São Paulo";Não;;;;;"Cerrado, Mata Atlântica";Paraná;320,84;4.108;3.466;642;84,37;15,63;"ADAILTON CESAR MENOSSI";PSD;Sim;96,38;0;0,16;3,45;"Até 20 mil";"Companhia de Saneamento Básico do Estado de São Paulo";SABESP;"Empresa privada";;99,98;4.107;3.466;100;641;99,84;162,12;100;12,21;"4,47 por m³";;"Companhia de Saneamento Básico do Estado de São Paulo";SABESP;"Sociedade de economia mista";;3.839;93,45;3.466;100;373;58,1;;;;;;;"Diretoria de Agricultura e Meio Ambiente";;"Empresa privada";3.658;89,05;3.466;100;192;0,29;;1,97;Sim;;;Sim;"Taxa específica no boleto do IPTU"
3502507;Aparecida;1;Sudeste;SP;"São Paulo";Sim;"Região Metropolitana do Vale do Paraíba e Litoral Norte";"Lei Complementar 1.166";09.01.2012;"Sub-região 3";"Mata Atlântica";"Atlântico Sudeste";121,08;33.223;32.559;664;98;2;"JOSE LUIZ RODRIGUES";PL;Sim;64;16;0,44;19,56;"De 20 a 49 mil";"Serviço Autônomo de Água e Esgotos e Resíduos Sólidos";SAAE;Autarquia;;98;32.559;32.559;100;;0;263,88;95,99;43,43;"3,68 por m³";;"Serviço Autônomo de Água e Esgotos e Resíduos Sólidos";SAAE;Autarquia;;28.326;85,26;28.326;87;;0;;;;;;;"SERVIÇO AUTÔNOMO DE ÁGUA E ESGOTO";;Autarquia;32.559;98;32.559;100;;0;;0,97;Não;;;Sim;"Taxa específica no boleto de água ou esgoto"
3502606;"Aparecida d'Oeste";1;Sudeste;SP;"São Paulo";Não;;;;;"Mata Atlântica";Paraná;179,00;4.124;3.263;861;79,12;20,88;"IZAIAS APARECIDO SANCHEZ";PSD;Não;90,65;0;0,3;9,05;"Até 20 mil";"Companhia de Saneamento Básico do Estado de São Paulo";SABESP;"Empresa privada";;94,45;3.895;3.263;100;632;73,4;199,68;99,89;9,78;"4,38 por m³";;"Companhia de Saneamento Básico do Estado de São Paulo";SABESP;"Sociedade de economia mista";;3.556;86,23;3.263;100;293;34,03;;;;;;;"PREFEITURA MUNICIPAL DE APARECIDA DOESTE";;"Empresa privada";4.124;100;3.263;100;861;1;;1,12;Não;;;Sim;"Taxa específica no boleto do IPTU"
3502705;Apiaí;1;Sudeste;SP;"São Paulo";Não;;;;;"Mata Atlântica";;974,32;24.886;19.536;5.350;78,5;21,5;"SERGIO VICTOR BORGES BARBOSA";PSD;Não;27,19;35,6;1,34;35,87;"De 20 a 49 mil";"Companhia de Saneamento Básico do Estado de São Paulo";SABESP;"Empresa privada";;73,72;18.346;16.643;85,19;1.703;31,83;162,16;100;22,22;"4,74 por m³";;"Companhia de Saneamento Básico do Estado de São Paulo";SABESP;"Sociedade de economia mista";;13.663;54,9;13.663;69,94;;0;;;;;;;"SECRETARIA MUNICIPAL DE TURISMO, CULTURA E MEIO AMBIENTE";;"Empresa privada";24.830;99,77;19.536;100;5.294;0,98;;0,45;Sim;;;Sim;"Taxa específica no boleto do IPTU"
3502754;Araçariguama;1;Sudeste;SP;"São Paulo";Sim;"Região Metropolitana de Sorocaba";"Lei Complementar 1.241";20.06.2014;"Sub-região 2";"Mata Atlântica";Paraná;145,20;22.168;19.461;2.707;87,79;12,21;"RODRIGO DE ANDRADE";REPUBLICANOS;Sim;0;54,09;12,73;33,17;"De 20 a 49 mil";"Companhia de Saneamento Básico do Estado de São Paulo";SABESP;"Empresa privada";;77,76;17.238;17.238;88,58;;0;184,99;100;15,35;"4,94 por m³";;"Companhia de Saneamento Básico do Estado de São Paulo";SABESP;"Sociedade de economia mista";;11.500;51,88;11.500;59,09;;0;;;;;;;"SECRETARIA DE MEIO AMBIENTE, AGRICULTURA E SUSTENTABILIDADE";;"Empresa privada";19.461;87,79;19.461;100;;0;;1,11;Não;;;Sim;"Taxa específica no boleto do IPTU"
3502804;Araçatuba;1;Sudeste;SP;"São Paulo";Não;;;;;"Mata Atlântica";Paraná;1.167,13;207.775;204.264;3.511;98,31;1,69;"LUCAS PAVAN ZANATTA";PL;Sim;100;0;0;0;"De 100 a 249 mil";"Soluções Ambientais de Araçatuba S.A.";SAMAR;"Empresa privada";;98,31;204.264;204.264;100;;0;233,41;100;25,02;"2,96 por m³";;"Soluções Ambientais de Araçatuba S.A.";SAMAR;"Empresa privada";;202.817;97,61;202.817;99,29;;0;;;;;;;"SECRETARIA MUNICIPAL DE OBRAS E SERVIÇOS PUBLICOS - SMOSP";;"Empresa privada";207.775;100;204.264;100;3.511;1;;1,11;Sim;;;Sim;"Taxa específica no boleto do IPTU"
3502903;"Araçoiaba da Serra";1;Sudeste;SP;"São Paulo";Sim;"Região Metropolitana de Sorocaba";"Lei Complementar 1.241";20.06.2014;"Sub-região 3";"Mata Atlântica";;255,33;33.656;29.910;3.746;88,87;11,13;"JOSÉ CARLOS DE QUEVEDO JUNIOR";PSD;Não;25;0;25,36;49,64;"De 20 a 49 mil";"Águas de Araçoiaba da Serra S/A";CAAS;"Empresa privada";;99,42;33.460;29.910;100;3.550;94,77;204,8;100;32,61;"4,23 por m³";;"Águas de Araçoiaba da Serra S/A";CAAS;"Empresa privada";;14.788;43,94;14.697;49,14;91;2,43;;;;;;;"SECRETARIA DE AGRICULTURA E MEIO AMBIENTE";;"Empresa privada";33.656;100;29.910;100;3.746;1;;1,08;Sim;;;Sim;"Taxa específica no boleto do IPTU"
3503000;Aramina;1;Sudeste;SP;"São Paulo";Sim;"Aglomeração Urbana de Franca";"Lei Complementar 1.323";22.05.2018;;"Cerrado, Mata Atlântica";;202,83;5.526;5.251;275;95,02;4,98;"LUIS SÉRGIO CELESTE JORGE";REPUBLICANOS;Não;95;0;0,66;4,34;"Até 20 mil";"Prefeitura Municipal de Aramina";PMA;Município;;95,02;5.251;5.251;100;;0;601,98;0;40,06;"0,25 por m³";;"Prefeitura Municipal de Aramina";PMA;Município;;5.336;96,56;5.251;100;85;30,91;;;;;;;"DEPARTAMENTO DE AGROPECUÁRIA E MEIO AMBIENTE";;Município;5.526;100;5.251;100;275;1;;0,6;Não;;;Sim;"Taxa específica no boleto do IPTU"
3503109;Arandu;1;Sudeste;SP;"São Paulo";Não;;;;;"Cerrado, Mata Atlântica";Paraná;285,91;7.050;5.713;1.337;81,04;18,96;"FLAVIO CARLOMAGNO GALHEGO";REPUBLICANOS;Não;93,15;0;3,9;2,95;"Até 20 mil";"Companhia de Saneamento Básico do Estado de São Paulo";SABESP;"Empresa privada";;62,68;4.419;4.419;77,34;;0;212,03;100;28,29;"4,41 por m³";;"Companhia de Saneamento Básico do Estado de São Paulo";SABESP;"Sociedade de economia mista";;4.402;62,44;4.402;77,05;;0;;;;;;;"SECRETARIA  MUNICIPAL DE MEIO AMBIENTE";;"Empresa privada";7.050;100;5.713;100;1.337;1;;0,85;Não;;;Sim;"Taxa específica no boleto do IPTU"
3503158;Arapeí;1;Sudeste;SP;"São Paulo";Sim;"Região Metropolitana do Vale do Paraíba e Litoral Norte";"Lei Complementar 1.166";09.01.2012;"Sub-região 4";"Mata Atlântica";;156,90;2.355;1.594;761;67,69;32,31;"RENÊ LÚCIO GONÇALVES";PL;Não;77,87;0;4,64;17,49;"Até 20 mil";"Companhia de Saneamento Básico do Estado de São Paulo";SABESP;"Empresa privada";;98,77;2.326;1.594;100;732;96,19;145,54;100;23,1;"4,30 por m³";;"Companhia de Saneamento Básico do Estado de São Paulo";SABESP;"Sociedade de economia mista";;1.640;69,64;1.594;100;46;6,04;;;;;;;"DIRETORIA MUNICIPAL DE MEIO AMBIENTE";;"Empresa privada";2.330;98,94;1.594;100;736;0,96;;0,51;Não;;;Não;
3503208;Araraquara;1;Sudeste;SP;"São Paulo";Não;;;;;"Cerrado, Mata Atlântica";Paraná;1.003,63;252.318;248.558;3.760;98,51;1,49;"LUIS CLAUDIO LAPENA BARRETO";PL;Não;98,01;0,99;0,76;0,24;"De 250 a 499 mil";"Departamento Autônomo de Água e Esgotos";DAAE;Autarquia;;98,57;248.710;248.080;99,81;630;16,76;237,67;100;45,05;"3,89 por m³";;"Departamento Autônomo de Água e Esgotos";DAAE;Autarquia;;248.438;98,46;248.080;99,81;358;9,52;;;;;;;"DEPARTAMENTO AUTÔNOMO DE ÁGUA E ESGOTOS";;Autarquia;249.228;98,78;248.558;100;670;0,17;;1,67;Sim;;;Sim;"Taxa específica no boleto de água ou esgoto"
3503307;Araras;1;Sudeste;SP;"São Paulo";Sim;"Aglomeração Urbana de Piracicaba-AU- Piracicaba";"Lei Complementar 1.178";26.06.2012;;"Cerrado, Mata Atlântica";Paraná;644,83;135.331;131.312;4.019;97,03;2,97;"IRINEU NORIVAL MARETTO";PSD;Sim;70;30;0;0;"De 100 a 249 mil";"Serviço de Água, Esgoto e Meio Ambiente do Município de Araras";SAEMA;Autarquia;;98,77;133.667;131.312;100;2.355;58,6;234,64;100;38,95;"3,03 por m³";;"Serviço de Água, Esgoto e Meio Ambiente do Município de Araras";SAEMA;Autarquia;;131.747;97,35;131.312;100;435;10,82;;;;;;;"SECRETARIA MUNICIPAL DE SERVIÇOS PÚBLICOS";;Autarquia;135.331;100;131.312;100;4.019;1;;0,75;Não;;;Não;
3503356;Arco-Íris;1;Sudeste;SP;"São Paulo";Não;;;;;"Mata Atlântica";Paraná;264,90;2.085;1.332;753;63,88;36,12;"ALDO MANSANO FERNANDES";UNIÃO;Não;88,1;0;0;11,9;"Até 20 mil";"Companhia de Saneamento Básico do Estado de São Paulo";SABESP;"Empresa privada";;68,81;1.435;1.332;100;103;13,68;175,73;100;7,36;"4,40 por m³";;"Companhia de Saneamento Básico do Estado de São Paulo";SABESP;"Sociedade de economia mista";;1.424;68,3;1.332;100;92;12,22;;;;;;;"SECRETARIA MUNICIPAL DE MEIO AMBIENTE";;"Empresa privada";2.058;98,71;1.332;100;726;0,96;;0,56999;Não;;;Sim;"Taxa específica no boleto do IPTU"
3503406;Arealva;1;Sudeste;SP;"São Paulo";Não;;;;;"Cerrado, Mata Atlântica";Paraná;504,97;8.280;6.507;1.773;78,59;21,41;"PAULO JULIANO NICOLIELO JUNIOR";PODE;Não;87,64;0;5,65;6,71;"Até 20 mil";"Companhia de Saneamento Básico do Estado de São Paulo";SABESP;"Empresa privada";;74,55;6.173;6.173;94,87;;0;225,39;99,85;8,27;"4,61 por m³";;"Companhia de Saneamento Básico do Estado de São Paulo";SABESP;"Sociedade de economia mista";;5.402;65,23;5.402;83,02;;0;;;;;;;"COORDENADORIA MUNICIPAL DE AGRICULTURA E MEIO AMBIENTE";;"Empresa privada";8.280;100;6.507;100;1.773;1;;0,42;Não;;;Sim;"Taxa em boleto exclusivo"
3503505;Areias;1;Sudeste;SP;"São Paulo";Sim;"Região Metropolitana do Vale do Paraíba e Litoral Norte";"Lei Complementar 1.166";09.01.2012;"Sub-região 4";"Mata Atlântica";"Atlântico Sudeste";305,23;3.625;2.809;816;77,49;22,51;"RODRIGO JOSE RAMOS DE OLIVEIRA";AVANTE;Não;0;86,32;0,04;13,64;"Até 20 mil";"Prefeitura Municipal de Areias";PMA;Município;;77,48;2.809;2.809;100;;0;522,53;0;24,2;;;"Prefeitura Municipal de Areias";PMA;Município;;2.809;77,48;2.809;100;;0;;;;;;;"SECRETARIA MUNICIPAL DE TURISMO E MEIO AMBIENTE";;Município;3.625;100;2.809;100;816;1;;0,43;Sim;;;Não;
3503604;Areiópolis;1;Sudeste;SP;"São Paulo";Não;;;;;"Cerrado, Mata Atlântica";;85,91;10.257;10.026;231;97,75;2,25;"MICHEL HENRIQUE AUGUSTO";PODE;Não;99,02;0;0,32;0,66;"Até 20 mil";"Companhia de Saneamento Básico do Estado de São Paulo";SABESP;"Empresa privada";;97,28;9.978;9.764;97,39;214;92,64;166,79;100;23,87;"4,57 por m³";;"Companhia de Saneamento Básico do Estado de São Paulo";SABESP;"Sociedade de economia mista";;9.909;96,61;9.764;97,39;145;62,77;;;;;;;"DIRETORIA DE OBRAS, ENGENHARIA E MEIO AMBIENTE";;"Empresa privada";10.026;97,75;10.026;100;;0;;1,31;Sim;;;Sim;"Taxa específica no boleto do IPTU"
3503703;Ariranha;1;Sudeste;SP;"São Paulo";Não;;;;;"Mata Atlântica";;132,62;7.653;7.407;246;96,79;3,21;"EMERSON ANTONIO TROVÓ";PL;Não;0;99,25;0,21;0,54;"Até 20 mil";"Prefeitura Municipal de Ariranha";PMA;Município;;96,79;7.407;7.407;100;;0;159,77;100;20;"1,36 por m³";;"Prefeitura Municipal de Ariranha";PMA;Município;;7.407;96,79;7.407;100;;0;;;;;;;"DIRETORIA DE MEIO AMBIENTE";;Município;7.407;96,79;7.407;100;;0;;1,07;Não;;;Sim;"Taxa em boleto exclusivo"
3503802;"Artur Nogueira";1;Sudeste;SP;"São Paulo";Sim;"Região Metropolitana de Campinas";"Lei Complementar 870";19.06.2000;;"Mata Atlântica";Paraná;178,03;53.157;49.766;3.391;93,62;6,38;"LUCAS SIA RISSATO";PL;Sim;0;96,11;1,65;2,24;"De 50 a 99 mil";"Serviço de Água e Esgoto de Artur Nogueira";SAEAN;Autarquia;;91,16;48.458;48.458;97,37;;0;168,52;100;25,7;"3,87 por m³";;"Serviço de Água e Esgoto de Artur Nogueira";SAEAN;Autarquia;;47.810;89,94;47.810;96,07;;0;;;;;;;"SECRETARIA MUNICIPAL DE MEIO AMBIENTE";;Autarquia;53.157;100;49.766;100;3.391;1;;1,02;Não;;;Sim;"Taxa em boleto exclusivo"
3503901;Arujá;1;Sudeste;SP;"São Paulo";Sim;"Região Metropolitana de São Paulo";"Lei Complementar 1.139";16.06.2011;"Sub-região Leste";"Mata Atlântica";Paraná;96,17;89.943;87.263;2.680;97,02;2,98;"LUIS ANTONIO DE CAMARGO";PSD;Sim;56,26;1,74;29,05;12,94;"De 50 a 99 mil";"Companhia de Saneamento Básico do Estado de São Paulo";SABESP;"Empresa privada";;100;89.943;87.263;100;2.680;100;177,4;100;25,6;"6,67 por m³";;"Companhia de Saneamento Básico do Estado de São Paulo";SABESP;"Sociedade de economia mista";;72.510;80,62;72.510;83,09;;0;;;;;;;"SECRETARIA MUNICIPAL DE SERVIÇOS";;"Empresa privada";87.263;97,02;87.263;100;;0;;0,77;Sim;;;Não;
3503950;Aspásia;1;Sudeste;SP;"São Paulo";Não;;;;;"Mata Atlântica";Paraná;69,37;1.873;1.469;404;78,43;21,57;"IVAN DE PAULA";PSD;Não;94,98;0;0;5,02;"Até 20 mil";"Companhia de Saneamento Básico do Estado de São Paulo";SABESP;"Empresa privada";;88,09;1.650;1.469;100;181;44,8;180,33;100;8,01;"4,57 por m³";;"Companhia de Saneamento Básico do Estado de São Paulo";SABESP;"Sociedade de economia mista";;1.323;70,64;1.323;90,06;;0;;;;;;;"SETOR DA AGRICULTURA E MEIO AMBIENTE";;"Empresa privada";1.484;79,23;1.469;100;15;0,03;;0,61;Não;;;Sim;"Taxa específica no boleto do IPTU"
3504008;Assis;1;Sudeste;SP;"São Paulo";Não;;;;;"Cerrado, Mata Atlântica";Paraná;460,61;104.642;100.739;3.903;96,27;3,73;"TELMA GONCALVES CARNEIRO SPERA DE ANDRADE";PL;Sim;99,4;0;0,6;0;"De 100 a 249 mil";"Companhia de Saneamento Básico do Estado de São Paulo";SABESP;"Empresa privada";;99,66;104.285;100.739;100;3.546;90,85;190,58;100;23,27;"4,84 por m³";;"Companhia de Saneamento Básico do Estado de São Paulo";SABESP;"Sociedade de economia mista";;102.591;98,04;100.739;100;1.852;47,45;;;;;;;"SECRETARIA MUNICIPAL DE AGRICULTURA E MEIO AMBIENTE";;"Empresa privada";104.642;100;100.739;100;3.903;1;;0,9;Sim;;;Não;
3504107;Atibaia;1;Sudeste;SP;"São Paulo";Não;;;;;"Mata Atlântica";Paraná;478,52;166.043;148.891;17.152;89,67;10,33;"DANIEL DA ROCHA MARTINI";PL;Não;42,25;22,75;28,17;6,83;"De 100 a 249 mil";"Saneamento Ambiental de Atibaia";SAAE;Autarquia;;84,4;140.144;140.144;94,13;;0;233,06;99,38;36,27;"7,01 por m³";;"Saneamento Ambiental de Atibaia";SAAE;Autarquia;;101.324;61,02;101.324;68,05;;0;;;;;;;"SANEAMENTO AMBIENTAL DE ATIBAIA - SAAE";;Autarquia;166.043;100;148.891;100;17.152;1;;0,92;Sim;;;Sim;"Taxa específica no boleto de água ou esgoto"
3504206;Auriflama;1;Sudeste;SP;"São Paulo";Não;;;;;"Mata Atlântica";;434,50;13.873;12.530;1.343;90,32;9,68;"KATIA CONCEIÇÃO MORITA DE CARVALHO";MDB;Não;90,73;0;2,01;7,26;"Até 20 mil";"Companhia de Saneamento Básico do Estado de São Paulo";SABESP;"Empresa privada";;100;13.873;12.530;100;1.343;100;191,44;100;16,98;"4,58 por m³";;"Companhia de Saneamento Básico do Estado de São Paulo";SABESP;"Sociedade de economia mista";;13.873;100;12.530;100;1.343;100;;;;;;;"Departamento do Meio Ambiente";;"Empresa privada";12.500;90,1;12.500;99,76;;0;;0,91;Não;;;Sim;"Taxa específica no boleto do IPTU"
3504305;Avaí;1;Sudeste;SP;"São Paulo";Não;;;;;"Cerrado, Mata Atlântica";Paraná;540,69;4.519;2.990;1.529;66,17;33,83;"HELLEN FERNANDES RODRIGUES COELHO";PSD;Sim;84,42;0;0,63;14,95;"Até 20 mil";"Companhia de Saneamento Básico do Estado de São Paulo";SABESP;"Empresa privada";;76,68;3.465;2.990;100;475;31,07;176,03;100;11,89;"4,70 por m³";;"Companhia de Saneamento Básico do Estado de São Paulo";SABESP;"Sociedade de economia mista";;3.085;68,27;2.990;100;95;6,21;;;;;;;"DEPARTAMENTO AMBIENTAL";;"Empresa privada";3.600;79,66;2.990;100;610;0,39;;1,03;Sim;;;Sim;"Taxa específica no boleto do IPTU"
3504404;Avanhandava;1;Sudeste;SP;"São Paulo";Não;;;;;"Mata Atlântica";;338,37;11.438;9.792;1.646;85,61;14,39;"NORBERTO CESAR BERALDO";PSD;Não;100;0;0;0;"Até 20 mil";"Departamento de Água e Esgoto de Avanhandava";DAAEA;Autarquia;;85,61;9.792;9.792;100;;0;53,8;75,77;84,68;"23,12 por m³";;"Departamento de Água e Esgoto de Avanhandava";DAAEA;Autarquia;;9.792;85,61;9.792;100;;0;;;;;;;"SECRETARIA MUNICIPAL DE MEIO AMBIENTE";;Autarquia;9.625;84,15;9.625;98,29;;0;;0,99;Sim;;;Não;
3504503;Avaré;1;Sudeste;SP;"São Paulo";Não;;;;;"Cerrado, Mata Atlântica";Paraná;1.213,06;96.098;91.255;4.843;94,96;5,04;"ROBERTO DE ARAUJO";PL;Sim;96,37;0;1,27;2,37;"De 50 a 99 mil";"Companhia de Saneamento Básico do Estado de São Paulo";SABESP;"Empresa privada";;94,58;90.886;90.886;99,6;;0;174,1;100;26,31;"4,93 por m³";;"Companhia de Saneamento Básico do Estado de São Paulo";SABESP;"Sociedade de economia mista";;84.125;87,54;84.125;92,19;;0;;;;;;;"SECRETARIA MUNICIPAL DE MEIO AMBIENTE";;"Empresa privada";96.098;100;91.255;100;4.843;1;;0,83;Não;;;Sim;"Taxa específica no boleto do IPTU"
3504602;"Bady Bassitt";1;Sudeste;SP;"São Paulo";Não;;;;;"Mata Atlântica";Paraná;110,37;28.909;27.657;1.252;95,67;4,33;"JANIMEIRI CATELANI BUZZI";PODE;Sim;99,43;0;0,35;0,22;"De 20 a 49 mil";;;;;;;;;;;;;;;;;;;;;;;;;;;;;;;;;;;;;;;;;;;;;;;
3504701;Balbinos;1;Sudeste;SP;"São Paulo";Não;;;;;"Mata Atlântica";Paraná;91,64;3.963;3.861;102;97,43;2,57;"JOSE MARCIO RIGOTTO";MDB;Sim;95,13;0;1,34;3,53;"Até 20 mil";"Companhia de Saneamento Básico do Estado de São Paulo";SABESP;"Empresa privada";;38,33;1.519;1.519;39,34;;0;160,5;100;26,55;"6,52 por m³";;"Companhia de Saneamento Básico do Estado de São Paulo";SABESP;"Sociedade de economia mista";;1.289;32,53;1.289;33,39;;0;;;;;;;"SETOR DE ENGENHARIA";;"Empresa privada";3.963;100;3.861;100;102;1;;0,42;Não;;;Não;
3504800;Bálsamo;1;Sudeste;SP;"São Paulo";Não;;;;;"Mata Atlântica";Paraná;149,88;9.854;9.138;716;92,73;7,27;"JOSE EDUARDO NALIATI JUNIOR";MDB;Sim;98,46;0,23;0,63;0,68;"Até 20 mil";"Prefeitura Municipal de Bálsamo";PMB;Município;;93,75;9.238;9.138;100;100;13,97;193,72;100;13,32;"0,92 por m³";;"Prefeitura Municipal de Bálsamo";PMB;Município;;9.138;92,73;9.138;100;;0;;;;;;;"PREFEITURA MUNICIPAL DE DE BÁLSAMO";;Município;9.854;100;9.138;100;716;1;;0,51;Sim;;;Sim;"Taxa específica no boleto do IPTU"
3504909;Bananal;1;Sudeste;SP;"São Paulo";Sim;"Região Metropolitana do Vale do Paraíba e Litoral Norte";"Lei Complementar 1.166";09.01.2012;"Sub-região 4";"Mata Atlântica";;616,43;10.109;8.160;1.949;80,72;19,28;"WILLIAM LANDIM DA SILVA";REPUBLICANOS;Não;86,05;0;1,25;12,7;"Até 20 mil";"Companhia de Saneamento Básico do Estado de São Paulo";SABESP;"Empresa privada";;88,76;8.973;8.160;100;813;41,71;143,38;100;33,86;"4,32 por m³";;"Companhia de Saneamento Básico do Estado de São Paulo";SABESP;"Sociedade de economia mista";;7.691;76,08;7.691;94,25;;0;;;;;;;"SECRETARIA MUNICIPAL DE AGRICULTURA E MEIO AMBIENTE";;"Empresa privada";10.109;100;8.160;100;1.949;1;;0,64;Não;;;Não;
3505005;"Barão de Antonina";1;Sudeste;SP;"São Paulo";Não;;;;;"Mata Atlântica";Paraná;153,14;3.618;2.416;1.202;66,78;33,22;"RODRIGO WALDEMAR MARQUES";REPUBLICANOS;Sim;89,37;0;0,73;9,9;"Até 20 mil";"Companhia de Saneamento Básico do Estado de São Paulo";SABESP;"Empresa privada";;75,34;2.726;2.416;100;310;25,79;145,79;100;20,94;"4,45 por m³";;"Companhia de Saneamento Básico do Estado de São Paulo";SABESP;"Sociedade de economia mista";;1.928;53,29;1.928;79,8;;0;;;;;;;"DIRETORIA DE AGRICULTURA E MEIO AMBIENTE DE BARÃO DE ANTONINA";;"Empresa privada";3.618;100;2.416;100;1.202;1;;0,73;Sim;;;Não;
3505104;Barbosa;1;Sudeste;SP;"São Paulo";Não;;;;;"Mata Atlântica";Paraná;205,21;5.659;5.188;471;91,68;8,32;"RODRIGO PRIMO ANTUNES";PSD;Sim;94,86;3,95;0,99;0,2;"Até 20 mil";"PREFEITURA MUNICIPAL DE BARBOSA";PMB;Município;;85,1;4.816;4.816;92,83;;0;181,38;100;16,3;"1,51 por m³";;"PREFEITURA MUNICIPAL DE BARBOSA";PMB;Município;;4.816;85,1;4.816;92,83;;0;;;;;;;"SECRETARIA DE MEIO AMBIENTE";;Município;4.816;85,1;4.816;92,83;;0;;0,92;Não;;;Sim;"Taxa específica no boleto do IPTU"
3505203;Bariri;1;Sudeste;SP;"São Paulo";Não;;;;;"Cerrado, Mata Atlântica";Paraná;444,41;32.405;31.310;1.095;96,62;3,38;"AIRTON LUIS PEGORARO";AVANTE;Sim;98;0;0,09;1,91;"De 20 a 49 mil";"Serviço de Água e Esgoto do município de Bariri";SAEMBA;Autarquia;;93,24;30.215;30.215;96,5;;0;190,34;99,86;68,11;"2,25 por m³";;"Serviço de Água e Esgoto do município de Bariri";SAEMBA;Autarquia;;31.400;96,9;31.310;100;90;8,22;;;;;;;"DIRETORIA DE AGRICULTURA E MEIO AMBIENTE";;Autarquia;32.405;100;31.310;100;1.095;1;;1,07;Não;;;Não;
3505302;"Barra Bonita";1;Sudeste;SP;"São Paulo";Não;;;;;"Mata Atlântica";Paraná;150,12;35.159;34.691;468;98,67;1,33;"MANOEL FABIANO FERREIRA FILHO";PL;Sim;0;100;0;0;"De 20 a 49 mil";"Serviço Autônomo de Água e Esgoto";SAAE;Autarquia;;98,87;34.763;34.691;100;72;15,38;176,84;49,67;19,98;"6,44 por m³";;"Serviço Autônomo de Água e Esgoto";SAAE;Autarquia;;35.159;100;34.691;100;468;100;;;;;;;"SECRETARIA MUNICIPAL DE MEIO AMBIENTE";;Autarquia;35.159;100;34.691;100;468;1;;0,46;Não;;;Sim;"Taxa específica no boleto do IPTU"
3505351;"Barra do Chapéu";1;Sudeste;SP;"São Paulo";Não;;;;;"Mata Atlântica";"Atlântico Sudeste";405,68;5.256;1.932;3.324;36,76;63,24;"IVANIL NORBERTO PEREIRA NOLASCO";UNIÃO;Sim;0;68,98;6,02;25;"Até 20 mil";"Companhia de Saneamento Básico do Estado de São Paulo";SABESP;"Empresa privada";;45,97;2.416;1.617;83,7;799;24,04;169,72;100;26,05;"4,45 por m³";;"Companhia de Saneamento Básico do Estado de São Paulo";SABESP;"Sociedade de economia mista";;1.847;35,14;1.617;83,7;230;6,92;;;;;;;"PREFEITURA MUNICIPAL DE BARRA DO CHAPÉU";;"Empresa privada";5.256;100;1.932;100;3.324;1;;0,76;Não;;;Sim;"Taxa específica no boleto do IPTU"
3505401;"Barra do Turvo";1;Sudeste;SP;"São Paulo";Não;;;;;"Mata Atlântica";"Atlântico Sudeste";1.007,68;6.922;3.113;3.809;44,97;55,03;"VICTOR MARUYAMA";PODE;Sim;69,96;0;5,86;24,18;"Até 20 mil";"Companhia de Saneamento Básico do Estado de São Paulo";SABESP;"Empresa privada";;50,29;3.481;3.113;100;368;9,66;150,88;100;29,36;"4,68 por m³";;"Companhia de Saneamento Básico do Estado de São Paulo";SABESP;"Sociedade de economia mista";;2.819;40,72;2.819;90,56;;0;;;;;;;"SECRETARIA DE DESENVOLVIMENTO ECONÔMICO";;"Empresa privada";6.000;86,68;3.113;100;2.887;0,75;;0,43;Sim;;;Sim;"Taxa específica no boleto do IPTU"
3505500;Barretos;1;Sudeste;SP;"São Paulo";Não;;;;;"Cerrado, Mata Atlântica";Paraná;1.566,16;126.600;122.853;3.747;97,04;2,96;"ODAIR DE MOURA E SILVA";REPUBLICANOS;Sim;100;0;0;0;"De 100 a 249 mil";"Serviço Autônomo de Água e Esgoto de Barretos";SAAEB;Autarquia;;97,04;122.853;122.853;100;;0;213,72;99,63;39,9;"4,11 por m³";;"Serviço Autônomo de Água e Esgoto de Barretos";SAAEB;Autarquia;;122.853;97,04;122.853;100;;0;;;;;;;"SERVIÇO AUTÔNOMO DE ÁGUA E ESGOTO";;Autarquia;126.600;100;122.853;100;3.747;1;;0,88;Sim;;;Não;
3505609;Barrinha;1;Sudeste;SP;"São Paulo";Sim;"Região Metropolitana de Ribeirão Preto";"Lei Complementar 1.290";06.07.2016;"Sub-região 1";"Mata Atlântica";Paraná;146,03;33.181;32.982;199;99,4;0,6;"MARIA LÚCIA TERESINHA GROTTA";PSB;Não;95;0;1,81;3,19;"De 20 a 49 mil";"Prefeitura Municipal de Barrinha";PMB;Município;;99,4;32.982;32.982;100;;0;223,42;92,92;69,12;"2,86 por m³";;"Prefeitura Municipal de Barrinha";PMB;Município;;32.982;99,4;32.982;100;;0;;;;;;;"SECRETARIA DO MEIO AMBIENTE";;Município;33.181;100;32.982;100;199;1;;0,56999;Não;;;Não;
3505708;Barueri;1;Sudeste;SP;"São Paulo";Sim;"Região Metropolitana de São Paulo";"Lei Complementar 1.139";16.06.2011;"Sub-região Oeste";"Mata Atlântica";Paraná;65,70;330.339;330.207;132;99,96;0,04;"JOSE ROBERTO PITERI";REPUBLICANOS;Sim;18,11;54,33;4,82;22,74;"De 250 a 499 mil";"Companhia de Saneamento Básico do Estado de São Paulo";SABESP;"Empresa privada";;100;330.339;330.207;100;132;100;202,04;100;34,31;"7,56 por m³";;"Companhia de Saneamento Básico do Estado de São Paulo";SABESP;"Sociedade de economia mista";;324.613;98,27;324.613;98,31;;0;;;;;;;"SECRETARIA DE SERVIÇOS MUNICIPAIS";;"Empresa privada";330.339;100;330.207;100;132;1;;1,43;Sim;;;Não;
3505807;Bastos;1;Sudeste;SP;"São Paulo";Não;;;;;"Mata Atlântica";;170,91;21.900;19.060;2.840;87,03;12,97;"KLEBER LOPES DE SOUSA";PL;Não;98,49;0;0,02;1,49;"De 20 a 49 mil";"Companhia de Saneamento Básico do Estado de São Paulo";SABESP;"Empresa privada";;88,39;19.358;17.633;92,51;1.725;60,74;177,37;100;14,26;"4,95 por m³";;"Companhia de Saneamento Básico do Estado de São Paulo";SABESP;"Sociedade de economia mista";;19.108;87,25;17.633;92,51;1.475;51,94;;;;;;;;;;;;;;;;;;;;;;
3505906;Batatais;1;Sudeste;SP;"São Paulo";Sim;"Região Metropolitana de Ribeirão Preto";"Lei Complementar 1.290";06.07.2016;"Sub-região 4";"Cerrado, Mata Atlântica";;849,53;59.873;58.155;1.718;97,13;2,87;"LUIS FERNANDO BENEDINI GASPAR JUNIOR";PP;Não;93,1;4,9;0,45;1,55;"De 50 a 99 mil";"Prefeitura Municipal de Batatais";PMB;Município;;97,13;58.155;58.155;100;;0;194,76;99,07;55,24;"3,19 por m³";;"Prefeitura Municipal de Batatais";PMB;Município;;57.573;96,16;57.573;99;;0;;;;;;;"SECRETARIA MUNICIPAL DE OBRAS, PLANEJAMENTO E SERVIÇOS PÚBLICOS";;Município;58.155;97,13;58.155;100;;0;;0,84;Não;;;Sim;"Taxa específica no boleto do IPTU"
3506003;Bauru;1;Sudeste;SP;"São Paulo";Não;;;;;"Cerrado, Mata Atlântica";Paraná;667,68;391.740;382.221;9.519;97,57;2,43;"SUÉLLEN SILVA ROSIM";PSD;Sim;9,91;89,19;0,9;0;"De 250 a 499 mil";"Departamento de Água e Esgoto";DAE;Autarquia;;94,02;368.318;368.318;96,36;;0;213,33;100;44,26;"4,15 por m³";;"Departamento de Água e Esgoto";DAE;Autarquia;;345.744;88,26;345.744;90,46;;0;;;;;;;"SECRETARIA MUNICIPAL DO MEIO AMBIENTE";;Autarquia;391.740;100;382.221;100;9.519;1;;0,78;Sim;;;Não;
3506102;Bebedouro;1;Sudeste;SP;"São Paulo";Não;;;;;"Cerrado, Mata Atlântica";Paraná;683,19;78.210;75.504;2.706;96,54;3,46;"LUCAS GIBIN SEREN";PL;Não;33;67;0;0;"De 50 a 99 mil";"Serviço Autônomo de Água e Esgoto de Bebedouro";SAAEB;Autarquia;;96,54;75.504;75.504;100;;0;229,81;99,98;33,44;"4,51 por m³";;"Serviço Autônomo de Água e Esgoto de Bebedouro";SAAEB;Autarquia;;75.504;96,54;75.504;100;;0;;;;;;;"DEPARTAMENTO DE MEIO AMBIENTE";;Autarquia;78.210;100;75.504;100;2.706;1;;1,21;Não;;;Não;
3506201;"Bento de Abreu";1;Sudeste;SP;"São Paulo";Não;;;;;"Mata Atlântica";Paraná;301,69;2.642;2.440;202;92,35;7,65;"TEREZINHA DO CARMO SALESSE";PSDB;Sim;95,35;0;0;4,65;"Até 20 mil";"Companhia de Saneamento Básico do Estado de São Paulo";SABESP;"Empresa privada";;100;2.642;2.440;100;202;100;172,18;100;20,84;"4,67 por m³";;"Companhia de Saneamento Básico do Estado de São Paulo";SABESP;"Sociedade de economia mista";;2.441;92,39;2.440;100;1;0,5;;;;;;;"SETOR MUNICIPAL DE MEIO AMBIENTE";;"Empresa privada";2.600;98,41;2.440;100;160;0,79;;1,48;Não;;;Não;
3506300;"Bernardino de Campos";1;Sudeste;SP;"São Paulo";Não;;;;;"Mata Atlântica";Paraná;244,16;11.852;9.829;2.023;82,93;17,07;"WILSON JOSE GARCIA";PSD;Não;95,55;0;0,11;4,34;"Até 20 mil";"Companhia de Saneamento Básico do Estado de São Paulo";SABESP;"Empresa privada";;90,3;10.702;9.829;100;873;43,15;163,41;100;33,54;"4,48 por m³";;"Companhia de Saneamento Básico do Estado de São Paulo";SABESP;"Sociedade de economia mista";;10.649;89,85;9.829;100;820;40,53;;;;;;;"SECRETARIA MUNICIPAL DE MEIO AMBIENTE";;"Empresa privada";9.829;82,93;9.829;100;;0;;0,72;Não;;;Sim;"Taxa em boleto exclusivo"
3506359;Bertioga;1;Sudeste;SP;"São Paulo";Sim;"Região Metropolitana da Baixada Santista";"Lei Complementar 815";30.07.1996;;"Mata Atlântica";"Atlântico Sudeste";491,55;66.873;66.171;702;98,95;1,05;"MARCELO HELENO VILARES";UNIÃO;Sim;34,99;0;47,46;17,56;"De 50 a 99 mil";"Companhia de Saneamento Básico do Estado de São Paulo";SABESP;"Empresa privada";;63,25;42.300;42.300;63,93;;0;587,78;100;22,67;"5,01 por m³";;"Companhia de Saneamento Básico do Estado de São Paulo";SABESP;"Sociedade de economia mista";;33.824;50,58;33.824;51,12;;0;;;;;;;"SECRETARIA DE SERVIÇOS URBANOS";;"Empresa privada";66.873;100;66.171;100;702;1;;1,86;Sim;;;Sim;"Taxa específica no boleto do IPTU"
3506409;Bilac;1;Sudeste;SP;"São Paulo";Não;;;;;"Mata Atlântica";Paraná;158,03;7.455;7.005;450;93,96;6,04;"ANTÔNIO FERREIRA LOUREIRO";REPUBLICANOS;Não;98,77;0;0,06;1,17;"Até 20 mil";"Prefeitura Municipal de Bilac";PMB;Município;;93,96;7.005;7.005;100;;0;265,97;100;20,23;"29,63 por m³";;"Prefeitura Municipal de Bilac";PMB;Município;;7.005;93,96;7.005;100;;0;;;;;;;"DIRETORIA MUNICIPAL DE OBRAS E SERVIÇOS PÚBLICOS";;Município;7.005;93,96;7.005;100;;0;;0,72;Sim;;;Sim;"Taxa específica no boleto do IPTU"
3506508;Birigui;1;Sudeste;SP;"São Paulo";Não;;;;;"Mata Atlântica";Paraná;530,03;122.988;120.331;2.657;97,84;2,16;"SAMANTA PAULA ALBANI BORINI";PSD;Não;100;0;0;0;"De 100 a 249 mil";"Prefeitura Municipal de Birigui";PMB;Município;;97,84;120.331;120.331;100;;0;255,26;99,5;19,42;"2,24 por m³";;"Prefeitura Municipal de Birigui";PMB;Município;;120.331;97,84;120.331;100;;0;;;;;;;"SECRETARIA MUNICIPAL DE SERVIÇOS PÚBLICOS";;Município;122.988;100;120.331;100;2.657;1;;0,81;Não;;;Não;
3506607;Biritiba-Mirim;1;Sudeste;SP;"São Paulo";Sim;"Região Metropolitana de São Paulo";"Lei Complementar 1.139";16.06.2011;"Sub-região Leste";"Mata Atlântica";Paraná;317,41;30.526;24.888;5.638;81,53;18,47;"CARLOS ALBERTO TAINO JUNIOR";PL;Sim;32,11;20,53;12,52;34,84;"De 20 a 49 mil";"Companhia de Saneamento Básico do Estado de São Paulo";SABESP;"Empresa privada";;60,92;18.595;18.595;74,7;;0;152,25;100;0,28;;;"Companhia de Saneamento Básico do Estado de São Paulo";SABESP;"Sociedade de economia mista";;16.041;52,55;16.041;64,45;;0;;;;;;;"SECRETARIA MUNICIPAL DE SUSTENTABILIDADE";;"Empresa privada";30.000;98,28;24.888;100;5.112;0,9;;0,75;Não;;;Sim;"Taxa específica no boleto do IPTU"
3506706;"Boa Esperança do Sul";1;Sudeste;SP;"São Paulo";Não;;;;;"Cerrado, Mata Atlântica";;690,75;13.135;12.351;784;94,03;5,97;"JOSÉ MANOEL DE SOUZA";MDB;Não;94,53;4,98;0,17;0,32;"Até 20 mil";;;;;;;;;;;;;;;;;;;;;;;;;;;;;;;;"Diretoria Municipal de agricultura e Meio Ambiente";;;12.351;94,03;12.351;100;;0;;0,89;Não;;;Não;
3506805;Bocaina;1;Sudeste;SP;"São Paulo";Não;;;;;"Cerrado, Mata Atlântica";Paraná;363,93;11.467;10.889;578;94,96;5,04;"Não empossado";"fev. 2025";Não;95,14;0;1,05;3,81;"Até 20 mil";"Companhia de Saneamento Básico do Estado de São Paulo";SABESP;"Empresa privada";;97,28;11.155;10.617;97,5;538;93,08;204,5;99,99;25,72;"4,72 por m³";;"Companhia de Saneamento Básico do Estado de São Paulo";SABESP;"Sociedade de economia mista";;10.818;94,34;10.617;97,5;201;34,78;;;;;;;"DIRETORIA DE AGRICULTURA E MEIO AMBIENTE";;"Empresa privada";11.467;100;10.889;100;578;1;;1,54;Não;;;Sim;"Taxa específica no boleto do IPTU"
3506904;Bofete;1;Sudeste;SP;"São Paulo";Não;;;;;"Cerrado, Mata Atlântica";Paraná;653,54;10.688;7.632;3.056;71,41;28,59;"EUGENIO CARLOS ALVES";REPUBLICANOS;Sim;89,42;0;1,99;8,59;"Até 20 mil";"Companhia de Saneamento Básico do Estado de São Paulo";SABESP;"Empresa privada";;70,5;7.535;7.535;98,73;;0;163,82;100;13,71;"4,62 por m³";;"Companhia de Saneamento Básico do Estado de São Paulo";SABESP;"Sociedade de economia mista";;5.988;56,03;5.988;78,45;;0;;;;;;;;;;;;;;;;;;;;;;
3507001;Boituva;1;Sudeste;SP;"São Paulo";Sim;"Região Metropolitana de Sorocaba";"Lei Complementar 1.241";20.06.2014;"Sub-região 1";"Mata Atlântica";;248,95;63.415;61.018;2.397;96,22;3,78;"EDSON JOSE MARCUSSO";PSD;Não;39,37;52,19;6,57;1,86;"De 50 a 99 mil";"Companhia de Saneamento Básico do Estado de São Paulo";SABESP;"Empresa privada";;98,13;62.228;61.018;100;1.210;50,48;188,43;100;15,14;"5,04 por m³";;"Companhia de Saneamento Básico do Estado de São Paulo";SABESP;"Sociedade de economia mista";;51.105;80,59;51.105;83,75;;0;;;;;;;"SECRETARIA DE MEIO AMBIENTE, PARQUES E DESENVOLVIMENTO SUSTENTÁVEL";;"Empresa privada";63.415;100;61.018;100;2.397;1;;0,98;Sim;;;Sim;"Taxa específica no boleto do IPTU"
3507100;"Bom Jesus dos Perdões";1;Sudeste;SP;"São Paulo";Não;;;;;"Mata Atlântica";;108,37;22.501;20.793;1.708;92,41;7,59;"SÉRGIO FERREIRA";PSDB;Não;0;83,85;14,39;1,76;"De 20 a 49 mil";"Prefeitura Municipal de Bom Jesus dos Perdões";PMBJP;Município;;92,41;20.793;20.793;100;;0;279,01;100;9,74;"3,22 por m³";;"Prefeitura Municipal de Bom Jesus dos Perdões";PMBJP;Município;;20.793;92,41;20.793;100;;0;;;;;;;"SECRETARIA DE SANEAMENTO, AGROPECUÁRIA E MEIO AMBIENTE";;Município;22.006;97,8;20.793;100;1.213;0,71;;0,88;Não;;;Sim;"Taxa específica no boleto de água ou esgoto"
3507159;"Bom Sucesso de Itararé";1;Sudeste;SP;"São Paulo";Não;;;;;"Cerrado, Mata Atlântica";Paraná;133,58;3.610;2.515;1.095;69,67;30,33;"DIRCEU PACHECO DE OLIVEIRA";REPUBLICANOS;Não;91,27;0;0;8,73;"Até 20 mil";"Companhia de Saneamento Básico do Estado de São Paulo";SABESP;"Empresa privada";;71,77;2.591;2.500;99,4;91;8,31;148,27;99,9;19,22;"4,47 por m³";;"Companhia de Saneamento Básico do Estado de São Paulo";SABESP;"Sociedade de economia mista";;2.397;66,4;2.397;95,31;;0;;;;;;;"COORDENADORIA GERAL DE AGRICULTURA E MEIO AMBIENTE";;"Empresa privada";3.610;100;2.515;100;1.095;1;;0,62;Não;;;Não;
3507209;Borá;1;Sudeste;SP;"São Paulo";Não;;;;;"Cerrado, Mata Atlântica";;118,95;928;755;173;81,36;18,64;"LUIZ CARLOS RODRIGUES";PODE;Não;99,36;0;0;0,64;"Até 20 mil";"Companhia de Saneamento Básico do Estado de São Paulo";SABESP;"Empresa privada";;90,09;836;755;100;81;46,82;174,22;100;7,48;"4,50 por m³";;"Companhia de Saneamento Básico do Estado de São Paulo";SABESP;"Sociedade de economia mista";;738;79,53;738;97,75;;0;;;;;;;"DEPARTAMENTO DE MEIO AMBIENTE";;"Empresa privada";928;100;755;100;173;1;;0,51;Sim;;;Não;
3507308;Boracéia;1;Sudeste;SP;"São Paulo";Não;;;;;"Mata Atlântica";Paraná;122,11;4.823;4.547;276;94,28;5,72;"MARCOS VINICIO BILANCIERI";REPUBLICANOS;Sim;97,03;0;0,16;2,82;"Até 20 mil";"Companhia de Saneamento Básico do Estado de São Paulo";SABESP;"Empresa privada";;99,19;4.784;4.547;100;237;85,87;192,89;100;14,94;"4,86 por m³";;"Companhia de Saneamento Básico do Estado de São Paulo";SABESP;"Sociedade de economia mista";;4.784;99,19;4.547;100;237;85,87;;;;;;;"SECRETARIA DA AGRCULTURA E MEIO AMBIENTE";;"Empresa privada";4.823;100;4.547;100;276;1;;0,44;Não;;;Não;
3507407;Borborema;1;Sudeste;SP;"São Paulo";Não;;;;;"Mata Atlântica";Paraná;552,26;14.415;13.295;1.120;92,23;7,77;"SHEILA MARIA GONÇALVES DE OLIVEIRA";PL;Sim;94,72;2,02;2,89;0,37;"Até 20 mil";"Prefeitura Municipal de Borborema";PMB;Município;;92,23;13.295;13.295;100;;0;249,72;79,56;35,61;"3,46 por m³";;"Prefeitura Municipal de Borborema";PMB;Município;;13.295;92,23;13.295;100;;0;;;;;;;"PREFEITURA MUNICIPAL DE BORBOREMA";;Município;13.743;95,34;13.295;100;448;0,4;;0,87;Sim;;;Sim;"Taxa específica no boleto do IPTU"
3507456;Borebi;1;Sudeste;SP;"São Paulo";Não;;;;;"Cerrado, Mata Atlântica";Paraná;347,99;2.787;2.416;371;86,69;13,31;"ANDERSON PINHEIRO DE GOES";MDB;Sim;0;99,3;0;0,7;"Até 20 mil";"Prefeitura Municipal de Borebi";PFB;Município;;86,69;2.416;2.416;100;;0;261,1;99,35;22,39;"0,56 por m³";;"Prefeitura Municipal de Borebi";PFB;Município;;2.416;86,69;2.416;100;;0;;;;;;;"PREFEITURA MUNICIPAL DE BOREBI";;Município;2.416;86,69;2.416;100;;0;;0,57999;Sim;;;Sim;"Taxa específica no boleto do IPTU"
3507506;Botucatu;1;Sudeste;SP;"São Paulo";Não;;;;;"Cerrado, Mata Atlântica";Paraná;1.482,64;150.442;145.718;4.724;96,86;3,14;"FABIO VIEIRA DE SOUZA LEITE";PSD;Não;93,77;0;2,27;3,96;"De 100 a 249 mil";"Companhia de Saneamento Básico do Estado de São Paulo";SABESP;"Empresa privada";;99,07;149.049;145.718;100;3.331;70,51;195,35;100;29,86;"5,01 por m³";;"Companhia de Saneamento Básico do Estado de São Paulo";SABESP;"Sociedade de economia mista";;145.195;96,51;145.195;99,64;;0;;;;;;;"SECRETARIA MUNICIPAL DE ZELADORIA";;"Empresa privada";150.442;100;145.718;100;4.724;1;;0,75;Sim;;;Sim;"Taxa específica no boleto do IPTU"
3507605;"Bragança Paulista";1;Sudeste;SP;"São Paulo";Não;;;;;"Mata Atlântica";Paraná;512,58;184.634;171.636;12.998;92,96;7,04;"EDMIR JOSE ABI CHEDID";UNIÃO;Sim;85,78;0;8,65;5,57;"De 100 a 249 mil";"Companhia de Saneamento Básico do Estado de São Paulo";SABESP;"Empresa privada";;96,1;177.427;171.636;100;5.791;44,55;178,89;100;22,01;"5,17 por m³";;"Companhia de Saneamento Básico do Estado de São Paulo";SABESP;"Sociedade de economia mista";;153.370;83,07;153.370;89,36;;0;;;;;;;"SECRETARIA MUNICIPAL DO MEIO AMBIENTE";;"Empresa privada";184.634;100;171.636;100;12.998;1;;1,12;Sim;;;Sim;"Taxa específica no boleto do IPTU"
3507704;Braúna;1;Sudeste;SP;"São Paulo";Não;;;;;"Mata Atlântica";Paraná;195,18;5.466;4.955;511;90,65;9,35;"MAICON APARECIDO SUBIRES RIBEIRO";UNIÃO;Sim;98,29;0;0,39;1,32;"Até 20 mil";"Serviço Autônomo de Saneamento Ambiental de Braúna";SASB;Autarquia;;92,11;5.035;4.955;100;80;15,66;194,25;100;10,28;"2,35 por m³";;"Serviço Autônomo de Saneamento Ambiental de Braúna";SASB;Autarquia;;4.955;90,65;4.955;100;;0;;;;;;;"SERVIÇO AUTÔNOMO DE SANEAMENTO AMBIENTAL";;Autarquia;4.955;90,65;4.955;100;;0;;2,25999;Sim;;;Sim;"Taxa específica no boleto de água ou esgoto"
3507753;"Brejo Alegre";1;Sudeste;SP;"São Paulo";Não;;;;;"Mata Atlântica";Paraná;105,69;2.605;2.202;403;84,53;15,47;"RAFAEL ALVES DOS SANTOS";PSD;Sim;78,99;0;0;21,01;"Até 20 mil";"Companhia de Saneamento Básico do Estado de São Paulo";SABESP;"Empresa privada";;90,86;2.367;2.202;100;165;40,94;185,67;100;16,59;"4,26 por m³";;"Companhia de Saneamento Básico do Estado de São Paulo";SABESP;"Sociedade de economia mista";;1.985;76,2;1.985;90,15;;0;;;;;;;"DIVISÃO DE AGRICULTURA, MEIO AMBIENTE E DESENVOLVIMENTO ECONÔMICO";;"Empresa privada";2.605;100;2.202;100;403;1;;0,77;Não;;;Não;
3507803;Brodowski;1;Sudeste;SP;"São Paulo";Sim;"Região Metropolitana de Ribeirão Preto";"Lei Complementar 1.290";06.07.2016;"Sub-região 1";"Cerrado, Mata Atlântica";Paraná;278,46;26.167;25.518;649;97,52;2,48;"FÁBIO MAXIMINIANO VERCEZI SEVERI";PODE;Não;99;0;0,9;0,1;"De 20 a 49 mil";"Serviço Autônomo de Água e Esgoto de Brodowski";SAAEB;Autarquia;;97,52;25.518;25.518;100;;0;10,48;100;96,93;"7,04 por m³";;"Serviço Autônomo de Água e Esgoto de Brodowski";SAAEB;Autarquia;;25.518;97,52;25.518;100;;0;;;;;;;"SECRETARIA DE AGRICULTURA E MEIO AMBIENTE DE BRODOWSKI";;Autarquia;26.167;100;25.518;100;649;1;;1,6;Não;;;Não;
3507902;Brotas;1;Sudeste;SP;"São Paulo";Não;;;;;"Cerrado, Mata Atlântica";Paraná;1.101,37;24.423;22.498;1.925;92,12;7,88;"ALEXSANDRA BERTO BRANDÃO";PODE;Não;96;0;1,85;2,15;"De 20 a 49 mil";"Serviço Autônomo de Água e Esgoto de Brotas";SAAEB;Autarquia;;92,12;22.498;22.498;100;;0;257,14;100;29,39;"2,39 por m³";;"Serviço Autônomo de Água e Esgoto de Brotas";SAAEB;Autarquia;;21.998;90,07;21.998;97,78;;0;;;;;;;"SECRETARIA MUNICIPAL DE MEIO AMBIENTE";;Autarquia;22.498;92,12;22.498;100;;0;;0,86;Não;;;Sim;"Taxa específica no boleto do IPTU"
3508009;Buri;1;Sudeste;SP;"São Paulo";Não;;;;;"Cerrado, Mata Atlântica";Paraná;1.195,91;20.674;17.122;3.552;82,82;17,18;"GERMANO ALMEIDA PESCHEL";PP;Sim;90,34;0;0,53;9,13;"De 20 a 49 mil";"Companhia de Saneamento Básico do Estado de São Paulo";SABESP;"Empresa privada";;93,35;19.300;17.122;100;2.178;61,32;139,22;99,99;22,76;"4,16 por m³";;"Companhia de Saneamento Básico do Estado de São Paulo";SABESP;"Sociedade de economia mista";;17.104;82,73;17.104;99,89;;0;;;;;;;"PREFEITURA MUNICIPAL DE BURI";;"Empresa privada";19.526;94,45;17.122;100;2.404;0,67;;0,72;Não;;;Não;
3508108;Buritama;1;Sudeste;SP;"São Paulo";Não;;;;;"Mata Atlântica";Paraná;326,92;17.597;16.629;968;94,5;5,5;"TIAGO LUIZ DE OLIVEIRA";PP;Sim;100;0;0;0;"Até 20 mil";"Serviço Autônomo de Água e Esgoto e Meio Ambiente de Buritama";SAAEMB;Autarquia;;94,5;16.629;16.629;100;;0;274,41;100;42,16;"2,29 por m³";;"Serviço Autônomo de Água e Esgoto e Meio Ambiente de Buritama";SAAEMB;Autarquia;;16.629;94,5;16.629;100;;0;;;;;;;"SERVIÇO AUTÔNOMO DE ÁGUA, ESGOTO E MEIO AMBIENTE DO MUNICÍPIO DE BURITAMA";;Autarquia;17.597;100;16.629;100;968;1;;2,17;Não;;;Sim;"Taxa específica no boleto do IPTU"
3508207;Buritizal;1;Sudeste;SP;"São Paulo";Sim;"Aglomeração Urbana de Franca";"Lei Complementar 1.323";22.05.2018;;"Cerrado, Mata Atlântica";;266,42;4.447;3.851;596;86,6;13,4;"DANIEL SARRETA";PL;Não;96,16;0;0;3,84;"Até 20 mil";"Companhia de Saneamento Básico do Estado de São Paulo";SABESP;"Empresa privada";;86,62;3.852;3.829;99,43;23;3,86;191;100;22,23;"4,33 por m³";;"Companhia de Saneamento Básico do Estado de São Paulo";SABESP;"Sociedade de economia mista";;3.818;85,86;3.818;99,14;;0;;;;;;;"DIRETORIA DE AGRICULTURA E MEIO AMBIENTE";;"Empresa privada";3.772;84,82;3.772;97,95;;0;;0,79;Não;;;Sim;"Taxa específica no boleto do IPTU"
3508306;"Cabrália Paulista";1;Sudeste;SP;"São Paulo";Não;;;;;"Cerrado, Mata Atlântica";Paraná;239,97;4.362;3.613;749;82,83;17,17;"ODEMIL ORTIZ DE CAMARGO";REPUBLICANOS;Sim;96,19;0,97;0,56;2,28;"Até 20 mil";"Águas de Cabrália Paulista SPE LTDA";ACP;"Empresa privada";;81,98;3.576;3.576;98,98;;0;187,48;100;17,52;"2,79 por m³";;"Águas de Cabrália Paulista SPE LTDA";ACP;"Empresa privada";;3.576;81,98;3.576;98,98;;0;;;;;;;"DEPARTAMENTO MUNICIPAL DE MEIO AMBIENTE";;"Empresa privada";4.362;100;3.613;100;749;1;;1,1;Sim;;;Sim;"Taxa específica no boleto do IPTU"
3508405;Cabreúva;1;Sudeste;SP;"São Paulo";Sim;"Aglomeração Urbana de Jundiaí";"Lei Complementar 1.146";24.08.2011;;"Mata Atlântica";Paraná;260,23;48.473;44.750;3.723;92,32;7,68;"ANTONIO CARLOS MANGINI";PL;Sim;80,46;0;11,79;7,74;"De 20 a 49 mil";"Companhia de Saneamento Básico do Estado de São Paulo";SABESP;"Empresa privada";;83,6;40.524;40.524;90,56;;0;187,71;100;25,59;"5,30 por m³";;"Companhia de Saneamento Básico do Estado de São Paulo";SABESP;"Sociedade de economia mista";;36.592;75,48;36.592;81,77;;0;;;;;;;"SECRETARIA DE MEIO AMBIENTE,OBRAS E SERVIÇOS URBANOS";;"Empresa privada";48.473;100;44.750;100;3.723;1;;0,84;Sim;;;Não;
3508504;Caçapava;1;Sudeste;SP;"São Paulo";Sim;"Região Metropolitana do Vale do Paraíba e Litoral Norte";"Lei Complementar 1.166";09.01.2012;"Sub-região 1";"Mata Atlântica";"Atlântico Sudeste";368,99;99.678;96.279;3.399;96,59;3,41;"YAN LOPES DE ALMEIDA";PODE;Sim;91,33;1,02;3,87;3,78;"De 50 a 99 mil";"Companhia de Saneamento Básico do Estado de São Paulo";SABESP;"Empresa privada";;97,16;96.844;93.737;97,36;3.107;91,41;183,83;100;43,2;"4,98 por m³";;"Companhia de Saneamento Básico do Estado de São Paulo";SABESP;"Sociedade de economia mista";;84.414;84,69;84.414;87,68;;0;;;;;;;"SECRETARIA DE OBRAS E SERVIÇOS MUNICIPAIS";;"Empresa privada";97.664;97,98;96.279;100;1.385;0,4;;0,75;Sim;;;Não;
3508603;"Cachoeira Paulista";1;Sudeste;SP;"São Paulo";Sim;"Região Metropolitana do Vale do Paraíba e Litoral Norte";"Lei Complementar 1.166";09.01.2012;"Sub-região 3";"Mata Atlântica";"Atlântico Sudeste";287,99;32.482;30.124;2.358;92,74;7,26;"BRENO BARBOSA ANAYA XAVIER";PP;Não;86,94;4,29;1,62;7,14;"De 20 a 49 mil";"Companhia de Saneamento Básico do Estado de São Paulo";SABESP;"Empresa privada";;100;32.482;30.124;100;2.358;100;163,91;100;24,15;"4,92 por m³";;"Companhia de Saneamento Básico do Estado de São Paulo";SABESP;"Sociedade de economia mista";;25.858;79,61;25.858;85,84;;0;;;;;;;"SECRETARIA DE AGRICULTURA E MEIO AMBIENTE";;"Empresa privada";32.482;100;30.124;100;2.358;1;;0,78;Não;;;Sim;"Taxa específica no boleto do IPTU"
3508702;Caconde;1;Sudeste;SP;"São Paulo";Não;;;;;"Mata Atlântica";Paraná;468,21;17.266;11.946;5.320;69,19;30,81;"JOSÉ AFONSO DE PAIVA";MDB;Sim;0;91,8;0,54;7,66;"Até 20 mil";"Prefeitura Municipal de Caconde";PMCAC;Município;;69,7;12.036;11.946;100;90;1,69;147,47;100;62,87;"3,54 por m³";;"Prefeitura Municipal de Caconde";PMCAC;Município;;10.523;60,95;10.523;88,09;;0;;;;;;;"DIRETORIA DE MEIO AMBIENTE";;Município;17.266;100;11.946;100;5.320;1;;1,65;Não;;;Sim;"Taxa específica no boleto do IPTU"
3508801;Cafelândia;1;Sudeste;SP;"São Paulo";Não;;;;;"Mata Atlântica";Paraná;920,28;16.905;15.549;1.356;91,98;8,02;"TAIS FERNANDA MAIMONI CONTIERI SANTANA";PODE;Não;0;98,79;0,42;0,78;"Até 20 mil";"Prefeitura Municipal de Cafelândia";PMC;Município;;100;16.905;15.549;100;1.356;100;266,39;100;8,91;"2,31 por m³";;"Prefeitura Municipal de Cafelândia";PMC;Município;;16.615;98,28;15.259;98,13;1.356;100;;;;;;;"COORDENADORIA DE MEIO AMBIENTE";;Município;16.905;100;15.549;100;1.356;1;;0,64;Sim;;;Sim;"Taxa específica no boleto do IPTU"
3508900;Caiabu;1;Sudeste;SP;"São Paulo";Não;;;;;"Mata Atlântica";Paraná;253,35;3.745;3.014;731;80,48;19,52;"SUELEN NARA MATOS MATIVE";REPUBLICANOS;Sim;96,49;0;3,51;0;"Até 20 mil";"Companhia de Saneamento Básico do Estado de São Paulo";SABESP;"Empresa privada";;91,96;3.444;3.014;100;430;58,82;179,44;100;11,33;"4,48 por m³";;"Companhia de Saneamento Básico do Estado de São Paulo";SABESP;"Sociedade de economia mista";;3.127;83,5;3.014;100;113;15,46;;;;;;;"DEPARTAMENTO DE ADMINISTRAÇÃO";;"Empresa privada";3.745;100;3.014;100;731;1;;0,42;Sim;;;Não;
3509007;Caieiras;1;Sudeste;SP;"São Paulo";Sim;"Região Metropolitana de São Paulo";"Lei Complementar 1.139";16.06.2011;"Sub-região Norte";"Mata Atlântica";Paraná;97,64;98.257;97.284;973;99,01;0,99;"GILMAR SOARES VICENTE";PL;Sim;0;86,4;6,19;7,41;"De 50 a 99 mil";"Companhia de Saneamento Básico do Estado de São Paulo";SABESP;"Empresa privada";;100;98.257;97.284;100;973;100;149,27;100;30,51;"5,63 por m³";;"Companhia de Saneamento Básico do Estado de São Paulo";SABESP;"Sociedade de economia mista";;89.600;91,19;89.600;92,1;;0;;;;;;;"SECRETARIA DE MEIO AMBIENTE";;"Empresa privada";98.257;100;97.284;100;973;1;;1,23;Sim;;;Não;
3509106;Caiuá;1;Sudeste;SP;"São Paulo";Não;;;;;"Mata Atlântica";Paraná;551,16;5.585;2.383;3.202;42,67;57,33;"JAYME SALVADOR ALVES";REPUBLICANOS;Não;95;0;1,55;3,45;"Até 20 mil";"Prefeitura Municipal de Caiuá";"PM Caiuá";Município;;42,67;2.383;2.383;100;;0;56,98;46,85;74,37;"8,44 por m³";;"Prefeitura Municipal de Caiuá";"PM Caiuá";Município;;2.383;42,67;2.383;100;;0;;;;;;;"SECRETARIA MUNICIPAL DE MEIO AMBIENTE";;Município;2.500;44,76;1.500;62,95;1.000;0,31;;0,76;Sim;;;Não;
3509205;Cajamar;1;Sudeste;SP;"São Paulo";Sim;"Região Metropolitana de São Paulo";"Lei Complementar 1.139";16.06.2011;"Sub-região Norte";"Mata Atlântica";Paraná;131,39;97.363;96.477;886;99,09;0,91;"KAUAN BERTO SOUSA SANTOS";PSD;Sim;0;70,89;7,13;21,98;"De 50 a 99 mil";"Companhia de Saneamento Básico do Estado de São Paulo";SABESP;"Empresa privada";;92,6;90.159;89.656;92,93;503;56,77;192,44;100;29,25;"6,05 por m³";;"Companhia de Saneamento Básico do Estado de São Paulo";SABESP;"Sociedade de economia mista";;80.207;82,38;80.207;83,14;;0;;;;;;;"SECRETARIA MUNICIPAL DE SERVIÇOS PÚBLICOS MUNICIPAIS";;"Empresa privada";97.363;100;96.477;100;886;1;;0,92;Não;;;Sim;"Taxa específica no boleto do IPTU"
3509254;Cajati;1;Sudeste;SP;"São Paulo";Não;;;;;"Mata Atlântica";"Atlântico Sudeste";454,44;29.257;22.504;6.753;76,92;23,08;"LUIZ HENRIQUE KOGA";PL;Sim;69,86;0;9,6;20,54;"De 20 a 49 mil";"Companhia de Saneamento Básico do Estado de São Paulo";SABESP;"Empresa privada";;80,23;23.473;20.289;90,16;3.184;47,15;163,08;100;24,65;"4,68 por m³";;"Companhia de Saneamento Básico do Estado de São Paulo";SABESP;"Sociedade de economia mista";;21.400;73,14;20.289;90,16;1.111;16,45;;;;;;;"SECRETARIA DE MEIO AMBIENTE E AGRICULTURA";;"Empresa privada";29.257;100;22.504;100;6.753;1;;0,56;Sim;;;Sim;"Tarifa específica em boleto exclusivo"
3509304;Cajobi;1;Sudeste;SP;"São Paulo";Não;;;;;"Mata Atlântica";Paraná;176,93;9.232;8.764;468;94,93;5,07;"MARCIO DONIZETI BARBARELLI";PP;Não;100;0;0;0;"Até 20 mil";;;;;;;;;;;;;;;;;;;;;;;;;;;;;;;;"DEPARTAMENTO DE ENGENHARIA";;;9.232;100;8.764;100;468;1;;0,65;Não;;;Sim;"Taxa específica no boleto do IPTU"
3509403;Cajuru;1;Sudeste;SP;"São Paulo";Sim;"Região Metropolitana de Ribeirão Preto";"Lei Complementar 1.290";06.07.2016;"Sub-região 3";"Cerrado, Mata Atlântica";Paraná;660,09;24.217;21.592;2.625;89,16;10,84;"ALEX MORETINI";MDB;Não;94,24;0;0,88;4,88;"De 20 a 49 mil";"Companhia de Saneamento Básico do Estado de São Paulo";SABESP;"Empresa privada";;90,85;22.000;21.082;97,64;918;34,97;188,19;99,99;19,75;"4,63 por m³";;"Companhia de Saneamento Básico do Estado de São Paulo";SABESP;"Sociedade de economia mista";;21.324;88,05;21.082;97,64;242;9,22;;;;;;;;;;;;;;;;;;;;;;
3509452;"Campina do Monte Alegre";1;Sudeste;SP;"São Paulo";Não;;;;;"Cerrado, Mata Atlântica";;185,03;6.077;5.035;1.042;82,85;17,15;"MARCELO LISBÔA MACHADO";MDB;Não;89,01;0;4,48;6,51;"Até 20 mil";"Companhia de Saneamento Básico do Estado de São Paulo";SABESP;"Empresa privada";;91,85;5.582;5.035;100;547;52,5;182,44;100;18,78;"5,15 por m³";;"Companhia de Saneamento Básico do Estado de São Paulo";SABESP;"Sociedade de economia mista";;4.602;75,73;4.602;91,4;;0;;;;;;;"SECRETARIA DO MEIO AMBIENTE E DESENVOLVIMENTO RURAL";;"Empresa privada";6.057;99,67;5.035;100;1.022;0,98;;0,82;Sim;;;Não;
3509502;Campinas;1;Sudeste;SP;"São Paulo";Sim;"Região Metropolitana de Campinas";"Lei Complementar 870";19.06.2000;;"Mata Atlântica";Paraná;794,57;1.185.977;1.179.573;6.404;99,46;0,54;"DÁRIO JORGE GIOLO SAADI";REPUBLICANOS;Sim;82,06;7,14;10,8;0;"Mais de 1 milhão";"Sociedade de Abastecimento de Água e Saneamento";SANASA;"Sociedade de economia mista";;99,8;1.183.573;1.179.015;99,95;4.558;71,17;200,93;100;17,46;"6,99 por m³";;"Sociedade de Abastecimento de Água e Saneamento";SANASA;"Sociedade de economia mista";;1.145.780;96,61;1.145.780;97,14;;0;;;;;;;"DEPARTAMENTO DE LIMPEZA URBANA";;"Sociedade de economia mista";1.185.977;100;1.179.573;100;6.404;1;;1,17;Sim;;;Sim;"Taxa específica no boleto do IPTU"
3509601;"Campo Limpo Paulista";1;Sudeste;SP;"São Paulo";Sim;"Aglomeração Urbana de Jundiaí";"Lei Complementar 1.146";24.08.2011;;"Mata Atlântica";Paraná;79,40;79.663;78.173;1.490;98,13;1,87;"ADEILDO NOGUEIRA DA SILVA";PL;Sim;66,36;2,77;12,2;18,67;"De 50 a 99 mil";"Companhia de Saneamento Básico do Estado de São Paulo";SABESP;"Empresa privada";;82,43;65.663;65.663;84;;0;187,76;100;12,35;;;"Companhia de Saneamento Básico do Estado de São Paulo";SABESP;"Sociedade de economia mista";;54.872;68,88;54.872;70,19;;0;;;;;;;"SECRETARIA MUNICIPAL DE MEIO AMBIENTE";;"Empresa privada";79.663;100;78.173;100;1.490;1;;1,71;Sim;;;Sim;"Taxa específica no boleto do IPTU"
3509700;"Campos do Jordão";1;Sudeste;SP;"São Paulo";Sim;"Região Metropolitana do Vale do Paraíba e Litoral Norte";"Lei Complementar 1.166";09.01.2012;"Sub-região 2";"Mata Atlântica";;290,52;47.983;44.020;3.963;91,74;8,26;"CARLOS EDUARDO PEREIRA DA SILVA";REPUBLICANOS;Não;30,35;20,24;7,07;42,34;"De 20 a 49 mil";"Companhia de Saneamento Básico do Estado de São Paulo";SABESP;"Empresa privada";;67,09;32.190;32.190;73,13;;0;343,93;100;23,1;"6,78 por m³";;"Companhia de Saneamento Básico do Estado de São Paulo";SABESP;"Sociedade de economia mista";;28.228;58,83;28.228;64,13;;0;;;;;;;"SECRETARIA DE SERVIÇOS URBANOS";;"Empresa privada";47.983;100;44.020;100;3.963;1;;0,31;Não;;;Sim;"Taxa em boleto exclusivo"
3509809;"Campos Novos Paulista";1;Sudeste;SP;"São Paulo";Não;;;;;"Cerrado, Mata Atlântica";;484,20;4.991;3.988;1.003;79,9;20,1;"FLAVIO FERMINO EUFLAUZINO";PSD;Não;0;97,62;0,79;1,59;"Até 20 mil";"Prefeitura Municipal de Campos Novos Paulista";DAEM;Município;;79,9;3.988;3.988;100;;0;193,4;100;12,32;"1,21 por m³";;"Prefeitura Municipal de Campos Novos Paulista";DAEM;Município;;3.988;79,9;3.988;100;;0;;;;;;;"DEPARTAMENTO MUNICIPAL DE MEIO AMBIENTE";;Município;2.232;44,72;2.232;55,97;;0;;0,72;Não;;;Não;
3509908;Cananéia;1;Sudeste;SP;"São Paulo";Não;;;;;"Mata Atlântica";"Atlântico Sul";1.237,35;12.489;11.014;1.475;88,19;11,81;"ANDRE NOGUEIRA SANCHES";UNIÃO;Sim;65,85;0;12,44;21,71;"Até 20 mil";"Companhia de Saneamento Básico do Estado de São Paulo";SABESP;"Empresa privada";;84,7;10.578;9.541;86,63;1.037;70,31;245,01;100;13,89;"5,37 por m³";;"Companhia de Saneamento Básico do Estado de São Paulo";SABESP;"Sociedade de economia mista";;9.410;75,34;9.410;85,44;;0;;;;;;;"DEPARTAMENTO MUNICIPAL DE MEIO AMBIENTE";;"Empresa privada";12.489;100;11.014;100;1.475;1;;0,57999;Sim;;;Sim;"Taxa específica no boleto do IPTU"
3509957;Canas;1;Sudeste;SP;"São Paulo";Sim;"Região Metropolitana do Vale do Paraíba e Litoral Norte";"Lei Complementar 1.166";09.01.2012;"Sub-região 3";"Mata Atlântica";"Atlântico Sudeste";53,26;5.049;4.580;469;90,71;9,29;"GUSTAVO ZANIN LUCENA FAMADAS";MDB;Sim;73,59;0;8,01;18,4;"Até 20 mil";"Companhia de Saneamento Básico do Estado de São Paulo";SABESP;"Empresa privada";;97,84;4.940;4.580;100;360;76,76;170,92;100;28,62;"5,16 por m³";;"Companhia de Saneamento Básico do Estado de São Paulo";SABESP;"Sociedade de economia mista";;4.424;87,62;4.424;96,59;;0;;;;;;;"SECRETARIA DE OBRAS, HABITAÇÃO, MEIO AMBIENTE, AGRICULTURA E SERVIÇOS PUBLICOS";;"Empresa privada";5.049;100;4.580;100;469;1;;0,67;Sim;;;Sim;"Taxa específica no boleto do IPTU"
3510005;"Cândido Mota";1;Sudeste;SP;"São Paulo";Não;;;;;"Cerrado, Mata Atlântica";Paraná;595,81;30.172;28.546;1.626;94,61;5,39;"ERALDO JOSE PEREIRA";PSD;Sim;32,5;32,5;0,77;34,23;"De 20 a 49 mil";"Serviço Autônomo de Água e Esgoto";SAAE;Autarquia;;94,61;28.546;28.546;100;;0;216,97;100;36,24;"2,23 por m³";;"Serviço Autônomo de Água e Esgoto";SAAE;Autarquia;;28.546;94,61;28.546;100;;0;;;;;;;"SECRETARIA MUNICIPAL DE AGRICULTURA E MEIO AMBIENTE";;Autarquia;30.172;100;28.546;100;1.626;1;;1,58;Sim;;;Não;
3510104;"Cândido Rodrigues";1;Sudeste;SP;"São Paulo";Não;;;;;"Mata Atlântica";Paraná;70,89;2.951;2.507;444;84,95;15,05;"TIAGO ALEX RAVAZZI";PL;Não;93,43;0;0,09;6,48;"Até 20 mil";"Companhia de Saneamento Básico do Estado de São Paulo";SABESP;"Empresa privada";;92,38;2.726;2.507;100;219;49,32;205,81;100;12,8;"4,45 por m³";;"Companhia de Saneamento Básico do Estado de São Paulo";SABESP;"Sociedade de economia mista";;2.592;87,83;2.507;100;85;19,14;;;;;;;"COORDENADORIA DE AGRICULTURA E MEIO AMBIENTE";;"Empresa privada";2.637;89,36;2.507;100;130;0,29;;0,89;Sim;;;Sim;"Taxa específica no boleto do IPTU"
3510153;Canitar;1;Sudeste;SP;"São Paulo";Não;;;;;"Mata Atlântica";;57,46;6.524;6.360;164;97,49;2,51;"JOEL RODRIGUES";PP;Não;89,56;0;0,1;10,34;"Até 20 mil";;;;;;;;;;;;;;;;;;;;;;;;;;;;;;;;;;;;;;;;;;;;;;;
3510203;"Capão Bonito";1;Sudeste;SP;"São Paulo";Não;;;;;"Cerrado, Mata Atlântica";Paraná;1.640,23;47.403;40.335;7.068;85,09;14,91;"JULIO FERNANDO GALVÃO DIAS";PL;Não;89,68;0;1,12;9,2;"De 20 a 49 mil";"Companhia de Saneamento Básico do Estado de São Paulo";SABESP;"Empresa privada";;93,5;44.323;40.335;100;3.988;56,42;138,07;100;22,51;"5,15 por m³";;"Companhia de Saneamento Básico do Estado de São Paulo";SABESP;"Sociedade de economia mista";;36.640;77,29;36.640;90,84;;0;;;;;;;"SECRETARIA DE AGROPECUÁRIA, OBRAS E MEIO AMBIENTE";;"Empresa privada";45.000;94,93;40.335;100;4.665;0,66;;0,97;Sim;;;Sim;"Taxa específica no boleto do IPTU"
3510302;"Capela do Alto";1;Sudeste;SP;"São Paulo";Sim;"Região Metropolitana de Sorocaba";"Lei Complementar 1.241";20.06.2014;"Sub-região 1";"Mata Atlântica";Paraná;169,89;23.597;18.630;4.967;78,95;21,05;"HENRIQUE DANIEL LEME";PSD;Sim;74;0;10,22;15,78;"De 20 a 49 mil";"Companhia de Saneamento Básico do Estado de São Paulo";SABESP;"Empresa privada";;86,63;20.443;18.630;100;1.813;36,5;155,08;100;21,49;"4,57 por m³";;"Companhia de Saneamento Básico do Estado de São Paulo";SABESP;"Sociedade de economia mista";;16.975;71,94;16.975;91,12;;0;;;;;;;"DEPARTAMENTO MUNICIPAL DE MEIO AMBIENTE";;"Empresa privada";20.000;84,76;18.000;96,62;2.000;0,4;;0,75;Sim;;;Sim;"Taxa específica no boleto do IPTU"
3510401;Capivari;1;Sudeste;SP;"São Paulo";Sim;"Aglomeração Urbana de Piracicaba-AU- Piracicaba";"Lei Complementar 1.178";26.06.2012;;"Mata Atlântica";Paraná;322,88;51.318;49.394;1.924;96,25;3,75;"VITOR HUGO RICCOMINI";PL;Sim;47,36;50,74;1,87;0,03;"De 50 a 99 mil";"Serviço Autônomo de Água e Esgoto";SAAE;Autarquia;;96,25;49.394;49.394;100;;0;223,85;99,88;38,15;"3,36 por m³";;"Serviço Autônomo de Água e Esgoto";SAAE;Autarquia;;49.394;96,25;49.394;100;;0;;;;;;;"SECRETARIA DE MEIO AMBIENTE E AGRICULTURA";;Autarquia;49.394;96,25;49.394;100;;0;;0,76;Não;;;Sim;"Taxa específica no boleto do IPTU"
3510500;Caraguatatuba;1;Sudeste;SP;"São Paulo";Sim;"Região Metropolitana do Vale do Paraíba e Litoral Norte";"Lei Complementar 1.166";09.01.2012;"Sub-região 5";"Mata Atlântica";"Atlântico Sudeste";484,95;141.084;139.095;1.989;98,59;1,41;"MATEUS VENEZIANI DA SILVA";PSD;Sim;74,33;0;25,67;0;"De 100 a 249 mil";"Companhia de Saneamento Básico do Estado de São Paulo";SABESP;"Empresa privada";;88,68;125.115;125.115;89,95;;0;256,52;100;11,95;"8,57 por m³";;"Companhia de Saneamento Básico do Estado de São Paulo";SABESP;"Sociedade de economia mista";;112.678;79,87;112.678;81,01;;0;;;;;;;"SECRETARIA DE SERVIÇOS PÚBLICOS";;"Empresa privada";140.289;99,44;139.095;100;1.194;0,6;;1,66;Sim;;;Não;
3510609;Carapicuíba;1;Sudeste;SP;"São Paulo";Sim;"Região Metropolitana de São Paulo";"Lei Complementar 1.139";16.06.2011;"Sub-região Oeste";"Mata Atlântica";;34,55;398.462;398.462;;100;0;"JOSE ROBERTO DA SILVA";PSD;Não;29,01;38,45;6,83;25,7;"De 250 a 499 mil";"Companhia de Saneamento Básico do Estado de São Paulo";SABESP;"Empresa privada";;100;398.462;398.462;100;;;168,1;100;34,17;"4,99 por m³";;"Companhia de Saneamento Básico do Estado de São Paulo";SABESP;"Sociedade de economia mista";;378.381;94,96;378.381;94,96;;;;;;;;;"PREFEITURA MUNICIPAL DE CARAPICUÍBA";;"Empresa privada";398.462;100;398.462;100;;;;2,39;Não;;;Não;
3510708;Cardoso;1;Sudeste;SP;"São Paulo";Não;;;;;"Cerrado, Mata Atlântica";;639,25;11.491;10.580;911;92,07;7,93;"LUÍS PAULO BEDNARSKI PEDRASSOLLI";MOBILIZA;Não;75,71;0;5,71;18,58;"Até 20 mil";"Companhia de Saneamento Básico do Estado de São Paulo";SABESP;"Empresa privada";;100;11.491;10.580;100;911;100;208,19;100;13,77;"4,53 por m³";;"Companhia de Saneamento Básico do Estado de São Paulo";SABESP;"Sociedade de economia mista";;11.491;100;10.580;100;911;100;;;;;;;"SECRETARIA MUNICIPAL DE DESENVOLVIMENTO URBANO E MEIO AMBIENTE";;"Empresa privada";11.491;100;10.580;100;911;1;;0,56999;Não;;;Sim;"Taxa específica no boleto do IPTU"
3510807;"Casa Branca";1;Sudeste;SP;"São Paulo";Não;;;;;"Cerrado, Mata Atlântica";;864,23;28.786;24.506;4.280;85,13;14,87;"ANTONIO EDUARDO MARÇON NOGUEIRA";PSD;Não;98,83;0;0,74;0,43;"De 20 a 49 mil";"Águas de Casa Branca SPE Ltda.";ACB;"Empresa privada";;85,13;24.506;24.506;100;;0;187,92;100;27,58;"3,54 por m³";;"Águas de Casa Branca SPE Ltda.";ACB;"Empresa privada";;24.506;85,13;24.506;100;;0;;;;;;;"DEPARTAMENTO DE AGICULTURA E PROTEÇÃO AMBIENTAL";;"Empresa privada";28.786;100;24.506;100;4.280;1;;0,72;Sim;;;Não;
3510906;"Cássia dos Coqueiros";1;Sudeste;SP;"São Paulo";Sim;"Região Metropolitana de Ribeirão Preto";"Lei Complementar 1.290";06.07.2016;"Sub-região 3";"Cerrado, Mata Atlântica";Paraná;191,68;2.855;1.933;922;67,71;32,29;"SILVIO SANTOS DOS REIS FARIA";PSD;Sim;88,74;0;1;10,26;"Até 20 mil";"Companhia de Saneamento Básico do Estado de São Paulo";SABESP;"Empresa privada";;72,5;2.070;1.933;100;137;14,86;231,59;100;14,56;"4,68 por m³";;"Companhia de Saneamento Básico do Estado de São Paulo";SABESP;"Sociedade de economia mista";;1.934;67,73;1.933;100;1;0,11;;;;;;;"SECRETARIA MUNICIPAL DE OBRAS TRANSPORTES E SERVIÇOS PÚBLICO";;"Empresa privada";2.799;98,04;1.933;100;866;0,93;;4,01999;Não;;;Não;
3511003;Castilho;1;Sudeste;SP;"São Paulo";Não;;;;;"Mata Atlântica";Paraná;1.065,32;20.418;15.626;4.792;76,53;23,47;"PAULO DUARTE BOAVENTURA";PP;Sim;96;0;1,06;2,94;"De 20 a 49 mil";"Empresa Águas de Castilho S/A";EAC;"Empresa privada";;76,53;15.626;15.626;100;;0;206,03;99,99;14,29;"4,26 por m³";;"Empresa Águas de Castilho S/A";EAC;"Empresa privada";;15.626;76,53;15.626;100;;0;;;;;;;"SECRETARIA MUNICIPAL DE MEIO AMBIENTE";;"Empresa privada";18.000;88,16;15.626;100;2.374;0,49;;1,52;Sim;;;Sim;"Taxa específica no boleto do IPTU"
3511102;Catanduva;1;Sudeste;SP;"São Paulo";Não;;;;;"Mata Atlântica";Paraná;290,60;119.172;118.088;1.084;99,09;0,91;"OSVALDO DE OLIVEIRA ROSA";PL;Sim;98,21;1,09;0,7;0;"De 100 a 249 mil";"Superintendência de Água e Esgoto de Catanduva";SAEC;Autarquia;;99,09;118.088;118.088;100;;0;300,2;97,03;9,5;"0,31 por m³";;"Superintendência de Água e Esgoto de Catanduva";SAEC;Autarquia;;110.000;92,3;110.000;93,15;;0;;;;;;;"SUPERINTENDENCIA DE ÁGUA E ESGOTO";;Autarquia;119.172;100;118.088;100;1.084;1;;1,12999;Sim;;;Sim;"Taxa específica no boleto de água ou esgoto"
3511201;Catiguá;1;Sudeste;SP;"São Paulo";Não;;;;;"Mata Atlântica";Paraná;148,39;7.105;6.801;304;95,72;4,28;"CLAUDEMIR JOSE GRAVA";PSD;Não;94,89;0;0,88;4,23;"Até 20 mil";"Companhia de Saneamento Básico do Estado de São Paulo";SABESP;"Empresa privada";;99,27;7.053;6.801;100;252;82,89;177,01;100;19,71;"4,47 por m³";;"Companhia de Saneamento Básico do Estado de São Paulo";SABESP;"Sociedade de economia mista";;6.632;93,34;6.632;97,52;;0;;;;;;;"DEPARTAMENTO DE AGRICULTURA, DESENVOLVIMENTO RURAL E MEIO AMBIENTE";;"Empresa privada";7.105;100;6.801;100;304;1;;2,37;Não;;;Sim;"Taxa específica no boleto do IPTU"
3511300;Cedral;1;Sudeste;SP;"São Paulo";Não;;;;;"Mata Atlântica";Paraná;197,84;13.160;12.001;1.159;91,19;8,81;"IRINEO BEOLCHI JUNIOR";PSD;Não;96,61;0;3,31;0,08;"Até 20 mil";"Prefeitura Municipal de Cedral";"PM CEDRAL";Município;;91,19;12.001;12.001;100;;0;205,68;99,63;17,7;"3,15 por m³";;"Prefeitura Municipal de Cedral";"PM CEDRAL";Município;;12.001;91,19;12.001;100;;0;;;;;;;"COORDENADORIA MUNICIPAL DE OBRAS E SERVIÇOS";;Município;12.001;91,19;12.001;100;;0;;0,97;Não;;;Sim;"Taxa em boleto exclusivo"
3511409;"Cerqueira César";1;Sudeste;SP;"São Paulo";Não;;;;;"Cerrado, Mata Atlântica";Paraná;511,62;22.076;18.831;3.245;85,3;14,7;"DIEGO AUGUSTO BERTI CINTO";MDB;Sim;78,21;19,55;1,16;1,07;"De 20 a 49 mil";"Prefeitura Municipal de Cerqueira César";PMCC;Município;;87,57;19.331;18.831;100;500;15,41;28,16;47,4;60;"9,78 por m³";;"Prefeitura Municipal de Cerqueira César";PMCC;Município;;18.831;85,3;18.831;100;;0;;;;;;;"PREFEITURA MUNICIPAL DE CERQUEIRA CÉSAR";;Município;18.831;85,3;18.831;100;;0;;0,34;Sim;;;Sim;"Taxa específica no boleto do IPTU"
3511508;Cerquilho;1;Sudeste;SP;"São Paulo";Sim;"Região Metropolitana de Sorocaba";"Lei Complementar 1.241";20.06.2014;"Sub-região 1";"Mata Atlântica";Paraná;127,80;46.217;43.781;2.436;94,73;5,27;"PAULO ROBERTO PILON";MDB;Não;98;0;0,64;1,36;"De 20 a 49 mil";"Serviço Autônomo de Água e Esgoto de Cerquilho";SAAEC;Autarquia;;94,73;43.781;43.781;100;;0;196,52;100;35,85;"2,50 por m³";;"Serviço Autônomo de Água e Esgoto de Cerquilho";SAAEC;Autarquia;;43.781;94,73;43.781;100;;0;;;;;;;"SECRETARIA DE AGRICULTURA ABASTECIMENTO E MEIO AMBIENTE";;Autarquia;46.217;100;43.781;100;2.436;1;;0,88;Sim;;;Sim;"Taxa específica no boleto do IPTU"
3511607;"Cesário Lange";1;Sudeste;SP;"São Paulo";Sim;"Região Metropolitana de Sorocaba";"Lei Complementar 1.241";20.06.2014;"Sub-região 1";"Mata Atlântica";Paraná;190,39;19.588;15.106;4.482;77,12;22,88;"RAMIRO DE CAMPOS";REPUBLICANOS;Sim;84,95;0;2,74;12,31;"Até 20 mil";"Companhia de Saneamento Básico do Estado de São Paulo";SABESP;"Empresa privada";;83,48;16.352;14.976;99,14;1.376;30,7;175,08;100;9;"4,91 por m³";;"Companhia de Saneamento Básico do Estado de São Paulo";SABESP;"Sociedade de economia mista";;12.658;64,62;12.658;83,79;;0;;;;;;;"SECRETARIA MUNICIPAL DE AGRICULTURA E MEIO AMBIENTE";;"Empresa privada";19.588;100;15.106;100;4.482;1;;0,69;Não;;;Sim;"Taxa específica no boleto do IPTU"
3511706;Charqueada;1;Sudeste;SP;"São Paulo";Sim;"Aglomeração Urbana de Piracicaba-AU- Piracicaba";"Lei Complementar 1.178";26.06.2012;;"Cerrado, Mata Atlântica";Paraná;175,85;15.798;14.700;1.098;93,05;6,95;"RODRIGO DE ARRUDA";PSD;Sim;74,78;3,44;4,95;16,82;"Até 20 mil";"Companhia de Saneamento Básico do Estado de São Paulo";SABESP;"Empresa privada";;99,05;15.648;14.700;100;948;86,34;196,52;100;24,18;"4,78 por m³";;"Companhia de Saneamento Básico do Estado de São Paulo";SABESP;"Sociedade de economia mista";;12.551;79,45;12.551;85,38;;0;;;;;;;"Secretaria Municipal de Meio Ambiente, Agricultura e Recursos Hídricos";;"Empresa privada";14.700;93,05;14.700;100;;0;;0,57999;Não;;;Sim;"Taxa em boleto exclusivo"
3557204;Chavantes;1;Sudeste;SP;"São Paulo";Não;;;;;"Mata Atlântica";Paraná;188,73;12.411;12.035;376;96,97;3,03;"LUIZ FILIPE DE PAULA JACINTO";PL;Não;98;0;0,07;1,93;"Até 20 mil";"Superintendência de Água e Esgoto Chavantes";SAEC;Autarquia;;97,18;12.061;12.035;100;26;6,91;6,81;92,86;40;"28,96 por m³";;;;;;;;;;;;;;;;;;;;;;;;;;;;;;;;;
3511904;Clementina;1;Sudeste;SP;"São Paulo";Não;;;;;"Mata Atlântica";Paraná;168,59;7.087;6.838;249;96,49;3,51;"GILSON ROBERTO RODRIGUES CRIOLEZIO";REPUBLICANOS;Sim;99,52;0;0,18;0,3;"Até 20 mil";"Prefeitura Municipal de Clementina";PMC;Município;;98,35;6.970;6.721;98,29;249;100;498,27;100;63,57;"2,15 por m³";;"Prefeitura Municipal de Clementina";PMC;Município;;6.970;98,35;6.721;98,29;249;100;;;;;;;"PREFEITURA MUNICIPAL DE CLEMENTINA";;Município;6.721;94,84;6.721;98,29;;0;;0,45;Sim;;;Não;
3512001;Colina;1;Sudeste;SP;"São Paulo";Não;;;;;"Cerrado, Mata Atlântica";Paraná;422,30;18.842;17.939;903;95,21;4,79;"VALDEMIR ANTONIO MORALLES";REPUBLICANOS;Sim;100;0;0;0;"Até 20 mil";;;;;;;;;;;;;;;;;;;;;;;;;;;;;;;;"SECRETARIA MUNICIPAL DE SERVIÇOS URBANOS";;;17.955;95,29;17.939;100;16;0,01;;1,09;Sim;;;Sim;"Taxa específica no boleto do IPTU"
3512100;Colômbia;1;Sudeste;SP;"São Paulo";Não;;;;;"Cerrado, Mata Atlântica";Paraná;728,65;6.781;4.791;1.990;70,65;29,35;"JULIO CÉSAR DOS SANTOS";MDB;Sim;93,63;0;0,95;5,42;"Até 20 mil";"Companhia de Saneamento Básico do Estado de São Paulo";SABESP;"Empresa privada";;92,32;6.260;4.791;100;1.469;73,81;184,11;100;21,18;"4,44 por m³";;"Companhia de Saneamento Básico do Estado de São Paulo";SABESP;"Sociedade de economia mista";;6.089;89,8;4.791;100;1.298;65,23;;;;;;;"PREFEITURA MUNICIPAL DE COLOMBIA";;"Empresa privada";5.991;88,35;4.791;100;1.200;0,6;;0,32;Sim;;;Sim;"Taxa específica no boleto do IPTU"
3512209;Conchal;1;Sudeste;SP;"São Paulo";Sim;"Aglomeração Urbana de Piracicaba-AU- Piracicaba";"Lei Complementar 1.178";26.06.2012;;"Cerrado, Mata Atlântica";Paraná;182,79;29.034;27.666;1.368;95,29;4,71;"ORLANDO CALEFFI JUNIOR";PL;Sim;1;95,89;2,51;0,61;"De 20 a 49 mil";"Prefeitura Municipal de Conchal";PMC;Município;;83,87;24.350;24.350;88,01;;0;248,93;99,43;9,11;"2,25 por m³";;"Prefeitura Municipal de Conchal";PMC;Município;;27.320;94,1;27.320;98,75;;0;;;;;;;"DIVISÃO DE MEIO AMBIENTE DE CONCHAL";;Município;29.034;100;27.666;100;1.368;1;;0,99;Sim;;;Não;
3512308;Conchas;1;Sudeste;SP;"São Paulo";Não;;;;;"Cerrado, Mata Atlântica";Paraná;466,12;15.381;12.040;3.341;78,28;21,72;"PAULO NUNES DE ALMEIDA";PDT;Não;81,19;0;3,62;15,19;"Até 20 mil";"Companhia de Saneamento Básico do Estado de São Paulo";SABESP;"Empresa privada";;98,3;15.119;12.040;100;3.079;92,16;161,27;100;14,26;"4,93 por m³";;"Companhia de Saneamento Básico do Estado de São Paulo";SABESP;"Sociedade de economia mista";;10.549;68,58;10.549;87,62;;0;;;;;;;"SECRETARIA MUNICIPAL DA AGRICULTURA E MEIO AMBIENTE";;"Empresa privada";14.000;91,02;11.500;95,51;2.500;0,74;;0,52;Não;;;Sim;"Taxa específica no boleto do IPTU"
3512407;Cordeirópolis;1;Sudeste;SP;"São Paulo";Sim;"Aglomeração Urbana de Piracicaba-AU- Piracicaba";"Lei Complementar 1.178";26.06.2012;;"Mata Atlântica";Paraná;137,58;25.130;24.017;1.113;95,57;4,43;"MARIA CRISTINA DEGASPARI ABRAHÃO SAAD";UNIÃO;Sim;0;95;0,47;4,53;"De 20 a 49 mil";"Serviço Autônomo de Água e Esgoto de Cordeirópolis";SAAE;Autarquia;;99;24.878;23.777;99;1.101;98,92;166,9;99,63;44,49;"3,34 por m³";;"Serviço Autônomo de Água e Esgoto de Cordeirópolis";SAAE;Autarquia;;24.467;97,36;24.017;100;450;40,43;;;;;;;"SECRETARIA MUNICIPAL DE MEIO AMBIENTE";;Autarquia;25.130;100;24.017;100;1.113;1;;0,69;Sim;;;Sim;"Taxa específica no boleto do IPTU"
3512506;Coroados;1;Sudeste;SP;"São Paulo";Não;;;;;"Mata Atlântica";Paraná;246,83;5.498;4.691;807;85,32;14,68;"ROBERTO CARRILHO ALVES";PDT;Sim;90,96;0;0,26;8,78;"Até 20 mil";"Companhia de Saneamento Básico do Estado de São Paulo";SABESP;"Empresa privada";;95,58;5.255;4.691;100;564;69,89;172,12;100;8,49;"4,38 por m³";;"Companhia de Saneamento Básico do Estado de São Paulo";SABESP;"Sociedade de economia mista";;5.197;94,53;4.691;100;506;62,7;;;;;;;"SECRETARIA DE OBRAS, SERVIÇOS, AGRICULTURA E MEIO AMBIENTE";;"Empresa privada";4.691;85,32;4.691;100;;0;;1,08;Não;;;Não;
3512605;"Coronel Macedo";1;Sudeste;SP;"São Paulo";Não;;;;;"Cerrado, Mata Atlântica";Paraná;303,83;4.295;3.553;742;82,72;17,28;"DIEGO GARCIA BATISTA";PSD;Não;91,36;0;0,6;8,04;"Até 20 mil";"Companhia de Saneamento Básico do Estado de São Paulo";SABESP;"Empresa privada";;94,34;4.052;3.553;100;499;67,25;128,58;100;42;"3,97 por m³";;"Companhia de Saneamento Básico do Estado de São Paulo";SABESP;"Sociedade de economia mista";;3.329;77,51;3.329;93,7;;0;;;;;;;"SECRETARIA DE MEIO AMBIENTE E RECURSOS HIDRICOS";;"Empresa privada";3.480;81,02;3.480;97,95;;0;;2,34;Sim;;;Sim;"Taxa específica no boleto do IPTU"
3512704;Corumbataí;1;Sudeste;SP;"São Paulo";Sim;"Aglomeração Urbana de Piracicaba-AU- Piracicaba";"Lei Complementar 1.178";26.06.2012;;"Cerrado, Mata Atlântica";Paraná;278,62;4.285;2.771;1.514;64,67;35,33;"JOÃO BATISTA ALTARUGIO FILHO";PSD;Não;96,89;0;0,24;2,87;"Até 20 mil";"Prefeitura Municipal de Corumbataí";PMC;Município;;76,92;3.296;2.771;100;525;34,68;227,56;100;46,54;"3,76 por m³";;"Prefeitura Municipal de Corumbataí";PMC;Município;;2.771;64,67;2.771;100;;0;;;;;;;"SECRETARIA MUNICIPAL DE OBRAS, AGRICULTURA E MEIO AMBIENTE";;Município;2.351;54,87;2.289;82,61;62;0,04;;0,46;Sim;;;Não;
3512803;Cosmópolis;1;Sudeste;SP;"São Paulo";Sim;"Região Metropolitana de Campinas";"Lei Complementar 870";19.06.2000;;"Mata Atlântica";Paraná;154,67;61.204;59.656;1.548;97,47;2,53;"ANTONIO CLAUDIO FELISBINO JUNIOR";PSD;Sim;0;94,31;0,9;4,8;"De 50 a 99 mil";"Prefeitura Municipal de Cosmópolis";PMC;Município;;97,47;59.656;59.656;100;;0;284,36;99,95;25,02;"1,75 por m³";;"Prefeitura Municipal de Cosmópolis";PMC;Município;;59.656;97,47;59.656;100;;0;;;;;;;"SECRETARIA DE AGRICULTURA E MEIO AMBIENTE";;Município;61.204;100;59.656;100;1.548;1;;1,21;Não;;;Sim;"Taxa específica no boleto do IPTU"
3512902;Cosmorama;1;Sudeste;SP;"São Paulo";Não;;;;;"Cerrado, Mata Atlântica";Paraná;441,68;8.968;6.994;1.974;77,99;22,01;"NELSON NARCISO DA SILVEIRA JUNIOR";MDB;Sim;96,95;0;0,28;2,77;"Até 20 mil";"Prefeitura Municipal de Cosmorama";PMC;Município;;77,98;6.994;6.994;100;;0;167,84;100;66,67;"3,25 por m³";;"Prefeitura Municipal de Cosmorama";PMC;Município;;6.994;77,98;6.994;100;;0;;;;;;;"DEPARTAMENTO AMBIENTAL";;Município;6.994;77,98;6.994;100;;0;;2;Sim;;;Sim;"Taxa específica no boleto do IPTU"
3513009;Cotia;1;Sudeste;SP;"São Paulo";Sim;"Região Metropolitana de São Paulo";"Lei Complementar 1.139";16.06.2011;"Sub-região Sudoeste";"Mata Atlântica";Paraná;323,99;287.004;278.882;8.122;97,17;2,83;"WELINGTON APARECIDO ALFREDO";PDT;Não;18,59;24,64;28,35;28,42;"De 250 a 499 mil";"Companhia de Saneamento Básico do Estado de São Paulo";SABESP;"Empresa privada";;99,09;284.401;278.882;100;5.519;67,95;173,11;100;14,91;;;"Companhia de Saneamento Básico do Estado de São Paulo";SABESP;"Sociedade de economia mista";;196.582;68,48;196.582;70,48;;0;;;;;;;"SECRETARIA DE OBRAS E INFRAESTRUTURA URBANA";;"Empresa privada";287.004;100;278.882;100;8.122;1;;4,03;Sim;;;Não;
3513108;Cravinhos;1;Sudeste;SP;"São Paulo";Sim;"Região Metropolitana de Ribeirão Preto";"Lei Complementar 1.290";06.07.2016;"Sub-região 1";"Cerrado, Mata Atlântica";Paraná;311,42;34.252;33.711;541;98,42;1,58;"ITAMAR GOMES BUENO";MDB;Não;99;0;0,25;0,75;"De 20 a 49 mil";"Serviço Autônomo de Água e Esgoto";SAAE;Autarquia;;98,42;33.711;33.711;100;;0;248,14;99,99;51,33;"2,77 por m³";;"Serviço Autônomo de Água e Esgoto";SAAE;Autarquia;;33.711;98,42;33.711;100;;0;;;;;;;"SECRETARIA DE MEIO AMBIENTE E POLÍTICA AGRÍCOLA";;Autarquia;34.252;100;33.711;100;541;1;;1,24;Não;;;Não;
3513207;"Cristais Paulista";1;Sudeste;SP;"São Paulo";Sim;"Aglomeração Urbana de Franca";"Lei Complementar 1.323";22.05.2018;;"Cerrado, Mata Atlântica";Paraná;385,23;9.543;7.852;1.691;82,28;17,72;"ELSON GOMES DOS SANTOS";MDB;Sim;94,07;0;1,27;4,67;"Até 20 mil";"Prefeitura Municipal de Cristais Paulista";SAEC;Município;;82,28;7.852;7.852;100;;0;268,82;100;40;"2,77 por m³";;"Prefeitura Municipal de Cristais Paulista";SAEC;Município;;7.700;80,69;7.700;98,06;;0;;;;;;;;;;;;;;;;;;;;;;
3513306;Cruzália;1;Sudeste;SP;"São Paulo";Não;;;;;"Mata Atlântica";Paraná;149,33;2.129;1.432;697;67,26;32,74;"ARILDO OSMAR DE MORO";PSD;Sim;99,85;0;0,15;0;"Até 20 mil";"Companhia de Saneamento Básico do Estado de São Paulo";SABESP;"Empresa privada";;96,05;2.045;1.432;100;613;87,95;204,87;100;14,33;"4,68 por m³";;"Companhia de Saneamento Básico do Estado de São Paulo";SABESP;"Sociedade de economia mista";;1.987;93,33;1.432;100;555;79,63;;;;;;;"DEPARTAMENTO DE AGRICULTURA, ABASTECIMENTO E MEIO AMBIENTE";;"Empresa privada";2.129;100;1.432;100;697;1;;0,6;Sim;;;Sim;"Taxa específica no boleto do IPTU"
3513405;Cruzeiro;1;Sudeste;SP;"São Paulo";Sim;"Região Metropolitana do Vale do Paraíba e Litoral Norte";"Lei Complementar 1.166";09.01.2012;"Sub-região 4";"Mata Atlântica";"Atlântico Sudeste";305,70;76.513;74.654;1.859;97,57;2,43;"JOSE KLEBER LIMA SILVEIRA JUNIOR";PL;Sim;0;96,83;0,21;2,96;"De 50 a 99 mil";"Serviço Autônomo de Água e Esgoto";SAAE;Autarquia;;100;76.513;74.654;100;1.859;100;154,91;99,66;62,17;"3,18 por m³";;"Serviço Autônomo de Água e Esgoto";SAAE;Autarquia;;74.654;97,57;74.654;100;;0;;;;;;;"SECRETARIA DE MEIO AMBIENTE";;Autarquia;76.513;100;74.654;100;1.859;1;;1,29;Sim;;;Sim;"Taxa específica no boleto de água ou esgoto"
3513504;Cubatão;1;Sudeste;SP;"São Paulo";Sim;"Região Metropolitana da Baixada Santista";"Lei Complementar 815";30.07.1996;;"Mata Atlântica";"Atlântico Sudeste";142,88;115.082;114.944;138;99,88;0,12;"CESAR DA SILVA NASCIMENTO";PSD;Sim;52,12;0;9,3;38,58;"De 100 a 249 mil";"Companhia de Saneamento Básico do Estado de São Paulo";SABESP;"Empresa privada";;92,59;106.554;106.554;92,7;;0;261,52;100;5,24;;;"Companhia de Saneamento Básico do Estado de São Paulo";SABESP;"Sociedade de economia mista";;68.223;59,28;68.223;59,35;;0;;;;;;;"DIVISÃO DE LIMPEZA URBANA";;"Empresa privada";115.082;100;114.944;100;138;1;;0,98;Sim;;;Sim;"Taxa específica no boleto do IPTU"
3513603;Cunha;1;Sudeste;SP;"São Paulo";Sim;"Região Metropolitana do Vale do Paraíba e Litoral Norte";"Lei Complementar 1.166";09.01.2012;"Sub-região 3";"Mata Atlântica";;1.407,25;22.456;13.254;9.202;59,02;40,98;"RODRIGO SERGIO DO NASCIMENTO";PL;Não;0;89,74;1,27;8,98;"De 20 a 49 mil";"Prefeitura Municipal de Cunha";PMC;Município;;59,02;13.254;13.254;100;;0;249,73;0;18,53;"0,81 por m³";;"Prefeitura Municipal de Cunha";PMC;Município;;13.254;59,02;13.254;100;;0;;;;;;;"SECRETARIA DE PLANEJAMENTO E OBRAS";;Município;13.254;59,02;13.254;100;;0;;0,43;Não;;;Sim;"Taxa específica no boleto do IPTU"
3513702;Descalvado;1;Sudeste;SP;"São Paulo";Não;;;;;"Cerrado, Mata Atlântica";Paraná;753,71;32.622;29.591;3.031;90,71;9,29;"LUIS GUILHERME PANONE";PSD;Sim;95;0;0,23;4,77;"De 20 a 49 mil";"Prefeitura Municipal de Descalvado";PMD;Município;;90,71;29.591;29.591;100;;0;313,35;92,87;31,6;"1,45 por m³";;"Prefeitura Municipal de Descalvado";PMD;Município;;29.133;89,3;29.133;98,45;;0;;;;;;;"PREFEITURA MUNICIPAL DE DESCALVADO";;Município;32.622;100;29.591;100;3.031;1;;1,17;Não;;;Sim;"Taxa em boleto exclusivo"
3513801;Diadema;1;Sudeste;SP;"São Paulo";Sim;"Região Metropolitana de São Paulo";"Lei Complementar 1.139";16.06.2011;"Sub-região Sudeste";"Mata Atlântica";Paraná;30,73;404.118;404.118;;100;0;"TAKAHARU YAMAUCHI";MDB;Sim;11,82;84,61;0,95;2,62;"De 250 a 499 mil";"Companhia de Saneamento Básico do Estado de São Paulo";SABESP;"Empresa privada";;100;404.118;404.118;100;;;157,5;100;37,09;"5,60 por m³";;"Companhia de Saneamento Básico do Estado de São Paulo";SABESP;"Sociedade de economia mista";;399.982;98,98;399.982;98,98;;;;;;;;;"SECRETARIA DE MEIO AMBIENTE E SERVIÇOS URBANOS";;"Empresa privada";404.118;100;404.118;100;;;;1,04;Sim;;;Sim;"Tarifa específica em boleto de água e esgoto"
3513850;"Dirce Reis";1;Sudeste;SP;"São Paulo";Não;;;;;"Mata Atlântica";;88,13;1.641;1.337;304;81,47;18,53;"MARCELO JOSÉ BERNARDO";PSD;Não;89,19;0;0;10,81;"Até 20 mil";"Companhia de Saneamento Básico do Estado de São Paulo";SABESP;"Empresa privada";;88,48;1.452;1.337;100;115;37,83;209,01;99,86;10,59;"4,34 por m³";;"Companhia de Saneamento Básico do Estado de São Paulo";SABESP;"Sociedade de economia mista";;1.288;78,48;1.288;96,34;;0;;;;;;;"DEPARTAMENTO MUNICIPAL DE AGRICULTURA E MEIO AMBIENTE";;"Empresa privada";1.641;100;1.337;100;304;1;;1,55;Sim;;;Não;
3513900;Divinolândia;1;Sudeste;SP;"São Paulo";Não;;;;;"Mata Atlântica";Paraná;223,75;11.314;7.777;3.537;68,74;31,26;"ANTONIO DE PADUA AQUISTI";PL;Sim;75,21;10,35;0,33;14,11;"Até 20 mil";"Companhia de Saneamento Básico do Estado de São Paulo";SABESP;"Empresa privada";;72,97;8.256;7.777;100;479;13,54;206,27;100;18,45;"4,63 por m³";;"Companhia de Saneamento Básico do Estado de São Paulo";SABESP;"Sociedade de economia mista";;7.248;64,06;7.248;93,2;;0;;;;;;;"GERÊNCIA MUNICIPAL DE AGRICULTURA, RECURSOS HIDRICOS E MEIO AMBIENTE";;"Empresa privada";9.221;81,5;7.541;96,97;1.680;0,47;;0,77;Não;;;Não;
3514007;Dobrada;1;Sudeste;SP;"São Paulo";Não;;;;;"Mata Atlântica";Paraná;149,73;8.958;8.750;208;97,68;2,32;"ANTONIO CARLOS DE MATTOS SANTOS";MDB;Não;99,36;0;0,06;0,58;"Até 20 mil";"Prefeitura Municipal de Dobrada";"P.M. Dobrada";Município;;97,68;8.750;8.750;100;;0;197,79;97,09;7,64;"1,42 por m³";;"Prefeitura Municipal de Dobrada";"P.M. Dobrada";Município;;8.750;97,68;8.750;100;;0;;;;;;;"SECRETARIA DE MEIO AMBIENTE";;Município;8.958;100;8.750;100;208;1;;0,62;Não;;;Sim;"Taxa específica no boleto do IPTU"
3514106;"Dois Córregos";1;Sudeste;SP;"São Paulo";Não;;;;;"Cerrado, Mata Atlântica";Paraná;632,97;24.855;23.861;994;96;4;"ALCEU ANTONIO MAZZIERO";PSD;Não;98;0;1,01;0,99;"De 20 a 49 mil";"Serviço Autônomo de Água e Esgoto de Dois Córregos";SAAEDOCO;Autarquia;;100;24.855;23.861;100;994;100;178,96;100;42,4;"2,74 por m³";;"Serviço Autônomo de Água e Esgoto de Dois Córregos";SAAEDOCO;Autarquia;;23.861;96;23.861;100;;0;;;;;;;"SECRETARIA DE AGRICULTURA E MEIO AMBIENTE";;Autarquia;24.200;97,36;23.861;100;339;0,34;;0,75;Sim;;;Não;
3514205;Dolcinópolis;1;Sudeste;SP;"São Paulo";Não;;;;;"Mata Atlântica";Paraná;77,94;2.250;2.012;238;89,42;10,58;"DIEGO APARECIDO PEREIRA MIGUEL";PSD;Não;94,63;0;0,26;5,12;"Até 20 mil";"Companhia de Saneamento Básico do Estado de São Paulo";SABESP;"Empresa privada";;99,73;2.244;2.012;100;232;97,48;198,36;99,95;12,61;"4,36 por m³";;"Companhia de Saneamento Básico do Estado de São Paulo";SABESP;"Sociedade de economia mista";;2.240;99,56;2.012;100;228;95,8;;;;;;;"SECRETARIA DE OBRAS E MEIO AMBIENTE";;"Empresa privada";2.250;100;2.012;100;238;1;;1,17;Não;;;Sim;"Taxa específica no boleto do IPTU"
3514304;Dourado;1;Sudeste;SP;"São Paulo";Não;;;;;"Cerrado, Mata Atlântica";Paraná;205,87;8.186;7.687;499;93,9;6,1;"LUIZ ANTONIO ROGANTE JUNIOR";REPUBLICANOS;Não;99,25;0;0,39;0,35;"Até 20 mil";"Companhia de Saneamento Básico do Estado de São Paulo";SABESP;"Empresa privada";;97,46;7.978;7.687;100;291;58,32;209,43;100;27,07;"4,53 por m³";;"Companhia de Saneamento Básico do Estado de São Paulo";SABESP;"Sociedade de economia mista";;7.878;96,24;7.687;100;191;38,28;;;;;;;"DEPARTAMENTO DE OBRAS E SERVIÇOS PÚBLICOS";;"Empresa privada";7.687;93,9;7.687;100;;0;;3,82;Não;;;Não;
3514403;Dracena;1;Sudeste;SP;"São Paulo";Não;;;;;"Mata Atlântica";Paraná;487,69;46.664;43.164;3.500;92,5;7,5;"GENI PEREIRA LOBO PESIN";PP;Não;100;0;0;0;"De 20 a 49 mil";"Empresa de Desenvolvimento, Água, Esgoto e Pavimentação de Dracena";EMDAEP;"Empresa pública";;97,42;45.462;43.164;100;2.298;65,66;224,36;99,07;31,8;"3,61 por m³";;"Empresa de Desenvolvimento, Água, Esgoto e Pavimentação de Dracena";EMDAEP;"Empresa pública";;43.196;92,57;43.164;100;32;0,91;;;;;;;"SECRETARIA DE LIMPEZA PÚBLICA E MEIO AMBIENTE";;"Empresa pública";40.500;86,79;40.000;92,67;500;0,14;;0,95;Sim;;;Sim;"Taxa específica no boleto do IPTU"
3514502;Duartina;1;Sudeste;SP;"São Paulo";Não;;;;;"Cerrado, Mata Atlântica";Paraná;264,56;12.529;11.289;1.240;90,1;9,9;"SUZY HELENA SIMÃO BLAGITZ FERRAZ";PSDB;Não;96,73;0;0,66;2,6;"Até 20 mil";"Companhia de Saneamento Básico do Estado de São Paulo";SABESP;"Empresa privada";;97,17;12.174;11.289;100;885;71,37;160,59;99,99;29,48;"4,69 por m³";;"Companhia de Saneamento Básico do Estado de São Paulo";SABESP;"Sociedade de economia mista";;10.565;84,32;10.565;93,59;;0;;;;;;;"DEPARTAMENTO DE ENGENHARIA";;"Empresa privada";10.601;84,61;10.601;93,91;;0;;0,6;Não;;;Sim;"Taxa específica no boleto do IPTU"
3514601;Dumont;1;Sudeste;SP;"São Paulo";Sim;"Região Metropolitana de Ribeirão Preto";"Lei Complementar 1.290";06.07.2016;"Sub-região 1";"Mata Atlântica";;111,38;9.719;9.494;225;97,68;2,32;"ROGERSON APARECIDO BURJALON RUIZ";PP;Não;99,25;0;0,19;0,56;"Até 20 mil";;;;;;;;;;;;;;;;;;;;;;;;;;;;;;;;;;;;;;;;;;;;;;;
3514700;Echaporã;1;Sudeste;SP;"São Paulo";Não;;;;;"Cerrado, Mata Atlântica";Paraná;515,26;6.295;5.304;991;84,26;15,74;"RONALDO GAZETA";MDB;Sim;96,37;0;0,52;3,12;"Até 20 mil";"Companhia de Saneamento Básico do Estado de São Paulo";SABESP;"Empresa privada";;97,92;6.164;5.304;100;860;86,78;169,84;99,88;14,69;"4,66 por m³";;"Companhia de Saneamento Básico do Estado de São Paulo";SABESP;"Sociedade de economia mista";;5.712;90,74;5.304;100;408;41,17;;;;;;;"Secretaria de Meio Ambiente";;"Empresa privada";6.295;100;5.304;100;991;1;;0,59;Sim;;;Não;
3514809;Eldorado;1;Sudeste;SP;"São Paulo";Não;;;;;"Mata Atlântica";"Atlântico Sudeste";1.654,26;13.162;6.921;6.241;52,58;47,42;"Não empossado";"fev. 2025";Sim;77,3;1,82;1,65;19,22;"Até 20 mil";"Companhia de Saneamento Básico do Estado de São Paulo";SABESP;"Empresa privada";;58,68;7.723;6.921;100;802;12,85;161,86;100;27,61;"4,61 por m³";;"Companhia de Saneamento Básico do Estado de São Paulo";SABESP;"Sociedade de economia mista";;6.841;51,98;6.841;98,84;;0;;;;;;;"DEPARTAMENTO DE AGRICULTURA E MEIO AMBIENTE";;"Empresa privada";9.559;72,63;6.495;93,84;3.064;0,49;;0,57999;Sim;;;Não;
3514908;"Elias Fausto";1;Sudeste;SP;"São Paulo";Sim;"Aglomeração Urbana de Piracicaba-AU- Piracicaba";"Lei Complementar 1.178";26.06.2012;;"Mata Atlântica";Paraná;202,36;18.103;15.735;2.368;86,92;13,08;"JOAQUIM ANTONIO DE CAMPOS BICUDO";PODE;Sim;93,02;0;0,71;6,28;"Até 20 mil";"Companhia de Saneamento Básico do Estado de São Paulo";SABESP;"Empresa privada";;83,97;15.201;15.009;95,39;192;8,11;183,36;100;18,98;"4,87 por m³";;"Companhia de Saneamento Básico do Estado de São Paulo";SABESP;"Sociedade de economia mista";;14.313;79,06;14.313;90,96;;0;;;;;;;"Secretaria de Meio Ambiente, Agricultura e Serviços Públicos";;"Empresa privada";18.103;100;15.735;100;2.368;1;;0,83;Não;;;Sim;"Taxa específica no boleto do IPTU"
3514924;Elisiário;1;Sudeste;SP;"São Paulo";Não;;;;;"Mata Atlântica";Paraná;93,98;3.189;2.977;212;93,35;6,65;"CASSIO ROBERTO BERTELLI";PSD;Sim;95,3;2,95;1,75;0;"Até 20 mil";"Prefeitura Municipal de Elisiário";ELISI;Município;;93,35;2.977;2.977;100;;0;240,03;99,78;27,99;"1,23 por m³";;"Prefeitura Municipal de Elisiário";ELISI;Município;;2.977;93,35;2.977;100;;0;;;;;;;"DEPARTAMENTO AGRÍCOLA AGRO PECUARIA E MEIO AMBIENTE";;Município;3.189;100;2.977;100;212;1;;0,83;Não;;;Não;
3514957;Embaúba;1;Sudeste;SP;"São Paulo";Não;;;;;"Mata Atlântica";;83,13;2.353;2.077;276;88,27;11,73;"NERCILIO PINHEIRO DA SILVA";REPUBLICANOS;Não;94,61;0;4,81;0,58;"Até 20 mil";"Prefeitura Municipal de Embaúba";PME;Município;;100;2.353;2.077;100;276;100;136,47;100;41,49;"2,63 por m³";;"Prefeitura Municipal de Embaúba";PME;Município;;2.353;100;2.077;100;276;100;;;;;;;"PREFEITURA MUNICIPAL DE EMBAÚBA";;Município;2.077;88,27;2.077;100;;0;;1,02;Não;;;Sim;"Taxa específica no boleto do IPTU"
3515004;"Embu das Artes";1;Sudeste;SP;"São Paulo";Sim;"Região Metropolitana de São Paulo";"Lei Complementar 1.139";16.06.2011;"Sub-região Sudoeste";"Mata Atlântica";Paraná;70,40;259.323;257.793;1.530;99,41;0,59;"HUGO DO PRADO SANTOS";REPUBLICANOS;Sim;36,3;29,7;6,73;27,27;"De 250 a 499 mil";"Companhia de Saneamento Básico do Estado de São Paulo";SABESP;"Empresa privada";;100;259.323;257.793;100;1.530;100;194,98;100;22,72;"5,03 por m³";;"Companhia de Saneamento Básico do Estado de São Paulo";SABESP;"Sociedade de economia mista";;235.224;90,71;235.224;91,25;;0;;;;;;;"AGÊNCIA MUNICIPAL REGULADORA E FISCALIZADORA DE LIMPEZA URBANA E RESÍDUOS SÓLIDOS";;"Empresa privada";259.323;100;257.793;100;1.530;1;;1,54;Sim;;;Sim;"Taxa específica no boleto de água ou esgoto"
3515103;Embu-Guaçu;1;Sudeste;SP;"São Paulo";Sim;"Região Metropolitana de São Paulo";"Lei Complementar 1.139";16.06.2011;"Sub-região Sudoeste";"Mata Atlântica";Paraná;155,64;68.805;61.670;7.135;89,63;10,37;"ANDRÉ GEORGE NERES DE FARIAS";MDB;Sim;44,88;0;16,64;38,48;"De 50 a 99 mil";"Companhia de Saneamento Básico do Estado de São Paulo";SABESP;"Empresa privada";;91,56;63.000;61.670;100;1.330;18,64;134,77;100;33,64;"5,15 por m³";;"Companhia de Saneamento Básico do Estado de São Paulo";SABESP;"Sociedade de economia mista";;30.105;43,75;30.105;48,82;;0;;;;;;;"SECRETARIA DE MEIO AMBIENTE E SECRETARIA DE INFRAESTRUTURA";;"Empresa privada";68.805;100;61.670;100;7.135;1;;0,86;Não;;;Sim;"Taxa específica no boleto do IPTU"
3515129;Emilianópolis;1;Sudeste;SP;"São Paulo";Não;;;;;"Mata Atlântica";Paraná;225,17;3.062;2.713;349;88,6;11,4;"ELTON MUNHOZ DE SOUZA";PODE;Sim;97,04;0;1,08;1,88;"Até 20 mil";"Companhia de Saneamento Básico do Estado de São Paulo";SABESP;"Empresa privada";;88,21;2.701;2.701;99,56;;0;186,64;100;13,92;"4,49 por m³";;"Companhia de Saneamento Básico do Estado de São Paulo";SABESP;"Sociedade de economia mista";;2.603;85,01;2.603;95,95;;0;;;;;;;"DEPARTAMENTO DE AGRICULTURA, PECUÁRIA E MEIO AMBIENTE";;"Empresa privada";2.713;88,6;2.713;100;;0;;1,63;Sim;;;Não;
3515152;"Engenheiro Coelho";1;Sudeste;SP;"São Paulo";Sim;"Região Metropolitana de Campinas";"Lei Complementar 870";19.06.2000;;"Cerrado, Mata Atlântica";;109,94;20.139;18.945;1.194;94,07;5,93;"PEDRO FRANCO DE OLIVEIRA";MDB;Não;100;0;0;0;"De 20 a 49 mil";"Serviço de Água e Esgoto de Engenheiro Coelho";SAEEC;Autarquia;;94,07;18.945;18.945;100;;0;98,33;100;44,16;"5,21 por m³";;"Serviço de Água e Esgoto de Engenheiro Coelho";SAEEC;;;18.945;94,07;18.945;100;;0;;;;;;;;;;;;;;;;;;;;;;
3515186;"Espírito Santo do Pinhal";1;Sudeste;SP;"São Paulo";Não;;;;;"Mata Atlântica";Paraná;389,24;40.681;36.975;3.706;90,89;9,11;"SERGIO DEL BIANCHI JUNIOR";PSD;Não;95,78;0;1,01;3,21;"De 20 a 49 mil";"Companhia de Saneamento Básico do Estado de São Paulo";SABESP;"Empresa privada";;95,34;38.786;36.975;100;1.811;48,87;208,51;100;17,88;"4,97 por m³";;"Companhia de Saneamento Básico do Estado de São Paulo";SABESP;"Sociedade de economia mista";;37.360;91,84;36.975;100;385;10,39;;;;;;;"DEPARTAMENTO DE MEIO AMBIENTE";;"Empresa privada";40.681;100;36.975;100;3.706;1;;1,23;Sim;;;Sim;"Taxa específica no boleto do IPTU"
3515194;"Espírito Santo do Turvo";1;Sudeste;SP;"São Paulo";Não;;;;;Cerrado;Paraná;193,67;4.217;3.616;601;85,75;14,25;"GILBERTO NASCIMENTO BERTOLINO";PSD;Não;94,75;0;0;5,25;"Até 20 mil";"Companhia de Saneamento Básico do Estado de São Paulo";SABESP;"Empresa privada";;94,45;3.983;3.616;100;367;61,06;154,13;100;39,36;"4,68 por m³";;"Companhia de Saneamento Básico do Estado de São Paulo";SABESP;"Sociedade de economia mista";;3.759;89,14;3.616;100;143;23,79;;;;;;;"SECRETARIA MUNICIPAL DE MEIO AMBIENTE";;"Empresa privada";4.217;100;3.616;100;601;1;;0,62;Sim;;;Não;
3557303;"Estiva Gerbi";1;Sudeste;SP;"São Paulo";Não;;;;;"Cerrado, Mata Atlântica";Paraná;74,14;11.566;10.718;848;92,67;7,33;"MARCIO ROBERTO PAVAN";SOLIDARIEDADE;Sim;0;96,44;1,24;2,32;"Até 20 mil";"Águas de Estiva Gerbi SPE Ltda";AEG;"Empresa privada";;92,57;10.707;10.707;99,9;;0;182,37;100;31,28;"3,70 por m³";;"Águas de Estiva Gerbi SPE Ltda";AEG;"Empresa privada";;10.289;88,96;10.289;96;;0;;;;;;;"SECRETARIA DE OBRAS";;"Empresa privada";11.566;100;10.718;100;848;1;;0,62;Não;;;Sim;"Taxa específica no boleto do IPTU"
3515301;"Estrela do Norte";1;Sudeste;SP;"São Paulo";Não;;;;;"Cerrado, Mata Atlântica";Paraná;264,99;2.749;2.263;486;82,32;17,68;"ALBERTO MARTINS DE OLIVEIRA";PSD;Sim;95,05;0;0;4,95;"Até 20 mil";"Companhia de Saneamento Básico do Estado de São Paulo";SABESP;"Empresa privada";;91,56;2.517;2.263;100;254;52,26;169,45;100;9,23;"4,76 por m³";;"Companhia de Saneamento Básico do Estado de São Paulo";SABESP;"Sociedade de economia mista";;2.253;81,96;2.253;99,56;;0;;;;;;;"DIVISÃO DE AGRICULTURA, ABASTECIMENTO E MEIO AMBIENTE";;"Empresa privada";2.263;82,32;2.263;100;;0;;0,59;Sim;;;Sim;"Taxa específica no boleto do IPTU"
3515202;"Estrela d'Oeste";1;Sudeste;SP;"São Paulo";Não;;;;;"Mata Atlântica";Paraná;296,28;9.655;8.098;1.557;83,87;16,13;"PEDRO DE SENZI NETO";PSD;Não;91,86;0;0,18;7,97;"Até 20 mil";"Companhia de Saneamento Básico do Estado de São Paulo";SABESP;"Empresa privada";;91,37;8.822;8.098;100;724;46,5;178,98;100;9,11;"4,72 por m³";;"Companhia de Saneamento Básico do Estado de São Paulo";SABESP;"Sociedade de economia mista";;8.216;85,1;8.098;100;118;7,58;;;;;;;"SECRETARIA DE AGRICULTURA";;"Empresa privada";9.655;100;8.098;100;1.557;1;;0,99;Não;;;Sim;"Taxa específica no boleto do IPTU"
3515350;"Euclides da Cunha Paulista";1;Sudeste;SP;"São Paulo";Não;;;;;"Mata Atlântica";Paraná;573,89;7.928;4.935;2.993;62,25;37,75;"DOMINGOS MENTE LOPES";REPUBLICANOS;Sim;90,99;0;1,37;7,64;"Até 20 mil";"Companhia de Saneamento Básico do Estado de São Paulo";SABESP;"Empresa privada";;84,16;6.672;4.935;100;1.737;58,04;147,94;100;18,47;"4,34 por m³";;"Companhia de Saneamento Básico do Estado de São Paulo";SABESP;"Sociedade de economia mista";;5.095;64,27;4.935;100;160;5,35;;;;;;;;;;;;;;;;;;;;;;
3515400;Fartura;1;Sudeste;SP;"São Paulo";Não;;;;;"Mata Atlântica";Paraná;429,17;16.984;13.732;3.252;80,85;19,15;"LUIZ MARCOS DE SOUZA";PSD;Sim;97,71;0;0,94;1,35;"Até 20 mil";"Companhia de Saneamento Básico do Estado de São Paulo";SABESP;"Empresa privada";;84,02;14.270;13.732;100;538;16,54;169,65;100;22,86;"4,68 por m³";;"Companhia de Saneamento Básico do Estado de São Paulo";SABESP;"Sociedade de economia mista";;13.664;80,45;13.664;99,5;;0;;;;;;;"COORDENADORIA MUNICIPAL DE AGRICULTURA E MEIO AMBIENTE";;"Empresa privada";16.000;94,21;13.425;97,76;2.575;0,79;;0,62;Sim;;;Não;
3515608;"Fernando Prestes";1;Sudeste;SP;"São Paulo";Não;;;;;"Mata Atlântica";Paraná;169,99;6.066;5.459;607;89,99;10,01;"MARIEL SEBASTIÃO ROCHA";PSDB;Não;91,64;0,93;0,21;7,22;"Até 20 mil";"Companhia de Saneamento Básico do Estado de São Paulo";SABESP;"Empresa privada";;99,59;6.041;5.459;100;582;95,88;179,62;100;13,87;"4,49 por m³";;"Companhia de Saneamento Básico do Estado de São Paulo";SABESP;"Sociedade de economia mista";;6.009;99,06;5.459;100;550;90,61;;;;;;;"PREFEITURA MUNICIPAL DE FERNANDO PRESTES";;"Empresa privada";5.600;92,32;5.459;100;141;0,23;;0,8;Sim;;;Sim;"Taxa específica no boleto do IPTU"
3515509;Fernandópolis;1;Sudeste;SP;"São Paulo";Não;;;;;"Mata Atlântica";Paraná;549,80;73.286;70.941;2.345;96,8;3,2;"JOÃO PAULO SALES CANTARELLA";PL;Sim;96,53;0;0,4;3,07;"De 50 a 99 mil";"Companhia de Saneamento Básico do Estado de São Paulo";SABESP;"Empresa privada";;100;73.286;70.941;100;2.345;100;208,4;100;13,88;"4,92 por m³";;"Companhia de Saneamento Básico do Estado de São Paulo";SABESP;"Sociedade de economia mista";;73.122;99,78;70.941;100;2.181;93,01;;;;;;;"SECRETARIA MUNICIPAL DE MEIO AMBIENTE";;"Empresa privada";70.941;96,8;70.941;100;;0;;0,86;Sim;;;Sim;"Taxa específica no boleto do IPTU"
3515657;Fernão;1;Sudeste;SP;"São Paulo";Não;;;;;"Cerrado, Mata Atlântica";Paraná;100,50;1.689;1.022;667;60,51;39,49;"EBER ROGÉRIO ASSIS";PL;Sim;88,55;0;1,06;10,39;"Até 20 mil";"Companhia de Saneamento Básico do Estado de São Paulo";SABESP;"Empresa privada";;70,93;1.198;1.022;100;176;26,39;145,09;100;12,32;"4,50 por m³";;"Companhia de Saneamento Básico do Estado de São Paulo";SABESP;"Sociedade de economia mista";;1.196;70,81;1.022;100;174;26,09;;;;;;;"SECRETARIA MUNICIPAL DE OBRAS";;"Empresa privada";1.689;100;1.022;100;667;1;;0,43;Sim;;;Não;
3515707;"Ferraz de Vasconcelos";1;Sudeste;SP;"São Paulo";Sim;"Região Metropolitana de São Paulo";"Lei Complementar 1.139";16.06.2011;"Sub-região Leste";"Mata Atlântica";Paraná;29,56;185.622;184.044;1.578;99,15;0,85;"PRISCILA CONCEIÇÃO GAMBALE VIEIRA MATOS";PODE;Sim;43,98;34,55;1,83;19,64;"De 100 a 249 mil";"Companhia de Saneamento Básico do Estado de São Paulo";SABESP;"Empresa privada";;99,57;184.829;183.290;99,59;1.539;97,53;159,75;100;17,43;"4,95 por m³";;"Companhia de Saneamento Básico do Estado de São Paulo";SABESP;"Sociedade de economia mista";;171.466;92,37;171.466;93,17;;0;;;;;;;"SECRETARIA MUNICIPAL DE MEIO AMBIENTE";;"Empresa privada";185.622;100;184.044;100;1.578;1;;0,92;Não;;;Sim;"Taxa específica no boleto do IPTU"
3515806;"Flora Rica";1;Sudeste;SP;"São Paulo";Não;;;;;"Mata Atlântica";;224,71;1.492;1.220;272;81,77;18,23;"FABIO LUIZ FLORENTINO DE FARIA";PSD;Não;100;0;0;0;"Até 20 mil";"Companhia de Saneamento Básico do Estado de São Paulo";SABESP;"Empresa privada";;87,33;1.303;1.220;100;83;30,51;198,38;100;18,75;"4,87 por m³";;"Companhia de Saneamento Básico do Estado de São Paulo";SABESP;"Sociedade de economia mista";;1.243;83,31;1.220;100;23;8,46;;;;;;;"SECRETARIA MUNICIPAL DE MEIO AMBIENTE E AGRICULTURA";;"Empresa privada";1.492;100;1.220;100;272;1;;1,39;Não;;;Sim;"Taxa específica no boleto do IPTU"
3515905;Floreal;1;Sudeste;SP;"São Paulo";Não;;;;;"Mata Atlântica";Paraná;204,24;2.756;2.307;449;83,71;16,29;"RAUL SCALON";UNIÃO;Sim;95,19;0;0,29;4,53;"Até 20 mil";"Companhia de Saneamento Básico do Estado de São Paulo";SABESP;"Empresa privada";;94,16;2.595;2.307;100;288;64,14;186,47;100;16,76;"4,38 por m³";;"Companhia de Saneamento Básico do Estado de São Paulo";SABESP;"Sociedade de economia mista";;2.263;82,11;2.263;98,09;;0;;;;;;;"DIVISÃO DE OBRAS, SERVIÇOS E AGRICULTURA";;"Empresa privada";2.756;100;2.307;100;449;1;;0,43;Não;;;Sim;"Taxa específica no boleto do IPTU"
3516002;"Flórida Paulista";1;Sudeste;SP;"São Paulo";Não;;;;;"Mata Atlântica";;524,14;13.171;10.632;2.539;80,72;19,28;"JOSÉ ANDRIOTTI";PL;Não;98,81;0;0,19;1,01;"Até 20 mil";"Companhia de Saneamento Básico do Estado de São Paulo";SABESP;"Empresa privada";;88,91;11.710;10.370;97,54;1.340;52,78;163,41;100;18,86;"4,37 por m³";;"Companhia de Saneamento Básico do Estado de São Paulo";SABESP;"Sociedade de economia mista";;10.786;81,89;10.370;97,54;416;16,38;;;;;;;"PREFEITURA MUNICIPAL DE FLÓRIDA PAULISTA";;"Empresa privada";10.632;80,72;10.632;100;;0;;1,65;Sim;;;Sim;"Taxa específica no boleto do IPTU"
3516101;Florínia;1;Sudeste;SP;"São Paulo";Não;;;;;"Mata Atlântica";Paraná;225,89;3.987;2.623;1.364;65,79;34,21;"SERGIO LOPES DA SILVA";PSD;Sim;90,2;0;1,35;8,45;"Até 20 mil";"Companhia de Saneamento Básico do Estado de São Paulo";SABESP;"Empresa privada";;80,44;3.207;2.623;100;584;42,82;270,36;100;2,2;"9,18 por m³";;"Companhia de Saneamento Básico do Estado de São Paulo";SABESP;"Sociedade de economia mista";;3.183;79,83;2.623;100;560;41,06;;;;;;;"SECRETARIA MUNICIPAL DE AGRICULTURA, PECUÁRIA E MEIO AMBIENTE";;"Empresa privada";3.780;94,81;2.623;100;1.157;0,84;;0,36;Sim;;;Sim;"Taxa específica no boleto do IPTU"
3516200;Franca;1;Sudeste;SP;"São Paulo";Sim;"Aglomeração Urbana de Franca";"Lei Complementar 1.323";22.05.2018;;"Cerrado, Mata Atlântica";Paraná;605,68;364.331;358.939;5.392;98,52;1,48;"ALEXANDRE AUGUSTO FERREIRA";MDB;Não;97,01;0;0,37;2,62;"De 250 a 499 mil";"Companhia de Saneamento Básico do Estado de São Paulo";SABESP;"Empresa privada";;99,46;362.361;358.939;100;3.422;63,46;180,1;100;24,01;"4,87 por m³";;"Companhia de Saneamento Básico do Estado de São Paulo";SABESP;"Sociedade de economia mista";;360.367;98,91;358.939;100;1.428;26,48;;;;;;;"SECRETARIA MUNICIPAL DE MEIO AMBIENTE";;"Empresa privada";364.331;100;358.939;100;5.392;1;;0,9;Sim;;;Não;
3516309;"Francisco Morato";1;Sudeste;SP;"São Paulo";Sim;"Região Metropolitana de São Paulo";"Lei Complementar 1.139";16.06.2011;"Sub-região Norte";"Mata Atlântica";Paraná;49,00;171.107;170.320;787;99,54;0,46;"ILDO DA SILVA GUSMÃO";REPUBLICANOS;Sim;0;49,02;9,38;41,6;"De 100 a 249 mil";"Companhia de Saneamento Básico do Estado de São Paulo";SABESP;"Empresa privada";;98,97;169.338;169.338;99,42;;0;150,9;100;44,57;"4,47 por m³";;"Companhia de Saneamento Básico do Estado de São Paulo";SABESP;"Sociedade de economia mista";;138.556;80,98;138.556;81,34;;0;;;;;;;"SECRETARIA MUNICIPAL DE INFRAESTRUTURA E OBRAS";;"Empresa privada";171.107;100;170.320;100;787;1;;0,47;Não;;;Sim;"Taxa específica no boleto de água ou esgoto"
3516408;"Franco da Rocha";1;Sudeste;SP;"São Paulo";Sim;"Região Metropolitana de São Paulo";"Lei Complementar 1.139";16.06.2011;"Sub-região Norte";"Mata Atlântica";Paraná;132,78;149.786;143.810;5.976;96,01;3,99;"LORENA RODRIGUES DE OLIVEIRA";SOLIDARIEDADE;Sim;0;68,4;6,66;24,93;"De 100 a 249 mil";"Companhia de Saneamento Básico do Estado de São Paulo";SABESP;"Empresa privada";;91,82;137.529;133.144;92,58;4.385;73,38;191,41;100;29,44;"6,39 por m³";;"Companhia de Saneamento Básico do Estado de São Paulo";SABESP;"Sociedade de economia mista";;122.869;82,03;122.869;85,44;;0;;;;;;;"SECRETARIA DE OBRAS E SERVIÇOS";;"Empresa privada";143.810;96,01;143.810;100;;0;;2,61;Não;;;Sim;"Taxa específica no boleto do IPTU"
3516507;"Gabriel Monteiro";1;Sudeste;SP;"São Paulo";Não;;;;;"Mata Atlântica";Paraná;138,68;2.811;2.502;309;89,01;10,99;"RENEE CREMA VIDOTO";PSDB;Sim;98,56;0;0,44;1;"Até 20 mil";"Companhia de Saneamento Básico do Estado de São Paulo";SABESP;"Empresa privada";;92,1;2.589;2.464;98,48;125;40,45;193,24;100;22,02;"4,68 por m³";;"Companhia de Saneamento Básico do Estado de São Paulo";SABESP;"Sociedade de economia mista";;2.483;88,33;2.464;98,48;19;6,15;;;;;;;"SECRETARIA MUNICIPAL DE AGRICULTURA E MEIO AMBIENTE";;"Empresa privada";2.602;92,56;2.502;100;100;0,32;;0,83;Sim;;;Sim;"Taxa específica no boleto do IPTU"
3516606;Gália;1;Sudeste;SP;"São Paulo";Não;;;;;"Cerrado, Mata Atlântica";Paraná;355,91;6.435;5.199;1.236;80,79;19,21;"JOSE SILVINO ZANIBONI JUNIOR";PP;Não;95,27;0;0,23;4,5;"Até 20 mil";"Companhia de Saneamento Básico do Estado de São Paulo";SABESP;"Empresa privada";;89,11;5.734;5.199;100;535;43,28;160,8;100;29,86;"4,59 por m³";;"Companhia de Saneamento Básico do Estado de São Paulo";SABESP;"Sociedade de economia mista";;5.555;86,32;5.199;100;356;28,8;;;;;;;"SECRETARIA MUNICIPAL DE AGRICULTURA E MEIO AMBIENTE";;"Empresa privada";5.756;89,45;5.199;100;557;0,45;;1,47;Sim;;;Sim;"Taxa específica no boleto do IPTU"
3516705;Garça;1;Sudeste;SP;"São Paulo";Não;;;;;"Mata Atlântica";Paraná;555,81;43.115;40.882;2.233;94,82;5,18;"JOSÉ ALCIDES FANECO";PL;Não;99;0;0,39;0,61;"De 20 a 49 mil";"Serviço Autônomo de Água e Esgotos";SAAE;Autarquia;;94,82;40.882;40.882;100;;0;183,95;99,85;33,26;"3,42 por m³";;"Serviço Autônomo de Água e Esgotos";SAAE;Autarquia;;40.718;94,44;40.718;99,6;;0;;;;;;;"SECRETARIA DE AGRICULTURA E MEIO AMBIENTE";;Autarquia;43.115;100;40.882;100;2.233;1;;0,81;Sim;;;Não;
3516804;"Gastão Vidigal";1;Sudeste;SP;"São Paulo";Não;;;;;"Mata Atlântica";;180,57;3.235;2.929;306;90,54;9,46;"DANIEL GUARNIERI CRIADO";PP;Não;93,54;0;0;6,46;"Até 20 mil";"Companhia de Saneamento Básico do Estado de São Paulo";SABESP;"Empresa privada";;100;3.235;2.929;100;306;100;162,47;100;15,24;"4,12 por m³";;"Companhia de Saneamento Básico do Estado de São Paulo";SABESP;"Sociedade de economia mista";;3.235;100;2.929;100;306;100;;;;;;;"DIVISÃO MUNICIPAL DE AGRICULTURA E MEIO AMBINETE";;"Empresa privada";3.235;100;2.929;100;306;1;;1,51;Não;;;Não;
3516853;"Gavião Peixoto";1;Sudeste;SP;"São Paulo";Não;;;;;"Cerrado, Mata Atlântica";;243,77;4.797;4.313;484;89,91;10,09;"ADRIANO MARÇAL DA SILVA";PSD;Não;0;99,86;0,11;0,03;"Até 20 mil";"Prefeitura Municipal de Gavião Peixoto";GPX;Município;;89,91;4.313;4.313;100;;0;208,06;99,4;11,54;"1,09 por m³";;"Prefeitura Municipal de Gavião Peixoto";GPX;Município;;4.313;89,91;4.313;100;;0;;;;;;;"SECRETARIA DE OBRAS, INFRAESTRUTURA E SERVIÇOS MUNICIPAIS";;Município;4.797;100;4.313;100;484;1;;1,76;Sim;;;Não;
3516903;"General Salgado";1;Sudeste;SP;"São Paulo";Não;;;;;"Mata Atlântica";Paraná;494,38;10.449;9.341;1.108;89,4;10,6;"THIAGO FRANCISQUINI VIANA";UNIÃO;Sim;87,74;0;1,24;11,02;"Até 20 mil";"Companhia de Saneamento Básico do Estado de São Paulo";SABESP;"Empresa privada";;98,22;10.263;9.341;100;922;83,21;191,13;100;12,02;"4,53 por m³";;"Companhia de Saneamento Básico do Estado de São Paulo";SABESP;"Sociedade de economia mista";;9.834;94,11;9.341;100;493;44,49;;;;;;;"SECRETARIA DE MEIO AMBIENTE";;"Empresa privada";10.449;100;9.341;100;1.108;1;;0,62;Não;;;Sim;"Taxa específica no boleto do IPTU"
3517000;Getulina;1;Sudeste;SP;"São Paulo";Não;;;;;"Mata Atlântica";Paraná;676,76;10.355;7.927;2.428;76,55;23,45;"MARIO TADEU CELESTINO RIBEIRO";PL;Sim;95,6;0;0,07;4,33;"Até 20 mil";"Prefeitura Municipal de Getulina";PMG;Município;;77,53;8.028;7.927;100;101;4,16;191,32;100;33,9;"1,11 por m³";;"Prefeitura Municipal de Getulina";PMG;Município;;7.817;75,48;7.802;98,42;15;0,62;;;;;;;"DEPARTAMENTO DE AGRICULTURA,ABASTECIMENTO E MEIO AMBIENTE";;Município;8.500;82,09;7.927;100;573;0,23;;2,39;Sim;;;Sim;"Taxa específica no boleto do IPTU"
3517109;Glicério;1;Sudeste;SP;"São Paulo";Não;;;;;"Mata Atlântica";Paraná;272,80;4.173;3.461;712;82,94;17,06;"HAIRTON KELSINE CARVALHO OLIVEIRA";PSD;Não;93,66;0;1,7;4,65;"Até 20 mil";"Companhia de Saneamento Básico do Estado de São Paulo";SABESP;"Empresa privada";;79,42;3.314;3.314;95,75;;0;209,83;100;18,89;"4,61 por m³";;"Companhia de Saneamento Básico do Estado de São Paulo";SABESP;"Sociedade de economia mista";;2.611;62,57;2.611;75,44;;0;;;;;;;"SECRETARIA DE AGRICULTURA E MEIO AMBIENTE";;"Empresa privada";4.173;100;3.461;100;712;1;;0,74;Não;;;Não;
3517208;Guaiçara;1;Sudeste;SP;"São Paulo";Não;;;;;"Mata Atlântica";Paraná;277,15;11.459;10.650;809;92,94;7,06;"FLAVIA RAMOS BITTENCOURT LEÃO CABRAL";PSB;Não;87,95;0;6,31;5,74;"Até 20 mil";"Prefeitura Municipal de Guaiçara";PMG;Município;;92,94;10.650;10.650;100;;0;48,09;100;77,83;"1,87 por m³";;"Prefeitura Municipal de Guaiçara";PMG;Município;;10.650;92,94;10.650;100;;0;;;;;;;"SECRETARIA DO MEIO AMBIENTE";;Município;11.459;100;10.650;100;809;1;;0,54;Não;;;Não;
3517307;Guaimbê;1;Sudeste;SP;"São Paulo";Não;;;;;"Mata Atlântica";Paraná;217,81;5.606;4.960;646;88,48;11,52;"MARCIA HELENA PEREIRA CABRAL ACHILLES";PSD;Sim;99,28;0;0,53;0,19;"Até 20 mil";"Prefeitura Municipal de Guaimbê";PMG;Município;;88,58;4.966;4.960;100;6;0,93;167,12;0,65;14,29;"2,69 por m³";;"Prefeitura Municipal de Guaimbê";PMG;Município;;4.960;88,48;4.960;100;;0;;;;;;;"COORDENADORIA DE MEIO AMBIENTE";;Município;5.606;100;4.960;100;646;1;;1,37;Sim;;;Sim;"Taxa específica no boleto do IPTU"
3517406;Guaíra;1;Sudeste;SP;"São Paulo";Sim;"Aglomeração Urbana de Franca";"Lei Complementar 1.323";22.05.2018;;"Cerrado, Mata Atlântica";Paraná;1.258,47;40.424;39.147;1.277;96,84;3,16;"ANTONIO MANOEL DA SILVA JUNIOR";REPUBLICANOS;Não;100;0;0;0;"De 20 a 49 mil";"Departamento de Esgoto e Água de Guaíra";DEAGUA;Autarquia;;96,84;39.147;39.147;100;;0;271,68;100;38,61;"1,66 por m³";;"Departamento de Esgoto e Água de Guaíra";DEAGUA;Autarquia;;39.147;96,84;39.147;100;;0;;;;;;;"DEPARTAMENTO DE MEIO AMBIENTE E SUSTENTABILIDADE";;Autarquia;39.147;96,84;39.147;100;;0;;1,42;Não;;;Sim;"Taxa específica no boleto do IPTU"
3517505;Guapiaçu;1;Sudeste;SP;"São Paulo";Não;;;;;"Mata Atlântica";Paraná;325,13;22.316;20.850;1.466;93,43;6,57;"CARLOS CESAR ZAITUNE";PSDB;Não;66,37;26,43;4;3,2;"De 20 a 49 mil";;;;;;;;;;;;;;;;;;;;;;;;;;;;;;;;;;;;;;;;;;;;;;;
3517604;Guapiara;1;Sudeste;SP;"São Paulo";Não;;;;;"Mata Atlântica";Paraná;408,29;17.256;6.982;10.274;40,46;59,54;"JOSÉ MATHEUS RODOLFO DE FREITAS";PP;Sim;61,43;15,36;1,37;21,85;"Até 20 mil";"Companhia de Saneamento Básico do Estado de São Paulo";SABESP;"Empresa privada";;69,14;11.931;6.982;100;4.949;48,17;130,31;100;23,67;"4,49 por m³";;"Companhia de Saneamento Básico do Estado de São Paulo";SABESP;"Sociedade de economia mista";;6.230;36,1;6.230;89,23;;0;;;;;;;"SECRETARIA MUNICIPAL DE MEIO AMBIENTE";;"Empresa privada";13.805;80;6.982;100;6.823;0,66;;0,48;Sim;;;Sim;"Taxa específica no boleto do IPTU"
3517703;Guará;1;Sudeste;SP;"São Paulo";Sim;"Aglomeração Urbana de Franca";"Lei Complementar 1.323";22.05.2018;;"Cerrado, Mata Atlântica";;362,18;18.790;18.328;462;97,54;2,46;"Não empossado";"fev. 2025";Não;100;0;0;0;"Até 20 mil";"Prefeitura Municipal de Guará";PMG;Município;;97,54;18.328;18.328;100;;0;256,47;100;28,05;"4,09 por m³";;"Prefeitura Municipal de Guará";PMG;;;18.328;;18.328;;;;;;;;;;;;;;;;;;;;;;;;;
3517802;Guaraçaí;1;Sudeste;SP;"São Paulo";Não;;;;;"Mata Atlântica";Paraná;569,20;7.486;5.921;1.565;79,09;20,91;"AIRTON JOSÉ GOMES";PSD;Não;100;0;0;0;"Até 20 mil";"Autarquia Municipal de Saneamento Ambiental de Guaraçaí";SAG;Autarquia;;84,54;6.329;5.921;100;408;26,07;222,63;100;25,03;"2,90 por m³";;"Autarquia Municipal de Saneamento Ambiental de Guaraçaí";SAG;;;6.317;84,38;5.921;100;396;25,3;;;;;;;;;;;;;;;;;;;;;;
3517901;Guaraci;1;Sudeste;SP;"São Paulo";Não;;;;;"Cerrado, Mata Atlântica";Paraná;641,50;10.542;9.812;730;93,08;6,92;"RENATO AZEDA RIBEIRO DE AGUIAR";CIDADANIA;Sim;96,52;0;2,95;0,54;"Até 20 mil";"Prefeitura Municipal de Guaraci";PM;Município;;93,12;9.817;9.812;100;5;0,68;237,17;100;38,29;"2,11 por m³";;"Prefeitura Municipal de Guaraci";PM;Município;;9.822;93,17;9.812;100;10;1,37;;;;;;;"PREFEITURA MUNICIPAL DE GUARACI";;Município;10.542;100;9.812;100;730;1;;1,05;Não;;;Sim;"Taxa específica no boleto do IPTU"
3518008;"Guarani d'Oeste";1;Sudeste;SP;"São Paulo";Não;;;;;"Mata Atlântica";Paraná;85,70;1.999;1.739;260;86,99;13,01;"EDMILSON PIRES DO CARMO";PSD;Sim;90,23;0;0,75;9,02;"Até 20 mil";"Companhia de Saneamento Básico do Estado de São Paulo";SABESP;"Empresa privada";;96,5;1.929;1.739;100;190;73,08;191,49;100;3,07;;;"Companhia de Saneamento Básico do Estado de São Paulo";SABESP;"Sociedade de economia mista";;1.855;92,8;1.739;100;116;44,62;;;;;;;"SECRETARIA DE AGRICULTURA E MEIO AMBIENTE";;"Empresa privada";1.739;86,99;1.739;100;;0;;0,93;Não;;;Não;
3518107;Guarantã;1;Sudeste;SP;"São Paulo";Não;;;;;"Mata Atlântica";Paraná;461,75;6.531;5.346;1.185;81,86;18,14;"MARCOS ROBERTO FRUGERI";MDB;Não;99,18;0;0,07;0,75;"Até 20 mil";"Prefeitura Municipal de Guarantã";PMG;Município;;82,13;5.364;5.346;100;18;1,52;50,21;95,31;91,22;"1,49 por m³";;"Prefeitura Municipal de Guarantã";PMG;Município;;5.496;84,15;5.346;100;150;12,66;;;;;;;"DIRETORIA MUNICIPAL DE MEIO AMBIENTE";;Município;6.099;93,39;5.346;100;753;0,63;;0,57999;Sim;;;Sim;"Taxa específica no boleto do IPTU"
3518206;Guararapes;1;Sudeste;SP;"São Paulo";Não;;;;;"Mata Atlântica";;955,64;31.872;30.291;1.581;95,04;4,96;"ALEX PERAMO DE ARRUDA";MDB;Não;99,17;0;0,32;0,51;"De 20 a 49 mil";"Prefeitura Municipal de Guararapes";PMG;Município;;95,35;30.391;30.291;100;100;6,33;230,63;96,77;26,85;"1,78 por m³";;"Prefeitura Municipal de Guararapes";PMG;Município;;30.291;95,04;30.291;100;;0;;;;;;;"DEPARTAMENTO DE ENGENHARIA E SANEAMENTO BÁSICO";;Município;31.872;100;30.291;100;1.581;1;;0,79;Sim;;;Sim;"Taxa específica no boleto do IPTU"
3518305;Guararema;1;Sudeste;SP;"São Paulo";Sim;"Região Metropolitana de São Paulo";"Lei Complementar 1.139";16.06.2011;"Sub-região Leste";"Mata Atlântica";"Atlântico Sudeste";270,82;32.436;26.711;5.725;82,35;17,65;"JOSÉ LUIZ EROLES FREIRE";PL;Sim;19,43;19,28;22,91;38,37;"De 20 a 49 mil";"Companhia de Saneamento Básico do Estado de São Paulo";SABESP;"Empresa privada";;73,95;23.985;23.985;89,79;;0;181,39;100;28,68;"5,99 por m³";;"Companhia de Saneamento Básico do Estado de São Paulo";SABESP;"Sociedade de economia mista";;17.372;53,56;17.372;65,04;;0;;;;;;;"SECRETARIA MUNICIPAL DE OBRAS, MEIO AMBIENTE E BEM ESTAR ANIMAL";;"Empresa privada";32.436;100;26.711;100;5.725;1;;1,27;Sim;;;Sim;"Taxa específica no boleto do IPTU"
3518404;Guaratinguetá;1;Sudeste;SP;"São Paulo";Sim;"Região Metropolitana do Vale do Paraíba e Litoral Norte";"Lei Complementar 1.166";09.01.2012;"Sub-região 3";"Mata Atlântica";"Atlântico Sudeste";752,64;121.710;116.720;4.990;95,9;4,1;"ANTONIO GILBERTO FILIPPO FERNANDES JUNIOR";PSD;Sim;18,02;72,98;1,43;7,57;"De 100 a 249 mil";"Companhia de Serviço de Água, Esgoto e Resíduos de Guaratinguetá";SAEG;"Empresa pública";;98,12;119.425;116.345;99,68;3.080;61,72;200,9;100;38,27;"3,85 por m³";;"Companhia de Serviço de Água, Esgoto e Resíduos de Guaratinguetá";SAEG;"Empresa pública";;107.958;88,7;107.400;92,02;558;11,18;;;;;;;"COMPANHIA DE SERVICO DE AGUA, ESGOTO E RESIDUOS DE GUARATINGUETA";;"Empresa pública";121.710;100;116.720;100;4.990;1;;0,64;Sim;;;Sim;"Taxa específica no boleto de água ou esgoto"
3518503;Guareí;1;Sudeste;SP;"São Paulo";Não;;;;;"Cerrado, Mata Atlântica";Paraná;567,88;15.268;8.281;6.987;54,24;45,76;"REINALDO VICENTE DE SOUZA";PSB;Sim;77,12;0;2,57;20,31;"Até 20 mil";"Companhia de Saneamento Básico do Estado de São Paulo";SABESP;"Empresa privada";;85,5;13.054;8.281;100;4.773;68,31;195,51;100;22,57;"7,51 por m³";;"Companhia de Saneamento Básico do Estado de São Paulo";SABESP;"Sociedade de economia mista";;7.442;48,74;7.442;89,87;;0;;;;;;;"SECRETARIA DE MEIO AMBIENTE";;"Empresa privada";13.741;90;8.281;100;5.460;0,78;;0,41;Sim;;;Sim;"Taxa específica no boleto do IPTU"
3518602;Guariba;1;Sudeste;SP;"São Paulo";Sim;"Região Metropolitana de Ribeirão Preto";"Lei Complementar 1.290";06.07.2016;"Sub-região 2";"Cerrado, Mata Atlântica";Paraná;270,29;38.609;37.428;1.181;96,94;3,06;"FRANCISCO DIAS MANCANO JUNIOR";PSD;Não;98,78;0;0,16;1,06;"De 20 a 49 mil";"Companhia de Saneamento Básico do Estado de São Paulo";SABESP;"Empresa privada";;100;38.609;37.428;100;1.181;100;182,18;100;22,79;"4,34 por m³";;"Companhia de Saneamento Básico do Estado de São Paulo";SABESP;"Sociedade de economia mista";;38.609;100;37.428;100;1.181;100;;;;;;;"PREFEITURA MUNICIPAL DE GUARIBA";;"Empresa privada";38.609;100;37.428;100;1.181;1;;0,53;Não;;;Não;
3518701;Guarujá;1;Sudeste;SP;"São Paulo";Sim;"Região Metropolitana da Baixada Santista";"Lei Complementar 815";30.07.1996;;"Mata Atlântica";;144,79;294.973;294.147;826;99,72;0,28;"FARID SAID MADI";PODE;Não;62,42;0;5,69;31,89;"De 250 a 499 mil";"Companhia de Saneamento Básico do Estado de São Paulo";SABESP;"Empresa privada";;89,76;264.763;264.763;90,01;;0;364,91;100;26,92;"5,56 por m³";;"Companhia de Saneamento Básico do Estado de São Paulo";SABESP;"Sociedade de economia mista";;224.002;75,94;224.002;76,15;;0;;;;;;;"SECRETARIA MUNICIPAL DE OPERAÇÕES URBANAS";;"Empresa privada";294.973;100;294.147;100;826;1;;1,57;Sim;;;Sim;"Taxa específica no boleto do IPTU"
3518800;Guarulhos;1;Sudeste;SP;"São Paulo";Sim;"Região Metropolitana de São Paulo";"Lei Complementar 1.139";16.06.2011;"Sub-região Leste";"Mata Atlântica";Paraná;318,68;1.345.364;1.344.691;673;99,95;0,05;"LUCAS SANCHES PROMESSIA";PL;Não;28,7;53,3;2,64;15,36;"Mais de 1 milhão";"Companhia de Saneamento Básico do Estado de São Paulo";SABESP;"Empresa privada";;100;1.345.364;1.344.691;100;673;100;195,61;99,69;27,93;"6,41 por m³";;"Companhia de Saneamento Básico do Estado de São Paulo";SABESP;"Sociedade de economia mista";;1.334.834;99,22;1.334.834;99,27;;0;;;;;;;"SECRETARIA DE SERVIÇOS PÚBLICOS";;"Empresa privada";1.345.364;100;1.344.691;100;673;1;;0,72;Sim;;;Não;
3518859;Guatapará;1;Sudeste;SP;"São Paulo";Sim;"Região Metropolitana de Ribeirão Preto";"Lei Complementar 1.290";06.07.2016;"Sub-região 1";"Cerrado, Mata Atlântica";Paraná;413,57;7.462;6.228;1.234;83,46;16,54;"AILTON APARECIDO DA SILVA";MDB;Sim;10,9;84,5;3,5;1,09;"Até 20 mil";"Prefeitura Municipal de Guatapará";SAEG;Município;;78,45;5.855;5.430;87,19;425;34,44;624,67;99,83;19,92;"0,35 por m³";;"Prefeitura Municipal de Guatapará";SAEG;Município;;6.604;88,5;6.228;100;376;30,47;;;;;;;"PREFEITURA MUNICIPAL DE GUATAPARÁ";;Município;6.228;83,46;6.228;100;;0;;1,24;Não;;;Sim;"Taxa específica no boleto do IPTU"
3518909;Guzolândia;1;Sudeste;SP;"São Paulo";Não;;;;;"Mata Atlântica";Paraná;252,48;4.276;3.758;518;87,89;12,11;"LUIZ ANTONIO PEREIRA DE CARVALHO";MDB;Sim;91,04;0;0,25;8,71;"Até 20 mil";"Companhia de Saneamento Básico do Estado de São Paulo";SABESP;"Empresa privada";;100;4.276;3.758;100;518;100;173,34;99,97;14,44;"4,18 por m³";;"Companhia de Saneamento Básico do Estado de São Paulo";SABESP;"Sociedade de economia mista";;4.276;100;3.758;100;518;100;;;;;;;"DEPARTAMENTO DE AGRICULTURA E MEIO AMBIENTE";;"Empresa privada";4.028;94,2;3.758;100;270;0,52;;3,08;Sim;;;Sim;"Taxa específica no boleto do IPTU"
3519006;Herculândia;1;Sudeste;SP;"São Paulo";Não;;;;;"Mata Atlântica";Paraná;364,25;9.302;8.324;978;89,49;10,51;"PAULO SERGIO DE OLIVEIRA";PP;Sim;94,5;0;0,67;4,84;"Até 20 mil";"Prefeitura Municipal de Herculândia";PMH;Município;;100;9.302;8.324;100;978;100;186,87;0,05;16,67;"0,59 por m³";;"Prefeitura Municipal de Herculândia";PMH;Município;;8.324;89,49;8.324;100;;0;;;;;;;"SECRETARIA DE AGRICULTURA E MEIO AMBIENTE";;Município;9.302;100;8.324;100;978;1;;0,53;Não;;;Não;
3519055;Holambra;1;Sudeste;SP;"São Paulo";Sim;"Região Metropolitana de Campinas";"Lei Complementar 870";19.06.2000;;"Mata Atlântica";Paraná;65,58;15.596;12.352;3.244;79,2;20,8;"FERNANDO HENRIQUE CAPATO";PSD;Sim;0;95;5;0;"Até 20 mil";"Águas de Holambra";AGHOL;"Empresa privada";;80,53;12.559;12.352;100;207;6,38;478,82;99,97;24,54;"3,32 por m³";;"Águas de Holambra";AGHOL;"Empresa privada";;12.623;80,94;12.352;100;271;8,35;;;;;;;"DIRETORIA DE AGRICULTURA E MEIO AMBIENTE";;"Empresa privada";15.596;100;12.352;100;3.244;1;;1,39;Sim;;;Sim;"Taxa específica no boleto do IPTU"
3519071;Hortolândia;1;Sudeste;SP;"São Paulo";Sim;"Região Metropolitana de Campinas";"Lei Complementar 870";19.06.2000;;"Mata Atlântica";Paraná;62,42;247.331;246.515;816;99,67;0,33;"JOSE NAZARENO ZEZE GOMES";REPUBLICANOS;Sim;84;0;14,92;1,08;"De 100 a 249 mil";"Companhia de Saneamento Básico do Estado de São Paulo";SABESP;"Empresa privada";;100;247.331;246.515;100;816;100;166,82;100;20;"7,14 por m³";;"Companhia de Saneamento Básico do Estado de São Paulo";SABESP;"Sociedade de economia mista";;243.885;98,61;243.885;98,93;;0;;;;;;;"SECRETARIA MUNICIPAL DE MEIO AMBIENTE E DESENVOLVIMENTO SUSTENTÁVEL";;"Empresa privada";247.331;100;246.515;100;816;1;;0,82;Sim;;;Sim;"Taxa específica no boleto do IPTU"
3519105;Iacanga;1;Sudeste;SP;"São Paulo";Não;;;;;"Cerrado, Mata Atlântica";Paraná;547,39;10.633;9.941;692;93,49;6,51;"APARECIDA DE FÁTIMA PINHEIRO";REPUBLICANOS;Não;94,2;0;4,14;1,66;"Até 20 mil";"Prefeitura Municipal de Iacanga";PMI;Município;;93,49;9.941;9.941;100;;0;271,51;100;49,1;"2,85 por m³";;"Prefeitura Municipal de Iacanga";PMI;Município;;9.118;85,75;9.118;91,72;;0;;;;;;;"SECRETARIA DE SANEAMENTO BÁSICO";;Município;10.633;100;9.941;100;692;1;;1,18;Sim;;;Não;
3519204;Iacri;1;Sudeste;SP;"São Paulo";Não;;;;;"Mata Atlântica";Paraná;321,95;6.207;5.211;996;83,95;16,05;"CLEBER ROGERIO CERBANTES PANHOZZI";PL;Não;97,32;0;0,02;2,66;"Até 20 mil";"Companhia de Saneamento Básico do Estado de São Paulo";SABESP;"Empresa privada";;95,54;5.930;5.211;100;719;72,19;174,1;100;19,41;"4,49 por m³";;"Companhia de Saneamento Básico do Estado de São Paulo";SABESP;"Sociedade de economia mista";;5.891;94,91;5.211;100;680;68,27;;;;;;;"SECRETARIA DE MEIO AMBIENTE";;"Empresa privada";5.857;94,36;5.211;100;646;0,64;;1,11;Não;;;Sim;"Taxa específica no boleto do IPTU"
3519253;Iaras;1;Sudeste;SP;"São Paulo";Não;;;;;"Cerrado, Mata Atlântica";Paraná;401,38;8.257;3.294;4.963;39,89;60,11;"PATRICK HERNANDES MORALES";PSD;Sim;97,69;0;1,48;0,83;"Até 20 mil";"Companhia de Saneamento Básico do Estado de São Paulo";SABESP;"Empresa privada";;49,09;4.053;3.151;95,66;902;18,17;148,25;100;25,6;"4,74 por m³";;"Companhia de Saneamento Básico do Estado de São Paulo";SABESP;"Sociedade de economia mista";;4.011;48,58;3.151;95,66;860;17,32;;;;;;;"SECRETARIA DE MEIO AMBIENTE E RECURSOS HÍDRICOS";;"Empresa privada";4.100;49,65;2.900;88,04;1.200;0,24;;0,32;Sim;;;Sim;"Taxa específica no boleto do IPTU"
3519303;Ibaté;1;Sudeste;SP;"São Paulo";Não;;;;;"Cerrado, Mata Atlântica";;290,98;33.110;32.646;464;98,6;1,4;"RONALDO RODRIGO VENTURI";PSD;Não;95;0;0,23;4,77;"De 20 a 49 mil";"Prefeitura Municipal de Ibaté";SP;Município;;99,53;32.956;32.646;100;310;66,81;106,7;100;42,29;"3,00 por m³";;"Prefeitura Municipal de Ibaté";SP;Município;;32.646;98,6;32.646;100;;0;;;;;;;"SECRETARIA DE PROJETOS, OBRAS, ÁGUA, SANEAMENTO E SERVIÇOS PÚBLICOS";;Município;33.110;100;32.646;100;464;1;;2,02;Não;;;Sim;"Taxa específica no boleto do IPTU"
3519402;Ibirá;1;Sudeste;SP;"São Paulo";Não;;;;;"Mata Atlântica";Paraná;271,91;11.934;11.340;594;95,02;4,98;"NIVALDO DOMINGOS NEGRÃO";REPUBLICANOS;Não;89,91;0;0,47;9,62;"Até 20 mil";"Companhia de Saneamento Básico do Estado de São Paulo";SABESP;"Empresa privada";;100;11.934;11.340;100;594;100;204,82;100;15,11;"4,38 por m³";;"Companhia de Saneamento Básico do Estado de São Paulo";SABESP;"Sociedade de economia mista";;11.260;94,35;11.260;99,29;;0;;;;;;;"SECRETARIA DE OBRAS E MEIO AMBIENTE";;"Empresa privada";6.320;52,96;6.320;55,73;;0;;0,28999;Não;;;Sim;"Taxa específica no boleto do IPTU"
3519501;Ibirarema;1;Sudeste;SP;"São Paulo";Não;;;;;"Cerrado, Mata Atlântica";Paraná;228,23;6.461;6.096;365;94,35;5,65;"JOSE BENEDITO CAMACHO";PSD;Sim;99;1;0;0;"Até 20 mil";"Serviço Autônomo de Água e Esgoto de Ibirarema";SAAEI;Autarquia;;96,33;6.224;6.096;100;128;35,07;428,44;99,95;6,47;"3,99 por m³";;"Serviço Autônomo de Água e Esgoto de Ibirarema";SAAEI;Autarquia;;6.096;94,35;6.096;100;;0;;;;;;;"DEPARTAMENTO DE MEIO AMBIENTE";;Autarquia;6.096;94,35;6.096;100;;0;;1,5;Não;;;Não;
3519600;Ibitinga;1;Sudeste;SP;"São Paulo";Não;;;;;"Cerrado, Mata Atlântica";Paraná;689,39;61.908;60.076;1.832;97,04;2,96;"FLORISVALDO ANTONIO FIORENTINO";PSD;Sim;0;98,8;0,46;0,74;"De 50 a 99 mil";"Serviço Autômono de Água e Esgoto da Estância Turistica de Ibitinga";SAAE;Autarquia;;97,04;60.076;60.076;100;;0;200,88;100;30,65;"2,86 por m³";;"Serviço Autômono de Água e Esgoto da Estância Turistica de Ibitinga";SAAE;Autarquia;;59.166;95,57;59.166;98,49;;0;;;;;;;"SECRETARIA DE AGRICULTURA E MEIO AMBIENTE";;Autarquia;61.908;100;60.076;100;1.832;1;;1,74;Sim;;;Sim;"Taxa específica no boleto do IPTU"
3519709;Ibiúna;1;Sudeste;SP;"São Paulo";Sim;"Região Metropolitana de Sorocaba";"Lei Complementar 1.241";20.06.2014;"Sub-região 2";"Mata Atlântica";;1.058,08;77.651;54.131;23.520;69,71;30,29;"MARIO PIRES DE OLIVEIRA FILHO";REPUBLICANOS;Não;33,14;0;14,26;52,6;"De 50 a 99 mil";"Companhia de Saneamento Básico do Estado de São Paulo";SABESP;"Empresa privada";;51,5;39.991;39.991;73,88;;0;182,68;100;41,78;"4,91 por m³";;"Companhia de Saneamento Básico do Estado de São Paulo";SABESP;"Sociedade de economia mista";;13.128;16,91;13.128;24,25;;0;;;;;;;;;;;;;;;;;;;;;;
3519808;Icém;1;Sudeste;SP;"São Paulo";Não;;;;;"Cerrado, Mata Atlântica";;362,36;7.969;6.683;1.286;83,86;16,14;"APARECIDA SALISSO";PL;Não;98,65;0;0,08;1,28;"Até 20 mil";"Companhia de Saneamento Básico do Estado de São Paulo";SABESP;"Empresa privada";;100;7.969;6.683;100;1.286;100;166,65;100;9,18;"4,46 por m³";;"Companhia de Saneamento Básico do Estado de São Paulo";SABESP;"Sociedade de economia mista";;7.969;100;6.683;100;1.286;100;;;;;;;"Diretoria Municipal de Meio Ambiente e Urbanismo";;"Empresa privada";7.969;100;6.683;100;1.286;1;;1,26;Não;;;Sim;"Taxa específica no boleto do IPTU"
3519907;Iepê;1;Sudeste;SP;"São Paulo";Não;;;;;"Cerrado, Mata Atlântica";;594,97;7.739;6.834;905;88,31;11,69;"MARTA PATRICIA STONIS DA COSTA";UNIÃO;Não;92,38;0;1,06;6,56;"Até 20 mil";"Prefeitura Municipal de Iepê";PMI;Município;;91,24;7.061;6.834;100;227;25,08;181,44;100;62,08;"2,20 por m³";;"Prefeitura Municipal de Iepê";PMI;Município;;6.185;79,92;6.185;90,5;;0;;;;;;;"SECRETARIA MUNICIPAL DE AGRICULTURA E MEIO AMBIENTE";;Município;7.400;95,62;6.500;95,11;900;0,99;;0,82;Não;;;Sim;"Taxa específica no boleto do IPTU"
3520004;"Igaraçu do Tietê";1;Sudeste;SP;"São Paulo";Não;;;;;"Mata Atlântica";;97,75;23.430;23.135;295;98,74;1,26;"CARLOS ALBERTO VARASQUIM";MDB;Não;80;20;0;0;"De 20 a 49 mil";;;;;;;;;;;;;;;;;;;;;;;;;;;;;;;;"SECRETARIA MUNICIPAL DE MEIO AMBIENTE";;;23.430;100;23.135;100;295;1;;0,5;Não;;;Não;
3520103;Igarapava;1;Sudeste;SP;"São Paulo";Sim;"Aglomeração Urbana de Franca";"Lei Complementar 1.323";22.05.2018;;"Cerrado, Mata Atlântica";Paraná;468,36;26.755;26.014;741;97,23;2,77;"JOSÉ HUMBERTO LACERDA RODRIGUES";REPUBLICANOS;Não;92,91;0;0,27;6,81;"De 20 a 49 mil";"Companhia de Saneamento Básico do Estado de São Paulo|IGARAPAVA SANEAMENTO SA";SABESP|IGS;"Empresa privada|Empresa privada";;97,24;26.016;26.014;100;2;0,27;194,92;100;25,92;"4,17 por m³";;"Companhia de Saneamento Básico do Estado de São Paulo|IGARAPAVA SANEAMENTO SA";SABESP|IGS;"Empresa privada|Empresa privada";;26.014;97,23;26.014;100;;0;;;;;;;"DIVISÃO DE MEIO AMBIENTE";;"Empresa privada | Empresa privada";26.386;98,62;26.014;100;372;0,5;;0,78;Não;;;Sim;"Taxa específica no boleto do IPTU"
3520202;Igaratá;1;Sudeste;SP;"São Paulo";Sim;"Região Metropolitana do Vale do Paraíba e Litoral Norte";"Lei Complementar 1.166";09.01.2012;"Sub-região 1";"Mata Atlântica";"Atlântico Sudeste";292,95;10.904;8.082;2.822;74,12;25,88;"GABRIEL GOMES PRIANTI DE JESUS";REPUBLICANOS;Não;59,6;0;33;7,39;"Até 20 mil";"Companhia de Saneamento Básico do Estado de São Paulo";SABESP;"Empresa privada";;51,22;5.585;5.585;69,09;;0;295,22;100;16,2;"5,04 por m³";;"Companhia de Saneamento Básico do Estado de São Paulo";SABESP;"Sociedade de economia mista";;2.749;25,21;2.749;34,01;;0;;;;;;;"SECRETARIA DE MEIO AMBIENTE E DESENVOLVIMENTO AGROPECUÁRIO";;"Empresa privada";10.904;100;8.082;100;2.822;1;;1,15999;Não;;;Sim;"Taxa específica no boleto do IPTU"
3520301;Iguape;1;Sudeste;SP;"São Paulo";Não;;;;;"Mata Atlântica";;1.978,80;29.881;23.056;6.825;77,16;22,84;"SALVADOR JOSÉ BARBOSA JUNIOR";UNIÃO;Não;68,15;0;11,22;20,62;"De 20 a 49 mil";"Companhia de Saneamento Básico do Estado de São Paulo";SABESP;"Empresa privada";;66,58;19.896;19.896;86,29;;0;208,88;100;10,43;;;"Companhia de Saneamento Básico do Estado de São Paulo";SABESP;"Sociedade de economia mista";;16.746;56,04;16.746;72,63;;0;;;;;;;"SECRETARIA MUNICIPAL DE DESENVOLVIMENTO SUSTENTÁVEL";;"Empresa privada";29.881;100;23.056;100;6.825;1;;0,66;Não;;;Sim;"Taxa específica no boleto do IPTU"
3520426;"Ilha Comprida";1;Sudeste;SP;"São Paulo";Não;;;;;"Mata Atlântica";;196,57;13.955;13.663;292;97,91;2,09;"MARISTELA OSÓRIO DE MARQUES CARDONA";REPUBLICANOS;Não;43,34;0;54,67;1,99;"Até 20 mil";"Companhia de Saneamento Básico do Estado de São Paulo";SABESP;"Empresa privada";;84,25;11.757;11.757;86,05;;0;325,44;100;31,79;"4,66 por m³";;"Companhia de Saneamento Básico do Estado de São Paulo";SABESP;"Sociedade de economia mista";;6.375;45,68;6.375;46,66;;0;;;;;;;;;;;;;;;;;;;;;;
3520442;"Ilha Solteira";1;Sudeste;SP;"São Paulo";Não;;;;;"Cerrado, Mata Atlântica";Paraná;652,64;26.240;23.264;2.976;88,66;11,34;"RODRIGO BATISTA GONÇALVES";PL;Sim;93,76;0;3,51;2,73;"De 20 a 49 mil";"Prefeitura Municipal de Ilha Solteira";PMISA;Município;;99,77;26.180;23.264;100;2.916;97,98;281,45;97,53;31,94;"1,56 por m³";;"Prefeitura Municipal de Ilha Solteira";PMISA;Município;;23.264;88,66;23.264;100;;0;;;;;;;"PREFEITURA MUNICIPAL DE ILHA SOLTEIRA";;Município;23.264;88,66;23.264;100;;0;;1;Sim;;;Sim;"Taxa específica no boleto do IPTU"
3520400;Ilhabela;1;Sudeste;SP;"São Paulo";Sim;"Região Metropolitana do Vale do Paraíba e Litoral Norte";"Lei Complementar 1.166";09.01.2012;"Sub-região 5";"Mata Atlântica";;346,39;36.329;35.214;1.115;96,93;3,07;"ANTONIO LUIZ COLUCCI";PL;Não;31,74;0;28,56;39,7;"De 20 a 49 mil";"Companhia de Saneamento Básico do Estado de São Paulo";SABESP;"Empresa privada";;78,41;28.487;28.487;80,9;;0;310,23;100;25,27;"6,37 por m³";;"Companhia de Saneamento Básico do Estado de São Paulo";SABESP;"Sociedade de economia mista";;20.422;56,21;20.422;57,99;;0;;;;;;;"SECRETARIA MUNICIPAL MEIO AMBIENTE";;"Empresa privada";36.329;100;35.214;100;1.115;1;;2,43;Sim;;;Sim;"Taxa específica no boleto do IPTU"
3520509;Indaiatuba;1;Sudeste;SP;"São Paulo";Sim;"Região Metropolitana de Campinas";"Lei Complementar 870";19.06.2000;;"Mata Atlântica";Paraná;311,55;267.796;263.136;4.660;98,26;1,74;"CUSTÓDIO TAVARES DIAS NETO";MDB;Sim;86,73;9,5;3,77;0;"De 250 a 499 mil";"Serviço Autônomo de Água e Esgotos";SAAE;Autarquia;;95,09;254.659;254.659;96,78;;0;208,24;100;38,95;"5,26 por m³";;"Serviço Autônomo de Água e Esgotos";SAAE;Autarquia;;252.816;94,41;252.816;96,08;;0;;;;;;;"SECRETARIA MUNICIPAL DE SERVIÇOS URBANOS E MEIO AMBIENTE";;Autarquia;267.796;100;263.136;100;4.660;1;;1,59;Sim;;;Sim;"Taxa específica no boleto do IPTU"
3520608;Indiana;1;Sudeste;SP;"São Paulo";Não;;;;;"Cerrado, Mata Atlântica";Paraná;129,37;5.191;4.556;635;87,77;12,23;"WHESLEN THIEGO SCAIONE CACHOEIRA";PP;Sim;0;80,91;2,2;16,89;"Até 20 mil";"Prefeitura Municipal de Indiana";Indiana;Município;;91,62;4.756;4.556;100;200;31,5;312,5;100;3,33;"0,87 por m³";;"Prefeitura Municipal de Indiana";Indiana;Município;;4.556;87,77;4.556;100;;0;;;;;;;"COORDENADORIA DE MEIO AMBIENTE";;Município;5.191;100;4.556;100;635;1;;1,62;Sim;;;Não;
3520707;Indiaporã;1;Sudeste;SP;"São Paulo";Não;;;;;"Mata Atlântica";Paraná;279,61;4.109;3.396;713;82,65;17,35;"BERNADETE APARECIDA SANTANA RIBEIRO SPONQUIADO";REPUBLICANOS;Sim;84,83;0;4,26;10,91;"Até 20 mil";"Companhia de Saneamento Básico do Estado de São Paulo";SABESP;"Empresa privada";;91,31;3.752;3.396;100;356;49,93;197,04;100;3,6;;;"Companhia de Saneamento Básico do Estado de São Paulo";SABESP;"Sociedade de economia mista";;3.382;82,31;3.382;99,59;;0;;;;;;;"SECRETARIA MUNICIPAL DE AGRICULTURA, PECUÁRIA, ABASTECIMENTO E MEIO AMBIENTE";;"Empresa privada";3.396;82,65;3.396;100;;0;;0,75;Sim;;;Sim;"Taxa específica no boleto do IPTU"
3520806;"Inúbia Paulista";1;Sudeste;SP;"São Paulo";Não;;;;;"Mata Atlântica";Paraná;87,12;3.671;3.381;290;92,1;7,9;"FERNANDO ROSSI";PSD;Não;95,73;0;0,44;3,83;"Até 20 mil";"Companhia de Saneamento Básico do Estado de São Paulo";SABESP;"Empresa privada";;99,54;3.654;3.381;100;273;94,14;175,09;100;16,88;"4,75 por m³";;"Companhia de Saneamento Básico do Estado de São Paulo";SABESP;"Sociedade de economia mista";;3.499;95,31;3.381;100;118;40,69;;;;;;;"Departamento de Meio Ambiente e Recursos Hídricos";;"Empresa privada";3.381;92,1;3.381;100;;0;;1,31;Sim;;;Não;
3520905;Ipaussu;1;Sudeste;SP;"São Paulo";Não;;;;;"Mata Atlântica";Paraná;209,55;13.933;13.532;401;97,12;2,88;"LUIZ CARLOS SOUTO";PSD;Sim;85,74;12,25;0,71;1,29;"Até 20 mil";"Prefeitura Municipal de Ipaussu";SP;Município;;97,12;13.532;13.532;100;;0;355,4;100;31,72;"0,89 por m³";;"Prefeitura Municipal de Ipaussu";SP;Município;;13.532;97,12;13.532;100;;0;;;;;;;"SECRETARIA MUNICIPAL DE SANEAMENTO E MEIO AMBIENTE";;Município;13.933;100;13.532;100;401;1;;0,67;Sim;;;Sim;"Taxa específica no boleto do IPTU"
3521002;Iperó;1;Sudeste;SP;"São Paulo";Sim;"Região Metropolitana de Sorocaba";"Lei Complementar 1.241";20.06.2014;"Sub-região 3";"Mata Atlântica";Paraná;170,29;37.999;31.524;6.475;82,96;17,04;"LEONARDO ROBERTO FOLIM";PSD;Não;61,19;16,74;7,81;14,27;"De 20 a 49 mil";"Companhia de Saneamento Básico do Estado de São Paulo";SABESP;"Empresa privada";;77,62;29.496;29.496;93,57;;0;169,71;100;17,36;"4,90 por m³";;"Companhia de Saneamento Básico do Estado de São Paulo";SABESP;"Sociedade de economia mista";;22.642;59,59;22.642;71,81;;0;;;;;;;"SECRETARIA DE MEIO RURAL, AMBIENTE E TURISMO";;"Empresa privada";37.999;100;31.524;100;6.475;1;;0,83;Não;;;Sim;"Taxa específica no boleto do IPTU"
3521101;Ipeúna;1;Sudeste;SP;"São Paulo";Sim;"Aglomeração Urbana de Piracicaba-AU- Piracicaba";"Lei Complementar 1.178";26.06.2012;;"Cerrado, Mata Atlântica";Paraná;190,01;6.999;6.447;552;92,11;7,89;"MARIA LUISA ZANONI PRATA";PSD;Sim;93,9;0;1,91;4,19;"Até 20 mil";"Prefeitura Municipal de Ipeúna";PMI;Município;;92,78;6.494;6.447;100;47;8,51;219,35;100;14,81;"3,77 por m³";;;;;;;;;;;;;;;;;;;;;;;;;;;;;;;;;
3521150;Ipiguá;1;Sudeste;SP;"São Paulo";Não;;;;;"Mata Atlântica";Paraná;136,03;7.037;6.035;1.002;85,76;14,24;"EFRAIM GARCIA LOPES";PSD;Sim;100;0;0;0;"Até 20 mil";"Prefeitura Municipal de Ipiguá";SP;Município;;85,76;6.035;6.035;100;;0;282,99;84,6;39,26;"1,79 por m³";;"Prefeitura Municipal de Ipiguá";SP;Município;;6.035;85,76;6.035;100;;0;;;;;;;"DEPARTAMENTO DE MEIO AMBIENTE";;Município;6.035;85,76;6.035;100;;0;;0,77;Não;;;Sim;"Taxa específica no boleto do IPTU"
3521200;Iporanga;1;Sudeste;SP;"São Paulo";Não;;;;;"Mata Atlântica";"Atlântico Sudeste";1.152,06;4.091;1.914;2.177;46,79;53,21;"MARCOS DOS SANTOS DOMINGOS";UNIÃO;Não;73,5;0;20,62;5,88;"Até 20 mil";"Companhia de Saneamento Básico do Estado de São Paulo";SABESP;"Empresa privada";;55,78;2.282;1.914;100;368;16,89;161,88;100;25,15;"4,48 por m³";;"Companhia de Saneamento Básico do Estado de São Paulo";SABESP;"Sociedade de economia mista";;2.020;49,38;1.914;100;106;4,87;;;;;;;"SECRETARIA MUNICIPAL DE TURISMO, MEIO AMBIENTE, AGRICULTURA E CULTURA";;"Empresa privada";3.500;85,55;1.914;100;1.586;0,72;;0,6;Sim;;;Sim;"Taxa específica no boleto do IPTU"
3521309;Ipuã;1;Sudeste;SP;"São Paulo";Sim;"Aglomeração Urbana de Franca";"Lei Complementar 1.323";22.05.2018;;"Mata Atlântica";Paraná;466,46;14.691;14.324;367;97,5;2,5;"RONYWERTON MARCELO ALVES PEREIRA";REPUBLICANOS;Não;98;2;0;0;"Até 20 mil";"Serviço Autônomo de Água e Esgotos";SAAEI;Autarquia;;97,5;14.324;14.324;100;;0;295,18;96,54;60,13;"3,71 por m³";;;;;;;;;;;;;;;;;;"SECRETARIA DE ENGENHARIA OBRAS TRANSITO E MEIO AMBIENTE";;;14.324;97,5;14.324;100;;0;;0,62;Sim;;;Não;
3521408;Iracemápolis;1;Sudeste;SP;"São Paulo";Sim;"Aglomeração Urbana de Piracicaba-AU- Piracicaba";"Lei Complementar 1.178";26.06.2012;;"Mata Atlântica";Paraná;115,12;22.435;22.309;126;99,44;0,56;"NELITA CRISTINA MICHEL FRANCESCHINI";PL;Sim;94,25;0;5,05;0,7;"De 20 a 49 mil";"Prefeitura Municipal de Iracemápolis";PMI;Município;;100;22.435;22.309;100;126;100;364,9;98,44;15,98;"2,27 por m³";;"Prefeitura Municipal de Iracemápolis";PMI;Município;;22.435;100;22.309;100;126;100;;;;;;;"DIRETORIA DE MEIO AMBIENTE E AGRICULTURA";;Município;22.435;100;22.309;100;126;1;;0,79;Não;;;Não;
3521507;Irapuã;1;Sudeste;SP;"São Paulo";Não;;;;;"Mata Atlântica";;257,61;6.946;6.299;647;90,69;9,31;"RENI APARECIDA DA SILVA";PSD;Não;95,53;0;0,14;4,34;"Até 20 mil";"Companhia de Saneamento Básico do Estado de São Paulo";SABESP;"Empresa privada";;100;6.946;6.299;100;647;100;176,21;100;9,22;"4,68 por m³";;"Companhia de Saneamento Básico do Estado de São Paulo";SABESP;"Sociedade de economia mista";;6.321;91;6.299;100;22;3,4;;;;;;;"GABINETE DO PREFEITO";;"Empresa privada";6.299;90,69;6.299;100;;0;;0,72;Não;;;Não;
3521606;Irapuru;1;Sudeste;SP;"São Paulo";Não;;;;;"Mata Atlântica";Paraná;214,46;7.145;5.275;1.870;73,83;26,17;"ADEMAR CALEGÃO";REPUBLICANOS;Sim;92,85;0;0,09;7,06;"Até 20 mil";"Prefeitura Municipal de Irapuru";PMI;Município;;75,12;5.367;5.275;100;92;4,92;339,62;98,66;38,79;"1,25 por m³";;"Prefeitura Municipal de Irapuru";PMI;Município;;5.059;70,8;5.059;95,91;;0;;;;;;;"SECRETARIA DE AGRICULTURA, PECUÁRIA E MEIO AMBIENTE";;Município;5.275;73,83;5.275;100;;0;;1;Sim;;;Não;
3521705;Itaberá;1;Sudeste;SP;"São Paulo";Não;;;;;"Cerrado, Mata Atlântica";Paraná;1.100,25;18.258;12.509;5.749;68,51;31,49;"CÉLIO RONALDO GOMES DE LIMA";PSDB;Não;85,82;0;0,16;14,03;"Até 20 mil";"Companhia de Saneamento Básico do Estado de São Paulo";SABESP;"Empresa privada";;78,3;14.296;12.509;100;1.787;31,08;134,69;100;27,37;"4,30 por m³";;"Companhia de Saneamento Básico do Estado de São Paulo";SABESP;"Sociedade de economia mista";;12.024;65,86;12.024;96,12;;0;;;;;;;"SECRETARIA DE AGRICULTURA E MEIO AMBIENTE";;"Empresa privada";18.258;100;12.509;100;5.749;1;;0,51;Sim;;;Não;
3521804;Itaí;1;Sudeste;SP;"São Paulo";Não;;;;;"Cerrado, Mata Atlântica";Paraná;1.092,88;25.930;21.488;4.442;82,87;17,13;"JOSE RAMIRO ANTUNES DO PRADO";PP;Sim;91,57;0;1;7,43;"De 20 a 49 mil";"Companhia de Saneamento Básico do Estado de São Paulo";SABESP;"Empresa privada";;73,95;19.176;19.176;89,24;;0;166,87;99,99;21,24;"4,62 por m³";;"Companhia de Saneamento Básico do Estado de São Paulo";SABESP;"Sociedade de economia mista";;16.996;65,55;16.996;79,09;;0;;;;;;;"SECRETARIA MUNICIPAL DE MEIO AMBIENTE";;"Empresa privada";22.040;85;21.488;100;552;0,12;;1,53;Sim;;;Não;
3521903;Itajobi;1;Sudeste;SP;"São Paulo";Não;;;;;"Mata Atlântica";Paraná;502,07;17.420;15.370;2.050;88,23;11,77;"SIDIOMAR UJAQUE";PL;Não;98,37;0;0,49;1,14;"Até 20 mil";"Prefeitura Municipal de Itajobi";PMI;Município;;89,09;15.520;15.370;100;150;7,32;248,83;100;14,41;"1,44 por m³";;"Prefeitura Municipal de Itajobi";PMI;Município;;15.370;88,23;15.370;100;;0;;;;;;;"SECRETARIA DE MEIO AMBIENTE E AGRICULTURA";;Município;17.420;100;15.370;100;2.050;1;;1,06;Sim;;;Sim;"Taxa específica no boleto do IPTU"
3522000;Itaju;1;Sudeste;SP;"São Paulo";Não;;;;;"Cerrado, Mata Atlântica";Paraná;230,36;3.702;2.995;707;80,9;19,1;"JERRI DE SOUZA NEIVA";PSD;Não;99,11;0;0,72;0,17;"Até 20 mil";"Prefeitura Municipal de Itaju";PM;Município;;80,9;2.995;2.995;100;;0;90,1;100;6,3;"3,62 por m³";;;;;;;;;;;;;;;;;;"SETOR DE OBRAS";;;3.702;100;2.995;100;707;1;;1,58;Não;;;Não;
3522109;Itanhaém;1;Sudeste;SP;"São Paulo";Sim;"Região Metropolitana da Baixada Santista";"Lei Complementar 815";30.07.1996;;"Mata Atlântica";"Atlântico Sudeste";601,71;117.435;116.178;1.257;98,93;1,07;"TIAGO RODRIGUES CERVANTES";REPUBLICANOS;Sim;30,16;0;55,82;14,03;"De 100 a 249 mil";"Companhia de Saneamento Básico do Estado de São Paulo";SABESP;"Empresa privada";;92,6;108.743;108.743;93,6;;0;293,14;100;9,77;;;"Companhia de Saneamento Básico do Estado de São Paulo";SABESP;"Sociedade de economia mista";;63.033;53,67;63.033;54,26;;0;;;;;;;"SECRETARIA DE SERVIÇOS PÚBLICOS E ZELADORIA";;"Empresa privada";117.435;100;116.178;100;1.257;1;;1,15999;Sim;;;Sim;"Taxa específica no boleto do IPTU"
3522158;Itaóca;1;Sudeste;SP;"São Paulo";Não;;;;;"Mata Atlântica";"Atlântico Sudeste";183,02;3.490;1.637;1.853;46,91;53,09;"FREDERICO DIAS BATISTA";PL;Sim;78,35;0;16,42;5,23;"Até 20 mil";"Companhia de Saneamento Básico do Estado de São Paulo";SABESP;"Empresa privada";;71,03;2.479;1.637;100;842;45,44;156,01;100;21,3;"4,47 por m³";;"Companhia de Saneamento Básico do Estado de São Paulo";SABESP;"Sociedade de economia mista";;1.071;30,69;1.071;65,42;;0;;;;;;;"SECRETARIA DE OBRAS E SERVIÇOS";;"Empresa privada";3.200;91,69;1.637;100;1.563;0,84;;0,8;Sim;;;Sim;"Taxa específica no boleto do IPTU"
3522208;"Itapecerica da Serra";1;Sudeste;SP;"São Paulo";Sim;"Região Metropolitana de São Paulo";"Lei Complementar 1.139";16.06.2011;"Sub-região Sudoeste";"Mata Atlântica";Paraná;150,74;163.928;154.945;8.983;94,52;5,48;"RAMON PIRES CORSINI";UNIÃO;Sim;28,52;0,58;16,45;54,45;"De 100 a 249 mil";"Companhia de Saneamento Básico do Estado de São Paulo";SABESP;"Empresa privada";;91,44;149.903;145.598;93,97;4.305;47,92;190,32;100;26,95;"5,04 por m³";;"Companhia de Saneamento Básico do Estado de São Paulo";SABESP;"Sociedade de economia mista";;106.996;65,27;106.996;69,05;;0;;;;;;;"SECRETARIA DE OBRAS E SERVIÇOS";;"Empresa privada";163.928;100;154.945;100;8.983;1;;1,09;Sim;;;Sim;"Taxa específica no boleto do IPTU"
3522307;Itapetininga;1;Sudeste;SP;"São Paulo";Sim;"Região Metropolitana de Sorocaba";"Lei Complementar 1.289";29.06.2016;"Sub-região 1";"Cerrado, Mata Atlântica";Paraná;1.789,35;163.774;147.953;15.821;90,34;9,66;"JEFERSON RODRIGO BRUN";REPUBLICANOS;Sim;92,11;0;1,94;5,95;"De 100 a 249 mil";"Companhia de Saneamento Básico do Estado de São Paulo";SABESP;"Empresa privada";;95,49;156.392;147.953;100;8.439;53,34;170,31;100;30,33;"4,80 por m³";;"Companhia de Saneamento Básico do Estado de São Paulo";SABESP;"Sociedade de economia mista";;149.104;91,04;147.953;100;1.151;7,28;;;;;;;"SECRETARIA DE MEIO AMBIENTE";;"Empresa privada";162.136;99;147.953;100;14.183;0,89;;0,93;Sim;;;Sim;"Taxa específica no boleto do IPTU"
3522406;Itapeva;1;Sudeste;SP;"São Paulo";Não;;;;;"Cerrado, Mata Atlântica";Paraná;1.826,26;92.324;78.632;13.692;85,17;14,83;"ADRIANA DUCH MACHADO";MDB;Sim;87,13;2,69;0,86;9,32;"De 50 a 99 mil";"Companhia de Saneamento Básico do Estado de São Paulo";SABESP;"Empresa privada";;95,92;88.557;78.632;100;9.925;72,48;149,9;100;29,81;"4,72 por m³";;"Companhia de Saneamento Básico do Estado de São Paulo";SABESP;"Sociedade de economia mista";;73.309;79,4;73.309;93,23;;0;;;;;;;"SECRETARIA MUNICIPAL DE RECURSOS HÍDRICOS E MEIO AMBIENTE";;"Empresa privada";92.245;99,91;78.632;100;13.613;0,99;;0,61;Sim;;;Não;
3522505;Itapevi;1;Sudeste;SP;"São Paulo";Sim;"Região Metropolitana de São Paulo";"Lei Complementar 1.139";16.06.2011;"Sub-região Oeste";"Mata Atlântica";Paraná;82,66;241.924;238.174;3.750;98,45;1,55;"MARCOS FERREIRA GODOY";PODE;Sim;18,72;39,78;9,52;31,98;"De 100 a 249 mil";"Companhia de Saneamento Básico do Estado de São Paulo";SABESP;"Empresa privada";;100;241.924;238.174;100;3.750;100;151,02;100;36,61;"5,21 por m³";;"Companhia de Saneamento Básico do Estado de São Paulo";SABESP;"Sociedade de economia mista";;204.275;84,44;204.275;85,77;;0;;;;;;;"SECRETARIA DO MEIO AMBIENTE E DEFESA DOS ANIMAIS";;"Empresa privada";241.924;100;238.174;100;3.750;1;;0,82;Sim;;;Sim;"Taxa específica no boleto do IPTU"
3522604;Itapira;1;Sudeste;SP;"São Paulo";Não;;;;;"Mata Atlântica";Paraná;518,42;73.919;69.898;4.021;94,56;5,44;"ANTONIO HÉLIO NICOLAI";PSD;Não;100;0;0;0;"De 50 a 99 mil";"Serviço Autônomo de Água e Esgoto";SAAE;Autarquia;;94,56;69.898;69.898;100;;0;207,3;100;51,13;"2,00 por m³";;"Serviço Autônomo de Água e Esgoto";SAAE;Autarquia;;69.898;94,56;69.898;100;;0;;;;;;;"SECRETARIA DE MEIO AMBIENTE";;Autarquia;73.919;100;69.898;100;4.021;1;;0,85;Sim;;;Não;
3522653;"Itapirapuã Paulista";1;Sudeste;SP;"São Paulo";Não;;;;;"Mata Atlântica";"Atlântico Sudeste";406,48;4.405;1.990;2.415;45,18;54,82;"JULIO CESAR DO AMARAL";PSD;Sim;62,59;0;4,55;32,87;"Até 20 mil";"Companhia de Saneamento Básico do Estado de São Paulo";SABESP;"Empresa privada";;57,62;2.538;1.882;94,57;656;27,16;156,46;100;24,28;"4,30 por m³";;"Companhia de Saneamento Básico do Estado de São Paulo";SABESP;"Sociedade de economia mista";;2.397;54,42;1.882;94,57;515;21,33;;;;;;;"SECRETARIA MUNICIPAL DE MEIO AMBIENTE";;"Empresa privada";4.389;99,64;1.990;100;2.399;0,99;;0,63;Não;;;Não;
3522703;Itápolis;1;Sudeste;SP;"São Paulo";Não;;;;;"Mata Atlântica";Paraná;996,75;40.464;37.591;2.873;92,9;7,1;"VLADIMIR DO CARMO REGGIANI";PL;Sim;68,4;26,6;0,28;4,72;"De 20 a 49 mil";"Serviço Autônomo de Água e Esgoto de Itápolis";SAAEI;Autarquia;;58,37;23.618;23.618;62,83;;0;257,5;100;40,9;"3,93 por m³";;"Serviço Autônomo de Água e Esgoto de Itápolis";SAAEI;Autarquia;;34.718;85,8;34.718;92,36;;0;;;;;;;"SECRETARIA DE DESENVOLVIMENTO AMBIENTAL";;Autarquia;40.464;100;37.591;100;2.873;1;;0,9;Sim;;;Sim;"Taxa específica no boleto do IPTU"
3522802;Itaporanga;1;Sudeste;SP;"São Paulo";Não;;;;;"Cerrado, Mata Atlântica";Paraná;508,00;14.260;10.649;3.611;74,68;25,32;"FABIO BRUNO GURGEL BENINI";PSB;Sim;91,38;0;2,11;6,51;"Até 20 mil";"Companhia de Saneamento Básico do Estado de São Paulo";SABESP;"Empresa privada";;93,01;13.263;10.649;100;2.614;72,39;137,33;100;25,04;"4,42 por m³";;"Companhia de Saneamento Básico do Estado de São Paulo";SABESP;"Sociedade de economia mista";;9.703;68,04;9.703;91,12;;0;;;;;;;"SECRETARIA MUNICIPAL DE AGROPECUÁRIA E MEIO AMBIENTE";;"Empresa privada";10.649;74,68;10.649;100;;0;;0,46;Sim;;;Não;
3522901;Itapuí;1;Sudeste;SP;"São Paulo";Não;;;;;"Mata Atlântica";Paraná;140,02;13.984;13.632;352;97,48;2,52;"MARIA CLELIA VIARO PICHELLI";PSD;Não;0;88,54;10,41;1,05;"Até 20 mil";"Prefeitura Municipal de Itapuí";PMI;Município;;100;13.984;13.632;100;352;100;220,43;96,69;12,53;"2,54 por m³";;"Prefeitura Municipal de Itapuí";PMI;Município;;13.191;94,33;13.181;96,69;10;2,84;;;;;;;"DIRETORIA DE AGRICULTURA E MEIO AMBIENTE";;Município;13.984;100;13.632;100;352;1;;1,44;Sim;;;Não;
3523008;Itapura;1;Sudeste;SP;"São Paulo";Não;;;;;"Mata Atlântica";Paraná;301,65;4.014;3.381;633;84,23;15,77;"SERGINO DA SILVA PRADO";PSD;Sim;90;0;5,03;4,97;"Até 20 mil";"Prefeitura Municipal de Itapura";PMI;Município;;84,23;3.381;3.381;100;;0;117,75;44,66;41,11;"1,23 por m³";;"Prefeitura Municipal de Itapura";PMI;Município;;4.014;100;3.381;100;633;100;;;;;;;"SECRETARIA MUNICIPAL DE SERVIÇOS PÚBLICOS";;Município;3.849;95,89;3.224;95,36;625;0,98;;1,53;Não;;;Não;
3523107;Itaquaquecetuba;1;Sudeste;SP;"São Paulo";Sim;"Região Metropolitana de São Paulo";"Lei Complementar 1.139";16.06.2011;"Sub-região Leste";"Mata Atlântica";Paraná;82,62;382.521;382.521;;100;0;"EDUARDO BOIGUES QUEROZ";PL;Sim;4,43;58,85;9,72;27;"De 250 a 499 mil";"Companhia de Saneamento Básico do Estado de São Paulo";SABESP;"Empresa privada";;100;382.521;382.521;100;;;147,78;100;29,36;"5,07 por m³";;"Companhia de Saneamento Básico do Estado de São Paulo";SABESP;"Sociedade de economia mista";;307.370;80,34;307.370;80,34;;;;;;;;;"SECRETARIA MUNICIPAL DE SERVIÇOS URBANOS";;"Empresa privada";373.010;97,51;373.010;97,51;;;;1,25;Não;;;Não;
3523206;Itararé;1;Sudeste;SP;"São Paulo";Não;;;;;"Cerrado, Mata Atlântica";Paraná;1.003,86;45.327;42.834;2.493;94,5;5,5;"JOÃO JORGE FADEL FILHO";PP;Sim;86,37;0;0,8;12,82;"De 20 a 49 mil";"Companhia de Saneamento Básico do Estado de São Paulo";SABESP;"Empresa privada";;96,04;43.530;41.037;95,8;2.493;100;152,54;100;24,54;"4,38 por m³";;"Companhia de Saneamento Básico do Estado de São Paulo";SABESP;"Sociedade de economia mista";;40.955;90,35;40.955;95,61;;0;;;;;;;"COORDENADORIA DE MEIO AMBIENTE";;"Empresa privada";45.327;100;42.834;100;2.493;1;;0,46;Sim;;;Sim;"Taxa específica no boleto do IPTU"
3523305;Itariri;1;Sudeste;SP;"São Paulo";Não;;;;;"Mata Atlântica";"Atlântico Sudeste";273,67;15.762;12.138;3.624;77,01;22,99;"CARLOS ROCHA RIBEIRO";PL;Não;63,84;0,91;20,02;15,23;"Até 20 mil";"Companhia de Saneamento Básico do Estado de São Paulo";SABESP;"Empresa privada";;43,82;6.907;6.907;56,9;;0;213,44;99,94;20,48;"4,92 por m³";;"Companhia de Saneamento Básico do Estado de São Paulo";SABESP;"Sociedade de economia mista";;5.332;33,83;5.332;43,93;;0;;;;;;;"DEPARTAMENTO DE MEIO AMBIENTE";;"Empresa privada";10.000;63,44;10.000;82,39;;0;;1,39;Não;;;Não;
3523404;Itatiba;1;Sudeste;SP;"São Paulo";Sim;"Região Metropolitana de Campinas";"Lei Complementar 870";19.06.2000;;"Mata Atlântica";Paraná;322,28;126.403;121.739;4.664;96,31;3,69;"THOMÁS ANTONIO CAPELETTO DE OLIVEIRA";PSD;Sim;95,5;0;1,34;3,17;"De 100 a 249 mil";"Companhia de Saneamento Básico do Estado de São Paulo";SABESP;"Empresa privada";;92,59;117.034;117.034;96,14;;0;179,84;99,91;30,53;"5,32 por m³";;"Companhia de Saneamento Básico do Estado de São Paulo";SABESP;"Sociedade de economia mista";;109.212;86,4;109.212;89,71;;0;;;;;;;"SECRETARIA DE MEIO AMBIENTE E AGRICULTURA";;"Empresa privada";126.403;100;121.739;100;4.664;1;;0,83;Sim;;;Sim;"Taxa específica no boleto do IPTU"
3523503;Itatinga;1;Sudeste;SP;"São Paulo";Não;;;;;"Cerrado, Mata Atlântica";Paraná;979,82;19.427;16.715;2.712;86,04;13,96;"PAULO HENRIQUE DE OLIVEIRA ROQUE";PL;Não;94,35;0;0,53;5,12;"Até 20 mil";"Companhia de Saneamento Básico do Estado de São Paulo";SABESP;"Empresa privada";;87,71;17.040;16.715;100;325;11,98;152,91;100;25,75;"4,51 por m³";;"Companhia de Saneamento Básico do Estado de São Paulo";SABESP;"Sociedade de economia mista";;16.817;86,57;16.715;100;102;3,76;;;;;;;"DIRETORIA DE MEIO AMBIENTE";;"Empresa privada";19.300;99,35;16.700;99,91;2.600;0,95;;1,3;Não;;;Sim;"Taxa específica no boleto do IPTU"
3523602;Itirapina;1;Sudeste;SP;"São Paulo";Não;;;;;"Cerrado, Mata Atlântica";Paraná;564,60;16.433;15.110;1.323;91,95;8,05;"MARIA DA GRAÇA ZUCCHI MORAES";PSD;Sim;91,79;0;4,79;3,43;"Até 20 mil";"Prefeitura Municipal de Itirapina";P.M.I;Município;;89,52;14.710;14.710;97,35;;0;216,91;100;28,31;"2,20 por m³";;"Prefeitura Municipal de Itirapina";P.M.I;Município;;13.581;82,64;13.581;89,88;;0;;;;;;;"SECRETARIA MUNICIPAL DE SERVIÇOS PÚBLICOS";;Município;15.910;96,82;15.110;100;800;0,6;;0,91;Sim;;;Sim;"Taxa específica no boleto do IPTU"
3523701;Itirapuã;1;Sudeste;SP;"São Paulo";Sim;"Aglomeração Urbana de Franca";"Lei Complementar 1.323";22.05.2018;;"Cerrado, Mata Atlântica";Paraná;161,12;5.861;5.091;770;86,86;13,14;"GERSON LUIZ ALVES";PSD;Sim;97,08;0;0,34;2,57;"Até 20 mil";"Companhia de Saneamento Básico do Estado de São Paulo";SABESP;"Empresa privada";;100;5.861;5.091;100;770;100;159,52;100;21,17;"4,29 por m³";;"Companhia de Saneamento Básico do Estado de São Paulo";SABESP;"Sociedade de economia mista";;5.025;85,74;5.025;98,7;;0;;;;;;;"SECRETARIA MUNICIPAL DE ENGENHARIA E OBRAS";;"Empresa privada";4.865;83,01;4.865;95,56;;0;;1;Não;;;Não;
3523800;Itobi;1;Sudeste;SP;"São Paulo";Não;;;;;"Cerrado, Mata Atlântica";Paraná;138,99;8.210;7.154;1.056;87,14;12,86;"JOAQUIM CÂNDIDO FILHO";MDB;Sim;89,35;0;1,47;9,17;"Até 20 mil";"Companhia de Saneamento Básico do Estado de São Paulo";SABESP;"Empresa privada";;88,86;7.295;7.154;100;141;13,35;184,64;100;17,38;"4,51 por m³";;"Companhia de Saneamento Básico do Estado de São Paulo";SABESP;"Sociedade de economia mista";;7.105;86,54;7.105;99,32;;0;;;;;;;"DEPARTAMENTO DE MEIO AMBIENTE";;"Empresa privada";7.154;87,14;7.154;100;;0;;0,7;Não;;;Não;
3523909;Itu;1;Sudeste;SP;"São Paulo";Sim;"Região Metropolitana de Sorocaba";"Lei Complementar 1.241";20.06.2014;"Sub-região 2";"Mata Atlântica";Paraná;640,72;174.561;166.915;7.646;95,62;4,38;"HERCULANO CASTILHO PASSOS JUNIOR";REPUBLICANOS;Sim;100;0;0;0;"De 100 a 249 mil";"Companhia Ituana de Saneamento";CIS;Autarquia;;89,78;156.718;156.549;93,79;169;2,21;180,83;100;59,07;"4,45 por m³";;"Companhia Ituana de Saneamento";CIS;Autarquia;;149.494;85,64;149.491;89,56;3;0,04;;;;;;;"SECRETARIA DE MEIO AMBIENTE, SECRETARIA DE ADMINISTRAÇÃO";;Autarquia;174.561;100;166.915;100;7.646;1;;1,12999;Sim;;;Não;
3524006;Itupeva;1;Sudeste;SP;"São Paulo";Sim;"Aglomeração Urbana de Jundiaí";"Lei Complementar 1.146";24.08.2011;;"Mata Atlântica";Paraná;200,82;74.119;70.191;3.928;94,7;5,3;"ROGÉRIO CAVALIN";MDB;Sim;92,91;2,48;4,61;0;"De 50 a 99 mil";"Companhia de Saneamento Básico do Estado de São Paulo";SABESP;"Empresa privada";;84,58;62.690;62.690;89,31;;0;205,77;100;20,53;"5,60 por m³";;"Companhia de Saneamento Básico do Estado de São Paulo";SABESP;"Sociedade de economia mista";;55.250;74,54;55.250;78,7;;0;;;;;;;"DEPARTAMENTO DE MEIO AMBIENTE";;"Empresa privada";74.119;100;70.191;100;3.928;1;;0,91;Sim;;;Sim;"Taxa específica no boleto do IPTU"
3524105;Ituverava;1;Sudeste;SP;"São Paulo";Sim;"Aglomeração Urbana de Franca";"Lei Complementar 1.323";22.05.2018;;"Cerrado, Mata Atlântica";;704,66;38.451;37.382;1.069;97,22;2,78;"LUIZ ANTÔNIO DE ARAÚJO";REPUBLICANOS;Não;100;0;0;0;"De 20 a 49 mil";"Serviço Autônomo de Água e Esgoto";SAAE;Autarquia;;97,22;37.382;37.382;100;;0;320,64;97,08;47,77;"2,54 por m³";;"Serviço Autônomo de Água e Esgoto";SAAE;Autarquia;;37.382;97,22;37.382;100;;0;;;;;;;"SECRETARIA DO MEIO AMBIENTE E RECURSOS HÍDRICOS";;Autarquia;38.130;99,17;37.382;100;748;0,69;;0,74;Sim;;;Sim;"Taxa específica no boleto do IPTU"
3524204;Jaborandi;1;Sudeste;SP;"São Paulo";Não;;;;;"Cerrado, Mata Atlântica";Paraná;273,44;6.293;5.970;323;94,87;5,13;"SILVIO VAZ DE ALMEIDA";PODE;Não;95,61;0;0,03;4,36;"Até 20 mil";"Companhia de Saneamento Básico do Estado de São Paulo";SABESP;"Empresa privada";;98,24;6.182;5.970;100;212;65,63;176,06;100;13,36;"4,51 por m³";;"Companhia de Saneamento Básico do Estado de São Paulo";SABESP;"Sociedade de economia mista";;6.178;98,17;5.970;100;208;64,4;;;;;;;"DEPARTAMENTO DE OBRAS E SERVIÇOS URBANOS";;"Empresa privada";6.293;100;5.970;100;323;1;;2,5;Não;;;Sim;"Taxa específica no boleto do IPTU"
3524303;Jaboticabal;1;Sudeste;SP;"São Paulo";Sim;"Região Metropolitana de Ribeirão Preto";"Lei Complementar 1.290";06.07.2016;"Sub-região 2";"Cerrado, Mata Atlântica";Paraná;706,60;73.467;71.902;1.565;97,87;2,13;"EMERSON RODRIGO CAMARGO";MDB;Sim;100;0;0;0;"De 50 a 99 mil";"Serviço Autônomo Água e Esgoto de Jaboticabal";SAAEJ;Autarquia;;97,87;71.902;71.902;100;;0;218,62;100;40,47;"3,10 por m³";;"Serviço Autônomo Água e Esgoto de Jaboticabal";SAAEJ;Autarquia;;73.467;100;71.902;100;1.565;100;;;;;;;"SERVIÇO AUTÔNOMO DE ÁGUA E ESGOTO";;Autarquia;71.902;97,87;71.902;100;;0;;1,31;Sim;;;Sim;"Taxa específica no boleto de água ou esgoto"
3524402;Jacareí;1;Sudeste;SP;"São Paulo";Sim;"Região Metropolitana do Vale do Paraíba e Litoral Norte";"Lei Complementar 1.166";09.01.2012;"Sub-região 1";"Mata Atlântica";"Atlântico Sudeste";464,27;249.968;244.394;5.574;97,77;2,23;"CELSO FLORÊNCIO DE SOUZA";PL;Sim;67,89;25,11;4,38;2,62;"De 100 a 249 mil";"Serviço Autônomo Água e Esgoto de Jacareí";"SAAE Jacareí";Autarquia;;97,77;244.384;244.246;99,94;138;2,48;193,72;99,98;30,22;"4,43 por m³";;"Serviço Autônomo Água e Esgoto de Jacareí";"SAAE Jacareí";Autarquia;;187.955;75,19;187.955;76,91;;0;;;;;;;"SECRETARIA DE INFRAESTRUTURA";;Autarquia;249.968;100;244.394;100;5.574;1;;2,49;Sim;;;Sim;"Taxa em boleto exclusivo"
3524501;Jaci;1;Sudeste;SP;"São Paulo";Não;;;;;"Mata Atlântica";Paraná;145,13;7.878;7.168;710;90,99;9,01;"VALÉRIA PERPÉTUO GUIMARÃES HENRIQUE";REPUBLICANOS;Sim;45,07;52;0,18;2,75;"Até 20 mil";"Prefeitura Municipal de Jaci";PMJ;Município;;90,99;7.168;7.168;100;;0;1025,05;100;33,15;"0,09 por m³";;"Prefeitura Municipal de Jaci";PMJ;Município;;7.108;90,23;7.108;99,16;;0;;;;;;;"PREFEITURA MUNICIPAL DE JACI";;Município;7.878;100;7.168;100;710;1;;0,38;Não;;;Sim;"Taxa específica no boleto do IPTU"
3524600;Jacupiranga;1;Sudeste;SP;"São Paulo";Não;;;;;"Mata Atlântica";;704,19;16.254;10.679;5.575;65,7;34,3;"JOÃO BATISTA DE ANDRADE";REPUBLICANOS;Não;76,85;7,14;4,96;11,05;"Até 20 mil";"Companhia de Saneamento Básico do Estado de São Paulo";SABESP;"Empresa privada";;67,09;10.907;10.679;100;228;4,09;179,43;100;25,16;"4,78 por m³";;"Companhia de Saneamento Básico do Estado de São Paulo";SABESP;"Sociedade de economia mista";;9.503;58,47;9.503;88,99;;0;;;;;;;"SECRETARIA MUNICIPAL DE MEIO AMBIENTE";;"Empresa privada";16.254;100;10.679;100;5.575;1;;0,49;Não;;;Sim;"Taxa específica no boleto do IPTU"
3524709;Jaguariúna;1;Sudeste;SP;"São Paulo";Sim;"Região Metropolitana de Campinas";"Lei Complementar 870";19.06.2000;;"Mata Atlântica";Paraná;141,39;61.801;59.885;1.916;96,9;3,1;"DAVID HILARIO NETO";PP;Não;60,83;29,23;6,4;3,54;"De 50 a 99 mil";"Prefeitura Municipal de Jaguariúna";PMJ;Município;;96,9;59.885;59.885;100;;0;226,44;100;30,99;"2,91 por m³";;"Prefeitura Municipal de Jaguariúna";PMJ;Município;;59.885;96,9;59.885;100;;0;;;;;;;"SECRETARIA DE OBRAS E SERVIÇOS URBANOS";;Município;61.801;100;59.885;100;1.916;1;;1,43;Sim;;;Sim;"Taxa específica no boleto do IPTU"
3524808;Jales;1;Sudeste;SP;"São Paulo";Não;;;;;"Mata Atlântica";Paraná;368,57;50.017;47.241;2.776;94,45;5,55;"LUIS HENRIQUE DOS SANTOS MOREIRA";PL;Sim;92,61;0;0,39;7;"De 50 a 99 mil";"Companhia de Saneamento Básico do Estado de São Paulo";SABESP;"Empresa privada";;100;50.017;47.241;100;2.776;100;206,33;100;13,31;"5,68 por m³";;"Companhia de Saneamento Básico do Estado de São Paulo";SABESP;"Sociedade de economia mista";;50.017;100;47.241;100;2.776;100;;;;;;;"SECRETARIA MUNICIPAL DE AGRICULTURA, PECUÁRIA, ABASTECIMENTO E MEIO AMBIENTE";;"Empresa privada";50.017;100;47.241;100;2.776;1;;1,06;Sim;;;Sim;"Taxa específica no boleto do IPTU"
3524907;Jambeiro;1;Sudeste;SP;"São Paulo";Sim;"Região Metropolitana do Vale do Paraíba e Litoral Norte";"Lei Complementar 1.166";09.01.2012;"Sub-região 1";"Mata Atlântica";"Atlântico Sudeste";184,41;6.575;4.660;1.915;70,87;29,13;"ARIES MARIOTO FERREIRA";PP;Sim;83,56;0;0,55;15,89;"Até 20 mil";"Companhia de Saneamento Básico do Estado de São Paulo";SABESP;"Empresa privada";;68,95;4.534;4.534;97,3;;0;213,81;100;18,91;"5,78 por m³";;"Companhia de Saneamento Básico do Estado de São Paulo";SABESP;"Sociedade de economia mista";;3.050;46,39;3.050;65,45;;0;;;;;;;"SECRETARIA DE MEIO AMBIENTE";;"Empresa privada";6.575;100;4.660;100;1.915;1;;1,02;Sim;;;Não;
3525003;Jandira;1;Sudeste;SP;"São Paulo";Sim;"Região Metropolitana de São Paulo";"Lei Complementar 1.139";16.06.2011;"Sub-região Oeste";"Mata Atlântica";;17,45;121.988;121.988;;100;0;"HENRI HAJIME SATO";PSD;Não;6,39;57,51;7,31;28,79;"De 100 a 249 mil";"Companhia de Saneamento Básico do Estado de São Paulo";SABESP;"Empresa privada";;100;121.988;121.988;100;;;153,52;100;40,45;"5,66 por m³";;"Companhia de Saneamento Básico do Estado de São Paulo";SABESP;"Sociedade de economia mista";;116.859;95,8;116.859;95,8;;;;;;;;;"SECRETARIA MEIO AMBIENTE";;"Empresa privada";121.000;99,19;121.000;99,19;;;;0,74;Não;;;Não;
3525102;Jardinópolis;1;Sudeste;SP;"São Paulo";Sim;"Região Metropolitana de Ribeirão Preto";"Lei Complementar 1.290";06.07.2016;"Sub-região 1";"Cerrado, Mata Atlântica";Paraná;501,87;46.868;43.686;3.182;93,21;6,79;"ANTONIO CARLOS DEGAN";MDB;Não;0;99,76;0,12;0,11;"De 20 a 49 mil";"Prefeitura Municipal de Jardinópolis";PMJ;Município;;93,21;43.686;43.686;100;;0;223,41;97,39;28,57;"3,17 por m³";;"Prefeitura Municipal de Jardinópolis";PMJ;Município;;43.686;93,21;43.686;100;;0;;;;;;;"SECRETARIA DE OBRAS E SERVIÇOS PÚBLICOS";;Município;43.686;93,21;43.686;100;;0;;0,76;Não;;;Sim;"Taxa específica no boleto do IPTU"
3525201;Jarinu;1;Sudeste;SP;"São Paulo";Sim;"Aglomeração Urbana de Jundiaí";"Lei Complementar 1.146";24.08.2011;;"Mata Atlântica";Paraná;207,55;39.531;34.574;4.957;87,46;12,54;"DÉBORA CRISTINA DO PRADO BELINELLO";PSD;Sim;28,4;0;29,52;42,07;"De 20 a 49 mil";"Companhia de Saneamento Básico do Estado de São Paulo";SABESP;"Empresa privada";;63,41;25.068;25.068;72,51;;0;187,66;99,98;29,56;"4,87 por m³";;"Companhia de Saneamento Básico do Estado de São Paulo";SABESP;"Sociedade de economia mista";;12.268;31,03;12.268;35,47;;0;;;;;;;"SECRETARIA DE AGRICULTURA E MEIO AMBIENTE";;"Empresa privada";37.400;94,61;34.000;98,34;3.400;0,68;;1,63;Não;;;Não;
3525300;Jaú;1;Sudeste;SP;"São Paulo";Não;;;;;"Cerrado, Mata Atlântica";Paraná;687,10;137.323;134.906;2.417;98,24;1,76;"JORGE IVAN CASSARO";PSD;Não;92,32;7,36;0,3;0,02;"De 100 a 249 mil";"Águas de Jahu S. A.";CAJA;"Empresa privada";;98,26;134.939;134.906;100;33;1,37;242,21;99,93;27,84;"4,99 por m³";;"Águas de Jahu S. A.";CAJA;"Empresa privada";;134.939;98,26;134.906;100;33;1,37;;;;;;;"SECRETARIA DE MEIO AMBIENTE";;"Empresa privada";137.323;100;134.906;100;2.417;1;;0,79;Sim;;;Não;
3525409;Jeriquara;1;Sudeste;SP;"São Paulo";Sim;"Aglomeração Urbana de Franca";"Lei Complementar 1.323";22.05.2018;;"Cerrado, Mata Atlântica";Paraná;141,97;3.976;3.512;464;88,33;11,67;"ELAINE PINHEIRO DE PAULA MANSANO GARCIA";MDB;Não;97,65;0;1,15;1,19;"Até 20 mil";"Companhia de Saneamento Básico do Estado de São Paulo";SABESP;"Empresa privada";;93,56;3.720;3.435;97,81;285;61,42;178,11;100;18,89;"4,67 por m³";;"Companhia de Saneamento Básico do Estado de São Paulo";SABESP;"Sociedade de economia mista";;3.693;92,88;3.435;97,81;258;55,6;;;;;;;"DEPARTAMENTO DE ENGENHARIA";;"Empresa privada";3.976;100;3.512;100;464;1;;1,45;Não;;;Não;
3525508;Joanópolis;1;Sudeste;SP;"São Paulo";Não;;;;;"Mata Atlântica";Paraná;374,29;13.095;9.502;3.593;72,56;27,44;"CRISTIANO BENEDITO";REPUBLICANOS;Sim;87,68;0;12,32;0;"Até 20 mil";"Companhia de Saneamento Básico do Estado de São Paulo";SABESP;"Empresa privada";;74,59;9.767;9.038;95,12;729;20,29;207,62;100;13,02;"4,91 por m³";;"Companhia de Saneamento Básico do Estado de São Paulo";SABESP;"Sociedade de economia mista";;8.791;67,13;8.791;92,52;;0;;;;;;;"SECRETARIA MUNICIPAL DE AGRICULTURA, ABASTECIMENTO E MEIO AMBIENTE DE JOANÓPOLIS";;"Empresa privada";13.095;100;9.502;100;3.593;1;;0,86;Não;;;Não;
3525607;"João Ramalho";1;Sudeste;SP;"São Paulo";Não;;;;;"Cerrado, Mata Atlântica";Paraná;415,45;4.456;3.939;517;88,4;11,6;"DIRCE DA CONCEICAO BUBOLA VALEJO";PSDB;Sim;98,76;0;0,08;1,16;"Até 20 mil";"Prefeitura Municipal de João Ramalho";PMJR;Município;;88,4;3.939;3.939;100;;0;394,77;100;5,4;"1,13 por m³";;"Prefeitura Municipal de João Ramalho";PMJR;Município;;3.939;88,4;3.939;100;;0;;;;;;;"SECRETARIA DE PLANEJAMENTO, OBRAS E INFRAESTRUTURA";;Município;4.169;93,56;3.939;100;230;0,44;;0,46;Não;;;Sim;"Taxa em boleto exclusivo"
3525706;"José Bonifácio";1;Sudeste;SP;"São Paulo";Não;;;;;"Mata Atlântica";Paraná;860,20;37.859;35.129;2.730;92,79;7,21;"MARCELO CATARUCI DE ALMEIDA";PSD;Sim;97,93;0;0,22;1,86;"De 20 a 49 mil";"Prefeitura Municipal de José Bonifácio";sp;Município;;87,66;33.189;33.189;94,48;;0;237;100;47,41;"1,92 por m³";;"Prefeitura Municipal de José Bonifácio";sp;Município;;33.548;88,61;33.548;95,5;;0;;;;;;;"SECRETARIA DE OBRAS E SERVIÇOS";;Município;35.129;92,79;35.129;100;;0;;0,75;Não;;;Sim;"Taxa específica no boleto do IPTU"
3525805;"Júlio Mesquita";1;Sudeste;SP;"São Paulo";Não;;;;;"Mata Atlântica";Paraná;128,18;4.308;4.028;280;93,5;6,5;"ELTON FRANCISCO DE BRITO";PP;Sim;95;0;0,19;4,81;"Até 20 mil";"Prefeitura Municipal de Júlio Mesquita";PMJM;Município;;93,5;4.028;4.028;100;;0;216,07;94,99;52,94;"0,83 por m³";;"Prefeitura Municipal de Júlio Mesquita";PMJM;Município;;4.028;93,5;4.028;100;;0;;;;;;;"DEPARTAMENTO DO MEIO AMBIENTE";;Município;4.028;93,5;4.028;100;;0;;4,58;Não;;;Não;
3525854;Jumirim;1;Sudeste;SP;"São Paulo";Sim;"Região Metropolitana de Sorocaba";"Lei Complementar 1.241";20.06.2014;"Sub-região 1";"Mata Atlântica";Paraná;56,69;3.123;2.052;1.071;65,71;34,29;"DANIEL VIEIRA";PSD;Sim;85,09;0;11,83;3,08;"Até 20 mil";"Prefeitura Municipal de Jumirim";PMJ;Município;;79,44;2.481;1.791;87,28;690;64,43;174,39;100;33,24;"3,16 por m³";;"Prefeitura Municipal de Jumirim";PMJ;Município;;1.754;56,16;1.661;80,95;93;8,68;;;;;;;"SECRETARIA DE AGRICULTURA, ABASTECIEMENTO, MEIO AMBIENTE E RECURSOS HIDRICOS";;Município;2.052;65,7;2.052;100;;0;;0,76;Sim;;;Sim;"Taxa específica no boleto do IPTU"
3525904;Jundiaí;1;Sudeste;SP;"São Paulo";Sim;"Aglomeração Urbana de Jundiaí";"Lei Complementar 1.146";24.08.2011;;"Mata Atlântica";Paraná;431,21;460.313;445.859;14.454;96,86;3,14;"GUSTAVO MARTINELLI";UNIÃO;Sim;100;0;0;0;"De 250 a 499 mil";"DAE S/A - Água e Esgoto";"DAE Jundiaí";"Sociedade de economia mista";;98,57;453.743;444.434;99,68;9.309;64,4;239,42;97,95;26,43;"5,42 por m³";;"DAE S/A - Água e Esgoto";"DAE Jundiaí";"Sociedade de economia mista";;444.499;96,56;438.126;98,27;6.373;44,09;;;;;;;"UNIDADE DE GESTÃO DE INFRAESTRUTURA E SERVIÇOS PÚBLICOS";;"Sociedade de economia mista";460.313;100;445.859;100;14.454;1;;1,37;Sim;;;Sim;"Taxa específica no boleto do IPTU"
3526001;Junqueirópolis;1;Sudeste;SP;"São Paulo";Não;;;;;"Mata Atlântica";;582,57;20.878;19.356;1.522;92,71;7,29;"ELIO FURINI NETO";REPUBLICANOS;Não;99,21;0;0,34;0,45;"De 20 a 49 mil";"Prefeitura Municipal de Junqueirópolis";PMJ;Município;;93,19;19.456;19.356;100;100;6,57;359,9;93,19;11,76;"3,19 por m³";;"Prefeitura Municipal de Junqueirópolis";PMJ;Município;;19.456;93,19;19.356;100;100;6,57;;;;;;;"DIRETORIA AGRONEGÓCIO, INDÚSTRIA, COMÉRCIO, MEIO AMBIENTE E RESÍDUOS SÓLIDOS";;Município;19.356;92,71;19.356;100;;0;;0,64;Não;;;Não;
3526100;Juquiá;1;Sudeste;SP;"São Paulo";Não;;;;;"Mata Atlântica";"Atlântico Sudeste";812,80;17.255;11.557;5.698;66,98;33,02;"CICERO CIRILO DOS SANTOS";UNIÃO;Não;68,86;3,47;8,15;19,52;"Até 20 mil";"Companhia de Saneamento Básico do Estado de São Paulo";SABESP;"Empresa privada";;75,36;13.004;11.557;100;1.447;25,39;160,49;100;33,18;"4,87 por m³";;"Companhia de Saneamento Básico do Estado de São Paulo";SABESP;"Sociedade de economia mista";;9.679;56,09;9.679;83,75;;0;;;;;;;"PREFEITURA MUNICIPAL DE JUQUIÁ";;"Empresa privada";14.390;83,4;10.401;90;3.989;0,7;;0,49;Não;;;Sim;"Taxa em boleto exclusivo"
3526209;Juquitiba;1;Sudeste;SP;"São Paulo";Sim;"Região Metropolitana de São Paulo";"Lei Complementar 1.139";16.06.2011;"Sub-região Sudoeste";"Mata Atlântica";;522,17;28.007;16.040;11.967;57,27;42,73;"WILLIANS SOARES RODRIGUES";MDB;Não;32,08;0;21,53;46,39;"De 20 a 49 mil";"Companhia de Saneamento Básico do Estado de São Paulo";SABESP;"Empresa privada";;50,76;14.217;14.217;88,63;;0;241,74;100;28,29;"5,05 por m³";;"Companhia de Saneamento Básico do Estado de São Paulo";SABESP;"Sociedade de economia mista";;5.855;20,91;5.855;36,5;;0;;;;;;;"SECRETARIA MUNICIPAL DE AGRICULTURA E MEIO AMBIENTE";;"Empresa privada";25.989;92,79;14.961;93,27;11.028;0,92;;0,7;Sim;;;Sim;"Taxa específica no boleto do IPTU"
3526308;Lagoinha;1;Sudeste;SP;"São Paulo";Sim;"Região Metropolitana do Vale do Paraíba e Litoral Norte";"Lei Complementar 1.166";09.01.2012;"Sub-região 2";"Mata Atlântica";"Atlântico Sudeste";255,47;5.182;3.234;1.948;62,41;37,59;"JOSÉ GUILHERME CORRÊA GOMES";PL;Não;86,73;0;0,35;12,92;"Até 20 mil";"Companhia de Saneamento Básico do Estado de São Paulo";SABESP;"Empresa privada";;59,32;3.074;3.074;95,05;;0;165,81;100;32,93;"4,67 por m³";;"Companhia de Saneamento Básico do Estado de São Paulo";SABESP;"Sociedade de economia mista";;2.912;56,19;2.912;90,04;;0;;;;;;;"SECRETARIA MUNICIPAL DE AGRICULTURA, PECUÁRIA E MEIO AMBIENTE";;"Empresa privada";5.182;100;3.234;100;1.948;1;;0,51;Não;;;Sim;"Taxa específica no boleto do IPTU"
3526407;"Laranjal Paulista";1;Sudeste;SP;"São Paulo";Sim;"Aglomeração Urbana de Piracicaba-AU- Piracicaba";"Lei Complementar 1.265";15.06.2015;;"Mata Atlântica";Paraná;384,27;27.009;23.919;3.090;88,56;11,44;"ANTONIO VALDECIR BERTO FILHO";REPUBLICANOS;Sim;90,94;0;5,19;3,87;"De 20 a 49 mil";"Companhia de Saneamento Básico do Estado de São Paulo";SABESP;"Empresa privada";;94,31;25.473;23.919;100;1.554;50,29;181,42;100;40,99;"4,88 por m³";;"Companhia de Saneamento Básico do Estado de São Paulo";SABESP;"Sociedade de economia mista";;24.471;90,6;23.919;100;552;17,86;;;;;;;"SECRETARIA DE AGRICULTURA, ABASTECIMENTO E MEIO AMBIENTE";;"Empresa privada";23.919;88,56;23.919;100;;0;;0,9;Sim;;;Sim;"Taxa específica no boleto do IPTU"
3526506;Lavínia;1;Sudeste;SP;"São Paulo";Não;;;;;"Mata Atlântica";Paraná;537,68;9.909;4.273;5.636;43,12;56,88;"SALVADOR CAZUO MATSUNAKA";PSD;Sim;94,77;0,05;3,41;1,77;"Até 20 mil";"Prefeitura Municipal de Lavínia";PML;Município;;43,12;4.273;4.273;100;;0;187,29;100;45,42;"1,63 por m³";;"Prefeitura Municipal de Lavínia";PML;Município;;4.114;41,52;4.114;96,28;;0;;;;;;;"DEPARTAMENTO DE MEIO AMBIENTE";;Município;9.617;97,05;4.273;100;5.344;0,94;;0,85;Sim;;;Sim;"Taxa específica no boleto de água ou esgoto"
3526605;Lavrinhas;1;Sudeste;SP;"São Paulo";Sim;"Região Metropolitana do Vale do Paraíba e Litoral Norte";"Lei Complementar 1.166";09.01.2012;"Sub-região 4";"Mata Atlântica";"Atlântico Sudeste";167,07;7.328;6.790;538;92,66;7,34;"MARCOS VINICIUS FRANQUEIRA GARCIA";PSD;Não;6,26;53,94;3,22;36,58;"Até 20 mil";"Companhia de Saneamento Básico do Estado de São Paulo";SABESP;"Empresa privada";;96,52;7.073;6.790;100;283;52,6;164,98;100;20,3;"4,58 por m³";;"Companhia de Saneamento Básico do Estado de São Paulo";SABESP;"Sociedade de economia mista";;6.058;82,67;6.058;89,22;;0;;;;;;;"SECRETARIA DE MEIO AMBIENTE";;"Empresa privada";6.790;92,66;6.790;100;;0;;0,88;Não;;;Sim;"Taxa específica no boleto do IPTU"
3526704;Leme;1;Sudeste;SP;"São Paulo";Sim;"Aglomeração Urbana de Piracicaba-AU- Piracicaba";"Lei Complementar 1.178";26.06.2012;;"Cerrado, Mata Atlântica";Paraná;402,87;101.316;99.533;1.783;98,24;1,76;"CLAUDEMIR APARECIDO BORGES";PSD;Sim;60;40;0;0;"De 100 a 249 mil";"Superintendência de Água e Esgotos da Cidade de Leme";SAECIL;Autarquia;;100;101.316;99.533;100;1.783;100;208,7;100;47,37;"3,91 por m³";;"Superintendência de Água e Esgotos da Cidade de Leme";SAECIL;Autarquia;;101.316;100;99.533;100;1.783;100;;;;;;;"SECRETARIA DO MEIO AMBIENTE";;Autarquia;101.316;100;99.533;100;1.783;1;;0,89;Não;;;Não;
3526803;"Lençóis Paulista";1;Sudeste;SP;"São Paulo";Não;;;;;"Cerrado, Mata Atlântica";Paraná;809,54;68.395;66.692;1.703;97,51;2,49;"ANDRE PACCOLA SASSO";PP;Sim;98,4;0;0,71;0,89;"De 50 a 99 mil";"Serviço Autônomo Água e Esgotos de Lençóis Paulista";SAAE;Autarquia;;97,59;66.749;66.692;100;57;3,35;269,51;94,18;44,45;"2,65 por m³";;"Serviço Autônomo Água e Esgotos de Lençóis Paulista";SAAE;Autarquia;;68.395;100;66.692;100;1.703;100;;;;;;;"SECRETARIA DE AGRICULTURA E MEIO AMBIENTE";;Autarquia;68.395;100;66.692;100;1.703;1;;0,73;Sim;;;Sim;"Taxa específica no boleto do IPTU"
3526902;Limeira;1;Sudeste;SP;"São Paulo";Sim;"Aglomeração Urbana de Piracicaba-AU- Piracicaba";"Lei Complementar 1.178";26.06.2012;;"Mata Atlântica";Paraná;580,71;300.728;291.646;9.082;96,98;3,02;"MURILO BERBERT AVIGO FELIX";PODE;Sim;100;0;0;0;"De 250 a 499 mil";"BRK Ambiental - Limeira S.A.";BRKL;"Empresa privada";;96,98;291.646;291.646;100;;0;210,28;100;16,57;"5,44 por m³";;"BRK Ambiental - Limeira S.A.";BRKL;"Empresa privada";;291.646;96,98;291.646;100;;0;;;;;;;"SECRETARIA DE OBRAS E SERVIÇOS PÚBLICOS";;"Empresa privada";300.728;100;291.646;100;9.082;1;;1,04;Sim;;;Sim;"Taxa específica no boleto do IPTU"
3527009;Lindóia;1;Sudeste;SP;"São Paulo";Não;;;;;"Mata Atlântica";Paraná;48,76;7.147;6.144;1.003;85,97;14,03;"LUCIANO FRANCISCO DE GODOI LOPES";MDB;Sim;0;76,24;8,09;15,67;"Até 20 mil";;;;;;;;;;;;;;;;;;;;;;;;;;;;;;;;"SECRETARIA DE MEIO AMBIENTE";;;7.014;98,14;6.144;100;870;0,86;;1,18;Não;;;Não;
3527108;Lins;1;Sudeste;SP;"São Paulo";Não;;;;;"Mata Atlântica";Paraná;570,06;76.729;75.831;898;98,83;1,17;"JOÃO LUIS LOPES PANDOLFI";PSD;Sim;97,48;0;0,42;2,11;"De 50 a 99 mil";"Companhia de Saneamento Básico do Estado de São Paulo";SABESP;"Empresa privada";;100;76.729;75.831;100;898;100;223,25;100;13,07;"4,05 por m³";;"Companhia de Saneamento Básico do Estado de São Paulo";SABESP;"Sociedade de economia mista";;76.729;100;75.831;100;898;100;;;;;;;"SETOR DE LIMPEZA PÚBLICA";;"Empresa privada";75.831;98,83;75.831;100;;0;;1,43;Sim;;;Sim;"Taxa específica no boleto do IPTU"
3527207;Lorena;1;Sudeste;SP;"São Paulo";Sim;"Região Metropolitana do Vale do Paraíba e Litoral Norte";"Lei Complementar 1.166";09.01.2012;"Sub-região 3";"Mata Atlântica";"Atlântico Sudeste";414,16;87.370;84.976;2.394;97,26;2,74;"SYLVIO BALLERINI";PSD;Sim;95,89;0;0,64;3,46;"De 50 a 99 mil";"Companhia de Saneamento Básico do Estado de São Paulo";SABESP;"Empresa privada";;97,7;85.358;83.125;97,82;2.233;93,27;173,5;100;30,21;"5,03 por m³";;"Companhia de Saneamento Básico do Estado de São Paulo";SABESP;"Sociedade de economia mista";;85.220;97,54;83.125;97,82;2.095;87,51;;;;;;;"SECRETARIA DE MEIO AMBIENTE";;"Empresa privada";85.704;98,09;84.976;100;728;0,3;;1,2;Sim;;;Sim;"Taxa específica no boleto do IPTU"
3527256;Lourdes;1;Sudeste;SP;"São Paulo";Não;;;;;"Mata Atlântica";Paraná;113,94;1.968;1.698;270;86,28;13,72;"ODECIO RODRIGUES DA SILVA";PSD;Sim;91,73;0;0,63;7,64;"Até 20 mil";"Companhia de Saneamento Básico do Estado de São Paulo";SABESP;"Empresa privada";;89,28;1.757;1.669;98,29;88;32,59;192,49;100;13,09;"4,26 por m³";;"Companhia de Saneamento Básico do Estado de São Paulo";SABESP;"Sociedade de economia mista";;1.623;82,47;1.623;95,58;;0;;;;;;;"DEPARTAMENTO MUNICIPAL DE OBRAS E SERVIÇOS";;"Empresa privada";1.698;86,28;1.698;100;;0;;0,9;Não;;;Sim;"Taxa específica no boleto do IPTU"
3527306;Louveira;1;Sudeste;SP;"São Paulo";Sim;"Aglomeração Urbana de Jundiaí";"Lei Complementar 1.146";24.08.2011;;"Mata Atlântica";Paraná;55,13;54.111;51.844;2.267;95,81;4,19;"PAULO ALBERTO FINAMORE";MDB;Sim;0;86,42;9,37;4,21;"De 50 a 99 mil";"Prefeitura Municipal de Louveira";PML;Município;;90,93;49.204;48.780;94,09;424;18,7;216,77;99,49;23,43;"4,95 por m³";;"Prefeitura Municipal de Louveira";PML;Município;;42.577;78,68;41.993;81;584;25,76;;;;;;;"SECRETARIA DE GESTÃO AMBIENTAL";;Município;54.111;100;51.844;100;2.267;1;;1,4;Sim;;;Sim;"Taxa específica no boleto do IPTU"
3527405;Lucélia;1;Sudeste;SP;"São Paulo";Não;;;;;"Mata Atlântica";;314,81;20.372;16.913;3.459;83,02;16,98;"TATIANA GUILHERMINO TAZINÁZZIO";PSD;Não;95,68;0;0,24;4,08;"De 20 a 49 mil";"Companhia de Saneamento Básico do Estado de São Paulo";SABESP;"Empresa privada";;96,25;19.608;16.913;100;2.695;77,91;168,98;100;21,21;"4,66 por m³";;"Companhia de Saneamento Básico do Estado de São Paulo";SABESP;"Sociedade de economia mista";;18.446;90,55;16.913;100;1.533;44,32;;;;;;;"SECRETARIA DE MEIO AMBIENTE E AGRICULTURA";;"Empresa privada";17.253;84,69;16.913;100;340;0,09;;0,93;Sim;;;Não;
3527504;Lucianópolis;1;Sudeste;SP;"São Paulo";Não;;;;;"Cerrado, Mata Atlântica";Paraná;189,54;2.419;1.961;458;81,07;18,93;"ADEMIR MANTOVANELLI";PT;Sim;98,08;0;0,28;1,64;"Até 20 mil";"Companhia de Saneamento Básico do Estado de São Paulo";SABESP;"Empresa privada";;86,77;2.099;1.961;100;138;30,13;182,78;100;24,01;"4,65 por m³";;"Companhia de Saneamento Básico do Estado de São Paulo";SABESP;"Sociedade de economia mista";;1.758;72,67;1.758;89,65;;0;;;;;;;"SETOR DE MEIO AMBIENTE";;"Empresa privada";2.419;100;1.961;100;458;1;;1,09;Sim;;;Sim;"Taxa específica no boleto do IPTU"
3527603;"Luís Antônio";1;Sudeste;SP;"São Paulo";Sim;"Região Metropolitana de Ribeirão Preto";"Lei Complementar 1.290";06.07.2016;"Sub-região 1";"Cerrado, Mata Atlântica";Paraná;598,26;12.531;12.280;251;98;2;"RODRIGO MELLO MARQUES";PP;Sim;99,38;0;0,54;0,08;"Até 20 mil";"Saneamento de Luiz Antônio S/A";SANEL;"Empresa privada";;98;12.280;12.280;100;;0;218,31;100;35,29;"2,85 por m³";;"Saneamento de Luiz Antônio S/A";SANEL;"Empresa privada";;12.280;98;12.280;100;;0;;;;;;;"FUNDAÇÃO AMBIENTAL DE LUIZ ANTÔNIO";;"Empresa privada";12.531;100;12.280;100;251;1;;1,9;Não;;;Sim;"Taxa específica no boleto do IPTU"
3527702;Luiziânia;1;Sudeste;SP;"São Paulo";Não;;;;;"Mata Atlântica";Paraná;166,58;4.751;4.330;421;91,14;8,86;"RAPHAEL SARAIVA BARRETO";UNIÃO;Sim;96,61;0;0,09;3,3;"Até 20 mil";"Companhia de Saneamento Básico do Estado de São Paulo";SABESP;"Empresa privada";;99,96;4.749;4.330;100;419;99,52;167,89;100;21,7;"4,28 por m³";;"Companhia de Saneamento Básico do Estado de São Paulo";SABESP;"Sociedade de economia mista";;4.746;99,89;4.330;100;416;98,81;;;;;;;"DIRETORIA MUNICIPAL DE AGRICULTURA E MEIO AMBIENTE";;"Empresa privada";4.330;91,14;4.330;100;;0;;1,84;Sim;;;Sim;"Taxa específica no boleto do IPTU"
3527801;Lupércio;1;Sudeste;SP;"São Paulo";Não;;;;;"Cerrado, Mata Atlântica";;155,17;4.017;3.635;382;90,49;9,51;"CLEBER MENEGUCCI";PP;Não;92,58;0;0,49;6,93;"Até 20 mil";"Companhia de Saneamento Básico do Estado de São Paulo";SABESP;"Empresa privada";;98,28;3.948;3.635;100;313;81,94;137,66;100;24,35;"4,41 por m³";;"Companhia de Saneamento Básico do Estado de São Paulo";SABESP;"Sociedade de economia mista";;3.738;93,05;3.635;100;103;26,96;;;;;;;"SECRETARIA MEIO AMBIENTE, AGRICULTURA E PECUARIA";;"Empresa privada";3.972;98,88;3.635;100;337;0,88;;0,53;Não;;;Sim;"Taxa específica no boleto do IPTU"
3527900;Lutécia;1;Sudeste;SP;"São Paulo";Não;;;;;"Cerrado, Mata Atlântica";Paraná;475,23;2.699;2.141;558;79,33;20,67;"LAUDEMIR LEATI";PSD;Não;100;0;0;0;"Até 20 mil";"Companhia de Saneamento Básico do Estado de São Paulo";SABESP;"Empresa privada";;90,29;2.437;2.141;100;296;53,05;171,79;100;27,98;"4,45 por m³";;"Companhia de Saneamento Básico do Estado de São Paulo";SABESP;"Sociedade de economia mista";;2.173;80,51;2.141;100;32;5,73;;;;;;;"DEPARTAMENTO DO MEIO AMBIENTE E AGRICULTURA";;"Empresa privada";2.151;79,7;2.141;100;10;0,01;;1;Sim;;;Sim;"Taxa específica no boleto do IPTU"
3528007;Macatuba;1;Sudeste;SP;"São Paulo";Não;;;;;"Cerrado, Mata Atlântica";Paraná;224,51;17.120;16.618;502;97,07;2,93;"ANDERSON FERREIRA";PSD;Não;99,3;0;0,2;0,51;"Até 20 mil";"Prefeitura Municipal de Macatuba";PMM;Município;;95,21;16.300;16.200;97,48;100;19,92;197,05;100;51,93;"3,54 por m³";;"Prefeitura Municipal de Macatuba";PMM;Município;;16.618;97,07;16.618;100;;0;;;;;;;"SECRETARIA DE DESENVOLVIMENTO ECONOMICO INOVAÇÃO E SUSTENTABILIDADE";;Município;16.618;97,07;16.618;100;;0;;1,14999;Sim;;;Sim;"Taxa específica no boleto do IPTU"
3528106;Macaubal;1;Sudeste;SP;"São Paulo";Não;;;;;"Mata Atlântica";Paraná;248,09;7.587;6.789;798;89,48;10,52;"ACACIO TARDOQUE FERREIRA";PSD;Sim;95;0;0,27;4,73;"Até 20 mil";"Prefeitura Municipal de Macaubal";SP;Município;;89,48;6.789;6.789;100;;0;213,6;98,69;13,49;"2,29 por m³";;"Prefeitura Municipal de Macaubal";SP;Município;;6.618;87,23;6.618;97,48;;0;;;;;;;"DEPARTAMENTO DE MEIO AMBIENTE E AGRICULTURA";;Município;6.789;89,48;6.789;100;;0;;1,27;Não;;;Não;
3528205;Macedônia;1;Sudeste;SP;"São Paulo";Não;;;;;"Cerrado, Mata Atlântica";Paraná;327,57;4.048;2.987;1.061;73,79;26,21;"REGINALDO ELOY MARCOMINI DOS REIS";PSD;Não;94,11;0;5,89;0;"Até 20 mil";"Companhia de Saneamento Básico do Estado de São Paulo";SABESP;"Empresa privada";;81,42;3.296;2.987;100;309;29,12;173,94;100;7,93;"4,63 por m³";;"Companhia de Saneamento Básico do Estado de São Paulo";SABESP;"Sociedade de economia mista";;3.263;80,61;2.987;100;276;26,01;;;;;;;"PREFEITURA MUNICIPAL DE MACEDÔNIA";;"Empresa privada";3.334;82,36;2.987;100;347;0,32;;1,56;Não;;;Sim;"Taxa específica no boleto do IPTU"
3528304;Magda;1;Sudeste;SP;"São Paulo";Não;;;;;"Mata Atlântica";;312,28;3.212;2.687;525;83,66;16,34;"RODOLFO FERREIRA KAMÁ";UNIÃO;Não;94,87;0;1,62;3,51;"Até 20 mil";"Companhia de Saneamento Básico do Estado de São Paulo";SABESP;"Empresa privada";;91,94;2.953;2.687;100;266;50,67;193,6;100;3,96;"4,75 por m³";;"Companhia de Saneamento Básico do Estado de São Paulo";SABESP;"Sociedade de economia mista";;2.924;91,03;2.687;100;237;45,14;;;;;;;"DEPARTAMENTO DE AGRICULTURA E MEIO AMBIENTE";;"Empresa privada";2.687;83,66;2.687;100;;0;;0,8;Não;;;Não;
3528403;Mairinque;1;Sudeste;SP;"São Paulo";Sim;"Região Metropolitana de Sorocaba";"Lei Complementar 1.241";20.06.2014;"Sub-região 2";"Mata Atlântica";Paraná;210,15;51.660;48.013;3.647;92,94;7,06;"CARLOS EDUARDO THOMAZ PEDROSO";PL;Sim;0;76,06;15,55;8,39;"De 50 a 99 mil";"Saneaqua Mairinque S/A";SM;"Empresa privada";;92,94;48.013;48.013;100;;0;163,44;100;26,43;"5,21 por m³";;"Saneaqua Mairinque S/A";SM;"Empresa privada";;42.263;81,81;38.616;80,43;3.647;100;;;;;;;"SECRETARIA DA CASA CIVIL";;"Empresa privada";50.000;96,79;48.000;99,97;2.000;0,54;;1,33;Não;;;Sim;"Taxa específica no boleto do IPTU"
3528502;Mairiporã;1;Sudeste;SP;"São Paulo";Sim;"Região Metropolitana de São Paulo";"Lei Complementar 1.139";16.06.2011;"Sub-região Norte";"Mata Atlântica";Paraná;320,70;97.399;87.844;9.555;90,19;9,81;"WALID ALI HAMID";PSD;Sim;27,38;8,65;33,08;30,89;"De 50 a 99 mil";"Companhia de Saneamento Básico do Estado de São Paulo";SABESP;"Empresa privada";;63,8;62.136;62.136;70,73;;0;179,89;100;25,27;"5,98 por m³";;"Companhia de Saneamento Básico do Estado de São Paulo";SABESP;"Sociedade de economia mista";;39.079;40,11;39.079;44,49;;0;;;;;;;"SECRETARIA MUNICIPAL DE SERVIÇOS URBANOS";;"Empresa privada";90.000;92,4;82.000;93,35;8.000;0,83;;1,12999;Sim;;;Sim;"Taxa específica no boleto do IPTU"
3528601;Manduri;1;Sudeste;SP;"São Paulo";Não;;;;;"Cerrado, Mata Atlântica";Paraná;229,05;10.092;8.826;1.266;87,46;12,54;"PAULO ROBERTO MARTINS";PODE;Sim;96;0;1,4;2,6;"Até 20 mil";"Superintendência de Água e Esgoto de Manduri";Saeman;Autarquia;;86;8.679;8.679;98,33;;0;189,8;100;26;"2,52 por m³";;"Superintendência de Água e Esgoto de Manduri";Saeman;Autarquia;;8.826;87,46;8.826;100;;0;;;;;;;"DEPARTAMENTO DE ENGENHARIA,OBRAS E MEIO AMBIENTE";;Autarquia;10.092;100;8.826;100;1.266;1;;0,72;Sim;;;Sim;"Taxa específica no boleto do IPTU"
3528700;"Marabá Paulista";1;Sudeste;SP;"São Paulo";Não;;;;;"Mata Atlântica";Paraná;919,52;4.627;1.745;2.882;37,71;62,29;"APARECIDO NASCIMENTO SOBRAL";MDB;Sim;96,77;0;0,61;2,62;"Até 20 mil";"Companhia de Saneamento Básico do Estado de São Paulo";SABESP;"Empresa privada";;44,82;2.074;1.745;100;329;11,42;196,98;100;3,29;"5,01 por m³";;"Companhia de Saneamento Básico do Estado de São Paulo";SABESP;"Sociedade de economia mista";;1.994;43,09;1.745;100;249;8,64;;;;;;;"DEPARTAMENTO MUNICIPAL DE MEIO AMBIENTE";;"Empresa privada";4.619;99,83;1.745;100;2.874;0,99;;0,68;Sim;;;Sim;"Taxa específica no boleto do IPTU"
3528809;Maracaí;1;Sudeste;SP;"São Paulo";Não;;;;;"Cerrado, Mata Atlântica";Paraná;533,50;12.826;11.692;1.134;91,16;8,84;"PAULO EDUARDO DA SILVA";MDB;Sim;93,18;0;0,98;5,84;"Até 20 mil";"Companhia de Saneamento Básico do Estado de São Paulo";SABESP;"Empresa privada";;93,6;12.005;11.030;94,34;975;85,98;189,64;100;32,86;"4,59 por m³";;"Companhia de Saneamento Básico do Estado de São Paulo";SABESP;"Sociedade de economia mista";;11.903;92,8;11.030;94,34;873;76,98;;;;;;;"SECRETARIA DE AGRICULTURA E MEIO AMBIENTE";;"Empresa privada";11.692;91,16;11.692;100;;0;;0,86;Sim;;;Sim;"Taxa específica no boleto do IPTU"
3528858;Marapoama;1;Sudeste;SP;"São Paulo";Não;;;;;"Mata Atlântica";;111,27;3.392;3.022;370;89,09;10,91;"LOURENÇO LORENCETI";PL;Não;99,82;0;0,14;0,05;"Até 20 mil";"Prefeitura Municipal de Marapoama";PMM;Município;;100;3.392;3.022;100;370;100;213,48;99,24;47,98;"1,85 por m³";;"Prefeitura Municipal de Marapoama";PMM;Município;;3.392;100;3.022;100;370;100;;;;;;;"SETOR DE MEIO AMBIENTE";;Município;3.392;100;3.022;100;370;1;;0,71;Não;;;Sim;"Taxa específica no boleto do IPTU"
3528908;Mariápolis;1;Sudeste;SP;"São Paulo";Não;;;;;"Mata Atlântica";Paraná;186,54;3.539;3.047;492;86,1;13,9;"RICARDO MITSURO WATANABE";PSD;Não;95,42;0;0,89;3,69;"Até 20 mil";"Companhia de Saneamento Básico do Estado de São Paulo";SABESP;"Empresa privada";;99,1;3.507;3.047;100;460;93,5;171,67;100;14,95;"4,38 por m³";;"Companhia de Saneamento Básico do Estado de São Paulo";SABESP;"Sociedade de economia mista";;3.254;91,95;3.047;100;207;42,07;;;;;;;"PREFEITURA MUNICIPAL DE MARIÁPOLIS";;"Empresa privada";3.539;100;3.047;100;492;1;;0,67;Sim;;;Não;
3529005;Marília;1;Sudeste;SP;"São Paulo";Não;;;;;"Cerrado, Mata Atlântica";Paraná;1.170,52;246.627;243.791;2.836;98,85;1,15;"VINICIUS ALMEIDA CAMARINHA";PSDB;Não;0;50;0,58;49,42;"De 100 a 249 mil";"RIC Ambiental|Departamento de Água e Esgoto de Marília";RIC|DAEM;"Empresa privada|Autarquia";;;487.582;487.582;;;0;133,38;97,28;46,16;"4,18 por m³";;"Departamento de Água e Esgoto de Marília|RIC Ambiental";DAEM|RIC;"Autarquia|Empresa privada";;485.144;;485.144;;;0;;;;;;;"SECRETARIA DE LIMPEZA PUBLICA";;"Autarquia | Empresa privada";246.627;100;243.791;100;2.836;1;;0,72;Sim;;;Não;
3529104;Marinópolis;1;Sudeste;SP;"São Paulo";Não;;;;;"Mata Atlântica";Paraná;77,83;1.870;1.508;362;80,64;19,36;"EVALDO RIBEIRO";PSD;Não;93,4;0;0;6,6;"Até 20 mil";"Companhia de Saneamento Básico do Estado de São Paulo";SABESP;"Empresa privada";;95,19;1.780;1.508;100;272;75,14;199,24;100;9,84;"4,76 por m³";;"Companhia de Saneamento Básico do Estado de São Paulo";SABESP;"Sociedade de economia mista";;1.687;90,21;1.508;100;179;49,45;;;;;;;"SECRETARIA MUNICIPAL DA AGRICULTURA E MEIO AMBIENTE";;"Empresa privada";1.870;100;1.508;100;362;1;;0,86;Não;;;Sim;"Taxa específica no boleto do IPTU"
3529203;Martinópolis;1;Sudeste;SP;"São Paulo";Não;;;;;"Cerrado, Mata Atlântica";Paraná;1.253,56;25.299;21.671;3.628;85,66;14,34;"VALDECI SOARES DOS SANTOS FILHO";REPUBLICANOS;Não;96,21;0;0,76;3,03;"De 20 a 49 mil";"Prefeitura Municipal de Martinópolis";PMM;Município;;85,66;21.671;21.671;100;;0;208,58;100;34,36;"1,65 por m³";;"Prefeitura Municipal de Martinópolis";PMM;Município;;21.671;85,66;21.671;100;;0;;;;;;;"DEPARTAMENTO DE MEIO AMBIENTE";;Município;21.671;85,66;21.671;100;;0;;0,62;Sim;;;Não;
3529302;Matão;1;Sudeste;SP;"São Paulo";Não;;;;;"Cerrado, Mata Atlântica";Paraná;524,90;80.998;79.524;1.474;98,18;1,82;"APARECIDO FERRARI";PT;Sim;100;0;0;0;"De 50 a 99 mil";"Águas de Matão";AM;"Empresa privada";;98,18;79.524;79.524;100;;0;252;99,97;30,27;"5,20 por m³";;"Águas de Matão";AM;"Empresa privada";;79.524;98,18;79.524;100;;0;;;;;;;"SECRETARIA DE MEIO AMBIENTE E DESENVOLVIMENTO SUSTENTÁVEL";;"Empresa privada";80.998;100;79.524;100;1.474;1;;0,84;Sim;;;Não;
3529401;Mauá;1;Sudeste;SP;"São Paulo";Sim;"Região Metropolitana de São Paulo";"Lei Complementar 1.139";16.06.2011;"Sub-região Sudeste";"Mata Atlântica";Paraná;61,91;429.380;428.049;1.331;99,69;0,31;"FRANCISCO MARCELO DE OLIVEIRA";PT;Não;96;0;0,93;3,07;"De 250 a 499 mil";"Companhia de Saneamento Básico do Estado de São Paulo";SABESP;"Empresa privada";;96,45;414.149;414.149;96,75;;0;176,11;99,98;36,22;"5,88 por m³";;"BRK Ambiental - Mauá S.A.";BRK;"Empresa privada";;391.989;91,29;391.989;91,58;;0;;;;;;;"SECRETARIA DE SERVIÇOS URBANOS";;"Empresa privada";429.380;100;428.049;100;1.331;1;;0,94;Sim;;;Sim;"Taxa específica no boleto de água ou esgoto"
3529500;Mendonça;1;Sudeste;SP;"São Paulo";Não;;;;;"Mata Atlântica";Paraná;195,15;6.369;5.659;710;88,85;11,15;"JULIANO SOUZA DE OLIVEIRA";PSD;Sim;97,5;0;2,5;0;"Até 20 mil";"Prefeitura Municipal de Mendonça";PMM;Município;;77,7;4.949;4.949;87,45;;0;426,44;86,26;2,4;"1,46 por m³";;"Prefeitura Municipal de Mendonça";PMM;Município;;4.929;77,39;4.929;87,1;;0;;;;;;;"COORDENADORIA DE MEIO AMBIENTE";;Município;6.369;100;5.659;100;710;1;;2,96;Não;;;Não;
3529609;Meridiano;1;Sudeste;SP;"São Paulo";Não;;;;;"Mata Atlântica";Paraná;228,20;4.697;3.810;887;81,12;18,88;"FÁBIO PASCHOALINOTO";PSD;Sim;89,96;0;2,24;7,79;"Até 20 mil";"Companhia de Saneamento Básico do Estado de São Paulo";SABESP;"Empresa privada";;88,14;4.140;3.782;99,27;358;40,36;190,44;100;14,02;"4,70 por m³";;"Companhia de Saneamento Básico do Estado de São Paulo";SABESP;"Sociedade de economia mista";;4.129;87,91;3.782;99,27;347;39,11;;;;;;;"DIRETORIA DE SERVIÇOS URBANOS";;"Empresa privada";4.697;100;3.810;100;887;1;;0,57999;Não;;;Não;
3529658;Mesópolis;1;Sudeste;SP;"São Paulo";Não;;;;;"Mata Atlântica";;148,64;1.988;1.650;338;83;17;"ALEX ROCHA PIMENTEL";REPUBLICANOS;Não;86,15;0;1,23;12,63;"Até 20 mil";"Companhia de Saneamento Básico do Estado de São Paulo";SABESP;"Empresa privada";;94,32;1.875;1.650;100;225;66,56;178,35;100;13,73;"4,62 por m³";;"Companhia de Saneamento Básico do Estado de São Paulo";SABESP;"Sociedade de economia mista";;1.693;85,16;1.650;100;43;12,72;;;;;;;"COORDENADORIA MUNICIPAL DO MEIO AMBIENTE";;"Empresa privada";1.988;100;1.650;100;338;1;;1,2;Sim;;;Sim;"Taxa específica no boleto do IPTU"
3529708;Miguelópolis;1;Sudeste;SP;"São Paulo";Sim;"Aglomeração Urbana de Franca";"Lei Complementar 1.323";22.05.2018;;"Cerrado, Mata Atlântica";Paraná;820,85;19.655;18.729;926;95,29;4,71;"JULIO FERREIRA DO CARMO";PSB;Sim;89,69;0;1,14;9,17;"Até 20 mil";"Companhia de Saneamento Básico do Estado de São Paulo";SABESP;"Empresa privada";;97,78;19.219;18.729;100;490;52,92;175,89;99,99;24,47;"4,62 por m³";;"Companhia de Saneamento Básico do Estado de São Paulo";SABESP;"Sociedade de economia mista";;17.644;89,77;17.644;94,21;;0;;;;;;;"SETOR DE MEIO AMBIENTE";;"Empresa privada";19.000;96,67;18.729;100;271;0,29;;0,84;Não;;;Sim;"Taxa específica no boleto do IPTU"
3529807;"Mineiros do Tietê";1;Sudeste;SP;"São Paulo";Não;;;;;"Cerrado, Mata Atlântica";Paraná;213,24;11.349;10.910;439;96,13;3,87;"LUIZ GUSTAVO FERRAREZ";PL;Sim;100;0;0;0;"Até 20 mil";"Águas de Mineiros do Tietê";AMT;"Empresa privada";;97,45;11.060;10.910;100;150;34,17;196,33;100;35,27;"4,24 por m³";;"Águas de Mineiros do Tietê";AMT;"Empresa privada";;10.910;96,13;10.910;100;;0;;;;;;;"DEPARTAMENTO DE AGRICULTURA E MEIO AMBIENTE";;"Empresa privada";10.910;96,13;10.910;100;;0;;1,34;Sim;;;Não;
3530003;"Mira Estrela";1;Sudeste;SP;"São Paulo";Não;;;;;"Cerrado, Mata Atlântica";Paraná;216,83;3.199;2.570;629;80,34;19,66;"GLEICE APARECIDA CASTREQUINI";PSD;Sim;94,77;0;0,16;5,07;"Até 20 mil";"Companhia de Saneamento Básico do Estado de São Paulo";SABESP;"Empresa privada";;66,45;2.126;2.126;82,72;;0;242,11;99,96;17,16;"4,55 por m³";;"Companhia de Saneamento Básico do Estado de São Paulo";SABESP;"Sociedade de economia mista";;1.993;62,3;1.993;77,55;;0;;;;;;;"SETOR DE MEIO AMBIENTE";;"Empresa privada";3.199;100;2.570;100;629;1;;0,75;Sim;;;Sim;"Taxa específica no boleto do IPTU"
3529906;Miracatu;1;Sudeste;SP;"São Paulo";Não;;;;;"Mata Atlântica";"Atlântico Sudeste";1.001,48;18.679;12.074;6.605;64,64;35,36;"VINÍCIUS BRANDÃO DE QUEIROZ";PL;Sim;60;5,43;5,65;28,92;"Até 20 mil";"Companhia de Saneamento Básico do Estado de São Paulo";SABESP;"Empresa privada";;64,62;12.071;12.071;99,98;;0;176,14;100;25,36;"5,14 por m³";;"Companhia de Saneamento Básico do Estado de São Paulo";SABESP;"Sociedade de economia mista";;9.687;51,86;9.687;80,23;;0;;;;;;;"DEPARTAMENTO DE AGRICULTURA E DE MEIO AMBIENTE";;"Empresa privada";12.074;64,64;12.074;100;;0;;0,82;Não;;;Sim;"Taxa específica no boleto do IPTU"
3530102;Mirandópolis;1;Sudeste;SP;"São Paulo";Não;;;;;"Mata Atlântica";Paraná;917,69;28.737;25.559;3.178;88,94;11,06;"EDERSON PANTALEAO DE SOUZA";UNIÃO;Não;95;0;1,61;3,39;"De 20 a 49 mil";"Serviço Autônomo de Água e Esgoto de Mirandópolis";SAAEM;Autarquia;;88,94;25.559;25.559;100;;0;88,62;97,38;26,26;"4,55 por m³";;"Serviço Autônomo de Água e Esgoto de Mirandópolis";SAAEM;Autarquia;;24.394;84,89;24.394;95,44;;0;;;;;;;"DEPARTAMENTO DE MEIO AMBIENTE";;Autarquia;26.737;93,04;25.559;100;1.178;0,37;;1,6;Não;;;Não;
3530201;"Mirante do Paranapanema";1;Sudeste;SP;"São Paulo";Não;;;;;"Cerrado, Mata Atlântica";Paraná;1.238,93;16.069;9.651;6.418;60,06;39,94;"EDUARDO QUESADA PIAZZALUNGA";PSB;Sim;92,88;0;1,27;5,84;"Até 20 mil";"Companhia de Saneamento Básico do Estado de São Paulo";SABESP;"Empresa privada";;70,76;11.371;9.651;100;1.720;26,8;158,8;100;26,59;"4,33 por m³";;"Companhia de Saneamento Básico do Estado de São Paulo";SABESP;"Sociedade de economia mista";;9.188;57,18;9.188;95,2;;0;;;;;;;"SECRETARIA DE MEIO AMBIENTE";;"Empresa privada";9.651;60,06;9.651;100;;0;;0,27;Sim;;;Sim;"Taxa específica no boleto do IPTU"
3530300;Mirassol;1;Sudeste;SP;"São Paulo";Não;;;;;"Mata Atlântica";Paraná;243,23;65.485;63.802;1.683;97,43;2,57;"EDSON ANTONIO ERMENEGILDO";PSD;Não;80;20;0;0;"De 50 a 99 mil";"Saneamento de Mirassol - Sanessol S.A";SANESSOL;"Empresa privada";;97,43;63.802;63.802;100;;0;214,28;99,95;22,77;"4,82 por m³";;"Saneamento de Mirassol - Sanessol S.A";SANESSOL;"Empresa privada";;63.802;97,43;63.802;100;;0;;;;;;;"DEPARTAMENTO DE PLANEJAMENTO URBANO";;"Empresa privada";65.485;100;63.802;100;1.683;1;;0,88;Não;;;Sim;"Taxa específica no boleto do IPTU"
3530409;Mirassolândia;1;Sudeste;SP;"São Paulo";Não;;;;;"Mata Atlântica";Paraná;166,13;4.771;4.123;648;86,42;13,58;"CÉLIA APARECIDA FIAMENGHI DOS SANTOS MATOS";PSD;Sim;95;0;5;0;"Até 20 mil";"Prefeitura Municipal de Mirassolândia";PMM;Município;;80,61;3.846;3.834;92,99;12;1,85;10,69;0,76;85;"3,00 por m³";;"Prefeitura Municipal de Mirassolândia";PMM;Município;;3.860;80,91;3.860;93,62;;0;;;;;;;"COORDENADORIA MUNICIPAL DE MEIO AMBIENTE";;Município;4.123;86,42;4.123;100;;0;;1,22;Sim;;;Sim;"Taxa específica no boleto de água ou esgoto"
3530508;Mococa;1;Sudeste;SP;"São Paulo";Sim;"Região Metropolitana de Ribeirão Preto";"Lei Complementar 1.290";06.07.2016;"Sub-região 3";"Cerrado, Mata Atlântica";Paraná;855,16;69.324;65.768;3.556;94,87;5,13;"EDUARDO RIBEIRO BARISON";PSD;Sim;95,7;0;1,6;2,7;"De 50 a 99 mil";"Companhia de Saneamento Básico do Estado de São Paulo";SABESP;"Empresa privada";;96,16;66.660;64.599;98,22;2.061;57,96;207,93;99,99;24,04;"5,07 por m³";;"Companhia de Saneamento Básico do Estado de São Paulo";SABESP;"Sociedade de economia mista";;63.815;92,05;63.815;97,03;;0;;;;;;;;;;;;;;;;;;;;;;
3530607;"Mogi das Cruzes";1;Sudeste;SP;"São Paulo";Sim;"Região Metropolitana de São Paulo";"Lei Complementar 1.139";16.06.2011;"Sub-região Leste";"Mata Atlântica";Paraná;712,54;468.120;439.705;28.415;93,93;6,07;"MARIA LUISA PICCOLOMINI BERTAIOLLI";PL;Sim;49,29;43,71;7;0;"De 250 a 499 mil";"Serviço Municipal de Águas e Esgotos";SEMAE;Autarquia;;92,25;431.845;431.845;98,21;;0;149,13;98,3;47,34;"4,30 por m³";;"Serviço Municipal de Águas e Esgotos";SEMAE;Autarquia;;388.472;82,99;388.472;88,35;;0;;;;;;;"SECRETARIA DE SERVIÇOS URBANOS E ZELADORIA";;Autarquia;468.120;100;439.705;100;28.415;1;;1,97;Sim;;;Não;
3530706;"Mogi Guaçu";1;Sudeste;SP;"São Paulo";Não;;;;;"Cerrado, Mata Atlântica";Paraná;812,75;159.735;155.167;4.568;97,14;2,86;"RODRIGO FALSETTI";PSD;Não;100;0;0;0;"De 100 a 249 mil";"Serviço Autônomo Municipal de Água e Esgoto de Mogi Guaçu";SAMAE;Autarquia;;97,14;155.167;155.167;100;;0;222,37;99,95;42,3;"3,22 por m³";;"Serviço Autônomo Municipal de Água e Esgoto de Mogi Guaçu";SAMAE;Autarquia;;155.167;97,14;155.167;100;;0;;;;;;;"SECRETARIA DE SERVIÇOS MUNICIPAIS";;Autarquia;159.735;100;155.167;100;4.568;1;;1,55;Sim;;;Sim;"Taxa específica no boleto do IPTU"
3530805;"Mogi Mirim";1;Sudeste;SP;"São Paulo";Não;;;;;"Cerrado, Mata Atlântica";Paraná;497,71;95.534;90.108;5.426;94,32;5,68;"PAULO DE OLIVEIRA E SILVA";PDT;Sim;64,03;34,48;1,5;0;"De 50 a 99 mil";"Serviço Autônomo de Água e Esgotos de Mogi Mirim";"SAAE Mogi Mirim";Autarquia;;89,4;85.403;85.207;94,56;196;3,61;205,2;100;47,4;"4,86 por m³";;"Serviço Autônomo de Água e Esgotos de Mogi Mirim";"SAAE Mogi Mirim";Autarquia;;81.199;84,99;81.199;90,11;;0;;;;;;;"SECRETARIA DE SERVIÇOS MUNICIPAIS";;Autarquia;95.534;100;90.108;100;5.426;1;;0,63;Sim;;;Sim;"Taxa específica no boleto do IPTU"
3530904;Mombuca;1;Sudeste;SP;"São Paulo";Sim;"Aglomeração Urbana de Piracicaba-AU- Piracicaba";"Lei Complementar 1.178";26.06.2012;;"Mata Atlântica";Paraná;133,70;3.815;3.248;567;85,14;14,86;"EVERTON TIAGO MORA PEDROSO";PL;Sim;95,43;0;0,67;3,89;"Até 20 mil";"Companhia de Saneamento Básico do Estado de São Paulo";SABESP;"Empresa privada";;91,9;3.506;3.148;96,92;358;63,14;187,79;100;15,95;"4,87 por m³";;"Companhia de Saneamento Básico do Estado de São Paulo";SABESP;"Sociedade de economia mista";;3.285;86,11;3.148;96,92;137;24,16;;;;;;;"PREFEITURA MUNICIPAL DE MOMBUCA";;"Empresa privada";3.815;100;3.248;100;567;1;;1,15999;Não;;;Sim;"Taxa específica no boleto do IPTU"
3531001;Monções;1;Sudeste;SP;"São Paulo";Não;;;;;"Mata Atlântica";Paraná;104,35;1.954;1.768;186;90,48;9,52;"DOUGLAS ANTÔNIO HONORATO";PSD;Sim;92,18;0;0,38;7,44;"Até 20 mil";"Companhia de Saneamento Básico do Estado de São Paulo";SABESP;"Empresa privada";;99,23;1.939;1.768;100;171;91,94;210,81;100;12,33;"4,57 por m³";;"Companhia de Saneamento Básico do Estado de São Paulo";SABESP;"Sociedade de economia mista";;1.921;98,31;1.768;100;153;82,26;;;;;;;"PREFEITURA MUNICIPAL DE MONÇÕES";;"Empresa privada";1.768;90,48;1.768;100;;0;;1,02;Não;;;Sim;"Taxa específica no boleto do IPTU"
3531100;Mongaguá;1;Sudeste;SP;"São Paulo";Sim;"Região Metropolitana da Baixada Santista";"Lei Complementar 815";30.07.1996;;"Mata Atlântica";"Atlântico Sudeste";143,21;64.519;63.783;736;98,86;1,14;"Não empossado";"fev. 2025";Não;77,45;0;22,55;0;"De 50 a 99 mil";"Companhia de Saneamento Básico do Estado de São Paulo";SABESP;"Empresa privada";;96,36;62.170;62.170;97,47;;0;327,18;100;29,46;"4,72 por m³";;"Companhia de Saneamento Básico do Estado de São Paulo";SABESP;"Sociedade de economia mista";;56.301;87,26;56.301;88,27;;0;;;;;;;;;;;;;;;;;;;;;;
3531209;"Monte Alegre do Sul";1;Sudeste;SP;"São Paulo";Não;;;;;"Mata Atlântica";Paraná;110,31;8.873;6.239;2.634;70,31;29,69;"JOSE RAFAEL VEZZAN";REPUBLICANOS;Sim;0;76,92;11,88;11,2;"Até 20 mil";"Prefeitura Municipal de Monte Alegre do Sul";PMMAS;Município;;92,85;8.239;6.239;100;2.000;75,93;111,81;100;86,08;"0,96 por m³";;;;;;;;;;;;;;;;;;"DEPARTAMENTO DE AGRICULTURA E MEIO AMBIENTE";;;8.873;100;6.239;100;2.634;1;;0,81;Não;;;Não;
3531308;"Monte Alto";1;Sudeste;SP;"São Paulo";Sim;"Região Metropolitana de Ribeirão Preto";"Lei Complementar 1.290";06.07.2016;"Sub-região 2";"Mata Atlântica";Paraná;346,95;48.725;47.010;1.715;96,48;3,52;"MARIA HELENA AGUIAR RETTONDINI";PSD;Não;94,25;0;0,91;4,84;"De 20 a 49 mil";"Companhia de Saneamento Básico do Estado de São Paulo";SABESP;"Empresa privada";;100;48.725;47.010;100;1.715;100;198,4;100;12,94;"4,96 por m³";;"Companhia de Saneamento Básico do Estado de São Paulo";SABESP;"Sociedade de economia mista";;48.725;100;47.010;100;1.715;100;;;;;;;"SECRETARIA DE AGRICULTURA E MEIO AMBIENTE";;"Empresa privada";47.010;96,48;47.010;100;;0;;0,97;Sim;;;Não;
3531407;"Monte Aprazível";1;Sudeste;SP;"São Paulo";Não;;;;;"Mata Atlântica";Paraná;495,56;22.650;21.101;1.549;93,16;6,84;"JOÃO ROBERTO CAMARGO";PP;Sim;88,57;0;1,55;9,89;"De 20 a 49 mil";"Companhia de Saneamento Básico do Estado de São Paulo";SABESP;"Empresa privada";;97,25;22.026;21.101;100;925;59,72;191,02;100;15,67;"4,53 por m³";;"Companhia de Saneamento Básico do Estado de São Paulo";SABESP;"Sociedade de economia mista";;21.224;93,7;21.101;100;123;7,94;;;;;;;"PREFEITURA MUNICIPAL DE MONTE APRAZÍVEL";;"Empresa privada";21.101;93,16;21.101;100;;0;;1,07;Sim;;;Sim;"Taxa específica no boleto do IPTU"
3531506;"Monte Azul Paulista";1;Sudeste;SP;"São Paulo";Não;;;;;"Cerrado, Mata Atlântica";Paraná;263,46;18.363;17.287;1.076;94,14;5,86;"MARDQUEU SILVIO FRANÇA";PL;Sim;34,3;63,7;0,52;1,48;"Até 20 mil";"Serviço Autônomo de Água, Esgoto e Meio Ambiente de Monte Azul Paulista";SAEMAP;Autarquia;;93,37;17.146;17.146;99,18;;0;235,24;99,95;41,85;"3,09 por m³";;"Serviço Autônomo de Água, Esgoto e Meio Ambiente de Monte Azul Paulista";SAEMAP;Autarquia;;17.094;93,09;17.094;98,88;;0;;;;;;;"SECRETARIA DE MEIO AMBIENTE";;Autarquia;18.363;100;17.287;100;1.076;1;;1,61;Não;;;Sim;"Tarifa específica em boleto de água e esgoto"
3531605;"Monte Castelo";1;Sudeste;SP;"São Paulo";Não;;;;;"Mata Atlântica";;233,55;4.301;3.634;667;84,49;15,51;"EDSON CARLOS OLIVEIRA DA SILVA";PSD;Não;98,35;0;0,22;1,43;"Até 20 mil";;;;;;;;;;;;;;;;;;;;;;;;;;;;;;;;"Rosicléia Costa dos Santos";;;4.301;100;3.634;100;667;1;;0,79;Não;;;Não;
3531803;"Monte Mor";1;Sudeste;SP;"São Paulo";Sim;"Região Metropolitana de Campinas";"Lei Complementar 870";19.06.2000;;"Mata Atlântica";Paraná;240,57;67.296;65.304;1.992;97,04;2,96;"MURILO ANTÔNIO DE SOUSA RINALDO";PP;Sim;58,43;0,35;15,87;25,34;"De 50 a 99 mil";"Companhia de Saneamento Básico do Estado de São Paulo";SABESP;"Empresa privada";;100;67.296;65.304;100;1.992;100;174,2;100;26,54;"4,75 por m³";;"Companhia de Saneamento Básico do Estado de São Paulo";SABESP;"Sociedade de economia mista";;59.969;89,11;59.969;91,83;;0;;;;;;;"SECRETARIA MUNICIPAL DE MEIO AMBIENTE E AGRICULTURA";;"Empresa privada";67.296;100;65.304;100;1.992;1;;1,06;Não;;;Sim;"Taxa específica no boleto do IPTU"
3531704;"Monteiro Lobato";1;Sudeste;SP;"São Paulo";Sim;"Região Metropolitana do Vale do Paraíba e Litoral Norte";"Lei Complementar 1.166";09.01.2012;"Sub-região 1";"Mata Atlântica";;332,74;4.205;1.573;2.632;37,41;62,59;"EDMAR JOSÉ DE ARAUJO";PSD;Não;66,04;0;2,98;30,98;"Até 20 mil";"Companhia de Saneamento Básico do Estado de São Paulo";SABESP;"Empresa privada";;52,84;2.222;1.573;100;649;24,66;188,56;100;25,58;"4,99 por m³";;"Companhia de Saneamento Básico do Estado de São Paulo";SABESP;"Sociedade de economia mista";;1.912;45,47;1.573;100;339;12,88;;;;;;;"SECRETARIA DE MEIO AMBIENTE E AGRICULTURA";;"Empresa privada";4.205;100;1.573;100;2.632;1;;0,93;Não;;;Sim;"Tarifa específica em boleto exclusivo"
3531902;"Morro Agudo";1;Sudeste;SP;"São Paulo";Sim;"Região Metropolitana de Ribeirão Preto";"Lei Complementar 1.290";06.07.2016;"Sub-região 4";"Cerrado, Mata Atlântica";Paraná;1.388,13;28.561;27.484;1.077;96,23;3,77;"LEANDRO CÉSAR SILVA VALADARES";CIDADANIA;Não;95;0;0,56;4,44;"De 20 a 49 mil";;;;;;;;;;;;;;;;;;;;;;;;;;;;;;;;"SECRETARIA DE MEIO AMBIENTE E SUSTENTABILIDADE";;;27.484;96,23;27.484;100;;0;;0,79;Sim;;;Não;
3532009;Morungaba;1;Sudeste;SP;"São Paulo";Sim;"Região Metropolitana de Campinas";"Lei Complementar 1.234";14.03.2014;;"Mata Atlântica";Paraná;146,75;14.081;11.967;2.114;84,99;15,01;"LUIS FERNANDO MIGUEL";UNIÃO;Sim;92,62;0;7,12;0,26;"Até 20 mil";"Companhia de Saneamento Básico do Estado de São Paulo";SABESP;"Empresa privada";;87,75;12.356;11.906;99,49;450;21,29;166,52;100;26,2;"5,00 por m³";;"Companhia de Saneamento Básico do Estado de São Paulo";SABESP;"Sociedade de economia mista";;12.015;85,33;11.906;99,49;109;5,16;;;;;;;"Departamento de Meio Ambiente e Agricultura";;"Empresa privada";14.081;100;11.967;100;2.114;1;;0,83;Sim;;;Não;
3532058;Motuca;1;Sudeste;SP;"São Paulo";Não;;;;;"Cerrado, Mata Atlântica";Paraná;228,70;4.079;2.980;1.099;73,06;26,94;"FABIO DE MENEZES CHAVES";PSD;Não;99,49;0;0,39;0,13;"Até 20 mil";;;;;;;;;;;;;;;;;;;;;;;;;;;;;;;;;;;;;;;;;;;;;;;
3532108;"Murutinga do Sul";1;Sudeste;SP;"São Paulo";Não;;;;;"Mata Atlântica";;250,87;3.763;2.761;1.002;73,37;26,63;"CRISTIANO ELEUTÉRIO SOARES DA SILVA";PODE;Não;99,34;0;0,51;0,16;"Até 20 mil";"Prefeitura Municipal de Murutinga do Sul";"PM DE MTGA DO SUL";Município;;76,16;2.866;2.761;100;105;10,48;524,57;100;26,99;"0,37 por m³";;"Prefeitura Municipal de Murutinga do Sul";"PM DE MTGA DO SUL";Município;;3.658;97,21;2.656;96,2;1.002;100;;;;;;;"SECRETARIA MUNICIPAL DE AGRICULTURA E MEIO AMBIENTE";;Município;2.761;73,37;2.761;100;;0;;1,92;Não;;;Sim;"Taxa específica no boleto do IPTU"
3532157;Nantes;1;Sudeste;SP;"São Paulo";Não;;;;;"Cerrado, Mata Atlântica";;286,65;2.699;2.476;223;91,74;8,26;"MARLLON JAFFER ALBANO DE OLIVEIRA";PSD;Não;98,97;0;0,33;0,7;"Até 20 mil";;;;;;;;;;;;;;;;"Prefeitura Municipal de Nantes";PMN;;;2.400;;2.400;;;;;;;;;;;;;;;;;;;;;;;;;
3532207;Narandiba;1;Sudeste;SP;"São Paulo";Não;;;;;"Cerrado, Mata Atlântica";Paraná;357,33;5.908;5.298;610;89,68;10,32;"DANILLO CARVALHO DOS SANTOS";REPUBLICANOS;Sim;99,62;0;0,38;0;"Até 20 mil";"Companhia de Saneamento Básico do Estado de São Paulo";SABESP;"Empresa privada";;95,67;5.652;5.298;100;354;58,03;159,91;99,98;8,25;"4,53 por m³";;"Companhia de Saneamento Básico do Estado de São Paulo";SABESP;"Sociedade de economia mista";;5.042;85,34;5.042;95,17;;0;;;;;;;"Secretaria de Agricultura e Meio Ambiente";;"Empresa privada";5.398;91,37;5.298;100;100;0,16;;0,42;Sim;;;Não;
3532306;"Natividade da Serra";1;Sudeste;SP;"São Paulo";Sim;"Região Metropolitana do Vale do Paraíba e Litoral Norte";"Lei Complementar 1.166";09.01.2012;"Sub-região 2";"Mata Atlântica";;833,37;7.134;2.974;4.160;41,69;58,31;"EVAIL AUGUSTO DOS SANTOS";PL;Não;65,33;32,66;0,5;1,51;"Até 20 mil";"Prefeitura Municipal de Natividade Da Serra";PMNS;Município;;41,69;2.974;2.974;100;;0;199,67;0;33;"0,25 por m³";;"Prefeitura Municipal de Natividade Da Serra";PMNS;;;2.974;;2.974;;;;;;;;;;"Secretaria de Desenvolvimento Rural, Pesca e Meio Ambiente";;Município;6.209;87,03;2.974;100;3.235;0,77;;0,64;Não;;;Sim;"Taxa específica no boleto do IPTU"
3532405;"Nazaré Paulista";1;Sudeste;SP;"São Paulo";Não;;;;;"Mata Atlântica";Paraná;326,25;18.620;9.329;9.291;50,1;49,9;"AVANILDE APARECIDA GONZAGA CANEDO";UNIÃO;Sim;37,27;0;40,33;22,4;"Até 20 mil";"Companhia de Saneamento Básico do Estado de São Paulo";SABESP;"Empresa privada";;44,48;8.282;8.282;88,78;;0;235,09;100;27,71;"4,94 por m³";;"Companhia de Saneamento Básico do Estado de São Paulo";SABESP;"Sociedade de economia mista";;4.707;25,28;4.707;50,46;;0;;;;;;;"DEPARTAMENTO DE  OBRAS PUBLICAS E SERVIÇOS";;"Empresa privada";14.896;80;9.010;96,58;5.886;0,63;;0,96;Não;;;Sim;"Taxa específica no boleto do IPTU"
3532504;"Neves Paulista";1;Sudeste;SP;"São Paulo";Não;;;;;"Mata Atlântica";Paraná;219,05;9.921;8.913;1.008;89,84;10,16;"Não empossado";"fev. 2025";Sim;0;95,91;4;0,09;"Até 20 mil";"Prefeitura Municipal de Neves Paulista";PMNP;Município;;90,05;8.934;8.913;100;21;2,08;161,03;100;41,96;"2,40 por m³";;"Prefeitura Municipal de Neves Paulista";PMNP;Município;;8.913;89,84;8.913;100;;0;;;;;;;"PREFEITURA MUNICIPAL DE NEVES PAULISTA";;Município;9.921;100;8.913;100;1.008;1;;1,67;Não;;;Sim;"Taxa específica no boleto do IPTU"
3532603;Nhandeara;1;Sudeste;SP;"São Paulo";Não;;;;;"Mata Atlântica";Paraná;436,16;9.944;8.276;1.668;83,23;16,77;"ANTONIO MARQUES DO NASCIMENTO JUNIOR";PSDB;Sim;95,8;0;0,17;4,02;"Até 20 mil";"Companhia de Saneamento Básico do Estado de São Paulo";SABESP;"Empresa privada";;96,44;9.590;8.276;100;1.314;78,78;192,26;100;11,52;"4,57 por m³";;"Companhia de Saneamento Básico do Estado de São Paulo";SABESP;"Sociedade de economia mista";;8.568;86,16;8.276;100;292;17,51;;;;;;;"PREFEITURA MUNICIPAL DE NHANDEARA";;"Empresa privada";9.944;100;8.276;100;1.668;1;;0,69;Não;;;Sim;"Taxa específica no boleto do IPTU"
3532702;Nipoã;1;Sudeste;SP;"São Paulo";Não;;;;;"Mata Atlântica";Paraná;137,61;4.860;4.427;433;91,09;8,91;"JOSE PEDRO RAMPIM";PSD;Sim;90,32;0;1,47;8,2;"Até 20 mil";"Companhia de Saneamento Básico do Estado de São Paulo";SABESP;"Empresa privada";;98,33;4.779;4.427;100;352;81,29;172,23;100;9,28;"4,32 por m³";;"Companhia de Saneamento Básico do Estado de São Paulo";SABESP;"Sociedade de economia mista";;4.622;95,1;4.427;100;195;45,03;;;;;;;"DEPARTAMENTO MUNICIPAL DE MEIO AMBIENTE";;"Empresa privada";4.427;91,09;4.427;100;;0;;0,63;Não;;;Sim;"Taxa específica no boleto do IPTU"
3532801;"Nova Aliança";1;Sudeste;SP;"São Paulo";Não;;;;;"Mata Atlântica";Paraná;217,52;6.858;6.147;711;89,63;10,37;"JURANDIR BARBOSA DE MORAIS";PSD;Não;95;0;0,55;4,45;"Até 20 mil";"Prefeitura Municipal de Nova Aliança";SP;Município;;89,63;6.147;6.147;100;;0;175,08;100;15,87;"3,36 por m³";;"Prefeitura Municipal de Nova Aliança";SP;Município;;6.147;89,63;6.147;100;;0;;;;;;;"SECRETARIA DE ADMINISTRAÇÃO";;Município;6.147;89,63;6.147;100;;0;;1,11;Sim;;;Sim;"Taxa específica no boleto do IPTU"
3532827;"Nova Campina";1;Sudeste;SP;"São Paulo";Não;;;;;"Cerrado, Mata Atlântica";Paraná;385,38;8.631;6.131;2.500;71,03;28,97;"ANTONIO ISAEL DE OLIVEIRA JUNIOR";PSD;Sim;79,69;0;0,56;19,76;"Até 20 mil";"Companhia de Saneamento Básico do Estado de São Paulo";SABESP;"Empresa privada";;85,51;7.380;6.131;100;1.249;49,96;117,08;99,98;17,98;"3,87 por m³";;"Companhia de Saneamento Básico do Estado de São Paulo";SABESP;"Sociedade de economia mista";;4.985;57,76;4.985;81,31;;0;;;;;;;"SECRETARIA DE AGRICULTURA E MEIO AMBIENTE";;"Empresa privada";8.631;100;6.131;100;2.500;1;;0,52;Sim;;;Sim;"Taxa específica no boleto do IPTU"
3532843;"Nova Canaã Paulista";1;Sudeste;SP;"São Paulo";Não;;;;;"Mata Atlântica";Paraná;124,47;2.058;1.369;689;66,52;33,48;"THAIS CRISTINA COSTA MOREIRA";PSD;Não;68,38;0;0;31,62;"Até 20 mil";"Companhia de Saneamento Básico do Estado de São Paulo";SABESP;"Empresa privada";;78,09;1.607;1.369;100;238;34,54;176,93;100;12,92;"4,44 por m³";;"Companhia de Saneamento Básico do Estado de São Paulo";SABESP;"Sociedade de economia mista";;1.425;69,23;1.369;100;56;8,13;;;;;;;"DEPARTAMENTO DE AGRICULTURA, PECUÁRIA E MEIO AMBIENTE";;"Empresa privada";2.058;100;1.369;100;689;1;;1,13999;Sim;;;Sim;"Taxa específica no boleto do IPTU"
3532868;"Nova Castilho";1;Sudeste;SP;"São Paulo";Não;;;;;"Mata Atlântica";;183,40;1.074;784;290;73;27;"MAICON GARCIA PIROLA";UNIÃO;Não;99,2;0;0;0,8;"Até 20 mil";;;;;;;;;;;;;;;;;;;;;;;;;;;;;;;;;;;;;;;;;;;;;;;
3532900;"Nova Europa";1;Sudeste;SP;"São Paulo";Não;;;;;"Cerrado, Mata Atlântica";Paraná;160,25;9.459;9.100;359;96,2;3,8;"LIDIANE LUIZE RODRIGUES";MDB;Sim;99,59;0;0,09;0,31;"Até 20 mil";"Prefeitura Municipal de Nova Europa";PMNE;Município;;96,63;9.140;9.100;100;40;11,14;229,63;99,99;59,1;"2,33 por m³";;"Prefeitura Municipal de Nova Europa";PMNE;Município;;9.100;96,2;9.100;100;;0;;;;;;;"DEPARTAMENTO DE AGRICULTURA E MEIO AMBIENTE";;Município;9.459;100;9.100;100;359;1;;0,76;Não;;;Sim;"Taxa específica no boleto do IPTU"
3533007;"Nova Granada";1;Sudeste;SP;"São Paulo";Não;;;;;"Cerrado, Mata Atlântica";Paraná;531,80;19.725;18.155;1.570;92,04;7,96;"LUIZ AUGUSTO SALVADOR";PSD;Não;90,45;0;2,7;6,85;"Até 20 mil";"Companhia de Saneamento Básico do Estado de São Paulo";SABESP;"Empresa privada";;100;19.725;18.155;100;1.570;100;184,58;100;14,44;"4,59 por m³";;"Companhia de Saneamento Básico do Estado de São Paulo";SABESP;"Sociedade de economia mista";;19.066;96,66;18.155;100;911;58,03;;;;;;;"SECRETARIA MUNICIPAL DE OBRAS";;"Empresa privada";18.155;92,04;18.155;100;;0;;1,26;Não;;;Não;
3533106;"Nova Guataporanga";1;Sudeste;SP;"São Paulo";Não;;;;;"Mata Atlântica";Paraná;34,16;2.188;1.983;205;90,63;9,37;"JOSE MAURO LOURENCETTI";PSD;Sim;100;0;0;0;"Até 20 mil";"Companhia de Saneamento Básico do Estado de São Paulo";SABESP;"Empresa privada";;92,18;2.017;1.835;92,54;182;88,78;186,57;100;17,95;"4,46 por m³";;"Companhia de Saneamento Básico do Estado de São Paulo";SABESP;"Sociedade de economia mista";;1.934;88,39;1.835;92,54;99;48,29;;;;;;;"SETOR DE OBRAS";;"Empresa privada";2.188;100;1.983;100;205;1;;1,83;Sim;;;Sim;"Taxa específica no boleto do IPTU"
3533205;"Nova Independência";1;Sudeste;SP;"São Paulo";Não;;;;;"Mata Atlântica";Paraná;265,03;4.795;3.646;1.149;76,04;23,96;"FERNANDO MACCHI SANTANA";PP;Sim;44,29;0;0;55,71;"Até 20 mil";"Prefeitura Municipal de Nova Independência";PM;Município;;76,04;3.646;3.646;100;;0;212,6;100;33,35;"0,57 por m³";;"Prefeitura Municipal de Nova Independência";PM;Município;;3.646;76,04;3.646;100;;0;;;;;;;"DEPARTAMENTO DE AGRICULTURA E MEIO AMBIENTE";;Município;3.670;76,54;3.646;100;24;0,02;;1,71;Não;;;Não;
3533304;"Nova Luzitânia";1;Sudeste;SP;"São Paulo";Não;;;;;"Mata Atlântica";Paraná;73,82;2.838;2.494;344;87,88;12,12;"MIGUEL JOSÉ ARAÚJO JUNIOR";PSD;Não;94,33;0;0,1;5,57;"Até 20 mil";"Companhia de Saneamento Básico do Estado de São Paulo";SABESP;"Empresa privada";;95,03;2.697;2.494;100;203;59,01;192,34;100;8,63;"4,34 por m³";;"Companhia de Saneamento Básico do Estado de São Paulo";SABESP;"Sociedade de economia mista";;2.651;93,41;2.494;100;157;45,64;;;;;;;"DIVISÃO DE AGRICULTURA E MEIO AMBIENTE";;"Empresa privada";2.838;100;2.494;100;344;1;;0,88;Sim;;;Sim;"Taxa específica no boleto do IPTU"
3533403;"Nova Odessa";1;Sudeste;SP;"São Paulo";Sim;"Região Metropolitana de Campinas";"Lei Complementar 870";19.06.2000;;"Mata Atlântica";Paraná;73,79;64.228;63.740;488;99,24;0,76;"CLÁUDIO JOSÉ SCHOODER";PSD;Não;56,26;40,74;0,26;2,74;"De 50 a 99 mil";"Companhia de Desenvolvimento de Nova Odessa";"CODEN Ambiental";"Sociedade de economia mista";;100;64.228;63.740;100;488;100;194,1;100;27,97;"4,76 por m³";;"Companhia de Desenvolvimento de Nova Odessa";"CODEN Ambiental";"Sociedade de economia mista";;62.943;98;62.465;98;478;97,95;;;;;;;"SECRETARIA DE MEIO AMBIENTE, AGRICULTURA E RECURSOS HÍDRICOS";;"Sociedade de economia mista";64.228;100;63.740;100;488;1;;1,46;Sim;;;Sim;"Taxa específica no boleto do IPTU"
3533254;Novais;1;Sudeste;SP;"São Paulo";Não;;;;;"Mata Atlântica";Paraná;117,77;4.469;4.192;277;93,8;6,2;"PAULO CESAR DIAS PINHEIRO";PSD;Sim;89,13;10,49;0,31;0,07;"Até 20 mil";"Prefeitura Municipal de Novais";PMN;Município;;93,8;4.192;4.192;100;;0;159,83;0;38,86;"1,75 por m³";;"Prefeitura Municipal de Novais";PMN;;;4.192;93,8;4.192;100;;0;;;;;;;"COORDENADORIA DO SETOR DE MEIO AMBIENTE E RECURSOS HÍDRICOS";;Município;4.192;93,8;4.192;100;;0;;0,73;Não;;;Não;
3533502;"Novo Horizonte";1;Sudeste;SP;"São Paulo";Não;;;;;"Mata Atlântica";;931,74;39.435;37.660;1.775;95,5;4,5;"FABIANO DE MELLO BELENTANI";PL;Não;93,56;0;0,83;5,6;"De 20 a 49 mil";"Companhia de Saneamento Básico do Estado de São Paulo";SABESP;"Empresa privada";;97,54;38.466;37.660;100;806;45,41;213,79;100;6,58;"4,87 por m³";;"Companhia de Saneamento Básico do Estado de São Paulo";SABESP;"Sociedade de economia mista";;37.486;95,06;37.486;99,54;;0;;;;;;;"DIRETORIA DE MEIO AMBIENTE E URBANISMO";;"Empresa privada";39.435;100;37.660;100;1.775;1;;1,07;Sim;;;Não;
3533601;Nuporanga;1;Sudeste;SP;"São Paulo";Sim;"Região Metropolitana de Ribeirão Preto";"Lei Complementar 1.290";06.07.2016;"Sub-região 4";"Cerrado, Mata Atlântica";Paraná;348,27;7.550;7.072;478;93,67;6,33;"DANIEL VIANA MELO";PSDB;Sim;99,92;0;0,08;0;"Até 20 mil";"Prefeitura Municipal de Nuporanga";PMN;Município;;93,67;7.072;7.072;100;;0;280,01;100;5,67;"2,33 por m³";;"Prefeitura Municipal de Nuporanga";PMN;Município;;7.072;93,67;7.072;100;;0;;;;;;;"DEPARTAMENTO DE ENGENHARIA";;Município;7.072;93,67;7.072;100;;0;;0,65;Não;;;Sim;"Taxa específica no boleto do IPTU"
3533700;Ocauçu;1;Sudeste;SP;"São Paulo";Não;;;;;"Cerrado, Mata Atlântica";;301,04;4.412;3.774;638;85,54;14,46;"JOÃO BENEDITO COSTA E SILVA";PSD;Não;98,23;0;0,45;1,32;"Até 20 mil";"Prefeitura Municipal de Ocauçu";PMO;Município;;85,54;3.774;3.774;100;;0;241,3;80,06;63;"1,49 por m³";;"Prefeitura Municipal de Ocauçu";PMO;Município;;3.774;85,54;3.774;100;;0;;;;;;;"SECRETARIA DE MEIO AMBIENTE";;Município;4.412;100;3.774;100;638;1;;0,63;Sim;;;Não;
3533809;Óleo;1;Sudeste;SP;"São Paulo";Não;;;;;"Cerrado, Mata Atlântica";;198,94;2.540;1.942;598;76,46;23,54;"JORDÃO ANTONIO VIDOTTO";PSD;Não;14,13;68,99;1,64;15,23;"Até 20 mil";"Companhia de Saneamento Básico do Estado de São Paulo";SABESP;"Empresa privada";;87,17;2.214;1.942;100;272;45,48;181,52;100;29,84;"4,63 por m³";;"Companhia de Saneamento Básico do Estado de São Paulo";SABESP;"Sociedade de economia mista";;1.846;72,68;1.846;95,06;;0;;;;;;;"DEPARTAMENTO DE AGRICULTURA E MEIO AMBIENTE";;"Empresa privada";2.540;100;1.942;100;598;1;;1,28;Sim;;;Não;
3533908;Olímpia;1;Sudeste;SP;"São Paulo";Não;;;;;"Cerrado, Mata Atlântica";Paraná;802,56;56.701;54.932;1.769;96,88;3,12;"EUGENIO JOSE ZULIANI";UNIÃO;Não;22,82;77,18;0;0;"De 50 a 99 mil";"SABESP OLIMPIA S/A";SABESP-OL;"Empresa privada";;;64.627;64.627;;;0;239,7;100;21,48;"3,49 por m³";;"SABESP OLIMPIA S/A";SABESP-OL;Autarquia;;64.528;;64.528;;;0;;;;;;;"SECRETARIA DE ZELADORIA E MEIO AMBIENTE";;"Empresa privada";54.932;96,88;54.932;100;;0;;1,68;Não;;;Sim;"Taxa específica no boleto do IPTU"
3534005;"Onda Verde";1;Sudeste;SP;"São Paulo";Não;;;;;"Mata Atlântica";Paraná;242,95;4.912;4.488;424;91,37;8,63;"NILSON NEVES DE SOUZA";PP;Sim;96,85;0;0;3,15;"Até 20 mil";"Companhia de Saneamento Básico do Estado de São Paulo";SABESP;"Empresa privada";;85,14;4.182;4.182;93,18;;0;194,02;100;16,46;"4,68 por m³";;"Companhia de Saneamento Básico do Estado de São Paulo";SABESP;"Sociedade de economia mista";;3.988;81,19;3.988;88,86;;0;;;;;;;"GABINETE DO PREFEITO";;"Empresa privada";4.912;100;4.488;100;424;1;;1,6;Não;;;Não;
3534104;Oriente;1;Sudeste;SP;"São Paulo";Não;;;;;"Mata Atlântica";;218,67;6.180;5.868;312;94,95;5,05;"GERALDO MATHEUS MORIS";PP;Não;99,56;0;0,23;0,22;"Até 20 mil";"Companhia de Saneamento Básico do Estado de São Paulo";SABESP;"Empresa privada";;97,44;6.022;5.710;97,31;312;100;164,13;100;22,15;"4,59 por m³";;"Companhia de Saneamento Básico do Estado de São Paulo";SABESP;"Sociedade de economia mista";;6.011;97,27;5.704;97,21;307;98,4;;;;;;;"SECRETARIA DA AGRICULTURA E MEIO AMBIENTE";;"Empresa privada";5.868;94,95;5.868;100;;0;;1,51;Não;;;Sim;"Taxa específica no boleto do IPTU"
3534203;Orindiúva;1;Sudeste;SP;"São Paulo";Não;;;;;"Cerrado, Mata Atlântica";Paraná;247,38;6.145;5.726;419;93,18;6,82;"MIRELI CRISTINA LEITE RUVIÉRI MARTINS";PSD;Não;93,94;0;0,36;5,7;"Até 20 mil";"Companhia de Saneamento Básico do Estado de São Paulo";SABESP;"Empresa privada";;100;6.145;5.726;100;419;100;176,07;100;12,72;"4,79 por m³";;"Companhia de Saneamento Básico do Estado de São Paulo";SABESP;"Sociedade de economia mista";;6.145;100;5.726;100;419;100;;;;;;;"DIVISÃO DE AGRICULTURA E MEIO AMBIENTE";;"Empresa privada";6.145;100;5.726;100;419;1;;0,81;Sim;;;Sim;"Taxa específica no boleto do IPTU"
3534302;Orlândia;1;Sudeste;SP;"São Paulo";Sim;"Região Metropolitana de Ribeirão Preto";"Lei Complementar 1.290";06.07.2016;"Sub-região 4";"Cerrado, Mata Atlântica";Paraná;291,77;39.193;38.370;823;97,9;2,1;"JORGE GABRIEL GRASI";PSD;Não;99,85;0;0,09;0,06;"De 20 a 49 mil";"Saneamento de Orlândia SPE S/A";SANOR;"Empresa privada";;95,25;37.330;37.330;97,29;;0;239,86;100;60,65;"4,09 por m³";;"Saneamento de Orlândia SPE S/A";SANOR;"Empresa privada";;39.193;100;38.370;100;823;100;;;;;;;"SECRETARIA MUNICIPAL DA INFRAESTRUTURA URBANA";;"Empresa privada";38.370;97,9;38.370;100;;0;;1,48;Sim;;;Sim;"Taxa específica no boleto do IPTU"
3534401;Osasco;1;Sudeste;SP;"São Paulo";Sim;"Região Metropolitana de São Paulo";"Lei Complementar 1.139";16.06.2011;"Sub-região Oeste";"Mata Atlântica";Paraná;64,95;756.952;756.952;;100;0;"GERSON DIAS PESSOA";PODE;Sim;24,79;44,06;6,51;24,64;"De 500 a 999 mil";"Companhia de Saneamento Básico do Estado de São Paulo";SABESP;"Empresa privada";;100;756.952;756.952;100;;;190,21;100;30,93;"5,33 por m³";;"Companhia de Saneamento Básico do Estado de São Paulo";SABESP;"Sociedade de economia mista";;755.497;99,81;755.497;99,81;;;;;;;;;"DIRETORIA GERAL DE GESTÃO DE RESÍDUOS";;"Empresa privada";756.952;100;756.952;100;;;;1,17;Sim;;;Sim;"Taxa específica no boleto do IPTU"
3534500;"Oscar Bressane";1;Sudeste;SP;"São Paulo";Não;;;;;"Cerrado, Mata Atlântica";Paraná;222,13;2.504;2.078;426;82,99;17,01;"ANSELMO GIROTO";PL;Sim;94,76;0;0,57;4,67;"Até 20 mil";"Companhia de Saneamento Básico do Estado de São Paulo";SABESP;"Empresa privada";;86,66;2.170;2.078;100;92;21,6;190,75;100;12,44;"4,67 por m³";;"Companhia de Saneamento Básico do Estado de São Paulo";SABESP;"Sociedade de economia mista";;2.110;84,27;2.078;100;32;7,51;;;;;;;"SECRETARIA DE MEIO AMBIENTE";;"Empresa privada";2.470;98,64;2.050;98,65;420;0,98;;1,11;Sim;;;Sim;"Taxa específica no boleto do IPTU"
3534609;"Osvaldo Cruz";1;Sudeste;SP;"São Paulo";Não;;;;;"Mata Atlântica";Paraná;248,04;32.099;29.717;2.382;92,58;7,42;"VERA LUCIA ALVES";PP;Não;97,2;0;0,54;2,26;"De 20 a 49 mil";"Companhia de Saneamento Básico do Estado de São Paulo";SABESP;"Empresa privada";;99,78;32.027;29.717;100;2.310;96,98;180,68;100;15,74;"4,80 por m³";;"Companhia de Saneamento Básico do Estado de São Paulo";SABESP;"Sociedade de economia mista";;29.400;91,59;29.400;98,93;;0;;;;;;;"SECRETARIA DE AGRICULTURA E MEIO AMBIENTE";;"Empresa privada";29.717;92,58;29.717;100;;0;;1,81;Sim;;;Sim;"Taxa específica no boleto do IPTU"
3534708;Ourinhos;1;Sudeste;SP;"São Paulo";Não;;;;;"Mata Atlântica";Paraná;295,82;106.877;104.910;1.967;98,16;1,84;"GUILHERME ANDREW GONÇALVES DA SILVA";PODE;Não;85;13,2;1,8;0;"De 100 a 249 mil";"OURINHOS SANEAMENTO S.A.|Superintendência de Água e Esgoto de Ourinhos";OURSAN|SAE;"Empresa privada|Autarquia";;;209.820;209.820;;;0;155,3;99,99;63,33;"3,58 por m³";;"Superintendência de Água e Esgoto de Ourinhos|OURINHOS SANEAMENTO S.A.";SAE|OURSAN;"Autarquia|Empresa privada";;204.824;;202.896;;1.928;98,02;;;;;;;"SECRETARIA MUNICIPAL DE MEIO AMBIENTE E AGRICULTURA";;"Autarquia | Empresa privada";106.877;100;104.910;100;1.967;1;;0,7;Sim;;;Sim;"Taxa específica no boleto de água ou esgoto"
3534807;"Ouro Verde";1;Sudeste;SP;"São Paulo";Não;;;;;"Mata Atlântica";Paraná;266,78;7.901;7.474;427;94,6;5,4;"JULIO CESAR DE MORI VECCHIATI";UNIÃO;Sim;71,17;0;0,04;28,79;"Até 20 mil";"Prefeitura Municipal de Ouro Verde";pmov;Município;;94,6;7.474;7.474;100;;0;417,43;0,74;6,67;"0,78 por m³";;"Prefeitura Municipal de Ouro Verde";pmov;Município;;7.474;94,6;7.474;100;;0;;;;;;;"PREFEITURA MUNICIPAL DE OURO VERDE";;Município;7.520;95,18;7.474;100;46;0,1;;1,02;Sim;;;Sim;"Taxa específica no boleto do IPTU"
3534757;Ouroeste;1;Sudeste;SP;"São Paulo";Não;;;;;"Mata Atlântica";Paraná;288,65;10.596;9.684;912;91,39;8,61;"SEBASTIÃO CARLOS SILVA";REPUBLICANOS;Não;94,12;0;0,53;5,35;"Até 20 mil";"Companhia de Saneamento Básico do Estado de São Paulo";SABESP;"Empresa privada";;100;10.596;9.684;100;912;100;192,67;100;12,54;"4,69 por m³";;"Companhia de Saneamento Básico do Estado de São Paulo";SABESP;"Sociedade de economia mista";;10.596;100;9.684;100;912;100;;;;;;;"SECRETARIA MUNCIPAL DE MEIO AMBIENTE";;"Empresa privada";9.759;92,1;9.684;100;75;0,08;;1,48;Sim;;;Sim;"Taxa específica no boleto do IPTU"
3534906;Pacaembu;1;Sudeste;SP;"São Paulo";Não;;;;;"Mata Atlântica";Paraná;339,38;15.217;9.141;6.076;60,07;39,93;"JOAO FRANCISCO MUGNAI NEVES";PL;Não;86,69;0;0,72;12,59;"Até 20 mil";"Prefeitura Municipal de Pacaembu";PMP;Município;;97,59;14.850;8.923;97,62;5.927;97,55;295,55;94,72;21,26;"1,37 por m³";;"Prefeitura Municipal de Pacaembu";PMP;Município;;7.891;51,86;7.770;85;121;1,99;;;;;;;"SECRETARIA DE AGRICULTURA E MEIO AMBIENTE";;Município;9.141;60,07;9.141;100;;0;;0,87;Sim;;;Não;
3535002;Palestina;1;Sudeste;SP;"São Paulo";Não;;;;;"Cerrado, Mata Atlântica";;697,70;11.689;10.138;1.551;86,73;13,27;"REINALDO APARECIDO DA CUNHA";PSD;Não;83;0;1,31;15,69;"Até 20 mil";"Empresa de Saneamento de Palestina";ESAP;"Empresa privada";;86,73;10.138;10.138;100;;0;202,49;100;15,57;"5,39 por m³";;"Empresa de Saneamento de Palestina";ESAP;"Empresa privada";;10.078;86,22;10.078;99,41;;0;;;;;;;"PREFEITURA MUNICIPAL DE PALESTINA";;"Empresa privada";10.138;86,73;10.138;100;;0;;0,74;Não;;;Sim;"Taxa específica no boleto do IPTU"
3535101;"Palmares Paulista";1;Sudeste;SP;"São Paulo";Não;;;;;"Mata Atlântica";Paraná;82,13;9.709;9.517;192;98,02;1,98;"LUCAS APARECIDO DA ASSUMÇÃO";PSD;Sim;94,49;0;0,11;5,4;"Até 20 mil";"Companhia de Saneamento Básico do Estado de São Paulo";SABESP;"Empresa privada";;98,93;9.605;9.455;99,35;150;78,13;157,38;100;14,43;"4,24 por m³";;"Companhia de Saneamento Básico do Estado de São Paulo";SABESP;"Sociedade de economia mista";;9.563;98,5;9.455;99,35;108;56,25;;;;;;;"SECRETARIA DE MEIO AMBIENTE";;"Empresa privada";9.465;97,49;9.465;99,45;;0;;0,54;Não;;;Sim;"Taxa específica no boleto do IPTU"
3535200;"Palmeira d'Oeste";1;Sudeste;SP;"São Paulo";Não;;;;;"Mata Atlântica";Paraná;318,74;8.994;7.410;1.584;82,39;17,61;"VALDIR SEMENSATI DE MORAES";PL;Não;89,84;0;0,54;9,62;"Até 20 mil";"Companhia de Saneamento Básico do Estado de São Paulo";SABESP;"Empresa privada";;95,86;8.622;7.410;100;1.212;76,52;191,43;100;10,48;"4,63 por m³";;"Companhia de Saneamento Básico do Estado de São Paulo";SABESP;"Sociedade de economia mista";;8.242;91,64;7.410;100;832;52,53;;;;;;;"SECRETARIA MEIO AMBIENTE";;"Empresa privada";7.410;82,39;7.410;100;;0;;0,79;Não;;;Não;
3535309;Palmital;1;Sudeste;SP;"São Paulo";Não;;;;;"Cerrado, Mata Atlântica";Paraná;548,41;19.767;18.747;1.020;94,84;5,16;"LUIS GUSTAVO MENDES MORAES";PSD;Sim;83,82;0;0,57;15,61;"Até 20 mil";"Serviço Autônomo de Água e Esgoto";SAAE;Autarquia;;96,96;19.167;18.747;100;420;41,18;196,8;100;47,79;"3,40 por m³";;"Serviço Autônomo de Água e Esgoto";SAAE;Autarquia;;19.032;96,28;18.747;100;285;27,94;;;;;;;"DEPARTAMENTO DE AGRICULTURA E MEIO AMBIENTE";;Autarquia;19.767;100;18.747;100;1.020;1;;0,85;Sim;;;Sim;"Taxa específica no boleto do IPTU"
3535408;Panorama;1;Sudeste;SP;"São Paulo";Não;;;;;"Mata Atlântica";Paraná;356,05;15.214;14.783;431;97,17;2,83;"Não empossado";"fev. 2025";Não;91,95;0;2,57;5,48;"Até 20 mil";"Prefeitura Municipal de Panorama";PMP;Município;;96,5;14.681;14.681;99,31;;0;94,6;100;27,54;"7,12 por m³";;"Prefeitura Municipal de Panorama";PMP;Município;;14.114;92,77;14.114;95,47;;0;;;;;;;"SECRETARIA DE MEIO AMBIENTE, AGRICULTURA E DESENVOLVIMENTO SUSTENTÁVEL";;Município;14.000;92,02;14.000;94,7;;0;;1,12;Sim;;;Não;
3535507;"Paraguaçu Paulista";1;Sudeste;SP;"São Paulo";Não;;;;;"Cerrado, Mata Atlântica";;1.001,49;42.087;38.602;3.485;91,72;8,28;"ANTONIO TAKASHI SASADA";PSD;Não;97,29;0;0,56;2,15;"De 20 a 49 mil";"Companhia de Saneamento Básico do Estado de São Paulo";SABESP;"Empresa privada";;93,74;39.454;37.457;97,03;1.997;57,3;187,83;100;10,62;"4,55 por m³";;"Companhia de Saneamento Básico do Estado de São Paulo";SABESP;"Sociedade de economia mista";;39.116;92,94;37.457;97,03;1.659;47,6;;;;;;;"DEPARTAMENTO DE MEIO AMBIENTE";;"Empresa privada";42.087;100;38.602;100;3.485;1;;1,32;Sim;;;Sim;"Taxa específica no boleto do IPTU"
3535606;Paraibuna;1;Sudeste;SP;"São Paulo";Sim;"Região Metropolitana do Vale do Paraíba e Litoral Norte";"Lei Complementar 1.166";09.01.2012;"Sub-região 1";"Mata Atlântica";"Atlântico Sudeste";809,58;17.950;10.991;6.959;61,23;38,77;"HELOISA ANTUNES DE FARIA SANTOS";PL;Sim;0;85,98;2,31;11,71;"Até 20 mil";"Companhia de Águas e Esgotos de Paraibuna";CAEPA;"Empresa privada";;84,45;15.159;10.991;100;4.168;59,89;166,41;100;29,48;"4,46 por m³";;"Companhia de Águas e Esgotos de Paraibuna";CAEPA;"Empresa privada";;9.218;51,35;8.752;79,63;466;6,7;;;;;;;"DEPARTAMENTO DE AGRICULTURA, ABASTECIMENTO E MEIO AMBIENTE";;"Empresa privada";17.950;100;10.991;100;6.959;1;;0,6;Não;;;Sim;"Taxa específica no boleto do IPTU"
3535705;Paraíso;1;Sudeste;SP;"São Paulo";Não;;;;;"Mata Atlântica";Paraná;155,19;6.211;5.413;798;87,15;12,85;"OSVALTE JOSE BOVONI";PL;Sim;95;0;0,19;4,81;"Até 20 mil";"Prefeitura Municipal de Paraíso";PREFEITURA;Município;;87,15;5.413;5.413;100;;0;293,56;98,1;7,94;"1,34 por m³";;"Prefeitura Municipal de Paraíso";PREFEITURA;;;5.513;88,76;5.413;100;100;12,53;;;;;;;"Agricultura, Abastecimento e Meio Ambiente";;Município;5.800;93,38;5.413;100;387;0,48;;0,95;Sim;;;Não;
3535804;Paranapanema;1;Sudeste;SP;"São Paulo";Não;;;;;"Cerrado, Mata Atlântica";Paraná;1.018,72;19.799;16.180;3.619;81,72;18,28;"RODOLFO HESSEL FANGANIELLO";PSD;Não;88,41;0;3,26;8,33;"Até 20 mil";"Companhia de Saneamento Básico do Estado de São Paulo";SABESP;"Empresa privada";;73,7;14.593;14.593;90,19;;0;205,79;99,98;9,94;"4,83 por m³";;"Companhia de Saneamento Básico do Estado de São Paulo";SABESP;"Sociedade de economia mista";;11.441;57,79;11.441;70,7;;0;;;;;;;"SECRETARIA MUNICIPAL DO VERDE E DO MEIO AMBIENTE";;"Empresa privada";19.799;100;16.180;100;3.619;1;;0,94;Não;;;Não;
3535903;Paranapuã;1;Sudeste;SP;"São Paulo";Não;;;;;"Mata Atlântica";Paraná;140,35;4.111;3.770;341;91,71;8,29;"DANIEL JUNIOR DURAN PINATTO";PP;Sim;92,74;0;0,62;6,64;"Até 20 mil";"Companhia de Saneamento Básico do Estado de São Paulo";SABESP;"Empresa privada";;100;4.111;3.770;100;341;100;188,78;100;13,93;"4,46 por m³";;"Companhia de Saneamento Básico do Estado de São Paulo";SABESP;"Sociedade de economia mista";;4.111;100;3.770;100;341;100;;;;;;;"PREFEITURA MUNICIPAL";;"Empresa privada";4.111;100;3.770;100;341;1;;2,34;Não;;;Sim;"Taxa específica no boleto do IPTU"
3536000;Parapuã;1;Sudeste;SP;"São Paulo";Não;;;;;"Mata Atlântica";Paraná;366,66;10.729;9.337;1.392;87,03;12,97;"MILTON MITIO IWAYAMA";PL;Sim;99,97;0;0,03;0;"Até 20 mil";"Companhia de Saneamento Básico do Estado de São Paulo";SABESP;"Empresa privada";;95,75;10.273;9.337;100;936;67,23;177,62;100;12,35;"4,49 por m³";;"Companhia de Saneamento Básico do Estado de São Paulo";SABESP;"Sociedade de economia mista";;9.926;92,52;9.337;100;589;42,31;;;;;;;"DEPARATMENTO DE MEIO AMBIENTE";;"Empresa privada";10.729;100;9.337;100;1.392;1;;0,52;Sim;;;Sim;"Taxa específica no boleto do IPTU"
3536109;Pardinho;1;Sudeste;SP;"São Paulo";Não;;;;;"Cerrado, Mata Atlântica";Paraná;209,89;7.382;6.409;973;86,82;13,18;"CRISTIANO CAMARGO MOREIRA";REPUBLICANOS;Sim;88,16;0;8;3,84;"Até 20 mil";"Companhia de Saneamento Básico do Estado de São Paulo";SABESP;"Empresa privada";;74,13;5.472;5.472;85,38;;0;181,96;99,98;24,43;"4,75 por m³";;"Companhia de Saneamento Básico do Estado de São Paulo";SABESP;"Sociedade de economia mista";;3.667;49,67;3.667;57,22;;0;;;;;;;"DIRETORIA MUNICIPAL DO MEIO AMBIENTE";;"Empresa privada";6.409;86,82;6.409;100;;0;;1,02;Sim;;;Sim;"Taxa específica no boleto do IPTU"
3536208;Pariquera-Açu;1;Sudeste;SP;"São Paulo";Não;;;;;"Mata Atlântica";"Atlântico Sudeste";359,41;19.576;14.527;5.049;74,21;25,79;"WAGNER BENTO DA COSTA";PL;Sim;79,41;0;9,69;10,9;"Até 20 mil";"Companhia de Saneamento Básico do Estado de São Paulo";SABESP;"Empresa privada";;74,98;14.679;13.777;94,84;902;17,86;172,76;100;22,3;"5,09 por m³";;"Companhia de Saneamento Básico do Estado de São Paulo";SABESP;"Sociedade de economia mista";;12.643;64,58;12.643;87,03;;0;;;;;;;"DIVISÃO DE MEIO AMBIENTE";;"Empresa privada";19.576;100;14.527;100;5.049;1;;0,97;Sim;;;Não;
3536257;Parisi;1;Sudeste;SP;"São Paulo";Não;;;;;"Cerrado, Mata Atlântica";Paraná;84,74;3.001;2.594;407;86,44;13,56;"OCLAIR BARÃO BENTO";PSDB;Não;99,39;0;0,12;0,49;"Até 20 mil";"Prefeitura Municipal de Parisi";PM;Município;;86,44;2.594;2.594;100;;0;192,1;100;29,08;"2,75 por m³";;"Prefeitura Municipal de Parisi";PM;Município;;2.594;86,44;2.594;100;;0;;;;;;;"SECRETARIA DE OBRAS E SERVIÇOS URBANOS";;Município;3.001;100;2.594;100;407;1;;2,6;Sim;;;Sim;"Taxa específica no boleto do IPTU"
3536307;"Patrocínio Paulista";1;Sudeste;SP;"São Paulo";Sim;"Aglomeração Urbana de Franca";"Lei Complementar 1.323";22.05.2018;;"Cerrado, Mata Atlântica";;602,85;14.837;12.706;2.131;85,64;14,36;"MÁRIO MARCELO CARRARO BERTELLI";PSD;Não;98,36;0;0,51;1,12;"Até 20 mil";"Prefeitura Municipal de Patrocínio Paulista";PMPP;Município;;86,31;12.806;12.706;100;100;4,69;201,05;100;42,94;"2,83 por m³";;"Prefeitura Municipal de Patrocínio Paulista";PMPP;Município;;12.706;85,64;12.706;100;;0;;;;;;;"Secretaria de Desenvolvimento Urbano";;Município;14.837;100;12.706;100;2.131;1;;0,59;Sim;;;Sim;"Taxa em boleto exclusivo"
3536406;Paulicéia;1;Sudeste;SP;"São Paulo";Não;;;;;"Mata Atlântica";Paraná;374,09;8.200;7.414;786;90,41;9,59;"ANTONIO SIMONATO";PSD;Sim;95;0;5;0;"Até 20 mil";"Prefeitura Municipal de Paulicéia";PREFEITURA;Município;;100;8.200;7.414;100;786;100;3,37;62,2;98,75;"2,49 por m³";;"Prefeitura Municipal de Paulicéia";PREFEITURA;Município;;4.155;50,67;4.150;55,98;5;0,64;;;;;;;"PREFEITURA MUNICIPAL DE PAULICEIA";;Município;7.400;90,24;7.400;99,81;;0;;1,01;Não;;;Sim;"Taxa específica no boleto do IPTU"
3536505;Paulínia;1;Sudeste;SP;"São Paulo";Sim;"Região Metropolitana de Campinas";"Lei Complementar 870";19.06.2000;;"Mata Atlântica";;138,78;115.690;114.591;1.099;99,05;0,95;"DANILO HENRIQUE MACÊDO DE BARROS";PL;Não;89,64;2,39;3,87;4,1;"De 100 a 249 mil";"Companhia de Saneamento Básico do Estado de São Paulo";SABESP;"Empresa privada";;100;115.690;114.591;100;1.099;100;217,23;99,95;22,43;"5,82 por m³";;"Companhia de Saneamento Básico do Estado de São Paulo";SABESP;"Sociedade de economia mista";;115.690;100;114.591;100;1.099;100;;;;;;;"SECRETARIA MUNICIPAL DE OBRAS E SERVIÇOS PÚBLICOS";;"Empresa privada";115.690;100;114.591;100;1.099;1;;2,04999;Sim;;;Sim;"Taxa específica no boleto do IPTU"
3536570;Paulistânia;1;Sudeste;SP;"São Paulo";Não;;;;;Cerrado;Paraná;256,18;2.146;1.617;529;75,35;24,65;"LUIZ CARLOS MARQUES";MDB;Não;76,4;0;0,99;22,61;"Até 20 mil";"Companhia de Saneamento Básico do Estado de São Paulo";SABESP;"Empresa privada";;71,58;1.536;1.536;94,99;;0;188,9;100;17,19;"5,12 por m³";;"Companhia de Saneamento Básico do Estado de São Paulo";SABESP;"Sociedade de economia mista";;1.478;68,87;1.478;91,4;;0;;;;;;;"SECRETARIA MUNICIPAL DE OBRAS E SERVIÇOS PÚBLICOS";;"Empresa privada";2.146;100;1.617;100;529;1;;1,34;Sim;;;Não;
3536604;"Paulo de Faria";1;Sudeste;SP;"São Paulo";Não;;;;;"Cerrado, Mata Atlântica";Paraná;737,99;7.430;6.553;877;88,2;11,8;"DIRCEU CASSIA FILHO";PL;Não;88,65;0;0,97;10,38;"Até 20 mil";"Companhia de Saneamento Básico do Estado de São Paulo";SABESP;"Empresa privada";;100;7.430;6.553;100;877;100;234,49;100;10,48;"6,05 por m³";;"Companhia de Saneamento Básico do Estado de São Paulo";SABESP;"Sociedade de economia mista";;7.430;100;6.553;100;877;100;;;;;;;"SEÇÃO MUNICIPAL DE OBRAS E MEIO AMBIENTE";;"Empresa privada";6.553;88,2;6.553;100;;0;;0,63;Não;;;Sim;"Taxa específica no boleto do IPTU"
3536703;Pederneiras;1;Sudeste;SP;"São Paulo";Não;;;;;"Cerrado, Mata Atlântica";Paraná;728,74;46.223;43.265;2.958;93,6;6,4;"IVANA MARIA BERTOLINI CAMARINHA";PSD;Sim;95,65;0;0,26;4,09;"De 20 a 49 mil";"Companhia de Saneamento Básico do Estado de São Paulo";SABESP;"Empresa privada";;93,01;42.991;40.472;93,54;2.519;85,16;202,63;100;27,95;"4,91 por m³";;"Companhia de Saneamento Básico do Estado de São Paulo";SABESP;"Sociedade de economia mista";;41.660;90,13;40.472;93,54;1.188;40,15;;;;;;;"SECRETARIA MUNICIPAL DE MEIO AMBIENTE";;"Empresa privada";46.223;100;43.265;100;2.958;1;;2,77;Não;;;Não;
3536802;"Pedra Bela";1;Sudeste;SP;"São Paulo";Não;;;;;"Mata Atlântica";Paraná;158,59;6.718;1.817;4.901;27,05;72,95;"VANDERLEI LOPES DA SILVA";UNIÃO;Não;0;80,28;2,92;16,81;"Até 20 mil";"Companhia de Saneamento Básico do Estado de São Paulo";SABESP;"Empresa privada";;24,77;1.664;1.664;91,58;;0;248,18;100;3,28;"5,41 por m³";;"Companhia de Saneamento Básico do Estado de São Paulo";SABESP;"Sociedade de economia mista";;1.441;21,45;1.441;79,31;;0;;;;;;;"DIRETORIA DE OBRAS, MEIO AMBIENTE E AGRICULTURA";;"Empresa privada";6.718;100;1.817;100;4.901;1;;0,5;Sim;;;Não;
3536901;Pedranópolis;1;Sudeste;SP;"São Paulo";Não;;;;;"Cerrado, Mata Atlântica";;260,10;2.848;1.775;1.073;62,32;37,68;"FAUSTO LUANO ROSA";REPUBLICANOS;Não;82,2;0;0;17,8;"Até 20 mil";"Companhia de Saneamento Básico do Estado de São Paulo";SABESP;"Empresa privada";;72,75;2.072;1.775;100;297;27,68;189,06;100;9,09;"4,51 por m³";;"Companhia de Saneamento Básico do Estado de São Paulo";SABESP;"Sociedade de economia mista";;2.065;72,51;1.775;100;290;27,03;;;;;;;"SETOR MEIO AMBIENTE";;"Empresa privada";1.775;62,32;1.775;100;;0;;0,43;Sim;;;Sim;"Taxa específica no boleto do IPTU"
3537008;Pedregulho;1;Sudeste;SP;"São Paulo";Sim;"Aglomeração Urbana de Franca";"Lei Complementar 1.323";22.05.2018;;"Cerrado, Mata Atlântica";;712,60;15.742;12.524;3.218;79,56;20,44;"CARLOS EDUARDO BARBOSA TEIXEIRA";PSDB;Não;92,2;0;0,73;7,07;"Até 20 mil";"Companhia de Saneamento Básico do Estado de São Paulo";SABESP;"Empresa privada";;86,38;13.598;12.524;100;1.074;33,36;166,3;99,99;13,81;"4,55 por m³";;"Companhia de Saneamento Básico do Estado de São Paulo";SABESP;"Sociedade de economia mista";;12.736;80,9;12.524;100;212;6,59;;;;;;;"Prefeitura Municipal de Pedregulho ( Setor de Infraestrutura)";;"Empresa privada";15.742;100;12.524;100;3.218;1;;1,93;Sim;;;Sim;"Taxa específica no boleto do IPTU"
3537107;Pedreira;1;Sudeste;SP;"São Paulo";Sim;"Região Metropolitana de Campinas";"Lei Complementar 870";19.06.2000;;"Mata Atlântica";Paraná;108,82;44.332;43.592;740;98,33;1,67;"FÁBIO VINICIUS POLIDORO";REPUBLICANOS;Sim;98;0;2;0;"De 20 a 49 mil";"Serviço Autônomo de Água e Esgoto";SAAE;Autarquia;;98,33;43.592;43.592;100;;0;159,5;100;58,36;"3,16 por m³";;"Serviço Autônomo de Água e Esgoto";SAAE;Autarquia;;43.156;97,35;43.156;99;;0;;;;;;;"SECRETARIA MUNICIPAL DE AGRICULTURA, ABASTECIMENTO E MEIO AMBIENTE";;Autarquia;43.592;98,33;43.592;100;;0;;0,82;Sim;;;Sim;"Taxa específica no boleto de água ou esgoto"
3537156;"Pedrinhas Paulista";1;Sudeste;SP;"São Paulo";Não;;;;;"Mata Atlântica";Paraná;152,31;2.838;2.567;271;90,45;9,55;"FREDDIE COSTA NICOLAU";PSD;Sim;97,58;0;0,4;2,02;"Até 20 mil";"Companhia de Saneamento Básico do Estado de São Paulo";SABESP;"Empresa privada";;94,05;2.669;2.420;94,27;249;91,88;215,81;100;14,8;"5,12 por m³";;"Companhia de Saneamento Básico do Estado de São Paulo";SABESP;"Sociedade de economia mista";;2.426;85,48;2.420;94,27;6;2,21;;;;;;;"SECRETARIA DE OBRAS E SERVIÇOS, AGRICULTURA E MEIO AMBIENTE";;"Empresa privada";2.567;90,45;2.567;100;;0;;0,89;Não;;;Sim;"Taxa específica no boleto do IPTU"
3537206;"Pedro de Toledo";1;Sudeste;SP;"São Paulo";Não;;;;;"Mata Atlântica";"Atlântico Sudeste";670,44;11.539;7.587;3.952;65,75;34,25;"PAULO EDUARDO ALVES FERREIRA";UNIÃO;Sim;62,85;0;25,61;11,54;"Até 20 mil";"Companhia de Saneamento Básico do Estado de São Paulo";SABESP;"Empresa privada";;61,33;7.077;7.077;93,28;;0;207,22;100;31,16;"4,86 por m³";;"Companhia de Saneamento Básico do Estado de São Paulo";SABESP;"Sociedade de economia mista";;4.516;39,14;4.516;59,52;;0;;;;;;;;;;;;;;;;;;;;;;
3537305;Penápolis;1;Sudeste;SP;"São Paulo";Não;;;;;"Mata Atlântica";Paraná;711,32;63.317;60.816;2.501;96,05;3,95;"CARLOS HENRIQUE ROSSI CATALANI";PSD;Sim;100;0;0;0;"De 50 a 99 mil";"Departamento Autônomo de Água e Esgoto de Penápolis";DAEP;Autarquia;;96,05;60.816;60.816;100;;0;221,37;100;22,94;"3,32 por m³";;"Departamento Autônomo de Água e Esgoto de Penápolis";DAEP;Autarquia;;60.816;96,05;60.816;100;;0;;;;;;;"AUTARQUIA MUNICIPAL DE SANEAMENTO AMBIENTAL - DAEP";;Autarquia;60.816;96,05;60.816;100;;0;;1,78;Sim;;;Sim;"Taxa em boleto exclusivo"
3537404;"Pereira Barreto";1;Sudeste;SP;"São Paulo";Não;;;;;"Mata Atlântica";;974,25;24.389;22.850;1.539;93,69;6,31;"HERMÍNIO BARBOSA KOMATSU";PSB;Não;100;0;0;0;"De 20 a 49 mil";"Serviço Autônomo de Água e Esgoto";SAAE;Autarquia;;94,06;22.941;22.850;100;91;5,91;291,77;100;22,78;"1,68 por m³";;"Serviço Autônomo de Água e Esgoto";SAAE;Autarquia;;24.389;100;22.850;100;1.539;100;;;;;;;"SECRETARIA DE AGRICULTURA E MEIO AMBIENTE";;Autarquia;23.708;97,21;22.850;100;858;0,55;;1,47;Sim;;;Sim;"Taxa específica no boleto do IPTU"
3537503;Pereiras;1;Sudeste;SP;"São Paulo";Não;;;;;"Mata Atlântica";Paraná;223,14;8.969;6.401;2.568;71,37;28,63;"OSMAR PASQUALINO RODRIGUES RAMOS JUNIOR";PSD;Não;100;0;0;0;"Até 20 mil";"Companhia de Saneamento Básico do Estado de São Paulo";SABESP;"Empresa privada";;80,48;7.218;6.401;100;817;31,81;170,16;100;26,02;"4,45 por m³";;"Companhia de Saneamento Básico do Estado de São Paulo";SABESP;"Sociedade de economia mista";;5.748;64,09;5.748;89,8;;0;;;;;;;"SECRETARIA DE OBRAS";;"Empresa privada";6.000;66,9;6.000;93,74;;0;;0,59;Não;;;Sim;"Taxa específica no boleto do IPTU"
3537602;Peruíbe;1;Sudeste;SP;"São Paulo";Sim;"Região Metropolitana da Baixada Santista";"Lei Complementar 815";30.07.1996;;"Mata Atlântica";"Atlântico Sudeste";326,22;70.543;68.878;1.665;97,64;2,36;"FELIPE ANTONIO COLAÇO BERNARDO";PSD;Sim;73,47;0;26,53;0;"De 50 a 99 mil";"Companhia de Saneamento Básico do Estado de São Paulo";SABESP;"Empresa privada";;100;70.543;68.878;100;1.665;100;279,93;100;32,67;"4,72 por m³";;"Companhia de Saneamento Básico do Estado de São Paulo";SABESP;"Sociedade de economia mista";;53.504;75,84;53.504;77,68;;0;;;;;;;"SECRETARIA MUNICIPAL DE OBRAS, SERVIÇOS E INFRAESTRUTURA URBANA";;"Empresa privada";69.044;97,88;68.272;99,12;772;0,46;;1,31;Sim;;;Sim;"Taxa específica no boleto do IPTU"
3537701;Piacatu;1;Sudeste;SP;"São Paulo";Não;;;;;"Mata Atlântica";Paraná;232,49;5.623;5.198;425;92,44;7,56;"RICARDO FRANCISCO LEMES DA SILVA";PSD;Sim;100;0;0;0;"Até 20 mil";"Companhia de Saneamento Básico do Estado de São Paulo";SABESP;"Empresa privada";;97,53;5.484;5.198;100;286;67,29;176,77;100;17,48;"4,62 por m³";;"Companhia de Saneamento Básico do Estado de São Paulo";SABESP;"Sociedade de economia mista";;5.398;96;5.198;100;200;47,06;;;;;;;"SECRETARIA DO MEIO AMBIENTE";;"Empresa privada";5.623;100;5.198;100;425;1;;0,8;Sim;;;Sim;"Taxa específica no boleto do IPTU"
3537800;Piedade;1;Sudeste;SP;"São Paulo";Sim;"Região Metropolitana de Sorocaba";"Lei Complementar 1.241";20.06.2014;"Sub-região 3";"Mata Atlântica";;746,87;54.237;30.953;23.284;57,07;42,93;"GERALDO PINTO DE CAMARGO FILHO";PSD;Não;53,61;2,47;4,99;38,93;"De 50 a 99 mil";"Companhia de Saneamento Básico do Estado de São Paulo";SABESP;"Empresa privada";;62,68;33.996;30.953;100;3.043;13,07;167,14;99,99;14,25;"5,27 por m³";;"Companhia de Saneamento Básico do Estado de São Paulo";SABESP;"Sociedade de economia mista";;18.318;33,77;18.318;59,18;;0;;;;;;;"SECRETARIA DE DESENVOLVIMENTO RURAL E MEIO AMBIENTE";;"Empresa privada";50.000;92,19;29.000;93,69;21.000;0,9;;1,24;Não;;;Sim;"Taxa específica no boleto do IPTU"
3537909;"Pilar do Sul";1;Sudeste;SP;"São Paulo";Sim;"Região Metropolitana de Sorocaba";"Lei Complementar 1.241";20.06.2014;"Sub-região 3";"Mata Atlântica";Paraná;681,25;28.417;22.566;5.851;79,41;20,59;"CLAYTON ALVARO MACHADO";REPUBLICANOS;Não;85,5;0;3,97;10,52;"De 20 a 49 mil";"Companhia de Saneamento Básico do Estado de São Paulo";SABESP;"Empresa privada";;95,5;27.139;22.566;100;4.573;78,16;159,91;100;20,58;"4,69 por m³";;"Companhia de Saneamento Básico do Estado de São Paulo";SABESP;"Sociedade de economia mista";;15.967;56,19;15.967;70,76;;0;;;;;;;"SECRETARIA DE DESENVOLVIMENTO RURAL E MEIO AMBIENTE";;"Empresa privada";28.417;100;22.566;100;5.851;1;;0,63;Sim;;;Sim;"Taxa específica no boleto do IPTU"
3538006;Pindamonhangaba;1;Sudeste;SP;"São Paulo";Sim;"Região Metropolitana do Vale do Paraíba e Litoral Norte";"Lei Complementar 1.166";09.01.2012;"Sub-região 2";"Mata Atlântica";"Atlântico Sudeste";730,00;172.027;165.714;6.313;96,33;3,67;"RICARDO ALBERTO PEREIRA PIORINO";PL;Não;95,28;0,77;2,26;1,69;"De 100 a 249 mil";"Companhia de Saneamento Básico do Estado de São Paulo";SABESP;"Empresa privada";;100;172.027;165.714;100;6.313;100;165,18;99,99;34,15;"4,84 por m³";;"Companhia de Saneamento Básico do Estado de São Paulo";SABESP;"Sociedade de economia mista";;170.075;98,87;165.714;100;4.361;69,08;;;;;;;"DEPARTAMENTO DE LIMPEZA PÚBLICA";;"Empresa privada";165.714;96,33;165.714;100;;0;;1,31;Sim;;;Não;
3538105;Pindorama;1;Sudeste;SP;"São Paulo";Não;;;;;"Mata Atlântica";Paraná;184,83;14.721;13.970;751;94,9;5,1;"GERALDO FELIPPE JUNIOR";REPUBLICANOS;Sim;97,77;0;0,96;1,28;"Até 20 mil";"Prefeitura Municipal de Pindorama";PM;Município;;94,44;13.902;13.902;99,51;;0;197,84;100;35,93;"2,23 por m³";;"Prefeitura Municipal de Pindorama";PM;Município;;13.902;94,44;13.902;99,51;;0;;;;;;;"SECRETARIA DE OBRAS E SERVIÇOS PÚBLICOS";;Município;14.721;100;13.970;100;751;1;;1,02;Não;;;Não;
3538204;Pinhalzinho;1;Sudeste;SP;"São Paulo";Não;;;;;"Mata Atlântica";Paraná;154,53;15.605;9.368;6.237;60,03;39,97;"SEBASTIAO ZANARDI";PSD;Não;85,05;0;5,38;9,57;"Até 20 mil";"Companhia de Saneamento Básico do Estado de São Paulo";SABESP;"Empresa privada";;58,78;9.173;9.173;97,92;;0;164,79;100;23,69;"4,63 por m³";;"Companhia de Saneamento Básico do Estado de São Paulo";SABESP;"Sociedade de economia mista";;7.163;45,9;7.163;76,45;;0;;;;;;;"SECRETARIA DE OBRAS E SERVIÇOS PÚBLICOS";;"Empresa privada";9.100;58,31;9.100;97,14;;0;;0,54;Sim;;;Sim;"Taxa específica no boleto do IPTU"
3538303;Piquerobi;1;Sudeste;SP;"São Paulo";Não;;;;;"Mata Atlântica";Paraná;482,77;3.296;2.680;616;81,31;18,69;"ADRIANA CRIVELLI BIFFE";MDB;Sim;91,87;0;0,11;8,01;"Até 20 mil";"Companhia de Saneamento Básico do Estado de São Paulo";SABESP;"Empresa privada";;90,9;2.996;2.680;100;316;51,3;169,87;100;14,68;"4,30 por m³";;"Companhia de Saneamento Básico do Estado de São Paulo";SABESP;"Sociedade de economia mista";;2.669;80,98;2.669;99,59;;0;;;;;;;"SECRETARIA DO MEIO AMBIENTE";;"Empresa privada";2.680;81,31;2.680;100;;0;;0,32;Não;;;Sim;"Taxa específica no boleto do IPTU"
3538501;Piquete;1;Sudeste;SP;"São Paulo";Sim;"Região Metropolitana do Vale do Paraíba e Litoral Norte";"Lei Complementar 1.166";09.01.2012;"Sub-região 3";"Mata Atlântica";"Atlântico Sudeste";176,00;12.570;11.535;1.035;91,77;8,23;"ROMULO KAZIMIERZ LUSZCZYNSKI";PSD;Sim;0;77,51;2,57;19,91;"Até 20 mil";"Águas Piquete S.A.";AP;"Empresa privada";;91,77;11.535;11.535;100;;0;237,7;99,87;7,96;"2,65 por m³";;"Águas Piquete S.A.";AP;"Empresa privada";;11.535;91,77;11.535;100;;0;;;;;;;"SECRETARIA DE MEIO AMBIENTE";;"Empresa privada";12.420;98,81;11.535;100;885;0,85;;0,43;Não;;;Não;
3538600;Piracaia;1;Sudeste;SP;"São Paulo";Não;;;;;"Mata Atlântica";Paraná;385,57;26.764;22.019;4.745;82,27;17,73;"ANDRÉ HENRIQUE ROGÉRIO";PL;Não;70,84;7,87;15,83;5,46;"De 20 a 49 mil";"Companhia de Saneamento Básico do Estado de São Paulo";SABESP;"Empresa privada";;74,13;19.839;19.839;90,1;;0;191,54;100;29;"5,01 por m³";;"Companhia de Saneamento Básico do Estado de São Paulo";SABESP;"Sociedade de economia mista";;15.426;57,64;15.426;70,06;;0;;;;;;;"DEPARTAMENTO DE MEIO AMBIENTE";;"Empresa privada";26.764;100;22.019;100;4.745;1;;0,92;Não;;;Sim;"Taxa específica no boleto do IPTU"
3538709;Piracicaba;1;Sudeste;SP;"São Paulo";Sim;"Aglomeração Urbana de Piracicaba-AU- Piracicaba";"Lei Complementar 1.178";26.06.2012;;"Cerrado, Mata Atlântica";Paraná;1.378,07;438.827;429.436;9.391;97,86;2,14;"HELIO DONIZETE ZANATTA";PSD;Sim;100;0;0;0;"De 250 a 499 mil";"Serviço Municipal de Água e Esgoto";SEMAE;Autarquia;;92,23;404.728;397.948;92,67;6.780;72,2;222,86;100;50,91;"5,32 por m³";;"Serviço Municipal de Água e Esgoto";SEMAE;Autarquia;;437.466;99,69;429.436;100;8.030;85,51;;;;;;;"SECRETARIA MUNICIPAL DE OBRAS, INFRAESTRUTURA E SERVIÇOS PÚBLICOS";;Autarquia;429.436;97,86;429.436;100;;0;;1,08;Sim;;;Sim;"Taxa específica no boleto do IPTU"
3538808;Piraju;1;Sudeste;SP;"São Paulo";Não;;;;;"Cerrado, Mata Atlântica";Paraná;504,59;30.261;28.339;1.922;93,65;6,35;"CARLOS ALBERTO CAMARGO LIMA";PL;Sim;91,64;4,82;0,59;2,95;"De 20 a 49 mil";"Companhia de Saneamento Básico do Estado de São Paulo";SABESP;"Empresa privada";;96,02;29.058;27.993;98,78;1.065;55,41;190,09;100;25,91;"4,66 por m³";;"Companhia de Saneamento Básico do Estado de São Paulo";SABESP;"Sociedade de economia mista";;28.129;92,95;27.993;98,78;136;7,08;;;;;;;"DEPARTAMENTO DE AGRICULTURA, MEIO AMBIENTE E DEFESA ANIMAL";;"Empresa privada";30.261;100;28.339;100;1.922;1;;1,04;Sim;;;Não;
3538907;Pirajuí;1;Sudeste;SP;"São Paulo";Não;;;;;"Mata Atlântica";Paraná;823,76;22.743;18.538;4.205;81,51;18,49;"ROSALINA SONIA DOS SANTOS";PL;Sim;37,6;56,4;1,46;4,54;"De 20 a 49 mil";"Serviço Autônomo de Água e Esgoto";SAAE;Autarquia;;81,51;18.538;18.538;100;;0;426,74;100;2,93;"1,34 por m³";;"Serviço Autônomo de Água e Esgoto";SAAE;Autarquia;;18.538;81,51;18.538;100;;0;;;;;;;"SECRETARIA DE AGRICULTURA E MEIO AMBIENTE";;Autarquia;19.743;86,81;18.538;100;1.205;0,28;;0,92;Sim;;;Sim;"Taxa específica no boleto do IPTU"
3539004;Pirangi;1;Sudeste;SP;"São Paulo";Não;;;;;"Mata Atlântica";Paraná;215,81;11.076;10.231;845;92,37;7,63;"VANDERLEI ROBSON DE OLIVEIRA";PL;Não;100;0;0;0;"Até 20 mil";"Prefeitura Municipal de Pirangi";PMP;Município;;92,37;10.231;10.231;100;;0;355,1;96,21;33;"1,69 por m³";;"Prefeitura Municipal de Pirangi";PMP;Município;;10.231;92,37;10.231;100;;0;;;;;;;"SECRETARIA DE AGRICULTURA, ABASTECIMENTO E MEIO AMBIENTE";;Município;10.231;92,37;10.231;100;;0;;0,72;Não;;;Sim;"Taxa específica no boleto do IPTU"
3539103;"Pirapora do Bom Jesus";1;Sudeste;SP;"São Paulo";Sim;"Região Metropolitana de São Paulo";"Lei Complementar 1.139";16.06.2011;"Sub-região Oeste";"Mata Atlântica";;108,49;18.836;18.181;655;96,52;3,48;"GREGORIO RODRIGUES PONTES MAGLIO";MDB;Não;22,07;22,07;9,31;46,56;"Até 20 mil";"Companhia de Saneamento Básico do Estado de São Paulo";SABESP;"Empresa privada";;91,79;17.290;17.290;95,1;;0;181,2;99,35;45,56;"5,16 por m³";;"Companhia de Saneamento Básico do Estado de São Paulo";SABESP;"Sociedade de economia mista";;14.929;79,26;14.929;82,11;;0;;;;;;;;;;;;;;;;;;;;;;
3539202;Pirapozinho;1;Sudeste;SP;"São Paulo";Não;;;;;"Cerrado, Mata Atlântica";Paraná;477,67;26.065;24.728;1.337;94,87;5,13;"LUCAS PADOVAN DOS SANTOS PAVANI";PSD;Não;95,29;0;1,25;3,46;"De 20 a 49 mil";"Companhia de Saneamento Básico do Estado de São Paulo";SABESP;"Empresa privada";;100;26.065;24.728;100;1.337;100;174,31;100;17,14;"4,72 por m³";;"Companhia de Saneamento Básico do Estado de São Paulo";SABESP;"Sociedade de economia mista";;25.970;99,64;24.728;100;1.242;92,89;;;;;;;"DIVISÃO MUNICIPAL DE MEIO AMBIENTE";;"Empresa privada";24.728;94,87;24.728;100;;0;;0,54;Sim;;;Sim;"Taxa específica no boleto do IPTU"
3539301;Pirassununga;1;Sudeste;SP;"São Paulo";Não;;;;;"Cerrado, Mata Atlântica";Paraná;727,12;75.475;72.388;3.087;95,91;4,09;"FERNANDO LUBRECHET";NOVO;Sim;100;0;0;0;"De 50 a 99 mil";"Serviço de Água e Esgoto de Pirassununga";SAEP;Autarquia;;89,75;67.742;66.810;92,29;932;30,19;248,58;100;33,71;"3,27 por m³";;"Serviço de Água e Esgoto de Pirassununga";SAEP;Autarquia;;71.665;94,95;71.665;99;;0;;;;;;;"SECRETARIA MUNICIPAL DE MEIO AMBIENTE";;Autarquia;75.475;100;72.388;100;3.087;1;;0,79;Sim;;;Sim;"Taxa específica no boleto do IPTU"
3539400;Piratininga;1;Sudeste;SP;"São Paulo";Não;;;;;"Cerrado, Mata Atlântica";;402,41;15.554;13.558;1.996;87,17;12,83;"CARLOS ALESSANDRO FRANCO BORRO DE MATOS";REPUBLICANOS;Não;85,45;0;6,1;8,45;"Até 20 mil";"Companhia de Saneamento Básico do Estado de São Paulo";SABESP;"Empresa privada";;89,5;13.921;13.558;100;363;18,19;183,13;100;13,47;"4,97 por m³";;"Companhia de Saneamento Básico do Estado de São Paulo";SABESP;"Sociedade de economia mista";;12.661;81,4;12.661;93,38;;0;;;;;;;"COORDENADORIA DO MEIO AMBIENTE E AGRICULTURA";;"Empresa privada";15.554;100;13.558;100;1.996;1;;0,78;Sim;;;Não;
3539509;Pitangueiras;1;Sudeste;SP;"São Paulo";Sim;"Região Metropolitana de Ribeirão Preto";"Lei Complementar 1.290";06.07.2016;"Sub-região 2";"Cerrado, Mata Atlântica";Paraná;430,64;34.416;33.119;1.297;96,23;3,77;"DIMAS TADEU BOLZAN";PSD;Sim;0;99,12;0,2;0,68;"De 20 a 49 mil";"Prefeitura Municipal de Pitangueiras";PM-PITANGUEIRAS;Município;;96,23;33.119;33.119;100;;0;316,35;100;17,39;"0,99 por m³";;"Prefeitura Municipal de Pitangueiras";PM-PITANGUEIRAS;Município;;33.119;96,23;33.119;100;;0;;;;;;;"SECRETARIA MUNICIPAL DE INFRAESTRUTURA, MEIO AMBIENTE E AGRICULTURA";;Município;33.119;96,23;33.119;100;;0;;0,76;Não;;;Sim;"Taxa específica no boleto do IPTU"
3539608;Planalto;1;Sudeste;SP;"São Paulo";Não;;;;;"Mata Atlântica";Paraná;289,83;4.454;3.939;515;88,44;11,56;"ROSIMEIRE BARBOSA SILVERIO";PSD;Não;91,41;0;0,85;7,75;"Até 20 mil";"Companhia de Saneamento Básico do Estado de São Paulo";SABESP;"Empresa privada";;99,91;4.450;3.939;100;511;99,22;179,47;100;8,03;"4,34 por m³";;"Companhia de Saneamento Básico do Estado de São Paulo";SABESP;"Sociedade de economia mista";;4.426;99,37;3.939;100;487;94,56;;;;;;;"SECRETARIA DE URBANISMO E MEIO AMBIENTE";;"Empresa privada";3.939;88,44;3.939;100;;0;;0,76;Não;;;Sim;"Taxa específica no boleto do IPTU"
3539707;Platina;1;Sudeste;SP;"São Paulo";Não;;;;;"Cerrado, Mata Atlântica";Paraná;327,48;3.061;2.560;501;83,63;16,37;"DONIZETE APARECIDO FERREIRA DE LIMA";PSDB;Sim;93,95;0;0,08;5,97;"Até 20 mil";"Companhia de Saneamento Básico do Estado de São Paulo";SABESP;"Empresa privada";;95,23;2.915;2.560;100;355;70,86;165,02;100;21,58;"4,23 por m³";;"Companhia de Saneamento Básico do Estado de São Paulo";SABESP;"Sociedade de economia mista";;2.487;81,25;2.487;97,15;;0;;;;;;;"SECRETARIA MUNICIPAL DE AGRICULTURA, ABASTECIMENTO, MEIO AMBIENTE E ESTRADAS RURAIS";;"Empresa privada";2.560;83,63;2.560;100;;0;;1,66;Sim;;;Sim;"Taxa específica no boleto do IPTU"
3539806;Poá;1;Sudeste;SP;"São Paulo";Sim;"Região Metropolitana de São Paulo";"Lei Complementar 1.139";16.06.2011;"Sub-região Leste";"Mata Atlântica";Paraná;17,26;106.431;106.239;192;99,82;0,18;"SAULO DE OLIVEIRA SOUZA";PP;Sim;86,03;6,48;2,43;5,06;"De 100 a 249 mil";"Companhia de Saneamento Básico do Estado de São Paulo";SABESP;"Empresa privada";;100;106.431;106.239;100;192;100;160,61;100;28,62;"5,11 por m³";;"Companhia de Saneamento Básico do Estado de São Paulo";SABESP;"Sociedade de economia mista";;106.431;100;106.239;100;192;100;;;;;;;"SECRETARIA DE MEIO AMBIENTE E RECURSOS NATURAIS";;"Empresa privada";106.431;100;106.239;100;192;1;;1,33;Sim;;;Sim;"Taxa específica no boleto do IPTU"
3539905;Poloni;1;Sudeste;SP;"São Paulo";Não;;;;;"Mata Atlântica";Paraná;135,12;5.696;5.222;474;91,68;8,32;"ANDREIA LUZIA FACHINI BRAIT";PSD;Não;95,6;0;0,54;3,86;"Até 20 mil";"Companhia de Saneamento Básico do Estado de São Paulo";SABESP;"Empresa privada";;94,14;5.362;5.026;96,25;336;70,89;188,98;100;18,2;"4,55 por m³";;"Companhia de Saneamento Básico do Estado de São Paulo";SABESP;"Sociedade de economia mista";;5.336;93,68;5.026;96,25;310;65,4;;;;;;;"SETOR DE ENGENHARIA";;"Empresa privada";5.027;88,25;5.027;96,27;;0;;0,64;Sim;;;Sim;"Taxa específica no boleto do IPTU"
3540002;Pompéia;1;Sudeste;SP;"São Paulo";Não;;;;;"Mata Atlântica";;784,67;20.512;19.386;1.126;94,51;5,49;"DIOGO MONTEFUSCO CESCHIM SILVA";PODE;Não;95;0;0,6;4,4;"De 20 a 49 mil";;;;;;;;;;;;;;;;;;;;;;;;;;;;;;;;"PREFEITURA MUNICIPAL DE POMPÉIA";;;20.512;100;19.386;100;1.126;1;;1,24;Sim;;;Não;
3540101;Pongaí;1;Sudeste;SP;"São Paulo";Não;;;;;"Mata Atlântica";Paraná;183,40;3.443;2.916;527;84,69;15,31;"GILHIARD HENRIQUE DE BORTOLI";CIDADANIA;Sim;95,96;0;0,38;3,67;"Até 20 mil";"Companhia de Saneamento Básico do Estado de São Paulo";SABESP;"Empresa privada";;96,86;3.335;2.916;100;419;79,51;201,36;100;12,53;"5,09 por m³";;"Companhia de Saneamento Básico do Estado de São Paulo";SABESP;"Sociedade de economia mista";;2.937;85,3;2.916;100;21;3,98;;;;;;;"SECRETARIA MUNICIPAL DE MEIO AMBIENTE";;"Empresa privada";2.995;86,99;2.916;100;79;0,14;;1,12;Sim;;;Não;
3540200;Pontal;1;Sudeste;SP;"São Paulo";Sim;"Região Metropolitana de Ribeirão Preto";"Lei Complementar 1.290";06.07.2016;"Sub-região 1";"Mata Atlântica";Paraná;356,37;38.376;37.478;898;97,66;2,34;"JOSÉ CARLOS NEVES SILVA";MDB;Não;95;0;0,42;4,58;"De 20 a 49 mil";"Prefeitura Municipal de Pontal";Pontal;Município;;97,66;37.478;37.478;100;;0;293,58;100;36,83;"0,99 por m³";;"Prefeitura Municipal de Pontal";Pontal;Município;;38.376;100;37.478;100;898;100;;;;;;;"SECRETARIA DE MEIO AMBIENTE";;Município;37.478;97,66;37.478;100;;0;;0,9;Sim;;;Não;
3540259;Pontalinda;1;Sudeste;SP;"São Paulo";Não;;;;;"Mata Atlântica";Paraná;209,53;4.196;3.512;684;83,7;16,3;"SISINIO DE OLIVEIRA LEÃO";PSD;Sim;94,75;0;0,68;4,57;"Até 20 mil";"Companhia de Saneamento Básico do Estado de São Paulo";SABESP;"Empresa privada";;88,3;3.705;3.512;100;193;28,22;166,79;100;14,13;"4,46 por m³";;"Companhia de Saneamento Básico do Estado de São Paulo";SABESP;"Sociedade de economia mista";;3.681;87,73;3.512;100;169;24,71;;;;;;;"DIVISÃO MUNICIPAL DE AGRICULTURA, PECUÁRIA E MEIO AMBIENTE";;"Empresa privada";4.196;100;3.512;100;684;1;;0,44;Não;;;Sim;"Taxa específica no boleto do IPTU"
3540309;"Pontes Gestal";1;Sudeste;SP;"São Paulo";Não;;;;;"Cerrado, Mata Atlântica";;217,51;2.415;2.167;248;89,73;10,27;"MARCEL DIAS LEITE";PP;Não;97,24;0;0,24;2,52;"Até 20 mil";"Companhia de Saneamento Básico do Estado de São Paulo";SABESP;"Empresa privada";;91,88;2.219;2.005;92,52;214;86,29;229,98;100;7,09;"5,03 por m³";;"Companhia de Saneamento Básico do Estado de São Paulo";SABESP;"Sociedade de economia mista";;2.060;85,3;2.005;92,52;55;22,18;;;;;;;"PREFEITURA MUNICIPAL DE PONTES GESTAL";;"Empresa privada";2.167;89,73;2.167;100;;0;;0,51;Não;;;Não;
3540408;Populina;1;Sudeste;SP;"São Paulo";Não;;;;;"Mata Atlântica";;315,94;4.185;3.470;715;82,92;17,08;"JOAO CEZAR ROBLES BRANDINI";REPUBLICANOS;Não;92,49;0;0,23;7,27;"Até 20 mil";"Companhia de Saneamento Básico do Estado de São Paulo";SABESP;"Empresa privada";;97,42;4.077;3.470;100;607;84,9;183,74;100;14,57;"4,34 por m³";;"Companhia de Saneamento Básico do Estado de São Paulo";SABESP;"Sociedade de economia mista";;4.030;96,3;3.470;100;560;78,31;;;;;;;"SETOR DE MEIO AMBIENTE";;"Empresa privada";4.185;100;3.470;100;715;1;;0,57999;Não;;;Sim;"Taxa específica no boleto do IPTU"
3540507;Porangaba;1;Sudeste;SP;"São Paulo";Não;;;;;"Cerrado, Mata Atlântica";Paraná;265,69;10.773;6.210;4.563;57,64;42,36;"JOÃO CARLOS ALVES BARROS";PSD;Sim;77,65;0;4,43;17,92;"Até 20 mil";"Companhia de Saneamento Básico do Estado de São Paulo";SABESP;"Empresa privada";;91,88;9.898;6.210;100;3.688;80,81;231,87;99,98;16,78;"5,03 por m³";;"Companhia de Saneamento Básico do Estado de São Paulo";SABESP;"Sociedade de economia mista";;3.618;33,58;3.618;58,26;;0;;;;;;;"SECRETARIA MUNICIPAL DE DESENVOLVIMENTO ECONÔMICO, AGRICULTURA E MEIO AMBIENTE";;"Empresa privada";10.773;100;6.210;100;4.563;1;;1,19;Sim;;;Não;
3540606;"Porto Feliz";1;Sudeste;SP;"São Paulo";Sim;"Região Metropolitana de Sorocaba";"Lei Complementar 1.241";20.06.2014;"Sub-região 2";"Mata Atlântica";Paraná;556,71;58.345;49.436;8.909;84,73;15,27;"CÉLIO PEIXOTO DOS SANTOS";REPUBLICANOS;Sim;96,04;1,96;1,51;0,49;"De 50 a 99 mil";"Serviço Autônomo de Água e Esgoto";SAAE;Autarquia;;84,73;49.436;49.436;100;;0;181,35;100;4,59;"4,59 por m³";;"Serviço Autônomo de Água e Esgoto";SAAE;Autarquia;;49.436;84,73;49.436;100;;0;;;;;;;"SECRETARIA DE SERVIÇOS PÚBLICOS";;Autarquia;58.345;100;49.436;100;8.909;1;;1,38;Sim;;;Não;
3540705;"Porto Ferreira";1;Sudeste;SP;"São Paulo";Não;;;;;"Cerrado, Mata Atlântica";Paraná;244,91;53.940;53.158;782;98,55;1,45;"ANDRE LUIS ANCHAO BRAGA";PL;Sim;20,64;75,36;2,75;1,25;"De 50 a 99 mil";"BRK Ambiental - Porto Ferreira S.A.";"BRK Porto Ferreira";"Empresa privada";;95,86;51.705;51.705;97,27;;0;242,45;100;25,65;"4,18 por m³";;"BRK Ambiental - Porto Ferreira S.A.";"BRK Porto Ferreira";"Empresa privada";;51.301;95,11;51.301;96,51;;0;;;;;;;"SECRETARIA DE MEIO AMBIENTE E ZELADORIA";;"Empresa privada";53.940;100;53.158;100;782;1;;0,81;Não;;;Sim;"Taxa específica no boleto do IPTU"
3540754;Potim;1;Sudeste;SP;"São Paulo";Sim;"Região Metropolitana do Vale do Paraíba e Litoral Norte";"Lei Complementar 1.166";09.01.2012;"Sub-região 3";"Mata Atlântica";"Atlântico Sudeste";44,47;20.767;17.689;3.078;85,18;14,82;"EMERSON KIOGI TANAKA";MDB;Não;0;97,21;0,66;2,13;"De 20 a 49 mil";"Águas de Potim SPE LTDA";AP;"Empresa privada";;85,18;17.689;17.689;100;;0;156,38;99,59;31,48;"3,02 por m³";;"Águas de Potim SPE LTDA";AP;"Empresa privada";;17.689;85,18;17.689;100;;0;;;;;;;"SECRETARIA DE INFRAESTRUTURA URBANA E MEIO AMBIENTE";;"Empresa privada";20.767;100;17.689;100;3.078;1;;0,48;Sim;;;Sim;"Taxa em boleto exclusivo"
3540804;Potirendaba;1;Sudeste;SP;"São Paulo";Não;;;;;"Mata Atlântica";;342,49;18.994;17.380;1.614;91,5;8,5;"GISLAINE MONTANARI FRANZOTTI";PL;Não;99,48;0;0,06;0,45;"Até 20 mil";"Prefeitura Municipal de Potirendaba";PMPOTIRENDABA;Município;;100;18.994;17.380;100;1.614;100;119,78;97,21;36,26;"2,96 por m³";;"Prefeitura Municipal de Potirendaba";PMPOTIRENDABA;Município;;15.766;83,01;15.766;90,71;;0;;;;;;;"COORDENADORIA DE MEIO AMBIENTE E SUSTENTABILIDADE";;Município;18.994;100;17.380;100;1.614;1;;1,62;Sim;;;Sim;"Taxa específica no boleto do IPTU"
3540853;Pracinha;1;Sudeste;SP;"São Paulo";Não;;;;;"Mata Atlântica";Paraná;63,05;2.599;1.323;1.276;50,9;49,1;"LAERCIO BIASI";PRD;Não;99,05;0;0,07;0,87;"Até 20 mil";"Companhia de Saneamento Básico do Estado de São Paulo";SABESP;"Empresa privada";;59,72;1.552;1.193;90,17;359;28,13;164,17;100;9,5;"3,84 por m³";;"Companhia de Saneamento Básico do Estado de São Paulo";SABESP;"Sociedade de economia mista";;1.448;55,71;1.193;90,17;255;19,98;;;;;;;"SECRETARIA DE MEIO AMBIENTE";;"Empresa privada";2.599;100;1.323;100;1.276;1;;0,55;Não;;;Sim;"Taxa específica no boleto do IPTU"
3540903;Pradópolis;1;Sudeste;SP;"São Paulo";Sim;"Região Metropolitana de Ribeirão Preto";"Lei Complementar 1.290";06.07.2016;"Sub-região 1";"Cerrado, Mata Atlântica";Paraná;167,38;17.309;16.073;1.236;92,86;7,14;"SAULO EMMANUEL ATIQUE FILHO";PSD;Sim;99,84;0;0,09;0,07;"Até 20 mil";"Prefeitura Municipal de Pradópolis";PMP;Município;;100;17.309;16.073;100;1.236;100;380,54;100;28,04;"0,91 por m³";;"Prefeitura Municipal de Pradópolis";PMP;Município;;16.073;92,86;16.073;100;;0;;;;;;;"DEPARTAMENTO DE AGRICULTURA E MEIO AMBIENTE";;Município;16.073;92,86;16.073;100;;0;;0,6;Não;;;Sim;"Taxa específica no boleto do IPTU"
3541000;"Praia Grande";1;Sudeste;SP;"São Paulo";Sim;"Região Metropolitana da Baixada Santista";"Lei Complementar 815";30.07.1996;;"Mata Atlântica";"Atlântico Sudeste";149,25;365.577;364.444;1.133;99,69;0,31;"ALBERTO PEREIRA MOURÃO";MDB;Sim;69,01;0;21,81;9,18;"De 250 a 499 mil";"Companhia de Saneamento Básico do Estado de São Paulo";SABESP;"Empresa privada";;99,24;362.789;361.680;99,24;1.109;97,88;248,93;100;32,77;"5,33 por m³";;"Companhia de Saneamento Básico do Estado de São Paulo";SABESP;"Sociedade de economia mista";;318.829;87,21;318.829;87,48;;0;;;;;;;"SECRETARIA DE SERVIÇOS URBANOS";;"Empresa privada";365.577;100;364.444;100;1.133;1;;1,65;Sim;;;Sim;"Taxa específica no boleto do IPTU"
3541059;Pratânia;1;Sudeste;SP;"São Paulo";Não;;;;;Cerrado;Paraná;175,10;5.246;4.241;1.005;80,84;19,16;"OSMIR JOSÉ FÉLIX";PP;Não;94,34;0;2,07;3,6;"Até 20 mil";"Companhia de Saneamento Básico do Estado de São Paulo";SABESP;"Empresa privada";;93,67;4.914;4.241;100;673;66,97;173,21;99,95;20,13;"4,38 por m³";;"Companhia de Saneamento Básico do Estado de São Paulo";SABESP;"Sociedade de economia mista";;4.713;89,84;4.241;100;472;46,97;;;;;;;"DIRETORIA DE MEIO AMBIENTE";;"Empresa privada";4.441;84,65;4.241;100;200;0,19;;0,97;Sim;;;Não;
3541109;"Presidente Alves";1;Sudeste;SP;"São Paulo";Não;;;;;"Mata Atlântica";Paraná;286,64;3.841;3.345;496;87,09;12,91;"CRISTIANO DOS SANTOS";PSD;Sim;89,1;0;0,47;10,43;"Até 20 mil";"Companhia de Saneamento Básico do Estado de São Paulo";SABESP;"Empresa privada";;99,43;3.819;3.345;100;474;95,56;158,97;100;19,34;"4,36 por m³";;"Companhia de Saneamento Básico do Estado de São Paulo";SABESP;"Sociedade de economia mista";;3.752;97,68;3.345;100;407;82,06;;;;;;;"DIRETORIA DE MEIO AMBIENTE";;"Empresa privada";3.345;87,09;3.345;100;;0;;0,64;Sim;;;Sim;"Taxa específica no boleto do IPTU"
3541208;"Presidente Bernardes";1;Sudeste;SP;"São Paulo";Não;;;;;"Cerrado, Mata Atlântica";Paraná;749,23;14.772;10.069;4.703;68,16;31,84;"CLEBERSON DUARTE DE SOUZA";PP;Não;95,7;0;1,09;3,22;"Até 20 mil";"Companhia de Saneamento Básico do Estado de São Paulo";SABESP;"Empresa privada";;78,72;11.628;10.069;100;1.559;33,15;175,65;100;10,86;"4,58 por m³";;"Companhia de Saneamento Básico do Estado de São Paulo";SABESP;"Sociedade de economia mista";;11.228;76,01;10.069;100;1.159;24,64;;;;;;;"DIVISÃO DE MEIO AMBIENTE";;"Empresa privada";14.772;100;10.069;100;4.703;1;;0,69;Sim;;;Sim;"Taxa específica no boleto do IPTU"
3541307;"Presidente Epitácio";1;Sudeste;SP;"São Paulo";Não;;;;;"Mata Atlântica";Paraná;1.260,28;40.383;37.383;3.000;92,57;7,43;"ANDRÉ FERRAZ LIMA";REPUBLICANOS;Não;91,85;0;1,67;6,48;"De 20 a 49 mil";"Companhia de Saneamento Básico do Estado de São Paulo";SABESP;"Empresa privada";;95,77;38.676;36.000;96,3;2.676;89,2;194,07;100;14,24;"4,70 por m³";;"Companhia de Saneamento Básico do Estado de São Paulo";SABESP;"Sociedade de economia mista";;35.314;87,45;35.314;94,47;;0;;;;;;;"SECRETARIA DE PLANEJAMENTO, ECONOMIA E MEIO AMBIENTE";;"Empresa privada";37.383;92,57;37.383;100;;0;;1,36;Sim;;;Sim;"Taxa específica no boleto do IPTU"
3541406;"Presidente Prudente";1;Sudeste;SP;"São Paulo";Não;;;;;"Mata Atlântica";Paraná;560,64;234.083;228.512;5.571;97,62;2,38;"MILTON CARLOS DE MELLO";REPUBLICANOS;Não;99,8;0;0,2;0;"De 100 a 249 mil";"Companhia de Saneamento Básico do Estado de São Paulo";SABESP;"Empresa privada";;100;234.083;228.512;100;5.571;100;208,49;100;22,38;"5,25 por m³";;"Companhia de Saneamento Básico do Estado de São Paulo";SABESP;"Sociedade de economia mista";;234.083;100;228.512;100;5.571;100;;;;;;;"SECRETARIA MUNICIPAL DE MEIO AMBIENTE";;"Empresa privada";228.512;97,62;228.512;100;;0;;0,85;Sim;;;Sim;"Taxa específica no boleto do IPTU"
3541505;"Presidente Venceslau";1;Sudeste;SP;"São Paulo";Não;;;;;"Mata Atlântica";Paraná;755,20;35.902;33.913;1.989;94,46;5,54;"BARBARA MEDEIROS VILCHES";PP;Não;95;0;1,07;3,93;"De 20 a 49 mil";"Prefeitura Municipal de Presidente Venceslau";PMPV;Município;;94,46;33.913;33.913;100;;0;184,15;100;23,62;"3,12 por m³";;"Prefeitura Municipal de Presidente Venceslau";PMPV;Município;;33.235;92,57;33.235;98;;0;;;;;;;"SECRETARIA DE AGRICULTURA, ABASTECIMENTO E MEIO AMBIENTE - SEAAMA";;Município;33.913;94,46;33.913;100;;0;;0,68;Sim;;;Sim;"Taxa específica no boleto do IPTU"
3541604;Promissão;1;Sudeste;SP;"São Paulo";Não;;;;;"Mata Atlântica";Paraná;779,20;35.991;30.851;5.140;85,72;14,28;"HAMILTON LUIS FOZ";PP;Sim;100;0;0;0;"De 20 a 49 mil";"Serviço Autônomo de Água e Esgoto";SAAE;Autarquia;;85,58;30.800;30.800;99,83;;0;272,63;98,77;13,81;"3,16 por m³";;"Serviço Autônomo de Água e Esgoto";SAAE;Autarquia;;30.250;84,05;30.250;98,05;;0;;;;;;;"SECRETARIA DA AGRICULTURA E MEIO AMBIENTE";;Autarquia;35.991;100;30.851;100;5.140;1;;0,56;Sim;;;Não;
3541653;Quadra;1;Sudeste;SP;"São Paulo";Não;;;;;"Mata Atlântica";;205,67;3.472;1.544;1.928;44,47;55,53;"LHEONIDES DE OLIVEIRA ANDRADE";UNIÃO;Não;68,21;0;3,14;28,65;"Até 20 mil";"Companhia de Saneamento Básico do Estado de São Paulo";SABESP;"Empresa privada";;42,66;1.481;1.481;95,92;;0;281,68;100;24,41;"5,03 por m³";;"Companhia de Saneamento Básico do Estado de São Paulo";SABESP;"Sociedade de economia mista";;711;20,48;711;46,05;;0;;;;;;;"SECRETARIA MUNICIPAL DE AGRICULTURA E MEIO AMBIENTE";;"Empresa privada";3.472;100;1.544;100;1.928;1;;1,69;Sim;;;Não;
3541703;Quatá;1;Sudeste;SP;"São Paulo";Não;;;;;"Cerrado, Mata Atlântica";Paraná;651,34;13.399;12.732;667;95,02;4,98;"MÁRCIO BIDÓIA";PSD;Sim;94,29;0;0,72;4,98;"Até 20 mil";"Companhia de Saneamento Básico do Estado de São Paulo";SABESP;"Empresa privada";;100;13.399;12.732;100;667;100;171,93;100;11,18;"4,42 por m³";;"Companhia de Saneamento Básico do Estado de São Paulo";SABESP;"Sociedade de economia mista";;12.777;95,36;12.732;100;45;6,75;;;;;;;"SECRETARIA DE AGRICULTURA E MEIO AMBIENTE";;"Empresa privada";12.732;95,02;12.732;100;;0;;0,84;Sim;;;Sim;"Taxa específica no boleto do IPTU"
3541802;Queiroz;1;Sudeste;SP;"São Paulo";Não;;;;;"Mata Atlântica";Paraná;234,91;3.351;3.066;285;91,5;8,5;"WALTER RODRIGO DA SILVA";PSD;Sim;99,13;0;0,59;0,29;"Até 20 mil";"Companhia de Saneamento Básico do Estado de São Paulo";SABESP;"Empresa privada";;98,93;3.315;3.066;100;249;87,37;172,04;100;11,81;"4,55 por m³";;"Companhia de Saneamento Básico do Estado de São Paulo";SABESP;"Sociedade de economia mista";;3.308;98,72;3.066;100;242;84,91;;;;;;;;;;;;;;;;;;;;;;
3541901;Queluz;1;Sudeste;SP;"São Paulo";Sim;"Região Metropolitana do Vale do Paraíba e Litoral Norte";"Lei Complementar 1.166";09.01.2012;"Sub-região 4";"Mata Atlântica";"Atlântico Sudeste";249,40;9.146;8.262;884;90,33;9,67;"JOSÉ CELSO BUENO";PSD;Sim;0;73,66;3,14;23,2;"Até 20 mil";"Companhia de Saneamento Básico do Estado de São Paulo";SABESP;"Empresa privada";;87,19;7.974;7.492;90,68;482;54,52;167,52;100;21,17;"4,87 por m³";;"Companhia de Saneamento Básico do Estado de São Paulo";SABESP;"Sociedade de economia mista";;7.635;83,48;7.492;90,68;143;16,18;;;;;;;"SECRETARIA MUNICIPAL DE PLANEJAMENTO, OBRAS E SERVIÇOS";;"Empresa privada";7.586;82,94;7.586;91,82;;0;;0,89;Não;;;Sim;"Taxa específica no boleto do IPTU"
3542008;Quintana;1;Sudeste;SP;"São Paulo";Não;;;;;"Mata Atlântica";Paraná;318,94;7.225;6.693;532;92,64;7,36;"FERNANDO ITAPUÃ BRANCO NUNES";PSD;Não;96,87;0;0,93;2,2;"Até 20 mil";"Companhia de Saneamento Básico do Estado de São Paulo";SABESP;"Empresa privada";;99,31;7.175;6.693;100;482;90,6;169,88;100;9,44;"4,57 por m³";;"Companhia de Saneamento Básico do Estado de São Paulo";SABESP;"Sociedade de economia mista";;7.086;98,08;6.693;100;393;73,87;;;;;;;"SECRETARIA MUNICIPAL DE MEIO AMBIENTE";;"Empresa privada";6.818;94,37;6.693;100;125;0,23;;1,41;Sim;;;Não;
3542107;Rafard;1;Sudeste;SP;"São Paulo";Sim;"Aglomeração Urbana de Piracicaba-AU- Piracicaba";"Lei Complementar 1.178";26.06.2012;;"Mata Atlântica";Paraná;121,65;9.133;8.153;980;89,27;10,73;"FABIO DOS SANTOS";REPUBLICANOS;Sim;0;97,8;0,11;2,09;"Até 20 mil";"Prefeitura Municipal de Rafard";SSP;Município;;96,85;8.845;8.153;100;692;70,61;197,54;97,35;32,96;"1,78 por m³";;"Prefeitura Municipal de Rafard";SSP;Município;;8.845;96,85;8.153;100;692;70,61;;;;;;;"DIRETORIA DE MEIO AMBIENTE";;Município;9.133;100;8.153;100;980;1;;0,59;Não;;;Sim;"Taxa específica no boleto do IPTU"
3542206;Rancharia;1;Sudeste;SP;"São Paulo";Não;;;;;"Cerrado, Mata Atlântica";Paraná;1.587,50;29.305;26.459;2.846;90,29;9,71;"HOMERO PINELLI SEVERO LINS";PSD;Sim;98,39;0;1,18;0,43;"De 20 a 49 mil";"Prefeitura Municipal de Rancharia";PMR;Município;;90,8;26.609;26.459;100;150;5,27;240,09;99,99;39,97;"1,77 por m³";;"Prefeitura Municipal de Rancharia";PMR;Município;;25.450;86,85;25.300;95,62;150;5,27;;;;;;;"SECRETARIA DE AGRICULTURA E MEIO AMBIENTE";;Município;29.305;100;26.459;100;2.846;1;;0,6;Sim;;;Não;
3542305;"Redenção da Serra";1;Sudeste;SP;"São Paulo";Sim;"Região Metropolitana do Vale do Paraíba e Litoral Norte";"Lei Complementar 1.166";09.01.2012;"Sub-região 2";"Mata Atlântica";"Atlântico Sudeste";309,44;4.611;2.478;2.133;53,74;46,26;"JUCIMAR FERREIRA DA SILVA";PL;Sim;51,16;0;12,07;36,78;"Até 20 mil";"Companhia de Saneamento Básico do Estado de São Paulo";SABESP;"Empresa privada";;34,36;1.585;1.585;63,96;;0;223,94;100;25,65;"4,50 por m³";;"Companhia de Saneamento Básico do Estado de São Paulo";SABESP;"Sociedade de economia mista";;1.219;26,44;1.219;49,19;;0;;;;;;;"SECRETARIA DE MEIO AMBIENTE NELMA BIONDI DE ANGELIS";;"Empresa privada";4.540;98,46;2.478;100;2.062;0,96;;0,53;Não;;;Sim;"Taxa específica no boleto do IPTU"
3542404;"Regente Feijó";1;Sudeste;SP;"São Paulo";Não;;;;;"Cerrado, Mata Atlântica";Paraná;263,28;20.565;19.033;1.532;92,55;7,45;"MARCO ANTÔNIO PEREIRA DA ROCHA";REPUBLICANOS;Não;99,06;0;0,94;0;"De 20 a 49 mil";"Companhia de Saneamento Básico do Estado de São Paulo";SABESP;"Empresa privada";;98,28;20.211;19.033;100;1.178;76,89;170,79;99,99;20,05;"4,61 por m³";;"Companhia de Saneamento Básico do Estado de São Paulo";SABESP;"Sociedade de economia mista";;19.928;96,9;19.033;100;895;58,42;;;;;;;"DIVISÃO MUNICIPAL DE MEIO AMBIENTE";;"Empresa privada";19.492;94,78;19.033;100;459;0,29;;1,47;Sim;;;Sim;"Taxa específica no boleto do IPTU"
3542503;Reginópolis;1;Sudeste;SP;"São Paulo";Não;;;;;"Cerrado, Mata Atlântica";Paraná;410,41;7.808;5.323;2.485;68,17;31,83;"Não empossado";"fev. 2025";Sim;0;94,84;0,18;4,97;"Até 20 mil";"Prefeitura Municipal de Reginópolis";PMR;Município;;59,04;4.610;4.610;86,61;;0;596,23;92,78;34,21;"79,41 por m³";;"Prefeitura Municipal de Reginópolis";PMR;Município;;4.750;60,84;4.750;89,24;;0;;;;;;;"SECRETARIA DE AGRICULTURA E MEIO AMBIENTE";;Município;4.610;59,04;4.610;86,61;;0;;0,66;Não;;;Não;
3542602;Registro;1;Sudeste;SP;"São Paulo";Não;;;;;"Mata Atlântica";"Atlântico Sudeste";722,20;61.732;53.874;7.858;87,27;12,73;"SAMUEL MOREIRA DA SILVA JUNIOR";PSD;Sim;86,04;0;7,24;6,71;"De 50 a 99 mil";"Companhia de Saneamento Básico do Estado de São Paulo";SABESP;"Empresa privada";;87,05;53.740;49.081;91,1;4.659;59,29;186,07;100;20,47;"5,51 por m³";;"Companhia de Saneamento Básico do Estado de São Paulo";SABESP;"Sociedade de economia mista";;48.076;77,88;48.076;89,24;;0;;;;;;;"Secretaria de Planejamento Urbano, Obras e Meio Ambiente";;"Empresa privada";59.374;96,18;53.874;100;5.500;0,69;;0,71;Sim;;;Sim;"Taxa específica no boleto do IPTU"
3542701;Restinga;1;Sudeste;SP;"São Paulo";Sim;"Aglomeração Urbana de Franca";"Lei Complementar 1.323";22.05.2018;;"Cerrado, Mata Atlântica";;245,75;6.492;5.362;1.130;82,59;17,41;"FELIPE TALVANI SONTINI";MDB;Não;95,04;0;0;4,96;"Até 20 mil";"Companhia de Saneamento Básico do Estado de São Paulo";SABESP;"Empresa privada";;96,27;6.250;5.362;100;888;78,58;172,26;99,98;18,3;"4,91 por m³";;"Companhia de Saneamento Básico do Estado de São Paulo";SABESP;"Sociedade de economia mista";;6.127;94,38;5.362;100;765;67,7;;;;;;;"DEPARTAMENTO DE MEIO AMBIENTE E SANEAMENTO";;"Empresa privada";5.980;92,11;5.085;94,83;895;0,79;;0,83;Sim;;;Sim;"Taxa específica no boleto do IPTU"
3542800;Ribeira;1;Sudeste;SP;"São Paulo";Não;;;;;"Mata Atlântica";"Atlântico Sudeste";335,76;3.166;1.684;1.482;53,19;46,81;"ARI DO CARMOS SANTOS";PSD;Não;0;32,93;19,17;47,9;"Até 20 mil";"Companhia de Saneamento Básico do Estado de São Paulo";SABESP;"Empresa privada";;76,37;2.418;1.684;100;734;49,53;164,34;100;30,11;"4,71 por m³";;"Companhia de Saneamento Básico do Estado de São Paulo";SABESP;"Sociedade de economia mista";;1.098;34,68;1.098;65,2;;0;;;;;;;"SECRETARIA MUNICIPAL DE MEIO AMBIENTE";;"Empresa privada";3.166;100;1.684;100;1.482;1;;0,34;Não;;;Sim;"Taxa específica no boleto do IPTU"
3542909;"Ribeirão Bonito";1;Sudeste;SP;"São Paulo";Não;;;;;"Cerrado, Mata Atlântica";Paraná;471,55;11.079;10.274;805;92,73;7,27;"PAULO ANTONIO GOBATO VEIGA";PP;Sim;95;0;0,21;4,79;"Até 20 mil";"Prefeitura Municipal de Ribeirão Bonito";PMRB;Município;;92,73;10.274;10.274;100;;0;231,22;100;46,98;"6,14 por m³";;"Prefeitura Municipal de Ribeirão Bonito";PMRB;Município;;10.274;92,73;10.274;100;;0;;;;;;;"Diretoria Municipal de Agricultura e Meio Ambiente";;Município;10.274;92,73;10.274;100;;0;;0,73;Não;;;Sim;"Taxa específica no boleto do IPTU"
3543006;"Ribeirão Branco";1;Sudeste;SP;"São Paulo";Não;;;;;"Cerrado, Mata Atlântica";Paraná;697,50;18.930;10.135;8.795;53,54;46,46;"ANTONIO CARLOS CAMARGO RIBAS";PP;Sim;83,65;9,29;1,11;5,95;"Até 20 mil";"Companhia de Saneamento Básico do Estado de São Paulo";SABESP;"Empresa privada";;72,92;13.803;9.490;93,64;4.313;49,04;130,93;99,99;34,52;"4,09 por m³";;"Companhia de Saneamento Básico do Estado de São Paulo";SABESP;"Sociedade de economia mista";;9.673;51,1;9.490;93,64;183;2,08;;;;;;;"SECRETARIA MUNICIPAL DO MEIO AMBIENTE";;"Empresa privada";18.500;97,73;10.000;98,67;8.500;0,96;;1,52;Não;;;Sim;"Taxa específica no boleto do IPTU"
3543105;"Ribeirão Corrente";1;Sudeste;SP;"São Paulo";Sim;"Aglomeração Urbana de Franca";"Lei Complementar 1.323";22.05.2018;;"Cerrado, Mata Atlântica";Paraná;148,33;4.706;3.887;819;82,6;17,4;"ANA LOURINETE COSTA LÔBO MONTANHER";MDB;Sim;92,7;0;0,15;7,16;"Até 20 mil";"Companhia de Saneamento Básico do Estado de São Paulo";SABESP;"Empresa privada";;85,15;4.007;3.887;100;120;14,65;164,02;100;22,63;"4,68 por m³";;"Companhia de Saneamento Básico do Estado de São Paulo";SABESP;"Sociedade de economia mista";;3.991;84,81;3.887;100;104;12,7;;;;;;;"SECRETARIA DE AGRICULTURA E MEIO AMBIENTE";;"Empresa privada";4.706;100;3.887;100;819;1;;0,56;Não;;;Não;
3543204;"Ribeirão do Sul";1;Sudeste;SP;"São Paulo";Não;;;;;"Cerrado, Mata Atlântica";Paraná;203,21;4.768;3.792;976;79,53;20,47;"ELIANA MARIA RORATO MANSO";CIDADANIA;Não;95,38;0;0,46;4,16;"Até 20 mil";"Companhia de Saneamento Básico do Estado de São Paulo";SABESP;"Empresa privada";;74,77;3.565;3.565;94,01;;0;173,22;100;23,92;"4,51 por m³";;"Companhia de Saneamento Básico do Estado de São Paulo";SABESP;"Sociedade de economia mista";;3.293;69,06;3.293;86,84;;0;;;;;;;"DEPARTAMENTO DE AGRICULTURA E MEIO AMBIENTE";;"Empresa privada";3.792;79,53;3.792;100;;0;;0,69;Não;;;Não;
3543238;"Ribeirão dos Índios";1;Sudeste;SP;"São Paulo";Não;;;;;"Mata Atlântica";;196,45;2.045;1.772;273;86,65;13,35;"VALDECI JOSE FERNANDES";PSD;Não;98,11;0;1,03;0,86;"Até 20 mil";"Companhia de Saneamento Básico do Estado de São Paulo";SABESP;"Empresa privada";;93,06;1.903;1.772;100;131;47,99;167,96;100;7,53;"4,09 por m³";;"Companhia de Saneamento Básico do Estado de São Paulo";SABESP;"Sociedade de economia mista";;1.812;88,61;1.772;100;40;14,65;;;;;;;"MEIO AMBIENTE";;"Empresa privada";2.045;100;1.772;100;273;1;;0,84;Não;;;Não;
3543253;"Ribeirão Grande";1;Sudeste;SP;"São Paulo";Não;;;;;"Mata Atlântica";Paraná;333,36;7.570;3.052;4.518;40,32;59,68;"MARCELO LUIS NUNES";PP;Sim;97,85;0;2,01;0,14;"Até 20 mil";"Companhia de Saneamento Básico do Estado de São Paulo";SABESP;"Empresa privada";;96,53;7.307;3.052;100;4.255;94,18;121,9;100;27,03;"4,87 por m³";;"Companhia de Saneamento Básico do Estado de São Paulo";SABESP;"Sociedade de economia mista";;3.021;39,9;3.021;98,98;;0;;;;;;;"DEPARTAMENTO DE AGROPECUÁRIA E MEIO AMBIENTE";;"Empresa privada";3.052;40,32;3.052;100;;0;;0,52;Sim;;;Não;
3543303;"Ribeirão Pires";1;Sudeste;SP;"São Paulo";Sim;"Região Metropolitana de São Paulo";"Lei Complementar 1.139";16.06.2011;"Sub-região Sudeste";"Mata Atlântica";Paraná;99,08;118.877;116.916;1.961;98,35;1,65;"LUIZ GUSTAVO PINHEIRO VOLPI";PL;Não;55,39;23,74;5,7;15,18;"De 100 a 249 mil";"Companhia de Saneamento Básico do Estado de São Paulo";SABESP;"Empresa privada";;90,69;107.809;107.809;92,21;;0;146,8;100;27,38;"5,60 por m³";;"Companhia de Saneamento Básico do Estado de São Paulo";SABESP;"Sociedade de economia mista";;98.370;82,75;98.370;84,14;;0;;;;;;;"DEPARTAMENTO DE CLIMA E GESTÃO AMBIENTAL DA SECRETARIA DE CLIMA, MEIO AMBIENTE E HABITAÇÃO";;"Empresa privada";118.877;100;116.916;100;1.961;1;;0,99;Sim;;;Sim;"Taxa específica no boleto de água ou esgoto"
3543402;"Ribeirão Preto";1;Sudeste;SP;"São Paulo";Sim;"Região Metropolitana de Ribeirão Preto";"Lei Complementar 1.290";06.07.2016;"Sub-região 1";"Cerrado, Mata Atlântica";Paraná;650,92;728.400;725.705;2.695;99,63;0,37;"RICARDO AUGUSTO MACHADO DA SILVA";PSD;Sim;98;2;0;0;"De 500 a 999 mil";"Prefeitura Municipal de Ribeirão Preto";PMRP;Município;;99,65;725.829;725.705;100;124;4,59;321,17;100;36,82;"3,08 por m³";;"Prefeitura Municipal de Ribeirão Preto";PMRP;Município;;720.915;98,97;720.915;99,34;;0;;;;;;;"SECRETARIA DE INFRAESTRUTURA";;Município;728.400;100;725.705;100;2.695;1;;0,96;Sim;;;Não;
3543600;Rifaina;1;Sudeste;SP;"São Paulo";Sim;"Aglomeração Urbana de Franca";"Lei Complementar 1.323";22.05.2018;;"Cerrado, Mata Atlântica";Paraná;162,51;4.158;3.679;479;88,48;11,52;"WILSON ALVES DA SILVA JUNIOR";PSD;Sim;88,93;0;4,82;6,25;"Até 20 mil";"Companhia de Saneamento Básico do Estado de São Paulo";SABESP;"Empresa privada";;86,89;3.613;3.613;98,21;;0;298,6;100;17,34;"6,11 por m³";;"Companhia de Saneamento Básico do Estado de São Paulo";SABESP;"Sociedade de economia mista";;3.258;78,34;3.258;88,56;;0;;;;;;;;;;;;;;;;;;;;;;
3543709;Rincão;1;Sudeste;SP;"São Paulo";Não;;;;;"Cerrado, Mata Atlântica";;316,64;9.145;7.597;1.548;83,07;16,93;"BRAZ RODRIGUES";PL;Não;0;99,55;0,22;0,22;"Até 20 mil";"Prefeitura Municipal de Rincão";PMR;Município;;83,07;7.597;7.597;100;;0;302,18;1,27;6,21;"1,14 por m³";;"Prefeitura Municipal de Rincão";PMR;Município;;7.597;83,07;7.597;100;;0;;;;;;;"DEPARTAMENTO DE AGRICULTURA E MEIO AMBIENTE";;Município;9.145;100;7.597;100;1.548;1;;0,39;Sim;;;Sim;"Taxa específica no boleto do IPTU"
3543808;Rinópolis;1;Sudeste;SP;"São Paulo";Não;;;;;"Mata Atlântica";Paraná;358,48;9.357;7.816;1.541;83,53;16,47;"GRAZIELA DE LIMA TOMÉ TREVISAN";NOVO;Não;95;0;2,28;2,72;"Até 20 mil";"Prefeitura Municipal de Rinópolis";PMR;Município;;83,65;7.827;7.816;100;11;0,71;354,87;100;75,88;"0,83 por m³";;"Prefeitura Municipal de Rinópolis";PMR;Município;;7.816;83,53;7.816;100;;0;;;;;;;"DEPARTAMENTO DE SANEAMENTO BÁSICO MEIO AMBIENTE E AGRICULTURA";;Município;9.357;100;7.816;100;1.541;1;;0,57999;Sim;;;Sim;"Taxa específica no boleto do IPTU"
3543907;"Rio Claro";1;Sudeste;SP;"São Paulo";Sim;"Aglomeração Urbana de Piracicaba-AU- Piracicaba";"Lei Complementar 1.178";26.06.2012;;"Cerrado, Mata Atlântica";Paraná;498,42;208.857;206.017;2.840;98,64;1,36;"GUSTAVO RAMOS PERISSINOTTO";PSD;Sim;54,73;44,78;0,5;0;"De 100 a 249 mil";"Departamento Autônomo de Água e Esgoto";DAAE;Autarquia;;96,44;201.418;198.578;96,39;2.840;100;220,06;90,17;38,29;"11,66 por m³";;"Departamento Autônomo de Água e Esgoto";DAAE;Autarquia;;201.066;96,27;198.226;96,22;2.840;100;;;;;;;"DEPARTAMENTO DE RESÍDUOS SÓLIDOS";;Autarquia;208.857;100;206.017;100;2.840;1;;0,91;Sim;;;Não;
3544004;"Rio das Pedras";1;Sudeste;SP;"São Paulo";Sim;"Aglomeração Urbana de Piracicaba-AU- Piracicaba";"Lei Complementar 1.178";26.06.2012;;"Mata Atlântica";Paraná;226,66;32.267;31.054;1.213;96,24;3,76;"MARCOS BUZETTO";REPUBLICANOS;Sim;0;96,96;2,37;0,67;"De 20 a 49 mil";"Serviço Autônomo de Água e Esgoto";SAAE;Autarquia;;96,24;31.054;31.054;100;;0;151,19;99,81;56,97;"4,46 por m³";;"Serviço Autônomo de Água e Esgoto";SAAE;Autarquia;;32.267;100;31.054;100;1.213;100;;;;;;;"SECRETARIA MUNICIPAL DE OBRAS E SERVIÇOS";;Autarquia;31.643;98,07;30.636;98,65;1.007;0,83;;0,54;Não;;;Não;
3544103;"Rio Grande da Serra";1;Sudeste;SP;"São Paulo";Sim;"Região Metropolitana de São Paulo";"Lei Complementar 1.139";16.06.2011;"Sub-região Sudeste";"Mata Atlântica";Paraná;36,34;45.317;42.457;2.860;93,69;6,31;"RICARDO AKIRA ONO AURIANI";PSB;Sim;51,16;9,03;16,86;22,96;"De 20 a 49 mil";"Companhia de Saneamento Básico do Estado de São Paulo";SABESP;"Empresa privada";;93,94;42.569;42.457;100;112;3,92;138,61;100;11,41;"25,09 por m³";;"Companhia de Saneamento Básico do Estado de São Paulo";SABESP;"Sociedade de economia mista";;33.596;74,14;33.596;79,13;;0;;;;;;;"SECRETARIA DE SERVIÇOS URBANOS";;"Empresa privada";42.457;93,69;42.457;100;;0;;1,13999;Não;;;Sim;"Taxa específica no boleto do IPTU"
3544202;Riolândia;1;Sudeste;SP;"São Paulo";Não;;;;;"Cerrado, Mata Atlântica";Paraná;631,90;10.453;7.478;2.975;71,54;28,46;"ANTONIO CARLOS SANTANA DA SILVA";PSD;Sim;89,94;0;0,39;9,67;"Até 20 mil";"Companhia de Saneamento Básico do Estado de São Paulo";SABESP;"Empresa privada";;98,34;10.280;7.478;100;2.802;94,18;267;100;12,68;"7,51 por m³";;"Companhia de Saneamento Básico do Estado de São Paulo";SABESP;"Sociedade de economia mista";;9.453;90,43;7.478;100;1.975;66,39;;;;;;;"SETOR DE ENGENHARIA E MEIO AMBIENTE";;"Empresa privada";10.453;100;7.478;100;2.975;1;;0,66;Não;;;Sim;"Taxa específica no boleto do IPTU"
3543501;Riversul;1;Sudeste;SP;"São Paulo";Não;;;;;"Mata Atlântica";Paraná;385,88;5.647;4.234;1.413;74,98;25,02;"MARCOS ROBERTO DOS SANTOS";PSD;Não;88,12;0;5,81;6,07;"Até 20 mil";"Companhia de Saneamento Básico do Estado de São Paulo";SABESP;"Empresa privada";;86,21;4.868;4.234;100;634;44,87;133,8;99,93;25,5;"3,97 por m³";;"Companhia de Saneamento Básico do Estado de São Paulo";SABESP;"Sociedade de economia mista";;3.842;68,04;3.842;90,74;;0;;;;;;;"DEPARTAMENTO DE AGRICULTURA, PECUÁRIA E MEIO AMBIENTE";;"Empresa privada";5.647;100;4.234;100;1.413;1;;0,41;Sim;;;Sim;"Taxa específica no boleto do IPTU"
3544251;Rosana;1;Sudeste;SP;"São Paulo";Não;;;;;"Mata Atlântica";Paraná;744,01;17.533;13.902;3.631;79,29;20,71;"CLAUDEMIR PERES FRANCISCO DE OLIVEIRA";REPUBLICANOS;Sim;91,18;0;0,87;7,95;"Até 20 mil";"Companhia de Saneamento Básico do Estado de São Paulo";SABESP;"Empresa privada";;83,01;14.555;13.873;99,79;682;18,78;199,18;99,98;21,68;"4,72 por m³";;"Companhia de Saneamento Básico do Estado de São Paulo";SABESP;"Sociedade de economia mista";;13.644;77,81;13.644;98,14;;0;;;;;;;"SECRETARIA MUNICIPAL DE MEIO AMBIENTE";;"Empresa privada";17.533;100;13.902;100;3.631;1;;2,06;Sim;;;Não;
3544301;Roseira;1;Sudeste;SP;"São Paulo";Sim;"Região Metropolitana do Vale do Paraíba e Litoral Norte";"Lei Complementar 1.166";09.01.2012;"Sub-região 3";"Mata Atlântica";;130,65;11.095;10.353;742;93,31;6,69;"FERNANDO AUGUSTO DE SIQUEIRA";PL;Não;87,84;0;0,86;11,31;"Até 20 mil";"Companhia de Saneamento Básico do Estado de São Paulo";SABESP;"Empresa privada";;92,06;10.214;10.214;98,66;;0;149,08;100;25,73;"4,38 por m³";;"Companhia de Saneamento Básico do Estado de São Paulo";SABESP;"Sociedade de economia mista";;9.634;86,83;9.634;93,06;;0;;;;;;;"SECRETARIA DE ADMINISTRAÇÃO";;"Empresa privada";11.095;100;10.353;100;742;1;;0,94;Não;;;Não;
3544400;Rubiácea;1;Sudeste;SP;"São Paulo";Não;;;;;"Mata Atlântica";Paraná;236,48;2.741;2.432;309;88,73;11,27;"JÚLIO CÉSAR FELISMINO";PSD;Sim;90,64;0;1,54;7,82;"Até 20 mil";"Companhia de Saneamento Básico do Estado de São Paulo";SABESP;"Empresa privada";;96,46;2.644;2.432;100;212;68,61;157,11;100;17,93;"4,38 por m³";;"Companhia de Saneamento Básico do Estado de São Paulo";SABESP;"Sociedade de economia mista";;2.635;96,13;2.432;100;203;65,7;;;;;;;"SECRETARIA DE AGROPECUÁRIA E MEIO AMBIENTE";;"Empresa privada";2.741;100;2.432;100;309;1;;1,48;Não;;;Não;
3544509;Rubinéia;1;Sudeste;SP;"São Paulo";Não;;;;;"Cerrado, Mata Atlântica";Paraná;242,88;3.965;3.543;422;89,36;10,64;"ALEX OLIVO";PL;Sim;67,05;0;8,24;24,71;"Até 20 mil";"Companhia de Saneamento Básico do Estado de São Paulo";SABESP;"Empresa privada";;100;3.965;3.543;100;422;100;249,77;99,94;18,96;"4,45 por m³";;"Companhia de Saneamento Básico do Estado de São Paulo";SABESP;"Sociedade de economia mista";;3.158;79,65;3.158;89,13;;0;;;;;;;"DEPARTAMENTO DE MEIO AMBIENTE";;"Empresa privada";3.965;100;3.543;100;422;1;;1,3;Não;;;Sim;"Taxa específica no boleto do IPTU"
3544608;Sabino;1;Sudeste;SP;"São Paulo";Não;;;;;"Mata Atlântica";Paraná;305,29;5.185;4.664;521;89,95;10,05;"FERNANDO HENRIQUE FLORINDO";PSD;Sim;95,89;0;0,61;3,5;"Até 20 mil";"Prefeitura Municipal de Sabino";PMS;Município;;84,53;4.383;4.375;93,8;8;1,54;361,76;100;9,52;"1,82 por m³";;"Prefeitura Municipal de Sabino";PMS;Município;;4.375;84,38;4.375;93,8;;0;;;;;;;"DIRETORIA DE AGRICULTURA, MEIO AMBIENTE, OBRAS E DESENVOLVIMENTO";;Município;4.664;89,95;4.664;100;;0;;1,33;Sim;;;Sim;"Taxa específica no boleto do IPTU"
3544707;Sagres;1;Sudeste;SP;"São Paulo";Não;;;;;"Mata Atlântica";Paraná;147,94;2.519;2.000;519;79,4;20,6;"ROBERTO BATISTA PIRES";PSD;Sim;94,28;0;0,16;5,56;"Até 20 mil";"Companhia de Saneamento Básico do Estado de São Paulo";SABESP;"Empresa privada";;92,66;2.334;2.000;100;334;64,34;160,81;100;22,02;"4,29 por m³";;"Companhia de Saneamento Básico do Estado de São Paulo";SABESP;"Sociedade de economia mista";;2.284;90,67;2.000;100;284;54,72;;;;;;;"DIRETORIA DE MEIO AMBIENTE E AGRICULTURA";;"Empresa privada";2.519;100;2.000;100;519;1;;1,28;Sim;;;Não;
3544806;Sales;1;Sudeste;SP;"São Paulo";Não;;;;;"Mata Atlântica";Paraná;308,56;6.612;6.133;479;92,76;7,24;"JOSEMAR FRANCISCO DE ABREU";PSD;Não;0;97,43;1,92;0,65;"Até 20 mil";"Prefeitura Municipal de Sales";PMS;Município;;92,76;6.133;6.133;100;;0;355,49;100;42,23;"0,01 por m³";;"Prefeitura Municipal de Sales";PMS;Município;;6.133;92,76;6.133;100;;0;;;;;;;"SECRETARIA DE OBRAS E SERVIÇOS PÚBLICOS";;Município;5.853;88,52;5.853;95,43;;0;;0,78;Não;;;Não;
3544905;"Sales Oliveira";1;Sudeste;SP;"São Paulo";Sim;"Região Metropolitana de Ribeirão Preto";"Lei Complementar 1.290";06.07.2016;"Sub-região 4";"Cerrado, Mata Atlântica";Paraná;305,78;11.654;11.049;605;94,81;5,19;"FÁBIO GODOY GRATON";REPUBLICANOS;Não;0;99,33;0,15;0,52;"Até 20 mil";"Prefeitura Municipal de Sales Oliveira";PMSO;Município;;96,1;11.199;11.049;100;150;24,79;278,83;98,61;29,57;"1,38 por m³";;"Prefeitura Municipal de Sales Oliveira";PMSO;Município;;11.049;94,81;11.049;100;;0;;;;;;;"DEPARTAMENTO DE MEIO AMBIENTE";;Município;11.049;94,81;11.049;100;;0;;4,26999;Sim;;;Sim;"Taxa específica no boleto do IPTU"
3545001;Salesópolis;1;Sudeste;SP;"São Paulo";Sim;"Região Metropolitana de São Paulo";"Lei Complementar 1.139";16.06.2011;"Sub-região Leste";"Mata Atlântica";Paraná;425,00;15.396;9.875;5.521;64,14;35,86;"RODOLFO RODRIGUES MARCONDES";PODE;Não;69,23;7,69;9,4;13,68;"Até 20 mil";"Companhia de Saneamento Básico do Estado de São Paulo";SABESP;"Empresa privada";;69,19;10.653;9.875;100;778;14,09;136,79;100;21,72;"4,79 por m³";;"Companhia de Saneamento Básico do Estado de São Paulo";SABESP;"Sociedade de economia mista";;8.621;56;8.621;87,3;;0;;;;;;;"SECRETARIA DE DESENVOLVIMENTO, MEIO AMBIENTE, AGRICULTURA E HABITAÇÃO";;"Empresa privada";15.396;100;9.875;100;5.521;1;;0,61;Sim;;;Sim;"Taxa específica no boleto do IPTU"
3545100;Salmourão;1;Sudeste;SP;"São Paulo";Não;;;;;"Mata Atlântica";Paraná;172,93;4.883;4.485;398;91,85;8,15;"SÔNIA CRISTINA JACON GABAU";PSD;Sim;97,23;0;0,83;1,94;"Até 20 mil";"Companhia de Saneamento Básico do Estado de São Paulo";SABESP;"Empresa privada";;99,49;4.858;4.485;100;373;93,72;163,51;100;14,9;"4,32 por m³";;"Companhia de Saneamento Básico do Estado de São Paulo";SABESP;"Sociedade de economia mista";;4.813;98,57;4.485;100;328;82,41;;;;;;;"DIRETORIA DE CULTURA E MEIO AMBIENTE";;"Empresa privada";4.485;91,85;4.485;100;;0;;1,84;Não;;;Sim;"Taxa específica no boleto do IPTU"
3545159;Saltinho;1;Sudeste;SP;"São Paulo";Sim;"Aglomeração Urbana de Piracicaba-AU- Piracicaba";"Lei Complementar 1.178";26.06.2012;;"Mata Atlântica";Paraná;99,74;8.371;7.500;871;89,6;10,4;"HELIO FRANZOL BERNARDINO";PL;Sim;95,41;3,18;1,24;0,17;"Até 20 mil";"Companhia de Saneamento Básico do Estado de São Paulo";SABESP;"Empresa privada";;88,07;7.372;7.020;93,6;352;40,4;186,86;99,97;24,51;"5,21 por m³";;"Companhia de Saneamento Básico do Estado de São Paulo";SABESP;"Sociedade de economia mista";;7.097;84,78;7.020;93,6;77;8,84;;;;;;;"DEPARTAMENTO DE MEIO AMBIENTE, SANEAMENTO BÁSICO E AGRICULTURA";;"Empresa privada";8.371;100;7.500;100;871;1;;1,07;Sim;;;Sim;"Taxa específica no boleto do IPTU"
3545209;Salto;1;Sudeste;SP;"São Paulo";Sim;"Região Metropolitana de Sorocaba";"Lei Complementar 1.241";20.06.2014;"Sub-região 2";"Mata Atlântica";Paraná;133,06;140.125;138.500;1.625;98,84;1,16;"JOSÉ GERALDO GARCIA";PP;Sim;69,08;20,92;3,13;6,87;"De 100 a 249 mil";"Serviço Autônomo de Água, Esgoto e Meio Ambiente";"SAAE - Salto";Autarquia;;96,86;135.730;135.730;98;;0;165,66;99,99;38,83;"4,01 por m³";;"Serviço Autônomo de Água, Esgoto e Meio Ambiente|Sanesalto Saneamento S.A.";"SAAE - Salto|SANESALTO";"Autarquia|Empresa privada";;134.345;95,88;134.345;97;;0;;;;;;;"SECRETARIA DE MEIO AMBIENTE";;"Empresa privada | Autarquia";140.125;100;138.500;100;1.625;1;;1,04;Sim;;;Sim;"Taxa em boleto exclusivo"
3545308;"Salto de Pirapora";1;Sudeste;SP;"São Paulo";Sim;"Região Metropolitana de Sorocaba";"Lei Complementar 1.241";20.06.2014;"Sub-região 3";"Mata Atlântica";Paraná;280,51;45.138;41.870;3.268;92,76;7,24;"MATHEUS MARUM DE CAMPOS";PSD;Não;86,83;0;1,75;11,42;"De 20 a 49 mil";"Companhia de Saneamento Básico do Estado de São Paulo";SABESP;"Empresa privada";;98,58;44.496;41.870;100;2.626;80,34;184,93;99,99;37,15;"4,80 por m³";;"Companhia de Saneamento Básico do Estado de São Paulo";SABESP;"Sociedade de economia mista";;34.814;77,13;34.814;83,15;;0;;;;;;;"SECRETARIA DE MEIO AMBIENTE, BEM ESTAR ANIMAL E SUSTENTABILIDADE";;"Empresa privada";45.138;100;41.870;100;3.268;1;;0,39;Sim;;;Não;
3545407;"Salto Grande";1;Sudeste;SP;"São Paulo";Não;;;;;"Mata Atlântica";Paraná;188,44;9.212;8.644;568;93,83;6,17;"MARIO LUCIANO ROSA";PL;Sim;95;0;5;0;"Até 20 mil";"Prefeitura Municipal de Salto Grande";PMSG;Município;;93,83;8.644;8.644;100;;0;176,68;100;30,84;"1,49 por m³";;"Prefeitura Municipal de Salto Grande";PMSG;Município;;6.306;68,45;6.306;72,95;;0;;;;;;;"DEPARTAMENTO DE MEIO AMBIENTE";;Município;9.212;100;8.644;100;568;1;;0,65;Não;;;Sim;"Taxa específica no boleto de água ou esgoto"
3545506;Sandovalina;1;Sudeste;SP;"São Paulo";Não;;;;;"Cerrado, Mata Atlântica";;455,86;3.699;2.566;1.133;69,37;30,63;"MARCOS MENDES DA SILVA";MDB;Não;93,41;0;0;6,59;"Até 20 mil";"Companhia de Saneamento Básico do Estado de São Paulo";SABESP;"Empresa privada";;90,97;3.365;2.566;100;799;70,52;158,63;100;19,25;"4,48 por m³";;"Companhia de Saneamento Básico do Estado de São Paulo";SABESP;"Sociedade de economia mista";;3.216;86,94;2.566;100;650;57,37;;;;;;;"SECRETARIA DE AGRICULTURA, PECUÁRIO E MEIO AMBIENTE";;"Empresa privada";2.800;75,7;2.566;100;234;0,2;;0,67;Não;;;Sim;"Taxa específica no boleto do IPTU"
3545605;"Santa Adélia";1;Sudeste;SP;"São Paulo";Não;;;;;"Mata Atlântica";;330,27;14.203;13.572;631;95,56;4,44;"CIRO CESAR COSTA";PSD;Não;98,19;0;0,23;1,58;"Até 20 mil";"Prefeitura Municipal de Santa Adélia";PMSA;Município;;95,56;13.572;13.572;100;;0;234,96;99,14;46,93;"1,26 por m³";;"Prefeitura Municipal de Santa Adélia";PMSA;Município;;13.572;95,56;13.572;100;;0;;;;;;;"COORDENADORIA  MUNICIPAL DE MEIO AMBIENTE";;Município;14.203;100;13.572;100;631;1;;1,5;Sim;;;Sim;"Taxa específica no boleto do IPTU"
3545704;"Santa Albertina";1;Sudeste;SP;"São Paulo";Não;;;;;"Mata Atlântica";;272,69;6.543;5.732;811;87,61;12,39;"GERSON FORMIGONI JUNIOR";REPUBLICANOS;Não;93,91;0;0,78;5,31;"Até 20 mil";"Companhia de Saneamento Básico do Estado de São Paulo";SABESP;"Empresa privada";;97,2;6.360;5.732;100;628;77,44;194,99;100;11,29;"4,65 por m³";;"Companhia de Saneamento Básico do Estado de São Paulo";SABESP;"Sociedade de economia mista";;6.286;96,07;5.732;100;554;68,31;;;;;;;"SECRETARIA DE MEIO AMBIENTE, SANEAMENTO E URBANISMO";;"Empresa privada";6.543;100;5.732;100;811;1;;1,17;Sim;;;Sim;"Taxa específica no boleto do IPTU"
3545803;"Santa Bárbara d'Oeste";1;Sudeste;SP;"São Paulo";Sim;"Região Metropolitana de Campinas";"Lei Complementar 870";19.06.2000;;"Mata Atlântica";Paraná;271,03;189.338;188.297;1.041;99,45;0,55;"RAFAEL PIOVEZAN";PL;Não;54;46;0;0;"De 100 a 249 mil";"Departamento de Água e Esgoto de Santa Bárbara D´Oeste";DAE;Autarquia;;99,43;188.267;188.267;99,98;;0;183,24;100;47,21;"3,41 por m³";;"Departamento de Água e Esgoto de Santa Bárbara D´Oeste";DAE;Autarquia;;187.532;99,05;187.532;99,59;;0;;;;;;;"SECRETARIA MUNICIPAL DE MEIO AMBIENTE";;Autarquia;189.338;100;188.297;100;1.041;1;;0,74;Sim;;;Não;
3546009;"Santa Branca";1;Sudeste;SP;"São Paulo";Sim;"Região Metropolitana do Vale do Paraíba e Litoral Norte";"Lei Complementar 1.166";09.01.2012;"Sub-região 1";"Mata Atlântica";"Atlântico Sudeste";272,24;14.212;12.065;2.147;84,89;15,11;"ADRIANO MARCHESANI LEVORIN";PL;Sim;0;80,5;5,31;14,18;"Até 20 mil";"Companhia de Saneamento Básico do Estado de São Paulo";SABESP;"Empresa privada";;64,78;9.207;9.207;76,31;;0;179,73;100;41,47;"4,59 por m³";;"Companhia de Saneamento Básico do Estado de São Paulo";SABESP;"Sociedade de economia mista";;7.561;53,2;7.561;62,67;;0;;;;;;;"SECRETARIA DE SERVIÇOS OBRAS E TRANSPORTES";;"Empresa privada";14.212;100;12.065;100;2.147;1;;0,8;Não;;;Sim;"Taxa específica no boleto do IPTU"
3546108;"Santa Clara d'Oeste";1;Sudeste;SP;"São Paulo";Não;;;;;"Cerrado, Mata Atlântica";;183,46;2.677;2.097;580;78,33;21,67;"JOSÉ BASILIO DE FARIA";PSD;Não;94,66;0;0,45;4,89;"Até 20 mil";"Companhia de Saneamento Básico do Estado de São Paulo";SABESP;"Empresa privada";;100;2.677;2.097;100;580;100;195,55;100;9,05;"4,53 por m³";;"Companhia de Saneamento Básico do Estado de São Paulo";SABESP;"Sociedade de economia mista";;2.503;93,5;2.097;100;406;70;;;;;;;"SECRETARIA MUNICIPAL DE AGRICULTURA E MEIO AMBIENTE";;"Empresa privada";2.677;100;2.097;100;580;1;;1,3;Não;;;Sim;"Taxa específica no boleto do IPTU"
3546207;"Santa Cruz da Conceição";1;Sudeste;SP;"São Paulo";Não;;;;;"Cerrado, Mata Atlântica";Paraná;150,13;4.365;3.547;818;81,26;18,74;"CARLOS EDUARDO ARANHA DE ALBUQUERQUE";PSD;Não;98,19;0;1,66;0,15;"Até 20 mil";"Prefeitura Municipal de Santa Cruz Da Conceição";PMSCC;Município;;84,47;3.687;3.547;100;140;17,11;200,91;100;27,54;"4,18 por m³";;"Prefeitura Municipal de Santa Cruz Da Conceição";PMSCC;;;3.273;74,98;3.265;92,05;8;0,98;;;;;;;"DEPARTAMENTO DE AGRICULTURA E MEIO AMBIENTE";;Município;4.070;93,24;3.547;100;523;0,63;;1,12999;Não;;;Não;
3546256;"Santa Cruz da Esperança";1;Sudeste;SP;"São Paulo";Sim;"Região Metropolitana de Ribeirão Preto";"Lei Complementar 1.290";06.07.2016;"Sub-região 3";"Cerrado, Mata Atlântica";Paraná;148,06;2.162;1.644;518;76,04;23,96;"MARCOS ANTONIO BAZILIO";MDB;Sim;95,23;0;0;4,77;"Até 20 mil";"Companhia de Saneamento Básico do Estado de São Paulo";SABESP;"Empresa privada";;80,34;1.737;1.644;100;93;17,95;191,07;100;17,03;"4,68 por m³";;"Companhia de Saneamento Básico do Estado de São Paulo";SABESP;"Sociedade de economia mista";;1.642;75,95;1.642;99,88;;0;;;;;;;"SECRETARIA DE AGRICULTURA E MEIO AMBIENTE";;"Empresa privada";1.796;83,07;1.644;100;152;0,29;;0,57999;Não;;;Sim;"Taxa específica no boleto do IPTU"
3546306;"Santa Cruz das Palmeiras";1;Sudeste;SP;"São Paulo";Não;;;;;"Cerrado, Mata Atlântica";Paraná;295,34;29.525;28.849;676;97,71;2,29;"LUIZ FERNANDO STOCCO";MDB;Sim;95;0;0,12;4,88;"De 20 a 49 mil";"Palmeiras Saneamento";S/A;"Empresa privada";;97,71;28.849;28.849;100;;0;118,47;100;47,44;"2,96 por m³";;"Palmeiras Saneamento";S/A;"Município|Empresa privada";;28.855;97,73;28.849;100;6;0,89;;;;;;;"DEPARTAMENTO DE OBRAS, VIAÇÃO E SERVIÇOS";;"Empresa privada";28.849;97,71;28.849;100;;0;;0,77;Sim;;;Sim;"Taxa específica no boleto do IPTU"
3546405;"Santa Cruz do Rio Pardo";1;Sudeste;SP;"São Paulo";Não;;;;;"Cerrado, Mata Atlântica";Paraná;1.114,75;47.677;44.497;3.180;93,33;6,67;"OTACILIO PARRAS ASSIS";PL;Sim;95,42;0;0,69;3,89;"De 20 a 49 mil";"Companhia de Saneamento Básico do Estado de São Paulo";SABESP;"Empresa privada";;100;47.677;44.497;100;3.180;100;197,83;100;32,32;"5,01 por m³";;"Companhia de Saneamento Básico do Estado de São Paulo";SABESP;"Sociedade de economia mista";;46.452;97,43;44.497;100;1.955;61,48;;;;;;;"SECRETARIA DO MEIO AMBIENTE";;"Empresa privada";47.677;100;44.497;100;3.180;1;;1,32;Sim;;;Não;
3546504;"Santa Ernestina";1;Sudeste;SP;"São Paulo";Não;;;;;"Mata Atlântica";Paraná;134,42;6.256;6.022;234;96,26;3,74;"JOSÉ CARLOS SIMÃO";PP;Não;95,47;0;0;4,53;"Até 20 mil";"Companhia de Saneamento Básico do Estado de São Paulo";SABESP;"Empresa privada";;100;6.256;6.022;100;234;100;180,07;100;11,26;"4,69 por m³";;"Companhia de Saneamento Básico do Estado de São Paulo";SABESP;"Sociedade de economia mista";;6.256;100;6.022;100;234;100;;;;;;;"DEPARTAMENTO OBRAS INFRAESTRUTURA";;"Empresa privada";6.022;96,26;6.022;100;;0;;0,66;Não;;;Sim;"Taxa específica no boleto do IPTU"
3546603;"Santa Fé do Sul";1;Sudeste;SP;"São Paulo";Não;;;;;"Mata Atlântica";Paraná;206,54;36.098;34.968;1.130;96,87;3,13;"EVANDRO FARIAS MURA";REPUBLICANOS;Não;100;0;0;0;"De 20 a 49 mil";"Serviço Autônomo de Água e Esgoto";"SAAE AMBIENTAL";Autarquia;;96,87;34.968;34.968;100;;0;208,68;100;45,71;"3,48 por m³";;"Serviço Autônomo de Água e Esgoto";"SAAE AMBIENTAL";Autarquia;;34.968;96,87;34.968;100;;0;;;;;;;"Secretaria Municipal  de Agricultura, Abastecimento e Meio Ambiente";;Autarquia;35.468;98,25;34.968;100;500;0,44;;0,89;Sim;;;Não;
3546702;"Santa Gertrudes";1;Sudeste;SP;"São Paulo";Sim;"Aglomeração Urbana de Piracicaba-AU- Piracicaba";"Lei Complementar 1.178";26.06.2012;;"Mata Atlântica";Paraná;98,29;24.107;23.835;272;98,87;1,13;"LAZARO NOE DA SILVA";PL;Sim;99;1;0;0;"De 20 a 49 mil";"BRK Ambiental - Santa Gertrudes S.A.";BRK;"Empresa privada";;97,94;23.611;23.611;99,06;;0;188,08;100;16,89;"4,34 por m³";;"BRK Ambiental - Santa Gertrudes S.A.";BRK;"Empresa privada";;23.611;97,94;23.611;99,06;;0;;;;;;;"SECRETARIA DE MEIO AMBIENTE";;"Empresa privada";23.835;98,87;23.835;100;;0;;1,12;Não;;;Sim;"Taxa específica no boleto do IPTU"
3546801;"Santa Isabel";1;Sudeste;SP;"São Paulo";Sim;"Região Metropolitana de São Paulo";"Lei Complementar 1.139";16.06.2011;"Sub-região Leste";"Mata Atlântica";"Atlântico Sudeste";363,33;54.586;43.434;11.152;79,57;20,43;"CARLOS AUGUSTO CHINCHILLA ALFONZO";PODE;Sim;0;68,42;18,49;13,09;"De 50 a 99 mil";"Companhia de Saneamento Básico do Estado de São Paulo";SABESP;"Empresa privada";;69,81;38.106;38.106;87,73;;0;140,54;100;54,98;"4,84 por m³";;"Companhia de Saneamento Básico do Estado de São Paulo";SABESP;"Sociedade de economia mista";;27.310;50,03;27.310;62,88;;0;;;;;;;"SECRETARIA DE INFRAESTRUTURA E SERvIÇOS PUBLICOS";;"Empresa privada";54.586;100;43.434;100;11.152;1;;1,08;Não;;;Não;
3546900;"Santa Lúcia";1;Sudeste;SP;"São Paulo";Não;;;;;"Cerrado, Mata Atlântica";Paraná;154,03;7.181;6.996;185;97,42;2,58;"ANTONIO CARLOS ABUABUD JUNIOR";PT;Sim;60,06;39,9;0;0,04;"Até 20 mil";"Prefeitura Municipal de Santa Lúcia";PMSL;Município;;97,42;6.996;6.996;100;;0;162,22;100;14,34;"1,95 por m³";;"Prefeitura Municipal de Santa Lúcia";PMSL;Município;;6.996;97,42;6.996;100;;0;;;;;;;"SETOR DE AGRICULTURA E MEIO AMBIENTE";;Município;6.996;97,42;6.996;100;;0;;0,56;Não;;;Sim;"Taxa específica no boleto do IPTU"
3547007;"Santa Maria da Serra";1;Sudeste;SP;"São Paulo";Sim;"Aglomeração Urbana de Piracicaba-AU- Piracicaba";"Lei Complementar 1.178";26.06.2012;;"Cerrado, Mata Atlântica";Paraná;252,62;5.314;4.927;387;92,72;7,28;"JOSIAS ZANI NETO";PSD;Não;100;0;0;0;"Até 20 mil";"Companhia de Saneamento Básico do Estado de São Paulo";SABESP;"Empresa privada";;88,45;4.700;4.700;95,39;;0;196,92;100;17,2;"4,95 por m³";;"Prefeitura Municipal de Santa Maria Da Serra";PMSMS;Município;;4.927;92,72;4.927;100;;0;;;;;;;"DEPARTAMENTO DE OBRAS";;Município;4.927;92,72;4.927;100;;0;;0,78;Sim;;;Sim;"Taxa específica no boleto do IPTU"
3547106;"Santa Mercedes";1;Sudeste;SP;"São Paulo";Não;;;;;"Mata Atlântica";;166,75;3.012;2.723;289;90,41;9,59;"VALDIR VERONA";PSD;Não;100;0;0;0;"Até 20 mil";"Companhia de Saneamento Básico do Estado de São Paulo";SABESP;"Empresa privada";;95,15;2.866;2.723;100;143;49,48;199,23;100;21,64;"4,49 por m³";;"Companhia de Saneamento Básico do Estado de São Paulo";SABESP;"Sociedade de economia mista";;2.345;77,86;2.345;86,12;;0;;;;;;;"DIVISÃO DE AGRICULTURA E MEIO AMBIENTE";;"Empresa privada";2.783;92,4;2.723;100;60;0,2;;0,95;Sim;;;Não;
3547502;"Santa Rita do Passa Quatro";1;Sudeste;SP;"São Paulo";Sim;"Região Metropolitana de Ribeirão Preto";"Lei Complementar 1.290";06.07.2016;"Sub-região 1";"Cerrado, Mata Atlântica";Paraná;754,14;25.060;23.188;1.872;92,53;7,47;"MARCELO SIMAO";MDB;Não;49,04;49,08;1,05;0,82;"De 20 a 49 mil";"Companhia Águas de Santa Rita";COMASA;"Empresa privada";;92,53;23.188;23.188;100;;0;259,33;100;17,36;"3,77 por m³";;"Companhia Águas de Santa Rita";COMASA;"Empresa privada";;23.188;92,53;23.188;100;;0;;;;;;;"Departamento de Agricultura e Meio Ambiente";;"Empresa privada";23.188;92,53;23.188;100;;0;;0,59;Sim;;;Sim;"Taxa específica no boleto do IPTU"
3547403;"Santa Rita d'Oeste";1;Sudeste;SP;"São Paulo";Não;;;;;"Mata Atlântica";Paraná;209,80;2.790;2.153;637;77,17;22,83;"OSMAR SAMPAIO";PL;Sim;93,34;0;0,62;6,03;"Até 20 mil";"Prefeitura Municipal de Santa Rita D Oeste";PMSANTA;Município;;79,64;2.222;2.153;100;69;10,83;261,99;97,14;3,79;"1,40 por m³";;"Prefeitura Municipal de Santa Rita D Oeste";PMSANTA;Município;;2.036;72,97;2.021;93,87;15;2,35;;;;;;;"SECRETARIA DA AGRICULTURA E MEIO AMBIENTE";;Município;2.222;79,64;2.153;100;69;0,1;;1,45;Sim;;;Não;
3547601;"Santa Rosa de Viterbo";1;Sudeste;SP;"São Paulo";Sim;"Região Metropolitana de Ribeirão Preto";"Lei Complementar 1.290";06.07.2016;"Sub-região 3";"Cerrado, Mata Atlântica";Paraná;288,58;23.725;22.930;795;96,65;3,35;"OMAR NAGIB MOUSSA";PSD;Sim;96,35;0;0,32;3,34;"De 20 a 49 mil";"Companhia de Saneamento Básico do Estado de São Paulo";SABESP;"Empresa privada";;100;23.725;22.930;100;795;100;187,36;99,99;22,79;"4,57 por m³";;"Companhia de Saneamento Básico do Estado de São Paulo";SABESP;"Sociedade de economia mista";;23.374;98,52;22.930;100;444;55,85;;;;;;;"DEPARTAMENTO DE MEIO AMBIENTE";;"Empresa privada";23.725;100;22.930;100;795;1;;2,63;Não;;;Sim;"Taxa específica no boleto do IPTU"
3547650;"Santa Salete";1;Sudeste;SP;"São Paulo";Não;;;;;"Mata Atlântica";Paraná;79,19;1.686;1.204;482;71,41;28,59;"JÚLIO CESAR MARTINS MILIATTI";REPUBLICANOS;Não;91,96;0;0;8,04;"Até 20 mil";"Companhia de Saneamento Básico do Estado de São Paulo";SABESP;"Empresa privada";;85,11;1.435;1.204;100;231;47,93;183,51;100;16,28;"4,53 por m³";;"Companhia de Saneamento Básico do Estado de São Paulo";SABESP;"Sociedade de economia mista";;1.388;82,33;1.204;100;184;38,17;;;;;;;;;;;;;;;;;;;;;;
3547205;"Santana da Ponte Pensa";1;Sudeste;SP;"São Paulo";Não;;;;;"Mata Atlântica";Paraná;129,89;1.698;1.251;447;73,67;26,33;"VAGNER HERNANDES";MDB;Sim;93,09;0;0,27;6,64;"Até 20 mil";"Companhia de Saneamento Básico do Estado de São Paulo";SABESP;"Empresa privada";;81,8;1.389;1.251;100;138;30,87;185,79;100;9,47;"4,55 por m³";;"Companhia de Saneamento Básico do Estado de São Paulo";SABESP;"Sociedade de economia mista";;1.382;81,39;1.251;100;131;29,31;;;;;;;"SECRETARIA MUNICIPAL DE AGRICULTURA, PECUÁRIA, ABASTECIMENTO E MEIO AMBIENTE";;"Empresa privada";1.698;100;1.251;100;447;1;;0,93;Não;;;Sim;"Taxa específica no boleto do IPTU"
3547304;"Santana de Parnaíba";1;Sudeste;SP;"São Paulo";Sim;"Região Metropolitana de São Paulo";"Lei Complementar 1.139";16.06.2011;"Sub-região Oeste";"Mata Atlântica";Paraná;179,95;162.341;160.929;1.412;99,13;0,87;"ELVIS LEONARDO CEZAR";REPUBLICANOS;Sim;9,64;22,49;30,72;37,15;"De 100 a 249 mil";"Companhia de Saneamento Básico do Estado de São Paulo";SABESP;"Empresa privada";;100;162.341;160.929;100;1.412;100;187,78;99,33;36,2;"6,13 por m³";;"Companhia de Saneamento Básico do Estado de São Paulo";SABESP;"Sociedade de economia mista";;133.482;82,22;133.482;82,94;;0;;;;;;;"SECRETARIA MUNICIPAL DE SERVIÇOS MUNICIPAIS";;"Empresa privada";162.341;100;160.929;100;1.412;1;;1,57;Não;;;Sim;"Taxa específica no boleto do IPTU"
3547700;"Santo Anastácio";1;Sudeste;SP;"São Paulo";Não;;;;;"Mata Atlântica";Paraná;552,88;18.045;16.874;1.171;93,51;6,49;"LUIZ INFANTE";PSDB;Sim;95,81;0;0,91;3,29;"Até 20 mil";"Companhia de Saneamento Básico do Estado de São Paulo";SABESP;"Empresa privada";;93,05;16.790;16.074;95,26;716;61,14;191,01;100;18,04;"4,55 por m³";;"Companhia de Saneamento Básico do Estado de São Paulo";SABESP;"Sociedade de economia mista";;16.655;92,3;16.074;95,26;581;49,62;;;;;;;"SECRETARIA MUNICIPAL DE AGRICULTURA, ABASTECIMENTO E MEIO AMBIENTE";;"Empresa privada";16.874;93,51;16.874;100;;0;;0,75;Sim;;;Não;
3547809;"Santo André";1;Sudeste;SP;"São Paulo";Sim;"Região Metropolitana de São Paulo";"Lei Complementar 1.139";16.06.2011;"Sub-região Sudeste";"Mata Atlântica";Paraná;175,78;778.711;777.854;857;99,89;0,11;"GILVAN FERREIRA DE SOUZA JUNIOR";PSDB;Não;40,32;55,68;2,09;1,91;"De 500 a 999 mil";"Companhia de Saneamento Básico do Estado de São Paulo";SABESP;"Empresa privada";;100;778.711;777.854;100;857;100;186,04;99,75;30,94;"5,34 por m³";;"Companhia de Saneamento Básico do Estado de São Paulo";SABESP;"Sociedade de economia mista";;778.711;100;777.854;100;857;100;;;;;;;"SERVIÇO MUNICIPAL DE SANEAMENTO AMBIENTAL DE SANTO ANDRÉ";;"Empresa privada";778.711;100;777.854;100;857;1;;0,92;Sim;;;Sim;"Taxa específica no boleto de água ou esgoto"
3547908;"Santo Antônio da Alegria";1;Sudeste;SP;"São Paulo";Sim;"Região Metropolitana de Ribeirão Preto";"Lei Complementar 1.290";06.07.2016;"Sub-região 4";"Cerrado, Mata Atlântica";Paraná;310,31;6.917;5.599;1.318;80,95;19,05;"DENILSON DE CARVALHO";REPUBLICANOS;Não;91,58;5,55;0,36;2,51;"Até 20 mil";"Prefeitura Municipal de Santo Antônio Da Alegria";PMSAA;Município;;100;6.917;5.599;100;1.318;100;238,93;100;40;"1,83 por m³";;"Prefeitura Municipal de Santo Antônio Da Alegria";PMSAA;Município;;5.399;78,05;5.399;96,43;;0;;;;;;;"DEPARTAMENTO MUNICIPAL DE MEIO AMBIENTE";;Município;5.599;80,95;5.599;100;;0;;0,44;Sim;;;Não;
3548005;"Santo Antônio de Posse";1;Sudeste;SP;"São Paulo";Sim;"Região Metropolitana de Campinas";"Lei Complementar 870";19.06.2000;;"Mata Atlântica";Paraná;154,13;23.779;22.198;1.581;93,35;6,65;"JOSÉ RICARDO CORTEZ";MDB;Sim;60,63;0;26,36;13,01;"De 20 a 49 mil";"Prefeitura Municipal de Santo Antônio de Posse";PMSAPOSSE;Município;;93,35;22.198;22.198;100;;0;191,5;100;38,97;"3,39 por m³";;"Prefeitura Municipal de Santo Antônio de Posse";PMSAPOSSE;Município;;22.198;93,35;22.198;100;;0;;;;;;;"SECRETARIA DE SERVIÇOS PÚBLICOS E MEIO AMBIENTE";;Município;23.779;100;22.198;100;1.581;1;;0,74;Sim;;;Sim;"Taxa específica no boleto do IPTU"
3548054;"Santo Antônio do Aracanguá";1;Sudeste;SP;"São Paulo";Não;;;;;"Mata Atlântica";;1.308,43;8.568;6.880;1.688;80,3;19,7;"LUIZ CARLOS DOS REIS NONATO";PODE;Não;88,74;7,91;2,78;0,57;"Até 20 mil";"Prefeitura Municipal de Santo Antônio do Aracanguá";PMSAA;Município;;77,34;6.627;6.627;96,32;;0;3,71;100;99,46;"0,49 por m³";;"Prefeitura Municipal de Santo Antônio do Aracanguá";PMSAA;Município;;6.880;80,3;6.880;100;;0;;;;;;;"DEPARTAMENTO DE OBRAS";;Município;6.627;77,34;6.627;96,32;;0;;0,96;Não;;;Não;
3548104;"Santo Antônio do Jardim";1;Sudeste;SP;"São Paulo";Não;;;;;"Mata Atlântica";;109,96;6.237;4.045;2.192;64,85;35,15;"OSVALDO MOREIRA";PODE;Não;92,2;0;3,71;4,09;"Até 20 mil";"Companhia de Saneamento Básico do Estado de São Paulo";SABESP;"Empresa privada";;60,4;3.767;3.767;93,13;;0;207,84;100;15,54;"4,63 por m³";;"Companhia de Saneamento Básico do Estado de São Paulo";SABESP;"Sociedade de economia mista";;3.630;58,2;3.630;89,74;;0;;;;;;;"Departamento de Agricultura e Meio Ambiente";;"Empresa privada";4.045;64,84;4.045;100;;0;;0,56999;Sim;;;Não;
3548203;"Santo Antônio do Pinhal";1;Sudeste;SP;"São Paulo";Sim;"Região Metropolitana do Vale do Paraíba e Litoral Norte";"Lei Complementar 1.166";09.01.2012;"Sub-região 2";"Mata Atlântica";Paraná;133,01;7.294;3.581;3.713;49,1;50,9;"ANDERSON JOSE MENDONÇA";PSD;Sim;44,79;0;15,12;40,09;"Até 20 mil";"Companhia de Saneamento Básico do Estado de São Paulo";SABESP;"Empresa privada";;57,73;4.211;3.502;97,79;709;19,1;223,2;100;29,78;"5,27 por m³";;"Companhia de Saneamento Básico do Estado de São Paulo";SABESP;"Sociedade de economia mista";;2.150;29,48;2.150;60,04;;0;;;;;;;;;;;;;;;;;;;;;;
3548302;"Santo Expedito";1;Sudeste;SP;"São Paulo";Não;;;;;"Mata Atlântica";Paraná;94,47;3.063;2.734;329;89,26;10,74;"ANDERSON JOSE BETIO";PSD;Sim;99,52;0;0,48;0;"Até 20 mil";"Companhia de Saneamento Básico do Estado de São Paulo";SABESP;"Empresa privada";;100;3.063;2.734;100;329;100;180,08;100;9,96;"4,54 por m³";;"Companhia de Saneamento Básico do Estado de São Paulo";SABESP;"Sociedade de economia mista";;2.651;86,55;2.651;96,96;;0;;;;;;;"DEPARTAMENTO DE AGRICULTURA";;"Empresa privada";2.791;91,12;2.734;100;57;0,17;;0,79;Sim;;;Não;
3548401;"Santópolis do Aguapeí";1;Sudeste;SP;"São Paulo";Não;;;;;"Mata Atlântica";Paraná;128,03;3.933;3.796;137;96,52;3,48;"GERSON ALVES DE LIMA JUNIOR";PSD;Não;96,69;0;0,15;3,17;"Até 20 mil";"Companhia de Saneamento Básico do Estado de São Paulo";SABESP;"Empresa privada";;100;3.933;3.796;100;137;100;177,24;100;14,71;"4,41 por m³";;"Companhia de Saneamento Básico do Estado de São Paulo";SABESP;"Sociedade de economia mista";;3.933;100;3.796;100;137;100;;;;;;;"SECRETARIA DE OBRAS E SERVIÇOS";;"Empresa privada";3.933;100;3.796;100;137;1;;0,44;Sim;;;Sim;"Taxa específica no boleto do IPTU"
3548500;Santos;1;Sudeste;SP;"São Paulo";Sim;"Região Metropolitana da Baixada Santista";"Lei Complementar 815";30.07.1996;;"Mata Atlântica";"Atlântico Sudeste";281,03;429.567;429.266;301;99,93;0,07;"ROGÉRIO PEREIRA DOS SANTOS";REPUBLICANOS;Não;99,77;0;0,23;0;"De 250 a 499 mil";"Companhia de Saneamento Básico do Estado de São Paulo";SABESP;"Empresa privada";;99,33;426.700;426.411;99,33;289;96,01;290,25;99,99;5,35;"5,88 por m³";;"Companhia de Saneamento Básico do Estado de São Paulo";SABESP;"Sociedade de economia mista";;422.951;98,46;422.951;98,53;;0;;;;;;;"PREFEITURA MUNICIPAL DE SANTOS";;"Empresa privada";429.266;99,93;429.266;100;;0;;1,31;Sim;;;Sim;"Taxa específica no boleto do IPTU"
3548609;"São Bento do Sapucaí";1;Sudeste;SP;"São Paulo";Sim;"Região Metropolitana do Vale do Paraíba e Litoral Norte";"Lei Complementar 1.166";09.01.2012;"Sub-região 2";"Mata Atlântica";Paraná;252,58;11.948;6.441;5.507;53,91;46,09;"GILBERTO DONIZETI DE SOUZA";MDB;Sim;67,1;0;2,46;30,44;"Até 20 mil";"Companhia de Saneamento Básico do Estado de São Paulo";SABESP;"Empresa privada";;66,9;7.993;6.441;100;1.552;28,18;189,13;100;11,38;"4,83 por m³";;"Companhia de Saneamento Básico do Estado de São Paulo";SABESP;"Sociedade de economia mista";;5.623;47,06;5.623;87,3;;0;;;;;;;"SECRETARIA DE MEIO AMBIENTE E AGRICULTURA";;"Empresa privada";11.948;100;6.441;100;5.507;1;;0,44;Sim;;;Sim;"Taxa em boleto exclusivo"
3548708;"São Bernardo do Campo";1;Sudeste;SP;"São Paulo";Sim;"Região Metropolitana de São Paulo";"Lei Complementar 1.139";16.06.2011;"Sub-região Sudeste";"Mata Atlântica";Paraná;409,53;840.499;836.633;3.866;99,54;0,46;"MARCELO DE LIMA FERNANDES";PODE;Sim;19,32;68,49;3,08;9,11;"De 500 a 999 mil";"Companhia de Saneamento Básico do Estado de São Paulo";SABESP;"Empresa privada";;99,7;837.977;834.222;99,71;3.755;97,13;192,42;100;18,25;"42,57 por m³";;"Companhia de Saneamento Básico do Estado de São Paulo";SABESP;"Sociedade de economia mista";;808.299;96,17;808.299;96,61;;0;;;;;;;"SECRETARIA DE SERVIÇOS URBANOS";;"Empresa privada";840.349;99,98;836.633;100;3.716;0,96;;1,24;Sim;;;Sim;"Taxa específica no boleto do IPTU"
3548807;"São Caetano do Sul";1;Sudeste;SP;"São Paulo";Sim;"Região Metropolitana de São Paulo";"Lei Complementar 1.139";16.06.2011;"Sub-região Sudeste";"Mata Atlântica";Paraná;15,33;172.109;172.109;;100;0;"ANACLETO CAMPANELLA JUNIOR";PL;Sim;100;0;0;0;"De 100 a 249 mil";"Sistema de Água, Esgoto e Saneamento Ambiental";SAESA;Autarquia;;100;172.109;172.109;100;;;241,15;100;13,41;"6,90 por m³";;"Sistema de Água, Esgoto e Saneamento Ambiental";SAESA;Autarquia;;172.109;100;172.109;100;;;;;;;;;"SISTEMA DE ÁGUA, ESGOTO E SANEAMENTO AMBIENTAL";;Autarquia;167.326;97,22;167.326;97,22;;;;1,11;Sim;;;Sim;"Taxa específica no boleto de água ou esgoto"
3548906;"São Carlos";1;Sudeste;SP;"São Paulo";Não;;;;;"Cerrado, Mata Atlântica";Paraná;1.136,91;265.294;259.670;5.624;97,88;2,12;"ANTONIO DONATO NETTO";PP;Não;91;9;0;0;"De 250 a 499 mil";"Serviço Autônomo de Água e Esgoto";SAAE;Autarquia;;98,08;260.194;259.670;100;524;9,32;202,83;99,99;52,22;"4,93 por m³";;"Serviço Autônomo de Água e Esgoto";SAAE;Autarquia;;259.670;97,88;259.670;100;;0;;;;;;;"SERVIÇO AUTÔNOMO DE ÁGUA E ESGOTO";;Autarquia;259.670;97,88;259.670;100;;0;;1,59;Sim;;;Não;
3549003;"São Francisco";1;Sudeste;SP;"São Paulo";Não;;;;;"Mata Atlântica";Paraná;75,58;2.629;2.028;601;77,14;22,86;"SEBASTIÃO DE OLIVEIRA BAPTISTA";REPUBLICANOS;Sim;92,86;0;0,09;7,04;"Até 20 mil";"Companhia de Saneamento Básico do Estado de São Paulo";SABESP;"Empresa privada";;95,85;2.520;2.028;100;492;81,86;180,53;100;12,89;"4,30 por m³";;"Companhia de Saneamento Básico do Estado de São Paulo";SABESP;"Sociedade de economia mista";;2.287;86,99;2.028;100;259;43,09;;;;;;;"GABINETE DO PREFEITO";;"Empresa privada";2.629;100;2.028;100;601;1;;0,75;Não;;;Sim;"Taxa específica no boleto do IPTU"
3549102;"São João da Boa Vista";1;Sudeste;SP;"São Paulo";Não;;;;;"Mata Atlântica";Paraná;516,40;95.762;90.993;4.769;95,02;4,98;"VANDERLEI BORGES DE CARVALHO";PSD;Sim;96,07;0;1,18;2,75;"De 50 a 99 mil";"Companhia de Saneamento Básico do Estado de São Paulo";SABESP;"Empresa privada";;95,91;91.845;87.435;96,09;4.410;92,47;222,12;100;22,37;"5,19 por m³";;"Companhia de Saneamento Básico do Estado de São Paulo";SABESP;"Sociedade de economia mista";;91.263;95,3;87.435;96,09;3.828;80,27;;;;;;;"DEPARTAMENTO DO MEIO AMBIENTE, AGRICULTURA E ABASTECIMENTO";;"Empresa privada";91.469;95,52;90.993;100;476;0,09;;1,77;Sim;;;Não;
3549201;"São João das Duas Pontes";1;Sudeste;SP;"São Paulo";Não;;;;;"Mata Atlântica";Paraná;129,46;2.622;2.030;592;77,42;22,58;"JOSÉ CARLOS BARUCI JÚNIOR";PL;Sim;86,77;0;0;13,23;"Até 20 mil";"Companhia de Saneamento Básico do Estado de São Paulo";SABESP;"Empresa privada";;91,5;2.399;2.030;100;369;62,33;175,88;100;10,34;"4,51 por m³";;"Companhia de Saneamento Básico do Estado de São Paulo";SABESP;"Sociedade de economia mista";;2.206;84,13;2.030;100;176;29,73;;;;;;;"SETOR DE ENGENHARIA";;"Empresa privada";2.622;100;2.030;100;592;1;;1,36;Não;;;Sim;"Taxa específica no boleto do IPTU"
3549250;"São João de Iracema";1;Sudeste;SP;"São Paulo";Não;;;;;"Mata Atlântica";;178,40;1.880;1.556;324;82,77;17,23;"LUIZ AUGUSTO TORRES";UNIÃO;Não;98,21;0;0,07;1,72;"Até 20 mil";"Prefeitura Municipal de São João de Iracema";S.J.I;Município;;82,77;1.556;1.556;100;;0;195;96,34;7,24;"1,84 por m³";;;;;;;;;;;;;;;;;;"COORDENADORIA DE AGRICULTURA E MEIO AMBIENTE";;;1.880;100;1.556;100;324;1;;0,52;Não;;;Não;
3549300;"São João do Pau d'Alho";1;Sudeste;SP;"São Paulo";Não;;;;;"Mata Atlântica";;117,67;2.288;2.009;279;87,81;12,19;"LUCAS DE OLIVEIRA BARBOSA";PSD;Não;97,95;0;1,7;0,35;"Até 20 mil";"Prefeitura Municipal de São João do Pau D Alho";PM;Município;;88,68;2.029;2.009;100;20;7,17;260,32;50,82;31,54;"1,95 por m³";;"Prefeitura Municipal de São João do Pau D Alho";PM;Município;;2.010;87,85;2.009;100;1;0,36;;;;;;;"SETOR DO MEIO AMBIENTE";;Município;2.019;88,24;2.009;100;10;0,03;;0,72;Sim;;;Sim;"Taxa específica no boleto do IPTU"
3549409;"São Joaquim da Barra";1;Sudeste;SP;"São Paulo";Sim;"Aglomeração Urbana de Franca";"Lei Complementar 1.323";22.05.2018;;"Cerrado, Mata Atlântica";;410,86;49.815;49.133;682;98,63;1,37;"WAGNER JOSE SCHMIDT";MDB;Não;0;99,72;0,05;0,22;"De 20 a 49 mil";"Prefeitura Municipal de São Joaquim Da Barra";PMSJB;Município;;98,63;49.133;49.133;100;;0;288,7;100;61,3;"1,49 por m³";;"Prefeitura Municipal de São Joaquim Da Barra";PMSJB;Município;;49.133;98,63;49.133;100;;0;;;;;;;"DEPARTAMENTO DE INFRAESTRUTURA";;Município;49.815;100;49.133;100;682;1;;0,73;Sim;;;Não;
3549508;"São José da Bela Vista";1;Sudeste;SP;"São Paulo";Sim;"Aglomeração Urbana de Franca";"Lei Complementar 1.323";22.05.2018;;"Cerrado, Mata Atlântica";Paraná;276,95;7.690;7.041;649;91,56;8,44;"WALTER CÁSSIO CARVALHO FACCIROLLI";PSD;Sim;98,81;0;0,57;0,61;"Até 20 mil";"Prefeitura Municipal de São José Da Bela Vista";SJBV;Município;;89,18;6.858;6.858;97,4;;0;287,64;74,4;39,83;"0,36 por m³";;"Prefeitura Municipal de São José Da Bela Vista";SJBV;Município;;6.858;89,18;6.858;97,4;;0;;;;;;;"SECRETARIA DE AGRICULTURA E MEIO AMBIENTE";;Município;6.858;89,18;6.858;97,4;;0;;1,23;Não;;;Não;
3549607;"São José do Barreiro";1;Sudeste;SP;"São Paulo";Sim;"Região Metropolitana do Vale do Paraíba e Litoral Norte";"Lei Complementar 1.166";09.01.2012;"Sub-região 4";"Mata Atlântica";;570,69;3.898;2.767;1.131;70,99;29,01;"LUIS EDUARDO SANTOS RIBEIRO";PL;Não;95;0;2,16;2,84;"Até 20 mil";"Prefeitura Municipal de São José do Barreiro";PMSJB;Município;;72,27;2.817;2.767;100;50;4,42;234,92;0;10,34;"0,61 por m³";;"Prefeitura Municipal de São José do Barreiro";PMSJB;Município;;2.767;70,98;2.767;100;;0;;;;;;;"SECRETARIA DE MEIO AMBIENTE E AGRICULTURA";;Município;3.898;100;2.767;100;1.131;1;;0,84;Não;;;Não;
3549706;"São José do Rio Pardo";1;Sudeste;SP;"São Paulo";Não;;;;;"Mata Atlântica";Paraná;419,68;53.416;48.432;4.984;90,67;9,33;"MARCIO CALLEGARI ZANETTI";MDB;Sim;94,48;0;0,57;4,95;"De 50 a 99 mil";"Superintendência Autônoma de Água e Esgoto de São José do Rio Pardo";SAERP;Autarquia;;90,79;48.498;48.432;100;66;1,32;176,45;100;62,63;"3,43 por m³";;"Superintendência Autônoma de Água e Esgoto de São José do Rio Pardo";SAERP;Autarquia;;48.498;90,79;48.432;100;66;1,32;;;;;;;"SECRETARIA MUNICIPAL DE OBRAS E SERVIÇOS";;Autarquia;48.432;90,67;48.432;100;;0;;0,75;Sim;;;Sim;"Taxa específica no boleto do IPTU"
3549805;"São José do Rio Preto";1;Sudeste;SP;"São Paulo";Não;;;;;"Mata Atlântica";Paraná;431,94;501.597;497.484;4.113;99,18;0,82;"FÁBIO ROGÉRIO CANDIDO";PL;Sim;98;0;0,42;1,58;"De 500 a 999 mil";"Serviço Municipal Autônomo de Água e Esgoto";SeMAE;Autarquia;;99,18;497.484;497.484;100;;0;254,28;100;14,52;"3,51 por m³";;"Serviço Municipal Autônomo de Água e Esgoto";SeMAE;Autarquia;;497.484;99,18;497.484;100;;0;;;;;;;"SECRETARIA MUNICIPAL DO MEIO AMBIENTE E URBANISMO";;Autarquia;501.597;100;497.484;100;4.113;1;;0,86;Não;;;Não;
3549904;"São José dos Campos";1;Sudeste;SP;"São Paulo";Sim;"Região Metropolitana do Vale do Paraíba e Litoral Norte";"Lei Complementar 1.166";09.01.2012;"Sub-região 1";"Mata Atlântica";"Atlântico Sudeste";1.099,41;724.756;715.479;9.277;98,72;1,28;"ANDERSON FARIAS FERREIRA";PSD;Não;81,83;9,6;2,63;5,94;"De 500 a 999 mil";"Companhia de Saneamento Básico do Estado de São Paulo";SABESP;"Empresa privada";;99,39;720.339;715.479;100;4.860;52,39;176,66;100;32,13;"4,91 por m³";;"Companhia de Saneamento Básico do Estado de São Paulo";SABESP;"Sociedade de economia mista";;708.568;97,77;708.568;99,03;;0;;;;;;;"SECRETARIA DE MANUTENÇÃO DA CIDADE";;"Empresa privada";724.756;100;715.479;100;9.277;1;;12,43;Sim;;;Sim;"Taxa específica no boleto do IPTU"
3549953;"São Lourenço da Serra";1;Sudeste;SP;"São Paulo";Sim;"Região Metropolitana de São Paulo";"Lei Complementar 1.139";16.06.2011;"Sub-região Sudoeste";"Mata Atlântica";;186,46;16.458;8.555;7.903;51,98;48,02;"FELIPE GEFERSON SEME AMED";MDB;Não;62,27;0;34,16;3,57;"Até 20 mil";"Companhia de Saneamento Básico do Estado de São Paulo";SABESP;"Empresa privada";;50,21;8.263;8.263;96,59;;0;190,05;100;16,87;"17,05 por m³";;"Companhia de Saneamento Básico do Estado de São Paulo";SABESP;"Sociedade de economia mista";;5.249;31,89;5.249;61,36;;0;;;;;;;"SECRETARIA MUNICIPAL DE OBRAS E SERVIÇOS PÚBLICOS";;"Empresa privada";16.458;100;8.555;100;7.903;1;;0,56;Sim;;;Sim;"Taxa específica no boleto do IPTU"
3550001;"São Luís do Paraitinga";1;Sudeste;SP;"São Paulo";Sim;"Região Metropolitana do Vale do Paraíba e Litoral Norte";"Lei Complementar 1.166";09.01.2012;"Sub-região 2";"Mata Atlântica";"Atlântico Sudeste";617,32;10.497;5.833;4.664;55,57;44,43;"ALEX EUZÉBIO TORRES";PL;Sim;81,35;0;0,94;17,71;"Até 20 mil";"Companhia de Saneamento Básico do Estado de São Paulo";SABESP;"Empresa privada";;58,34;6.124;5.833;100;291;6,24;172,69;100;30,71;"4,55 por m³";;"Companhia de Saneamento Básico do Estado de São Paulo";SABESP;"Sociedade de economia mista";;5.165;49,2;5.165;88,55;;0;;;;;;;"DIRETORIA DE AGRICULTURA E MEIO AMBIENTE";;"Empresa privada";10.497;100;5.833;100;4.664;1;;1,29;Sim;;;Não;
3550100;"São Manuel";1;Sudeste;SP;"São Paulo";Não;;;;;"Cerrado, Mata Atlântica";Paraná;650,73;38.166;36.487;1.679;95,6;4,4;"ODIRLEI JOSÉ FÉLIX";PP;Sim;93,42;0;1,96;4,62;"De 20 a 49 mil";"Companhia de Saneamento Básico do Estado de São Paulo";SABESP;"Empresa privada";;100;38.166;36.487;100;1.679;100;186,73;99,98;31,4;"4,76 por m³";;"Companhia de Saneamento Básico do Estado de São Paulo";SABESP;"Sociedade de economia mista";;37.697;98,77;36.487;100;1.210;72,06;;;;;;;"SECRETARIA DE AGRICULTURA E MEIO AMBIENTE";;"Empresa privada";37.662;98,68;36.487;100;1.175;0,69;;1,22;Sim;;;Não;
3550209;"São Miguel Arcanjo";1;Sudeste;SP;"São Paulo";Sim;"Região Metropolitana de Sorocaba";"Lei Complementar 1.241";20.06.2014;"Sub-região 3";"Mata Atlântica";;930,34;32.904;22.417;10.487;68,13;31,87;"ELIAS RODRIGUES DE PAULA";PP;Não;86,86;0;0,96;12,18;"De 20 a 49 mil";"Companhia de Saneamento Básico do Estado de São Paulo";SABESP;"Empresa privada";;72,7;23.925;22.417;100;1.508;14,38;155,22;99,98;23,81;"4,70 por m³";;"Companhia de Saneamento Básico do Estado de São Paulo";SABESP;"Sociedade de economia mista";;20.050;60,93;20.050;89,44;;0;;;;;;;"SECRETARIA MUNICIPAL DE OBRAS";;"Empresa privada";32.904;100;22.417;100;10.487;1;;0,52;Não;;;Não;
3550308;"São Paulo";1;Sudeste;SP;"São Paulo";Sim;"Região Metropolitana de São Paulo";"Lei Complementar 1.139";16.06.2011;"Todas as sub-regiões";"Mata Atlântica";Paraná;1.521,11;11.895.578;11.877.735;17.843;99,85;0,15;"RICARDO LUIS REIS NUNES";MDB;Sim;65,59;21,86;1,69;10,85;"Mais de 1 milhão";"Companhia de Saneamento Básico do Estado de São Paulo";SABESP;"Empresa privada";;99,98;11.892.995;11.877.735;100;15.260;85,52;205,51;100;24,46;"8,49 por m³";;"Companhia de Saneamento Básico do Estado de São Paulo";SABESP;"Sociedade de economia mista";;11.807.012;99,26;11.807.012;99,4;;0;;;;;;;"AGÊNCIA REGULADORA DE SERVIÇOS PÚBLICOS";;"Empresa privada";11.895.578;100;11.877.735;100;17.843;1;;0,84;Sim;;;Não;
3550308;"São Paulo";1;Sudeste;SP;"São Paulo";Sim;CAPITAIS;--;;;"Mata Atlântica";Paraná;1.521,11;11.895.578;11.877.735;17.843;99,85;0,15;"RICARDO LUIS REIS NUNES";MDB;Sim;65,59;21,86;1,69;10,85;"Mais de 1 milhão";"Companhia de Saneamento Básico do Estado de São Paulo";SABESP;"Empresa privada";;99,98;11.892.995;11.877.735;100;15.260;85,52;205,51;100;24,46;"8,49 por m³";;"Companhia de Saneamento Básico do Estado de São Paulo";SABESP;"Sociedade de economia mista";;11.807.012;99,26;11.807.012;99,4;;0;;;;;;;"AGÊNCIA REGULADORA DE SERVIÇOS PÚBLICOS";;"Empresa privada";11.895.578;100;11.877.735;100;17.843;1;;0,84;Sim;;;Não;
3550407;"São Pedro";1;Sudeste;SP;"São Paulo";Sim;"Aglomeração Urbana de Piracicaba-AU- Piracicaba";"Lei Complementar 1.178";26.06.2012;;"Cerrado, Mata Atlântica";Paraná;611,28;39.725;38.196;1.529;96,15;3,85;"THIAGO SILVERIO DA SILVA";PSD;Não;11,64;85,36;1,08;1,92;"De 20 a 49 mil";"Serviço Autônomo de Água e Esgoto de São Pedro";SAAESP;Autarquia;;82,71;32.858;31.349;82,07;1.509;98,69;148,49;100;57,71;"3,58 por m³";;"Serviço Autônomo de Água e Esgoto de São Pedro";SAAESP;Autarquia;;31.377;78,98;31.377;82,15;;0;;;;;;;"COORDENADORIA DE MEIO AMBIENTE DA PREFEITURA MUNICIPAL DE SÃO PEDRO";;Autarquia;31.638;79,64;31.638;82,83;;0;;0,82;Sim;;;Sim;"Taxa específica no boleto do IPTU"
3550506;"São Pedro do Turvo";1;Sudeste;SP;"São Paulo";Não;;;;;"Cerrado, Mata Atlântica";Paraná;731,22;7.333;5.579;1.754;76,08;23,92;"LUIZ FELIPE DE CASTRO TAVARES";PSD;Sim;100;0;0;0;"Até 20 mil";"Serviço Autônomo de Água e Esgoto";SAAE;Autarquia;;82,22;6.029;5.579;100;450;25,66;238,63;97,13;13,43;"1,78 por m³";;"Serviço Autônomo de Água e Esgoto";SAAE;Autarquia;;6.029;82,22;5.579;100;450;25,66;;;;;;;"SECRETARIA MUNICIPAL DE MEIO AMBIENTE E AGRICULTURA";;Autarquia;6.000;81,81;5.579;100;421;0,24;;0,32;Não;;;Sim;"Taxa específica no boleto do IPTU"
3550605;"São Roque";1;Sudeste;SP;"São Paulo";Sim;"Região Metropolitana de Sorocaba";"Lei Complementar 1.241";20.06.2014;"Sub-região 2";"Mata Atlântica";Paraná;306,91;81.342;73.362;7.980;90,19;9,81;"MARCOS AUGUSTO ISSA HENRIQUES DE ARAÚJO";PSD;Sim;0;58,61;25,43;15,96;"De 50 a 99 mil";"Companhia de Saneamento Básico do Estado de São Paulo";SABESP;"Empresa privada";;83,54;67.957;67.957;92,63;;0;171,13;99,99;43,35;"5,13 por m³";;"Companhia de Saneamento Básico do Estado de São Paulo";SABESP;"Sociedade de economia mista";;41.938;51,56;41.938;57,17;;0;;;;;;;"DIVISÃO DE MEIO AMBIENTE (DEPARTAMENTO DE PLANEJAMENTO)";;"Empresa privada";81.342;100;73.362;100;7.980;1;;0,76;Sim;;;Sim;"Taxa específica no boleto do IPTU"
3550704;"São Sebastião";1;Sudeste;SP;"São Paulo";Sim;"Região Metropolitana do Vale do Paraíba e Litoral Norte";"Lei Complementar 1.166";09.01.2012;"Sub-região 5";"Mata Atlântica";"Atlântico Sudeste";402,40;84.019;82.649;1.370;98,37;1,63;"REINALDO ALVES MOREIRA FILHO";REPUBLICANOS;Não;43,91;0;31,14;24,95;"De 50 a 99 mil";"Companhia de Saneamento Básico do Estado de São Paulo";SABESP;"Empresa privada";;71,88;60.392;60.392;73,06;;0;306,67;99,99;29,06;"6,00 por m³";;"Companhia de Saneamento Básico do Estado de São Paulo";SABESP;"Sociedade de economia mista";;47.149;56,12;47.149;57,05;;0;;;;;;;"SECRETARIA DE SERVIÇOS PÚBLICOS - SESEP";;"Empresa privada";83.243;99,08;82.649;100;594;0,43;;1,68;Sim;;;Sim;"Taxa específica no boleto do IPTU"
3550803;"São Sebastião da Grama";1;Sudeste;SP;"São Paulo";Não;;;;;"Mata Atlântica";Paraná;252,41;10.484;8.138;2.346;77,62;22,38;"JOSÉ FRANCISCO MARTHA";PSD;Não;19,7;78,8;0,34;1,17;"Até 20 mil";"Águas de São Sebastião da Grama";ASSG;"Empresa privada";;77,62;8.138;8.138;100;;0;240,8;100;14,48;"3,64 por m³";;"Águas de São Sebastião da Grama";ASSG;"Empresa privada";;8.138;77,62;8.138;100;;0;;;;;;;;;;;;;;;;;;;;;;
3550902;"São Simão";1;Sudeste;SP;"São Paulo";Sim;"Região Metropolitana de Ribeirão Preto";"Lei Complementar 1.290";06.07.2016;"Sub-região 1";"Cerrado, Mata Atlântica";Paraná;617,25;13.590;12.391;1.199;91,18;8,82;"IZAIAS LEAO DE SOUZA";PSD;Não;0;98,81;0,29;0,91;"Até 20 mil";"Prefeitura Municipal de São Simão";PMSS;Município;;91,54;12.440;12.391;100;49;4,09;199,62;98,92;49,47;"2,04 por m³";;"Prefeitura Municipal de São Simão";PMSS;Município;;12.391;91,18;12.391;100;;0;;;;;;;"SECRETARIA MUNICIPAL DE  MEIO AMBIENTE, ZELADORIA PÚBLICA E AGRICULTURA";;Município;13.590;100;12.391;100;1.199;1;;1,68;Sim;;;Não;
3551009;"São Vicente";1;Sudeste;SP;"São Paulo";Sim;"Região Metropolitana da Baixada Santista";"Lei Complementar 815";30.07.1996;;"Mata Atlântica";"Atlântico Sudeste";148,10;338.407;338.102;305;99,91;0,09;"KAYO FELYPE NACHTAJLER AMADO";PODE;Sim;70,63;0;5,26;24,12;"De 250 a 499 mil";"Companhia de Saneamento Básico do Estado de São Paulo";SABESP;"Empresa privada";;94,07;318.335;318.335;94,15;;0;275,11;100;32,39;"5,21 por m³";;"Companhia de Saneamento Básico do Estado de São Paulo";SABESP;"Sociedade de economia mista";;316.100;93,41;316.100;93,49;;0;;;;;;;"SECRETARIA DE MEIO AMBIENTE";;"Empresa privada";329.911;97,49;329.911;97,58;;0;;1,07;Sim;;;Sim;"Taxa específica no boleto do IPTU"
3551108;Sarapuí;1;Sudeste;SP;"São Paulo";Sim;"Região Metropolitana de Sorocaba";"Lei Complementar 1.241";20.06.2014;"Sub-região 1";"Cerrado, Mata Atlântica";Paraná;352,59;10.632;7.719;2.913;72,6;27,4;"GUSTAVO DE SOUZA BARROS VIEIRA";PSDB;Sim;0;67,47;10,62;21,91;"Até 20 mil";"Companhia de Saneamento Básico do Estado de São Paulo";SABESP;"Empresa privada";;89,6;9.526;7.719;100;1.807;62,03;184,73;100;21,99;"4,59 por m³";;"Companhia de Saneamento Básico do Estado de São Paulo";SABESP;"Sociedade de economia mista";;6.122;57,58;6.122;79,31;;0;;;;;;;"DIRETORIA DE AGRICULTURA, ABASTECIMENTO, MEIO AMBIENTE E TURISMO";;"Empresa privada";10.632;100;7.719;100;2.913;1;;1,12;Sim;;;Sim;"Taxa específica no boleto do IPTU"
3551207;Sarutaiá;1;Sudeste;SP;"São Paulo";Não;;;;;"Mata Atlântica";Paraná;141,61;3.769;3.342;427;88,67;11,33;"JOÃO ANTONIO FULONI";REPUBLICANOS;Sim;92,12;0;0,24;7,64;"Até 20 mil";"Companhia de Saneamento Básico do Estado de São Paulo";SABESP;"Empresa privada";;88,86;3.349;3.342;100;7;1,64;166,16;100;13,84;"4,19 por m³";;"Companhia de Saneamento Básico do Estado de São Paulo";SABESP;"Sociedade de economia mista";;3.098;82,2;3.098;92,7;;0;;;;;;;"DEPARTAMENTO DE AGRICULTURA E MEIO AMBIENTE";;"Empresa privada";3.342;88,67;3.342;100;;0;;0,6;Sim;;;Sim;"Taxa específica no boleto do IPTU"
3551306;"Sebastianópolis do Sul";1;Sudeste;SP;"São Paulo";Não;;;;;"Mata Atlântica";Paraná;167,85;3.187;2.653;534;83,24;16,76;"JOSE ANTONIO ABREU DO VALLE";PSD;Sim;98,24;0;0,43;1,33;"Até 20 mil";"Companhia de Saneamento Básico do Estado de São Paulo";SABESP;"Empresa privada";;90,52;2.885;2.653;100;232;43,45;203,02;100;8,03;"4,80 por m³";;"Companhia de Saneamento Básico do Estado de São Paulo";SABESP;"Sociedade de economia mista";;2.685;84,25;2.653;100;32;5,99;;;;;;;;;;;;;;;;;;;;;;
3551405;"Serra Azul";1;Sudeste;SP;"São Paulo";Sim;"Região Metropolitana de Ribeirão Preto";"Lei Complementar 1.290";06.07.2016;"Sub-região 1";"Cerrado, Mata Atlântica";Paraná;283,14;13.058;12.256;802;93,86;6,14;"DEBORA CRISTINA RIBEIRO DA SILVA";MDB;Sim;92,24;0;3,49;4,27;"Até 20 mil";"Companhia de Saneamento Básico do Estado de São Paulo";SABESP;"Empresa privada";;71,17;9.294;9.294;75,83;;0;255,08;100;9,39;"7,24 por m³";;"Companhia de Saneamento Básico do Estado de São Paulo";SABESP;"Sociedade de economia mista";;8.539;65,39;8.539;69,67;;0;;;;;;;"SECRETARIA DE AGRICULTURA E MEIO AMBIENTE";;"Empresa privada";13.058;100;12.256;100;802;1;;0,93;Não;;;Sim;"Taxa específica no boleto do IPTU"
3551603;"Serra Negra";1;Sudeste;SP;"São Paulo";Não;;;;;"Mata Atlântica";Paraná;203,73;30.920;25.973;4.947;84;16;"ELMIR KALIL ABI CHEDID";UNIÃO;Sim;74,85;0;5,05;20,1;"De 20 a 49 mil";"Companhia de Saneamento Básico do Estado de São Paulo";SABESP;"Empresa privada";;77,63;24.002;23.662;91,1;340;6,87;274,01;100;17,88;"5,04 por m³";;"Companhia de Saneamento Básico do Estado de São Paulo";SABESP;"Sociedade de economia mista";;20.272;65,56;20.272;78,05;;0;;;;;;;"SECRETARIA DE MEIO AMBIENTE E DESENVOLVIMENTO URBANO";;"Empresa privada";30.920;100;25.973;100;4.947;1;;1,34;Sim;;;Sim;"Taxa específica no boleto do IPTU"
3551504;Serrana;1;Sudeste;SP;"São Paulo";Sim;"Região Metropolitana de Ribeirão Preto";"Lei Complementar 1.290";06.07.2016;"Sub-região 1";"Cerrado, Mata Atlântica";Paraná;126,05;45.408;45.086;322;99,29;0,71;"LEONARDO CARESSATO CAPITELI";MDB;Sim;0;99,62;0,23;0,16;"De 20 a 49 mil";"Prefeitura Municipal de Serrana";PMS;Município;;97,87;44.442;44.432;98,55;10;3,11;174,36;99,86;69,81;"1,65 por m³";;"Prefeitura Municipal de Serrana";PMS;Município;;44.442;97,87;44.432;98,55;10;3,11;;;;;;;"Secretaria Municipal de Infraestrutura";;Município;45.408;100;45.086;100;322;1;;1,36;Não;;;Sim;"Taxa específica no boleto do IPTU"
3551702;Sertãozinho;1;Sudeste;SP;"São Paulo";Sim;"Região Metropolitana de Ribeirão Preto";"Lei Complementar 1.290";06.07.2016;"Sub-região 1";"Mata Atlântica";Paraná;403,09;131.600;130.402;1.198;99,09;0,91;"JOSÉ ALBERTO GIMENEZ";MDB;Não;99;0;0,53;0,47;"De 100 a 249 mil";"Serviço Autônomo Água e Esgoto e Meio Ambiente de Sertãozinho";SAEMAS;Autarquia;;99,09;130.402;130.402;100;;0;270,2;99,51;48,86;"2,00 por m³";;"Serviço Autônomo Água e Esgoto e Meio Ambiente de Sertãozinho";SAEMAS;Autarquia;;130.402;99,09;130.402;100;;0;;;;;;;"SECRETARIA DE MEIO AMBIENTE E AGRICULTURA";;Autarquia;130.402;99,09;130.402;100;;0;;1,41;Sim;;;Sim;"Taxa específica no boleto do IPTU"
3551801;"Sete Barras";1;Sudeste;SP;"São Paulo";Não;;;;;"Mata Atlântica";"Atlântico Sudeste";1.062,70;12.912;7.342;5.570;56,86;43,14;"ITALO DONIZETH COSTA ROBERTO";PL;Não;79,66;0,97;2,98;16,4;"Até 20 mil";"Companhia de Saneamento Básico do Estado de São Paulo";SABESP;"Empresa privada";;72;9.297;7.342;100;1.955;35,1;174,5;100;16,04;"5,13 por m³";;"Companhia de Saneamento Básico do Estado de São Paulo";SABESP;"Sociedade de economia mista";;6.565;50,84;6.565;89,42;;0;;;;;;;"SECRETARIA DE DESENVOLVIMENTO SUSTENTÁVEL";;"Empresa privada";12.912;100;7.342;100;5.570;1;;0,62;Não;;;Sim;"Taxa específica no boleto do IPTU"
3551900;Severínia;1;Sudeste;SP;"São Paulo";Não;;;;;"Mata Atlântica";;140,46;14.724;14.029;695;95,28;4,72;"GUILHERME AUGUSTO DE ALMEIDA SECCHIERI";UNIÃO;Não;99,82;0;0,04;0,14;"Até 20 mil";"Serviço Autônomo de Água e Esgoto do município de Severínia";SAAE;Autarquia;;95,28;14.029;14.029;100;;0;258,99;100;10,72;"3,23 por m³";;"Serviço Autônomo de Água e Esgoto do município de Severínia";SAAE;Autarquia;;14.029;95,28;14.029;100;;0;;;;;;;"SECRETARIA MUNICIPAL DE AGRICULTURA E MEIO AMBIENTE";;Autarquia;14.200;96,44;14.029;100;171;0,24;;0,81;Sim;;;Sim;"Taxa específica no boleto do IPTU"
3552007;Silveiras;1;Sudeste;SP;"São Paulo";Sim;"Região Metropolitana do Vale do Paraíba e Litoral Norte";"Lei Complementar 1.166";09.01.2012;"Sub-região 4";"Mata Atlântica";;414,78;6.313;3.294;3.019;52,18;47,82;"EDSON MENDES MOTA";PL;Não;94,81;0;1,29;3,91;"Até 20 mil";"Companhia de Saneamento Básico do Estado de São Paulo";SABESP;"Empresa privada";;62,62;3.953;3.294;100;659;21,83;164,77;100;20,13;"4,49 por m³";;"Companhia de Saneamento Básico do Estado de São Paulo";SABESP;"Sociedade de economia mista";;3.264;51,7;3.264;99,09;;0;;;;;;;"PREFEITURA MUNICIPAL DE SILVEIRAS";;"Empresa privada";6.313;100;3.294;100;3.019;1;;0,46;Não;;;Sim;"Taxa específica no boleto do IPTU"
3552106;Socorro;1;Sudeste;SP;"São Paulo";Não;;;;;"Mata Atlântica";Paraná;449,03;41.405;25.423;15.982;61,4;38,6;"MAURICIO DE OLIVEIRA SANTOS";PSD;Sim;81,33;7,07;3,12;8,48;"De 20 a 49 mil";"Companhia de Saneamento Básico do Estado de São Paulo";SABESP;"Empresa privada";;61,9;25.628;25.423;100;205;1,28;182,77;100;25,81;"4,82 por m³";;"Companhia de Saneamento Básico do Estado de São Paulo";SABESP;"Sociedade de economia mista";;22.696;54,81;22.696;89,27;;0;;;;;;;"SECRETARIA DE MEIO AMBIENTE E DESENVOLVIMENTO SUSTENTÁVEL";;"Empresa privada";38.208;92,28;25.423;100;12.785;0,79;;0,66;Sim;;;Não;
3552205;Sorocaba;1;Sudeste;SP;"São Paulo";Sim;"Região Metropolitana de Sorocaba";"Lei Complementar 1.241";20.06.2014;"Sub-região 3";"Mata Atlântica";Paraná;450,38;757.459;752.005;5.454;99,28;0,72;"RODRIGO MAGANHATO";REPUBLICANOS;Sim;84,6;5,4;0,76;9,24;"De 500 a 999 mil";"Serviço Autônomo de Água e Esgoto";SAAE;Autarquia;;98,97;749.647;749.372;99,65;275;5,04;193,35;100;34,22;"3,71 por m³";;"Serviço Autônomo de Água e Esgoto";SAAE;Autarquia;;748.771;98,85;748.771;99,57;;0;;;;;;;"SECRETARIA DE MEIO AMBIENTE";;Autarquia;757.459;100;752.005;100;5.454;1;;0,92;Sim;;;Sim;"Taxa específica no boleto do IPTU"
3552304;"Sud Mennucci";1;Sudeste;SP;"São Paulo";Não;;;;;"Mata Atlântica";Paraná;594,74;7.466;6.531;935;87,48;12,52;"JOSÉ URBINO DOS SANTOS NETO";REPUBLICANOS;Sim;93,89;0;0,69;5,43;"Até 20 mil";"Companhia de Saneamento Básico do Estado de São Paulo";SABESP;"Empresa privada";;97,84;7.305;6.531;100;774;82,78;169,1;100;14,33;"4,59 por m³";;"Companhia de Saneamento Básico do Estado de São Paulo";SABESP;"Sociedade de economia mista";;6.497;87,02;6.497;99,48;;0;;;;;;;"DIVISÃO DE OBRAS E SERVIÇOS PUBLICOS";;"Empresa privada";7.466;100;6.531;100;935;1;;0,56;Não;;;Sim;"Taxa específica no boleto do IPTU"
3552403;Sumaré;1;Sudeste;SP;"São Paulo";Sim;"Região Metropolitana de Campinas";"Lei Complementar 870";19.06.2000;;"Mata Atlântica";Paraná;153,47;289.787;288.512;1.275;99,56;0,44;"HENRIQUE STEIN SCIASCIO";REPUBLICANOS;Não;12,27;81,09;2,09;4,55;"De 250 a 499 mil";"BRK Ambiental - Sumaré S.A.";"BRK SUM";"Empresa privada";;99,56;288.512;288.512;100;;0;219,75;100;18,57;"4,01 por m³";;"BRK Ambiental - Sumaré S.A.";"BRK SUM";"Empresa privada";;288.512;99,56;288.512;100;;0;;;;;;;"SECRETARIA MUNICIPAL DE SUSTENTABILIDADE";;"Empresa privada";289.787;100;288.512;100;1.275;1;;0,61;Não;;;Sim;"Taxa específica no boleto do IPTU"
3552551;Suzanápolis;1;Sudeste;SP;"São Paulo";Não;;;;;"Mata Atlântica";Paraná;330,59;3.464;2.689;775;77,63;22,37;"GERSO ANTONIO DE OLIVEIRA";PSDB;Sim;94,86;0;2,35;2,79;"Até 20 mil";"Prefeitura Municipal de Suzanápolis";PMS;Município;;77,63;2.689;2.689;100;;0;284,02;100;23,08;"1,30 por m³";;"Prefeitura Municipal de Suzanápolis";PMS;Município;;2.689;77,63;2.689;100;;0;;;;;;;"SECRETARIA DE OBRAS E SERVIÇOS URBANOS";;Município;3.464;100;2.689;100;775;1;;1,04;Não;;;Sim;"Taxa específica no boleto do IPTU"
3552502;Suzano;1;Sudeste;SP;"São Paulo";Sim;"Região Metropolitana de São Paulo";"Lei Complementar 1.139";16.06.2011;"Sub-região Leste";"Mata Atlântica";;206,24;318.765;314.685;4.080;98,72;1,28;"PEDRO CHARLES SHIRAKAWA ISHI";PL;Não;59,52;25,51;6,04;8,93;"De 250 a 499 mil";"Companhia de Saneamento Básico do Estado de São Paulo";SABESP;"Empresa privada";;99,4;316.853;314.685;100;2.168;53,14;158,63;100;1,27;;;"Companhia de Saneamento Básico do Estado de São Paulo";SABESP;"Sociedade de economia mista";;300.830;94,37;300.830;95,6;;0;;;;;;;"SECRETARIA MUNICIPAL DE MEIO AMBIENTE";;"Empresa privada";315.177;98,87;311.539;99;3.638;0,89;;0,72;Sim;;;Não;
3552601;Tabapuã;1;Sudeste;SP;"São Paulo";Não;;;;;"Mata Atlântica";Paraná;345,79;11.499;10.654;845;92,65;7,35;"SILVIO CESAR SARTORELLO";PSD;Sim;99,33;0;0,25;0,43;"Até 20 mil";"Prefeitura Municipal de Tabapuã";PMT;Município;;92,72;10.662;10.349;97,14;313;37,04;310,47;100;42;"1,41 por m³";;"Prefeitura Municipal de Tabapuã";PMT;Município;;11.194;97,35;10.349;97,14;845;100;;;;;;;"SECRETARIA MUNICIPAL DO MEIO AMBIENTE E DESENVOLVIMENTO RURAL";;Município;10.482;91,16;10.482;98,39;;0;;0,75;Não;;;Sim;"Taxa específica no boleto do IPTU"
3552700;Tabatinga;1;Sudeste;SP;"São Paulo";Não;;;;;"Cerrado, Mata Atlântica";;368,60;14.994;13.619;1.375;90,83;9,17;"VALTER VALENTIM CAMARGO";PSD;Não;87,79;9,77;0,07;2,37;"Até 20 mil";"Prefeitura Municipal de Tabatinga";PMT;Município;;91,05;13.652;13.619;100;33;2,4;210,32;99,34;22,05;"1,76 por m³";;"Prefeitura Municipal de Tabatinga";PMT;Município;;13.619;90,83;13.619;100;;0;;;;;;;"DEPARTAMENTO DE AGRICULTURA E MEIO AMBIENTE";;Município;14.844;99;13.619;100;1.225;0,89;;0,54;Não;;;Sim;"Taxa específica no boleto do IPTU"
3552809;"Taboão da Serra";1;Sudeste;SP;"São Paulo";Sim;"Região Metropolitana de São Paulo";"Lei Complementar 1.139";16.06.2011;"Sub-região Sudoeste";"Mata Atlântica";Paraná;20,39;284.274;284.274;;100;0;"DANIEL PLANA BOGALHO";UNIÃO;Não;30,53;51,99;3,11;14,37;"De 250 a 499 mil";"Companhia de Saneamento Básico do Estado de São Paulo";SABESP;"Empresa privada";;100;284.274;284.274;100;;;187,68;100;16,11;"5,05 por m³";;"Companhia de Saneamento Básico do Estado de São Paulo";SABESP;"Sociedade de economia mista";;284.274;100;284.274;100;;;;;;;;;"SECRETARIA DE OBRAS E INFRAESTRUTURA";;"Empresa privada";284.274;100;284.274;100;;;;1,03;Sim;;;Sim;"Taxa específica no boleto do IPTU"
3552908;Taciba;1;Sudeste;SP;"São Paulo";Não;;;;;"Cerrado, Mata Atlântica";Paraná;607,27;6.399;5.330;1.069;83,29;16,71;"IZIDORO ARCESTI RICCI";PP;Sim;96,14;0;0,19;3,68;"Até 20 mil";"Companhia de Saneamento Básico do Estado de São Paulo";SABESP;"Empresa privada";;98,5;6.303;5.330;100;973;91,02;148,63;100;22,42;"4,54 por m³";;"Companhia de Saneamento Básico do Estado de São Paulo";SABESP;"Sociedade de economia mista";;5.992;93,64;5.330;100;662;61,93;;;;;;;"SECRETARIA AGRICULTURA PECÚARIA E MEIO AMBIENTE";;"Empresa privada";6.399;100;5.330;100;1.069;1;;0,51;Sim;;;Não;
3553005;Taguaí;1;Sudeste;SP;"São Paulo";Não;;;;;"Mata Atlântica";;145,33;13.006;11.791;1.215;90,66;9,34;"EDER CARLOS FOGAÇA DA CRUZ";PSD;Não;97,69;0;0,64;1,67;"Até 20 mil";"Companhia de Saneamento Básico do Estado de São Paulo";SABESP;"Empresa privada";;99,92;12.995;11.791;100;1.204;99,09;141,68;99,99;13,28;"4,41 por m³";;"Companhia de Saneamento Básico do Estado de São Paulo";SABESP;"Sociedade de economia mista";;12.380;95,19;11.791;100;589;48,48;;;;;;;"SECRETARIA MUNICIPAL DE MEIO AMBIENTE";;"Empresa privada";11.791;90,66;11.791;100;;0;;1,43;Não;;;Não;
3553104;Taiaçu;1;Sudeste;SP;"São Paulo";Não;;;;;"Mata Atlântica";Paraná;107,06;5.751;5.359;392;93,18;6,82;"SUELI APARECIDA MENDES BIANCARDI";MDB;Sim;99,14;0;0,26;0,6;"Até 20 mil";"Prefeitura Municipal de Taiaçu";PMT;Município;;93,18;5.359;5.359;100;;0;233,65;100;20,35;"1,23 por m³";;"Prefeitura Municipal de Taiaçu";PMT;Município;;5.359;93,18;5.359;100;;0;;;;;;;"PREFEITURA MUNICIPAL DE TAIAÇU";;Município;5.410;94,07;5.359;100;51;0,13;;0,61;Sim;;;Sim;"Taxa específica no boleto do IPTU"
3553203;Taiúva;1;Sudeste;SP;"São Paulo";Sim;"Região Metropolitana de Ribeirão Preto";"Lei Complementar 1.290";06.07.2016;"Sub-região 2";"Cerrado, Mata Atlântica";Paraná;132,46;6.733;5.334;1.399;79,22;20,78;"MAURO VICENTE BERSI";PSD;Sim;98,79;0;0,38;0,83;"Até 20 mil";"Prefeitura Municipal de Taiúva";PMT;Município;;79,22;5.334;5.334;100;;0;197,75;100;25,24;"1,50 por m³";;"Prefeitura Municipal de Taiúva";PMT;Município;;5.334;79,22;5.334;100;;0;;;;;;;"DIRETORIA DE OBRAS E SERVIÇOS";;Município;5.334;79,22;5.334;100;;0;;0,49;Não;;;Sim;"Taxa específica no boleto do IPTU"
3553302;Tambaú;1;Sudeste;SP;"São Paulo";Sim;"Região Metropolitana de Ribeirão Preto";"Lei Complementar 1.290";06.07.2016;"Sub-região 3";"Cerrado, Mata Atlântica";Paraná;561,79;21.682;19.807;1.875;91,35;8,65;"LEONARDO TEIXEIRA SPIGA REAL";REPUBLICANOS;Não;95;0;1,68;3,32;"De 20 a 49 mil";;;;;;;;;;;;;;;;;;;;;;;;;;;;;;;;"DEPARTAMENTO DE MEIO AMBIENTE";;;19.000;87,63;19.000;95,93;;0;;0,34;Não;;;Não;
3553401;Tanabi;1;Sudeste;SP;"São Paulo";Não;;;;;"Cerrado, Mata Atlântica";Paraná;747,22;26.021;23.708;2.313;91,11;8,89;"ALEXANDRE SILVEIRA BERTOLINI";PSB;Sim;95;0;2,98;2,02;"De 20 a 49 mil";"Prefeitura Municipal de Tanabi";"PM Tanabi";Município;;91,11;23.708;23.708;100;;0;174,05;100;30,56;"3,30 por m³";;"Prefeitura Municipal de Tanabi";"PM Tanabi";Município;;23.708;91,11;23.708;100;;0;;;;;;;"SECRETARIA DA AGRICULTURA, ABASTECIMENTO E MEIO AMBIENTE";;Município;23.708;91,11;23.708;100;;0;;1,15999;Sim;;;Sim;"Taxa específica no boleto do IPTU"
3553500;Tapiraí;1;Sudeste;SP;"São Paulo";Sim;"Região Metropolitana de Sorocaba";"Lei Complementar 1.241";20.06.2014;"Sub-região 3";"Mata Atlântica";"Atlântico Sudeste";755,10;8.122;5.743;2.379;70,71;29,29;"ARALDO TODESCO";PSB;Não;82,73;0;4,24;13,02;"Até 20 mil";"Companhia de Saneamento Básico do Estado de São Paulo";SABESP;"Empresa privada";;65,55;5.324;5.324;92,7;;0;145,43;100;29,56;"4,82 por m³";;"Companhia de Saneamento Básico do Estado de São Paulo";SABESP;"Sociedade de economia mista";;4.618;56,86;4.618;80,41;;0;;;;;;;"SECRETARIA DE SUSTENTABILIDADE E DESENVOLVIMENTO ECONÔMICO";;"Empresa privada";8.122;100;5.743;100;2.379;1;;1,21;Sim;;;Sim;"Taxa específica no boleto do IPTU"
3553609;Tapiratiba;1;Sudeste;SP;"São Paulo";Não;;;;;"Mata Atlântica";Paraná;221,89;11.936;10.420;1.516;87,3;12,7;"RAMON JESUS VIEIRA";CIDADANIA;Não;95;0;0,26;4,74;"Até 20 mil";"Companhia de Saneamento Básico do Estado de São Paulo";SABESP;"Empresa privada";;89,26;10.654;10.006;96,03;648;42,74;194,27;96,93;41,79;"4,73 por m³";;"Companhia de Saneamento Básico do Estado de São Paulo";SABESP;"Sociedade de economia mista";;9.996;83,75;9.996;95,93;;0;;;;;;;"DIRETORIA DE MEIO AMBIENTE E AGRICULTURA";;"Empresa privada";11.936;100;10.420;100;1.516;1;;1,09;Sim;;;Sim;"Taxa específica no boleto do IPTU"
3553658;Taquaral;1;Sudeste;SP;"São Paulo";Sim;"Região Metropolitana de Ribeirão Preto";"Lei Complementar 1.290";06.07.2016;"Sub-região 2";"Cerrado, Mata Atlântica";Paraná;53,89;2.652;2.536;116;95,63;4,37;"ARI FERNANDO JACINTO";PL;Não;0;99,73;0,11;0,15;"Até 20 mil";"Prefeitura Municipal de Taquaral";Prefeitura;Município;;95,63;2.536;2.536;100;;0;199,11;100;5,15;"3,15 por m³";;"Prefeitura Municipal de Taquaral";Prefeitura;Município;;2.536;95,63;2.536;100;;0;;;;;;;"DEPARTAMENTO DE OBRAS, SERVIÇOS, INFRAESTRUTURA URBANA E MEIO AMBIENTE";;Município;2.652;100;2.536;100;116;1;;0,66;Não;;;Sim;"Taxa específica no boleto de água ou esgoto"
3553708;Taquaritinga;1;Sudeste;SP;"São Paulo";Não;;;;;"Mata Atlântica";;594,34;53.322;51.008;2.314;95,66;4,34;"FULVIO ZUPPANI";MDB;Não;90,25;4,75;0,45;4,55;"De 50 a 99 mil";"Serviço Autônomo de Água e Esgoto de Taquaritinga";SAAET;Autarquia;;95,66;51.008;51.008;100;;0;194,46;100;39,38;"3,02 por m³";;"Serviço Autônomo de Água e Esgoto de Taquaritinga";SAAET;Autarquia;;51.008;95,66;51.008;100;;0;;;;;;;"Secretaria Municipal de Meio Ambiente e Sustentabilidade";;Autarquia;53.322;100;51.008;100;2.314;1;;0,66;Não;;;Sim;"Taxa específica no boleto do IPTU"
3553807;Taquarituba;1;Sudeste;SP;"São Paulo";Não;;;;;"Cerrado, Mata Atlântica";;448,52;24.863;20.850;4.013;83,86;16,14;"ÉDER MIANO PEREIRA";PP;Não;97,53;0;0,66;1,81;"De 20 a 49 mil";"Companhia de Saneamento Básico do Estado de São Paulo";SABESP;"Empresa privada";;90,18;22.422;20.564;98,63;1.858;46,3;157,27;99,99;25,13;"4,67 por m³";;"Companhia de Saneamento Básico do Estado de São Paulo";SABESP;"Sociedade de economia mista";;21.812;87,73;20.564;98,63;1.248;31,1;;;;;;;"COORDENADORIA DO MEIO AMBIENTE";;"Empresa privada";20.000;80,44;20.000;95,92;;0;;0,82;Sim;;;Não;
3553856;Taquarivaí;1;Sudeste;SP;"São Paulo";Não;;;;;"Cerrado, Mata Atlântica";Paraná;231,79;7.112;3.574;3.538;50,25;49,75;"RUBENS CARLOS SOUTO DE BARROS";PSD;Sim;79,22;0;13,02;7,76;"Até 20 mil";"Companhia de Saneamento Básico do Estado de São Paulo";SABESP;"Empresa privada";;79,58;5.660;3.574;100;2.086;58,96;139,54;99,98;30,16;"4,50 por m³";;"Companhia de Saneamento Básico do Estado de São Paulo";SABESP;"Sociedade de economia mista";;2.926;41,14;2.926;81,87;;0;;;;;;;"SECRETARIA MUNICIPAL DE AGRICULTURA, ABASTECIMENTO E MEIO AMBIENTE";;"Empresa privada";7.112;100;3.574;100;3.538;1;;1,35;Não;;;Sim;"Taxa específica no boleto do IPTU"
3553906;Tarabai;1;Sudeste;SP;"São Paulo";Não;;;;;"Cerrado, Mata Atlântica";Paraná;201,39;6.635;6.123;512;92,28;7,72;"RUBENS PINAFFI JUNIOR";UNIÃO;Sim;94,94;0;0,38;4,69;"Até 20 mil";"Companhia de Saneamento Básico do Estado de São Paulo";SABESP;"Empresa privada";;95,7;6.350;5.897;96,31;453;88,48;165,19;100;10,29;"4,38 por m³";;"Companhia de Saneamento Básico do Estado de São Paulo";SABESP;"Sociedade de economia mista";;6.271;94,51;5.897;96,31;374;73,05;;;;;;;"DIVISÃO MUNICIPAL DE MEIO AMBIENTE DE TARABAI/SP";;"Empresa privada";6.635;100;6.123;100;512;1;;0,44;Sim;;;Não;
3553955;Tarumã;1;Sudeste;SP;"São Paulo";Não;;;;;"Cerrado, Mata Atlântica";Paraná;302,91;15.248;14.714;534;96,5;3,5;"ADRIANA BALEJO PIEDADE DA SILVA";PSD;Sim;98,3;0;0,46;1,24;"Até 20 mil";"Companhia de Saneamento Básico do Estado de São Paulo";SABESP;"Empresa privada";;99,31;15.143;14.714;100;429;80,34;181,02;100;13,03;"4,70 por m³";;"Companhia de Saneamento Básico do Estado de São Paulo";SABESP;"Sociedade de economia mista";;15.127;99,21;14.714;100;413;77,34;;;;;;;"SECRETARIA MUNICIPAL DE AGRICULTURA, MEIO AMBIENTE, OBRAS E SERVIÇOS URBANOS";;"Empresa privada";14.714;96,5;14.714;100;;0;;0,57999;Sim;;;Não;
3554003;Tatuí;1;Sudeste;SP;"São Paulo";Sim;"Região Metropolitana de Sorocaba";"Lei Complementar 1.241";20.06.2014;"Sub-região 1";"Mata Atlântica";Paraná;523,75;128.560;124.562;3.998;96,89;3,11;"MIGUEL LOPES CARDOSO JUNIOR";PSD;Sim;75,72;13,78;3,49;7,01;"De 100 a 249 mil";"Companhia de Saneamento Básico do Estado de São Paulo";SABESP;"Empresa privada";;100;128.560;124.562;100;3.998;100;160,82;100;37,75;"4,72 por m³";;"Companhia de Saneamento Básico do Estado de São Paulo";SABESP;"Sociedade de economia mista";;113.626;88,38;113.626;91,22;;0;;;;;;;"SECRETARIA DE ZELADORIA E SERVIÇOS PÚBLICOS";;"Empresa privada";128.560;100;124.562;100;3.998;1;;0,67;Não;;;Sim;"Taxa específica no boleto do IPTU"
3554102;Taubaté;1;Sudeste;SP;"São Paulo";Sim;"Região Metropolitana do Vale do Paraíba e Litoral Norte";"Lei Complementar 1.166";09.01.2012;"Sub-região 2";"Mata Atlântica";"Atlântico Sudeste";625,00;321.298;315.900;5.398;98,32;1,68;"SERGIO LUIZ VICTOR JUNIOR";NOVO;Não;92,45;0;1,99;5,56;"De 250 a 499 mil";"Companhia de Saneamento Básico do Estado de São Paulo";SABESP;"Empresa privada";;95,61;307.189;302.087;95,63;5.102;94,52;210,62;100;19,07;"7,39 por m³";;"Companhia de Saneamento Básico do Estado de São Paulo";SABESP;"Sociedade de economia mista";;301.758;93,92;301.758;95,52;;0;;;;;;;"SECRETARIA DE PERVIÇOS PÚBLICOS ( SESP)";;"Empresa privada";321.298;100;315.900;100;5.398;1;;1,06;Sim;;;Não;
3554201;Tejupá;1;Sudeste;SP;"São Paulo";Não;;;;;"Cerrado, Mata Atlântica";;296,19;4.142;2.949;1.193;71,2;28,8;"VALTER BORANELLI";PSDB;Não;0;95,45;0,38;4,17;"Até 20 mil";"Companhia de Saneamento Básico do Estado de São Paulo";SABESP;"Empresa privada";;69,89;2.895;2.895;98,17;;0;154,69;100;34,9;"4,36 por m³";;"Companhia de Saneamento Básico do Estado de São Paulo";SABESP;"Sociedade de economia mista";;2.801;67,62;2.801;94,98;;0;;;;;;;"SECRETARIA DE AGRICULURA E MEIO AMBINTE";;"Empresa privada";2.704;65,28;2.704;91,69;;0;;1,04;Não;;;Não;
3554300;"Teodoro Sampaio";1;Sudeste;SP;"São Paulo";Não;;;;;"Mata Atlântica";Paraná;1.555,80;22.559;19.071;3.488;84,54;15,46;"CLAUDIO EVANGELISTA DA SILVA JUNIOR";UNIÃO;Não;97,03;0;1,06;1,91;"De 20 a 49 mil";"Companhia de Saneamento Básico do Estado de São Paulo";SABESP;"Empresa privada";;93,01;20.981;19.071;100;1.910;54,76;180,74;99,98;16;"4,55 por m³";;"Companhia de Saneamento Básico do Estado de São Paulo";SABESP;"Sociedade de economia mista";;19.737;87,49;19.071;100;666;19,09;;;;;;;"SECRETARIA MUNICIPAL DE LIMPEZA PÚBLICA E MEIO AMBIENTE";;"Empresa privada";19.071;84,54;19.071;100;;0;;0,95;Não;;;Não;
3554409;"Terra Roxa";1;Sudeste;SP;"São Paulo";Não;;;;;"Cerrado, Mata Atlântica";Paraná;221,54;7.985;7.708;277;96,53;3,47;"ROGERIO RAFAEL FURLINI";PSD;Não;95,15;0;0,37;4,48;"Até 20 mil";"Companhia de Saneamento Básico do Estado de São Paulo";SABESP;"Empresa privada";;100;7.985;7.708;100;277;100;180,15;100;15,3;"4,74 por m³";;"Companhia de Saneamento Básico do Estado de São Paulo";SABESP;"Sociedade de economia mista";;7.985;100;7.708;100;277;100;;;;;;;"DIRETORIA MUNICIPAL DE MEIO AMBIENTE";;"Empresa privada";7.985;100;7.708;100;277;1;;0,77;Não;;;Sim;"Taxa específica no boleto do IPTU"
3554508;Tietê;1;Sudeste;SP;"São Paulo";Sim;"Região Metropolitana de Sorocaba";"Lei Complementar 1.241";20.06.2014;"Sub-região 1";"Mata Atlântica";Paraná;404,40;38.690;35.127;3.563;90,79;9,21;"JOSÉ CARLOS REGONHA JUNIOR";PL;Não;38;57;2,44;2,56;"De 20 a 49 mil";"Serviço Autônomo Municipal de Água e Esgoto";SAMAE;Autarquia;;98,91;38.268;34.705;98,8;3.563;100;227,23;99,96;37,81;"4,59 por m³";;"Serviço Autônomo Municipal de Água e Esgoto";SAMAE;Autarquia;;32.497;83,99;32.141;91,5;356;9,99;;;;;;;"SECRETARIA DE MEIO AMBIENTE E AGRICULTURA";;Autarquia;38.690;100;35.127;100;3.563;1;;0,88;Sim;;;Não;
3554607;Timburi;1;Sudeste;SP;"São Paulo";Não;;;;;"Mata Atlântica";Paraná;196,79;2.490;1.905;585;76,51;23,49;"CRISTIANO DA CUNHA AMORIM";SOLIDARIEDADE;Não;94,88;0;2,13;2,99;"Até 20 mil";"Companhia de Saneamento Básico do Estado de São Paulo";SABESP;"Empresa privada";;78,84;1.963;1.905;100;58;9,91;175,37;100;31,97;"4,49 por m³";;"Companhia de Saneamento Básico do Estado de São Paulo";SABESP;"Sociedade de economia mista";;1.590;63,86;1.590;83,46;;0;;;;;;;"SECRETARIA DE MEIO AMBIENTE";;"Empresa privada";2.490;100;1.905;100;585;1;;0,87;Sim;;;Sim;"Taxa específica no boleto do IPTU"
3554656;"Torre de Pedra";1;Sudeste;SP;"São Paulo";Não;;;;;"Cerrado, Mata Atlântica";Paraná;71,35;2.063;1.706;357;82,7;17,3;"CIRO LUIZ PEDROSO";REPUBLICANOS;Não;63,1;0;3,95;32,95;"Até 20 mil";"Companhia de Saneamento Básico do Estado de São Paulo";SABESP;"Empresa privada";;100;2.063;1.706;100;357;100;274,86;100;31,52;"4,96 por m³";;"Companhia de Saneamento Básico do Estado de São Paulo";SABESP;"Sociedade de economia mista";;1.472;71,34;1.472;86,28;;0;;;;;;;"SECRETARIA DE AGRICULTURA E MEIO AMBIENTE";;"Empresa privada";2.041;98,93;1.701;99,71;340;0,95;;1,99;Sim;;;Não;
3554706;Torrinha;1;Sudeste;SP;"São Paulo";Não;;;;;"Cerrado, Mata Atlântica";Paraná;315,27;9.484;8.195;1.289;86,41;13,59;"ARI RODOLFO BUZATO";PODE;Sim;95,35;0;0,16;4,49;"Até 20 mil";"Companhia de Saneamento Básico do Estado de São Paulo";SABESP;"Empresa privada";;93,34;8.852;8.195;100;657;50,97;178,02;100;30,46;"4,80 por m³";;"Companhia de Saneamento Básico do Estado de São Paulo";SABESP;"Sociedade de economia mista";;8.585;90,52;8.195;100;390;30,26;;;;;;;"DEPARTAMENTO MUNICIPAL AGRICULTURA E MEIO AMBIENTE";;"Empresa privada";9.335;98,43;8.195;100;1.140;0,88;;1,14999;Sim;;;Sim;"Taxa específica no boleto do IPTU"
3554755;Trabiju;1;Sudeste;SP;"São Paulo";Não;;;;;"Cerrado, Mata Atlântica";Paraná;63,42;1.719;1.588;131;92,38;7,62;"MARCELO RODRIGUES FONSECA";PSD;Sim;99,93;0;0;0,07;"Até 20 mil";"Prefeitura Municipal de Trabiju";TRA;Município;;91,62;1.575;1.560;98,24;15;11,45;208,76;49,21;35,63;"0,94 por m³";;"Prefeitura Municipal de Trabiju";TRA;Município;;1.588;92,38;1.588;100;;0;;;;;;;"DEPARTAMENTO DE ENGENHARIA";;Município;1.682;97,85;1.560;98,24;122;0,93;;0,54;Não;;;Sim;"Taxa específica no boleto do IPTU"
3554805;Tremembé;1;Sudeste;SP;"São Paulo";Sim;"Região Metropolitana do Vale do Paraíba e Litoral Norte";"Lei Complementar 1.166";09.01.2012;"Sub-região 2";"Mata Atlântica";"Atlântico Sudeste";191,09;53.083;43.995;9.088;82,88;17,12;"CLEMENTE ANTONIO DE LIMA NETO";PSD;Não;84,74;0;9,56;5,7;"De 50 a 99 mil";"Companhia de Saneamento Básico do Estado de São Paulo";SABESP;"Empresa privada";;96,86;51.417;43.995;100;7.422;81,67;165,39;100;62,31;"5,21 por m³";;"Companhia de Saneamento Básico do Estado de São Paulo";SABESP;"Sociedade de economia mista";;49.183;92,65;43.995;100;5.188;57,09;;;;;;;"SECRETARIA DE AGRICULTURA E MEIO AMBIENTE";;"Empresa privada";53.083;100;43.995;100;9.088;1;;0,75;Não;;;Sim;"Taxa específica no boleto do IPTU"
3554904;"Três Fronteiras";1;Sudeste;SP;"São Paulo";Não;;;;;"Mata Atlântica";Paraná;151,59;7.013;6.348;665;90,52;9,48;"FLÁVIO LUIZ RENDA DE OLIVEIRA";MDB;Não;85,66;0;0,09;14,26;"Até 20 mil";"Companhia de Saneamento Básico do Estado de São Paulo";SABESP;"Empresa privada";;100;7.013;6.348;100;665;100;199,45;100;12,03;"4,43 por m³";;"Companhia de Saneamento Básico do Estado de São Paulo";SABESP;"Sociedade de economia mista";;6.957;99,2;6.348;100;609;91,58;;;;;;;"DEPARTAMENTO MUNICIPAL DE MEIO AMBIENTE E AGROPECUÁRIA DE TRÊS FRONTEIRAS";;"Empresa privada";6.348;90,52;6.348;100;;0;;0,4;Sim;;;Sim;"Taxa específica no boleto do IPTU"
3554953;Tuiuti;1;Sudeste;SP;"São Paulo";Não;;;;;"Mata Atlântica";Paraná;126,73;6.947;3.286;3.661;47,3;52,7;"Não empossado";"fev. 2025";Sim;0;59,51;6,74;33,75;"Até 20 mil";"Águas de Tuiuti SPE Ltda";AT;"Empresa privada";;47,24;3.282;3.282;99,88;;0;213,8;100;50,99;"3,95 por m³";;"Águas de Tuiuti SPE Ltda";AT;"Empresa privada";;2.745;39,51;2.745;83,54;;0;;;;;;;"DEPARTAMENTO DE AGRICULTURA E MEIO AMBIENTE";;"Empresa privada";6.947;100;3.286;100;3.661;1;;0,55;Sim;;;Sim;"Taxa específica no boleto do IPTU"
3555000;Tupã;1;Sudeste;SP;"São Paulo";Não;;;;;"Mata Atlântica";Paraná;627,99;65.416;62.093;3.323;94,92;5,08;"RENAN VICTOR PONTELLI";PSDB;Sim;98,84;0;1,16;0;"De 50 a 99 mil";"Companhia de Saneamento Básico do Estado de São Paulo";SABESP;"Empresa privada";;98,05;64.141;62.093;100;2.048;61,63;199,07;100;14,18;"4,90 por m³";;"Companhia de Saneamento Básico do Estado de São Paulo";SABESP;"Sociedade de economia mista";;61.521;94,05;61.521;99,08;;0;;;;;;;"SECRETARIA MUNICIPAL DE MEIO AMBIENTE";;"Empresa privada";62.093;94,92;62.093;100;;0;;1,12999;Não;;;Sim;"Taxa específica no boleto do IPTU"
3555109;"Tupi Paulista";1;Sudeste;SP;"São Paulo";Não;;;;;"Mata Atlântica";Paraná;244,77;16.206;12.647;3.559;78,04;21,96;"JULIANO VIGILATO GUIRO";PSD;Não;98,37;0;0,11;1,53;"Até 20 mil";"Prefeitura Municipal de Tupi Paulista";PMTP;Município;;79,64;12.906;12.647;100;259;7,28;195,71;100;3,3;"2,90 por m³";;"Prefeitura Municipal de Tupi Paulista";PMTP;Município;;12.647;78,04;12.647;100;;0;;;;;;;"SECRETARIA DE OBRAS, VIAÇÃO E SERVIÇOS MUNICIPAIS";;Município;12.733;78,56;12.647;100;86;0,02;;1,25;Sim;;;Sim;"Taxa específica no boleto do IPTU"
3555208;Turiúba;1;Sudeste;SP;"São Paulo";Não;;;;;"Mata Atlântica";;153,24;1.839;1.519;320;82,6;17,4;"JORGE AUGUSTO MOLINA";PSD;Não;93,49;0;0,38;6,13;"Até 20 mil";"Companhia de Saneamento Básico do Estado de São Paulo";SABESP;"Empresa privada";;84,23;1.549;1.519;100;30;9,38;208,02;100;15,62;"4,63 por m³";;"Companhia de Saneamento Básico do Estado de São Paulo";SABESP;"Sociedade de economia mista";;1.515;82,38;1.515;99,74;;0;;;;;;;"DEPARTAMENTO DE MEIO AMBIENTE";;"Empresa privada";1.519;82,6;1.519;100;;0;;1,19;Não;;;Não;
3555307;Turmalina;1;Sudeste;SP;"São Paulo";Não;;;;;"Mata Atlântica";;147,80;1.672;1.263;409;75,54;24,46;"PRISCILLA TATIANA DIAS MASSONI";PSD;Não;92,26;0;0;7,74;"Até 20 mil";"Companhia de Saneamento Básico do Estado de São Paulo";SABESP;"Empresa privada";;96,71;1.617;1.263;100;354;86,55;192,22;100;9,69;"4,59 por m³";;"Companhia de Saneamento Básico do Estado de São Paulo";SABESP;"Sociedade de economia mista";;1.231;73,62;1.231;97,47;;0;;;;;;;"DEPARTAMENTO DE ENGENHARIA";;"Empresa privada";1.263;75,54;1.263;100;;0;;1,45;Não;;;Sim;"Taxa específica no boleto do IPTU"
3555356;Ubarana;1;Sudeste;SP;"São Paulo";Não;;;;;"Mata Atlântica";Paraná;209,86;5.456;5.152;304;94,43;5,57;"VANDERLEI RODRIGUES DA CRUZ";PSD;Não;95;0;0,58;4,42;"Até 20 mil";"Prefeitura Municipal de Ubarana";SP;Município;;94,43;5.152;5.152;100;;0;196,89;100;8,88;"1,60 por m³";;"Prefeitura Municipal de Ubarana";SP;Município;;5.152;94,43;5.152;100;;0;;;;;;;"COORDENADORIA MUNICIPAL DO MEIO AMBIENTE";;Município;5.152;94,43;5.152;100;;0;;0,64;Não;;;Sim;"Taxa específica no boleto do IPTU"
3555406;Ubatuba;1;Sudeste;SP;"São Paulo";Sim;"Região Metropolitana do Vale do Paraíba e Litoral Norte";"Lei Complementar 1.166";09.01.2012;"Sub-região 5";"Mata Atlântica";"Atlântico Sudeste";708,11;96.598;90.425;6.173;93,61;6,39;"FLAVIA COMITTE DO NASCIMENTO";PL;Não;38,62;0;34,36;27,02;"De 50 a 99 mil";"Companhia de Saneamento Básico do Estado de São Paulo";SABESP;"Empresa privada";;79,62;76.908;76.908;85,05;;0;341,21;100;19,91;"5,17 por m³";;"Companhia de Saneamento Básico do Estado de São Paulo";SABESP;"Sociedade de economia mista";;39.492;40,88;39.492;43,67;;0;;;;;;;"SECRETARIA MUNICIPAL DE MEIO AMBIENTE";;"Empresa privada";90.000;93,17;90.000;99,53;;0;;1,37;Sim;;;Sim;"Taxa específica no boleto do IPTU"
3555505;Ubirajara;1;Sudeste;SP;"São Paulo";Não;;;;;"Cerrado, Mata Atlântica";Paraná;282,18;5.265;4.175;1.090;79,3;20,7;"LEILA ALVIM BORDIM";MDB;Sim;93,59;0;0,12;6,29;"Até 20 mil";"Companhia de Saneamento Básico do Estado de São Paulo";SABESP;"Empresa privada";;71,45;3.762;3.762;90,11;;0;184,01;100;13,57;"4,68 por m³";;"Companhia de Saneamento Básico do Estado de São Paulo";SABESP;"Sociedade de economia mista";;3.435;65,23;3.435;82,28;;0;;;;;;;"SECRETARIA DA AGRICULTIURA, PECUÁRIA E MEIO AMBIENTE";;"Empresa privada";3.540;67,23;3.540;84,79;;0;;0,62;Sim;;;Não;
3555604;Uchoa;1;Sudeste;SP;"São Paulo";Não;;;;;"Mata Atlântica";Paraná;252,43;10.627;9.909;718;93,24;6,76;"JOSÉ CLAUDIO MARTINS";MDB;Não;69,37;29,73;0,41;0,49;"Até 20 mil";"Prefeitura Municipal de Uchoa";PM;Município;;93,24;9.909;9.909;100;;0;124,38;98,75;17,64;"2,36 por m³";;"Prefeitura Municipal de Uchoa";PM;Município;;9.909;93,24;9.909;100;;0;;;;;;;"DEPARTAMENTO DE MEIO AMBIENTE";;Município;10.627;100;9.909;100;718;1;;1,38;Não;;;Sim;"Taxa específica no boleto do IPTU"
3555703;"União Paulista";1;Sudeste;SP;"São Paulo";Não;;;;;"Mata Atlântica";;79,06;1.628;1.316;312;80,84;19,16;"KENDREA ALVES PAPILE CAVATÃO";PSD;Não;95,05;0;0;4,95;"Até 20 mil";"Companhia de Saneamento Básico do Estado de São Paulo";SABESP;"Empresa privada";;95,27;1.551;1.316;100;235;75,31;185,19;100;10,83;"5,03 por m³";;"Companhia de Saneamento Básico do Estado de São Paulo";SABESP;"Sociedade de economia mista";;1.389;85,32;1.316;100;73;23,4;;;;;;;"PREFEITURA MUNICIPAL DE UNIÃO PAULISTA";;"Empresa privada";1.316;80,84;1.316;100;;0;;0,97;Não;;;Não;
3555802;Urânia;1;Sudeste;SP;"São Paulo";Não;;;;;"Mata Atlântica";Paraná;209,26;8.973;7.850;1.123;87,48;12,52;"IVAN SOUBHIA GARCIA";REPUBLICANOS;Não;94,78;0;0,79;4,43;"Até 20 mil";"Companhia de Saneamento Básico do Estado de São Paulo";SABESP;"Empresa privada";;96,55;8.663;7.850;100;813;72,4;185,52;99,83;13;"4,71 por m³";;"Companhia de Saneamento Básico do Estado de São Paulo";SABESP;"Sociedade de economia mista";;7.709;85,91;7.709;98,2;;0;;;;;;;"SECRETARIA DE AGRICULTURA , MEIO AMBIENTE E DEFESA CIVIL";;"Empresa privada";7.850;87,48;7.850;100;;0;;0,5;Não;;;Sim;"Taxa específica no boleto do IPTU"
3555901;Uru;1;Sudeste;SP;"São Paulo";Não;;;;;"Mata Atlântica";Paraná;146,90;1.419;1.192;227;84;16;"ROBSON EDUARDO FORTE";PSD;Sim;94,26;0;1,57;4,17;"Até 20 mil";"Companhia de Saneamento Básico do Estado de São Paulo";SABESP;"Empresa privada";;93,09;1.321;1.192;100;129;56,83;184,73;100;8,91;"4,68 por m³";;"Companhia de Saneamento Básico do Estado de São Paulo";SABESP;"Sociedade de economia mista";;1.314;92,6;1.192;100;122;53,74;;;;;;;"SECRETARIA DE MEIO AMBIENTE";;"Empresa privada";1.419;100;1.192;100;227;1;;0,56999;Não;;;Sim;"Taxa específica no boleto do IPTU"
3556008;Urupês;1;Sudeste;SP;"São Paulo";Não;;;;;"Mata Atlântica";Paraná;323,92;14.038;13.065;973;93,07;6,93;"ROBERTO CACCIARI FILHO";PL;Não;99,18;0;0,28;0,54;"Até 20 mil";"Prefeitura Municipal de Urupês";PMU;Município;;93,07;13.065;13.065;100;;0;459,1;100;15;"1,07 por m³";;"Prefeitura Municipal de Urupês";PMU;Município;;13.065;93,07;13.065;100;;0;;;;;;;"DIRETORIA DE MEIO AMBIENTE, SANEAMENTO E RECURSOS HÍDRICOS";;Município;13.065;93,07;13.065;100;;0;;0,98;Não;;;Não;
3556107;"Valentim Gentil";1;Sudeste;SP;"São Paulo";Não;;;;;"Mata Atlântica";Paraná;149,74;14.531;13.345;1.186;91,84;8,16;"CLAUDINEI CARVASSAN RODRIGUES";PRD;Não;97,01;0;0,49;2,5;"Até 20 mil";"Companhia de Saneamento Básico do Estado de São Paulo";SABESP;"Empresa privada";;99,37;14.440;13.345;100;1.095;92,33;187,05;100;15,29;"4,83 por m³";;"Companhia de Saneamento Básico do Estado de São Paulo";SABESP;"Sociedade de economia mista";;13.856;95,35;13.345;100;511;43,09;;;;;;;"SECRETARIA MUNICIPAL DE AGRICULTURA, PECUÁRIA E MEIO AMBIENTE";;"Empresa privada";14.531;100;13.345;100;1.186;1;;1,74;Sim;;;Sim;"Taxa específica no boleto do IPTU"
3556206;Valinhos;1;Sudeste;SP;"São Paulo";Sim;"Região Metropolitana de Campinas";"Lei Complementar 870";19.06.2000;;"Mata Atlântica";Paraná;148,54;131.277;126.656;4.621;96,48;3,52;"FRANKLIN DUARTE DE LIMA";PL;Não;90;0;10;0;"De 100 a 249 mil";"Departamento de Águas e Esgotos de Valinhos";DAEV;Autarquia;;96,28;126.396;126.396;99,79;;0;192,5;100;38,58;"5,16 por m³";;"Departamento de Águas e Esgotos de Valinhos";DAEV;Autarquia;;122.949;93,66;122.949;97,07;;0;;;;;;;"SECRETARIA DE SERVIÇOS PÚBLICOS";;Autarquia;131.277;100;126.656;100;4.621;1;;0,8;Sim;;;Sim;"Taxa específica no boleto do IPTU"
3556305;Valparaíso;1;Sudeste;SP;"São Paulo";Não;;;;;"Mata Atlântica";Paraná;857,66;24.723;23.947;776;96,86;3,14;"CARLOS ALEXANDRE PEREIRA";PSD;Não;99;0;0,4;0,6;"De 20 a 49 mil";"Departamento de Água e Esgoto de Valparaiso";DAEV;Autarquia;;96,86;23.947;23.947;100;;0;186,71;100;49,9;"4,29 por m³";;"Departamento de Água e Esgoto de Valparaiso";DAEV;Autarquia;;23.947;96,86;23.947;100;;0;;;;;;;"SECRETARIA DE AGROPECUÁRIA E MEIO AMBIENTE";;Autarquia;24.723;100;23.947;100;776;1;;0,46;Sim;;;Sim;"Taxa específica no boleto do IPTU"
3556354;Vargem;1;Sudeste;SP;"São Paulo";Não;;;;;"Mata Atlântica";;142,60;10.805;6.953;3.852;64,35;35,65;"LEODECIO ALVES DE LIMA";UNIÃO;Não;70,35;0;1,29;28,36;"Até 20 mil";"Companhia de Saneamento Básico do Estado de São Paulo";SABESP;"Empresa privada";;56;6.051;6.051;87,03;;0;162,51;100;27,59;"4,91 por m³";;"Companhia de Saneamento Básico do Estado de São Paulo";SABESP;"Sociedade de economia mista";;4.926;45,59;4.926;70,84;;0;;;;;;;"SECRETARIA MUNICIPAL DE MEIO AMBIENTE E AGRICULTURA";;"Empresa privada";10.805;100;6.953;100;3.852;1;;0,61;Não;;;Sim;"Taxa específica no boleto do IPTU"
3556404;"Vargem Grande do Sul";1;Sudeste;SP;"São Paulo";Não;;;;;"Cerrado, Mata Atlântica";Paraná;267,18;41.226;39.400;1.826;95,57;4,43;"CELSO LUIS RIBEIRO";REPUBLICANOS;Sim;98,43;0;0,6;0,97;"De 20 a 49 mil";"Serviço Autônomo de Água e Esgoto";SAE;Autarquia;;95,57;39.400;39.400;100;;0;237,56;99,18;32;"2,22 por m³";;"Serviço Autônomo de Água e Esgoto";SAE;Autarquia;;39.400;95,57;39.400;100;;0;;;;;;;"DEPARTAMENTO DE AGRICULTURA E MEIO AMBIENTE";;Autarquia;41.226;100;39.400;100;1.826;1;;0,88;Não;;;Sim;"Taxa específica no boleto do IPTU"
3556453;"Vargem Grande Paulista";1;Sudeste;SP;"São Paulo";Sim;"Região Metropolitana de São Paulo";"Lei Complementar 1.139";16.06.2011;"Sub-região Sudoeste";"Mata Atlântica";Paraná;42,49;52.103;51.535;568;98,91;1,09;"PITER APARECIDO DOS SANTOS";PODE;Não;0;46,58;37,34;16,09;"De 50 a 99 mil";"Companhia de Saneamento Básico do Estado de São Paulo";SABESP;"Empresa privada";;100;52.103;51.535;100;568;100;168,79;99,99;0,94;;;"Companhia de Saneamento Básico do Estado de São Paulo";SABESP;"Sociedade de economia mista";;33.004;63,34;33.004;64,04;;0;;;;;;;"SECRETARIA DE OBRAS E SERVIÇOS MUNICIPAIS";;"Empresa privada";51.535;98,91;51.535;100;;0;;1,05;Não;;;Não;
3556503;"Várzea Paulista";1;Sudeste;SP;"São Paulo";Sim;"Aglomeração Urbana de Jundiaí";"Lei Complementar 1.146";24.08.2011;;"Mata Atlântica";Paraná;35,12;119.576;119.229;347;99,71;0,29;"RODOLFO WILSON RODRIGUES BRAGA";PSD;Sim;91,38;0;4,74;3,88;"De 100 a 249 mil";"Companhia de Saneamento Básico do Estado de São Paulo";SABESP;"Empresa privada";;94,42;112.902;112.902;94,69;;0;159,16;100;27,21;"4,79 por m³";;"Companhia de Saneamento Básico do Estado de São Paulo";SABESP;"Sociedade de economia mista";;105.738;88,43;105.738;88,68;;0;;;;;;;"PREFEITURA MUNICIPAL DE VÁRZEA PAULISTA";;"Empresa privada";116.936;97,79;116.936;98,08;;0;;1,38;Sim;;;Sim;"Taxa específica no boleto do IPTU"
3556602;"Vera Cruz";1;Sudeste;SP;"São Paulo";Não;;;;;"Mata Atlântica";Paraná;247,72;10.294;9.094;1.200;88,34;11,66;"RODOLFO SILVA DAVOLI";REPUBLICANOS;Não;95;0;1,86;3,14;"Até 20 mil";"Prefeitura Municipal de Vera Cruz";PMVC;Município;;88,36;9.096;9.094;100;2;0,17;158,18;0,03;4,63;"1,63 por m³";;"Prefeitura Municipal de Vera Cruz";PMVC;Município;;9.094;88,34;9.094;100;;0;;;;;;;"PREFEITURA MUNICIPAL DE VERA CRUZ";;Município;9.694;94,17;9.094;100;600;0,5;;0,55;Não;;;Sim;"Taxa específica no boleto de água ou esgoto"
3556701;Vinhedo;1;Sudeste;SP;"São Paulo";Sim;"Região Metropolitana de Campinas";"Lei Complementar 870";19.06.2000;;"Mata Atlântica";Paraná;81,60;79.235;78.221;1.014;98,72;1,28;"DARIO PACHECO DE MORAIS";PSD;Não;85;0;0,44;14,56;"De 50 a 99 mil";"Saneamento Básico Vinhedo";SANEBAVI;Autarquia;;97,11;76.943;75.993;97,15;950;93,69;199,11;100;34,22;"5,07 por m³";;"Saneamento Básico Vinhedo";SANEBAVI;;;70.593;89,09;70.593;90,25;;0;;;;;;;"SECRETARIA DE SERVIÇOS PÚBLICOS";;Autarquia;79.235;100;78.221;100;1.014;1;;1,73;Sim;;;Sim;"Taxa específica no boleto do IPTU"
3556800;Viradouro;1;Sudeste;SP;"São Paulo";Não;;;;;"Cerrado, Mata Atlântica";Paraná;217,73;17.681;17.193;488;97,24;2,76;"NILTON AUGUSTO ALVES FILHO";PSD;Sim;99,14;0;0,42;0,43;"Até 20 mil";"Saneamento Ambiental de Viradouro";SAV;Autarquia;;97,24;17.193;17.193;100;;0;234,36;100;25,8;"1,69 por m³";;"Saneamento Ambiental de Viradouro";SAV;Autarquia;;17.193;97,24;17.193;100;;0;;;;;;;"DIVISÃO MUNICIPAL DE MEIO AMBIENTE";;Autarquia;17.074;96,57;17.074;99,31;;0;;0,7;Sim;;;Sim;"Taxa específica no boleto de água ou esgoto"
3556909;"Vista Alegre do Alto";1;Sudeste;SP;"São Paulo";Não;;;;;"Mata Atlântica";Paraná;95,43;8.327;7.869;458;94,5;5,5;"NELSON ANTONIO ROZANI";PODE;Sim;95;0;0;5;"Até 20 mil";"Prefeitura Municipal de Vista Alegre do Alto";PMVAA;Município;;94,5;7.869;7.869;100;;0;220,24;99,78;11,43;"2,35 por m³";;"Prefeitura Municipal de Vista Alegre do Alto";PMVAA;Município;;7.869;94,5;7.869;100;;0;;;;;;;"PREFEITURA MUNICIPAL DE VISTA ALEGRE DO ALTO";;Município;8.000;96,07;7.869;100;131;0,28;;0,56999;Sim;;;Sim;"Taxa específica no boleto do IPTU"
3556958;"Vitória Brasil";1;Sudeste;SP;"São Paulo";Não;;;;;"Mata Atlântica";;49,83;1.826;1.540;286;84,34;15,66;"PAULO HENRIQUE MIOTTO";PSD;Não;95,66;0;0,7;3,64;"Até 20 mil";"Companhia de Saneamento Básico do Estado de São Paulo";SABESP;"Empresa privada";;94,3;1.722;1.540;100;182;63,64;185,95;100;8,76;"4,83 por m³";;"Companhia de Saneamento Básico do Estado de São Paulo";SABESP;"Sociedade de economia mista";;1.549;84,83;1.540;100;9;3,15;;;;;;;"PREFEITURA MUNICIPAL DE VITÓRIA BRASIL";;"Empresa privada";1.540;84,34;1.540;100;;0;;1,19;Não;;;Sim;"Taxa específica no boleto do IPTU"
3557006;Votorantim;1;Sudeste;SP;"São Paulo";Sim;"Região Metropolitana de Sorocaba";"Lei Complementar 1.241";20.06.2014;"Sub-região 3";"Mata Atlântica";Paraná;183,52;132.849;129.833;3.016;97,73;2,27;"WEBER MAGANHATO JUNIOR";REPUBLICANOS;Sim;88,2;9,8;0,87;1,13;"De 100 a 249 mil";"Concessionária Águas de Votorantim S/A.";CAV;"Empresa privada";;97,73;129.833;129.833;100;;0;196,58;99,89;15,97;"4,50 por m³";;"Concessionária Águas de Votorantim S/A.";CAV;"Empresa privada";;129.054;97,14;129.054;99,4;;0;;;;;;;"SECRETARIA DE MEIO AMBIENTE";;"Empresa privada";132.849;100;129.833;100;3.016;1;;1,4;Sim;;;Sim;"Taxa específica no boleto do IPTU"
3557105;Votuporanga;1;Sudeste;SP;"São Paulo";Não;;;;;"Mata Atlântica";Paraná;420,70;100.159;97.304;2.855;97,15;2,85;"JORGE AUGUSTO SEBA";PSD;Não;100;0;0;0;"De 100 a 249 mil";"Superintendência de Água, Esgotos e Meio Ambiente de Votuporanga";SAEV;Autarquia;;97,15;97.304;97.304;100;;0;193,01;99,99;35,61;"4,63 por m³";;"Superintendência de Água, Esgotos e Meio Ambiente de Votuporanga";SAEV;Autarquia;;97.304;97,15;97.304;100;;0;;;;;;;"SUPERINTENDÊNCIA DE ÁGUA, ESGOTOS E MEIO AMBIENTE DE VOTUPORANGA";;Autarquia;100.159;100;97.304;100;2.855;1;;1,05;Sim;;;Não;
3557154;Zacarias;1;Sudeste;SP;"São Paulo";Não;;;;;"Mata Atlântica";Paraná;319,06;2.761;2.246;515;81,35;18,65;"HEDER JEAN BRUNO DE OLIVEIRA";PSD;Não;88,23;0;2,61;9,16;"Até 20 mil";"Companhia de Saneamento Básico do Estado de São Paulo";SABESP;"Empresa privada";;95,98;2.650;2.246;100;404;78,45;190,34;100;10;"4,41 por m³";;"Companhia de Saneamento Básico do Estado de São Paulo";SABESP;"Sociedade de economia mista";;2.375;86,02;2.246;100;129;25,05;;;;;;;"DEPARTAMENTO DE OBRAS E SERVIÇOS PUBLICOS";;"Empresa privada";2.246;81,34;2.246;100;;0;;1,54;Não;;;Não;
